{
  "resourceType": "ValueSet",
  "url": "http://hl7.org/fhir/sid/icd-9-cm-1860",
  "version": "1.0",
  "name": "Altri codici",
  "title": "Altri codici",
  "status": "active",
  "compose": {
    "include": [ {
      "system": "http://hl7.org/fhir/sid/icd-9-cm",
      "concept": [ {
        "code": "022",
        "display": "Procedure-Ventricolostomia"
      }, {
        "code": "031",
        "display": "Procedure-Sezione delle radici dei nervi intraspinali"
      }, {
        "code": "034",
        "display": "Procedure-Asportazione o demolizione di lesione del midollo o delle meningi spinali"
      }, {
        "code": "036",
        "display": "Procedure-Separazione di aderenze del midollo spinale e delle radici dei nervi"
      }, {
        "code": "038",
        "display": "Procedure-Iniezione di farmaci citotossici nel canale vertebrale"
      }, {
        "code": "042",
        "display": "Procedure-Demolizione di nervi cranici e periferici"
      }, {
        "code": "043",
        "display": "Procedure-Suture dei nervi cranici e periferici"
      }, {
        "code": "045",
        "display": "Procedure-Innesto di nervi cranici o periferici"
      }, {
        "code": "046",
        "display": "Procedure-Trasposizione di nervi cranici e periferici"
      }, {
        "code": "050",
        "display": "Procedure-Sezione di nervo o ganglio simpatico"
      }, {
        "code": "062",
        "display": "Procedure-Lobectomia monolaterale della tiroide"
      }, {
        "code": "064",
        "display": "Procedure-Tiroidectomia completa"
      }, {
        "code": "066",
        "display": "Procedure-Asportazione di tiroide linguale"
      }, {
        "code": "067",
        "display": "Procedure-Asportazione del tratto o dotto tireoglosso"
      }, {
        "code": "073",
        "display": "Procedure-Surrenectomia bilaterale"
      }, {
        "code": "090",
        "display": "Procedure-Incisione della ghiandola lacrimale"
      }, {
        "code": "093",
        "display": "Procedure-Altri interventi sulla ghiandola lacrimale"
      }, {
        "code": "096",
        "display": "Procedure-Asportazione del sacco e delle vie lacrimali"
      }, {
        "code": "100",
        "display": "Procedure-Rimozione di corpo estraneo infisso nella congiuntiva con incisione"
      }, {
        "code": "101",
        "display": "Procedure-Altra incisione della congiuntiva"
      }, {
        "code": "105",
        "display": "Procedure-Lisi di aderenze della congiuntiva e della palpebra"
      }, {
        "code": "106",
        "display": "Procedure-Riparazione di lacerazione della congiuntiva"
      }, {
        "code": "110",
        "display": "Procedure-Rimozione di corpo estraneo dalla cornea con impiego di magnete"
      }, {
        "code": "111",
        "display": "Procedure-Incisione della cornea"
      }, {
        "code": "132",
        "display": "Procedure-Estrazione extracapsulare della cataratta con tecnica di estrazione lineare"
      }, {
        "code": "133",
        "display": "Procedure-Estrazione extracapsulare del cristallino con tecnica di aspirazione semplice (e di irrigazione)"
      }, {
        "code": "138",
        "display": "Procedure-Rimozione di cristallino impiantato"
      }, {
        "code": "146",
        "display": "Procedure-Rimozione dal segmento posteriore dell' occhio di materiale impiantato chirurgicamente"
      }, {
        "code": "153",
        "display": "Procedure-Interventi su due o più muscoli extraoculari che richiedono distacco temporaneo dal bulbo, uno o entrambi gli occhi"
      }, {
        "code": "154",
        "display": "Procedure-Altri interventi su due o più muscoli extraoculari, uno o entrambi gli occhi"
      }, {
        "code": "155",
        "display": "Procedure-Trasposizione di muscoli extraoculari"
      }, {
        "code": "156",
        "display": "Procedure-Revisione di chirurgia su muscolo extraoculare"
      }, {
        "code": "157",
        "display": "Procedure-Riparazione di lesioni del muscolo extraoculare"
      }, {
        "code": "161",
        "display": "Procedure-Rimozione di corpo estraneo penetrante, SAI"
      }, {
        "code": "184",
        "display": "Procedure-Sutura di lacerazione dell' orecchio esterno"
      }, {
        "code": "185",
        "display": "Procedure-Correzione chirurgica di orecchio sporgente"
      }, {
        "code": "186",
        "display": "Procedure-Ricostruzione del canale uditivo esterno"
      }, {
        "code": "190",
        "display": "Procedure-Mobilizzazione della staffa"
      }, {
        "code": "193",
        "display": "Procedure-Altri interventi sulla catena degli ossicini"
      }, {
        "code": "194",
        "display": "Procedure-Miringoplastica"
      }, {
        "code": "196",
        "display": "Procedure-Revisione di timpanoplastica"
      }, {
        "code": "201",
        "display": "Procedure-Rimozione di tubo timpanostomico"
      }, {
        "code": "208",
        "display": "Procedure-Interventi sulla tuba di Eustachio"
      }, {
        "code": "211",
        "display": "Procedure-Incisione del naso"
      }, {
        "code": "214",
        "display": "Procedure-Resezione del naso"
      }, {
        "code": "215",
        "display": "Procedure-Resezione sottomucosa del setto nasale"
      }, {
        "code": "222",
        "display": "Procedure-Antrotomia intranasale"
      }, {
        "code": "232",
        "display": "Procedure-Riparazione di dente mediante otturazione"
      }, {
        "code": "233",
        "display": "Procedure-Riparazione di dente mediante intarsio"
      }, {
        "code": "235",
        "display": "Procedure-Impianto di dente"
      }, {
        "code": "236",
        "display": "Procedure-Impianto di protesi dentaria"
      }, {
        "code": "240",
        "display": "Procedure-Incisione di gengiva o di osso alveolare"
      }, {
        "code": "242",
        "display": "Procedure-Gengivoplastica"
      }, {
        "code": "244",
        "display": "Procedure-Asportazione di lesione dentaria della mandibola"
      }, {
        "code": "245",
        "display": "Procedure-Alveoloplastica"
      }, {
        "code": "246",
        "display": "Procedure-Esposizione chirurgica di dente"
      }, {
        "code": "247",
        "display": "Procedure-Applicazione di sussidio ortodontico"
      }, {
        "code": "248",
        "display": "Procedure-Altro intervento ortodontico"
      }, {
        "code": "251",
        "display": "Procedure-Asportazione o demolizione di lesione o tessuto della lingua"
      }, {
        "code": "252",
        "display": "Procedure-Glossectomia parziale"
      }, {
        "code": "253",
        "display": "Procedure-Glossectomia completa"
      }, {
        "code": "254",
        "display": "Procedure-Glossectomia radicale"
      }, {
        "code": "260",
        "display": "Procedure-Incisione delle ghiandole o dotti salivari"
      }, {
        "code": "270",
        "display": "Procedure-Drenaggio della faccia e del pavimento della bocca"
      }, {
        "code": "271",
        "display": "Procedure-Incisione del palato"
      }, {
        "code": "280",
        "display": "Procedure-Incisione e drenaggio di strutture tonsillari e peritonsillari"
      }, {
        "code": "282",
        "display": "Procedure-Tonsillectomia senza adenoidectomia"
      }, {
        "code": "283",
        "display": "Procedure-Tonsillectomia con adenoidectomia"
      }, {
        "code": "284",
        "display": "Procedure-Asportazione di residuo tonsillare"
      }, {
        "code": "285",
        "display": "Procedure-Asportazione di tonsilla linguale"
      }, {
        "code": "286",
        "display": "Procedure-Adenoidectomia senza tonsillectomia"
      }, {
        "code": "287",
        "display": "Procedure-Controllo di emorragia dopo tonsillectomia e adenoidectomia"
      }, {
        "code": "290",
        "display": "Procedure-Faringotomia"
      }, {
        "code": "292",
        "display": "Procedure-Asportazione di cisti o vestigia della fessura branchiale"
      }, {
        "code": "294",
        "display": "Procedure-Intervento di plastica sul faringe"
      }, {
        "code": "301",
        "display": "Procedure-Emilaringectomia"
      }, {
        "code": "303",
        "display": "Procedure-Laringectomia completa"
      }, {
        "code": "310",
        "display": "Procedure-Iniezione della laringe"
      }, {
        "code": "311",
        "display": "Procedure-Tracheostomia temporanea"
      }, {
        "code": "313",
        "display": "Procedure-Altra incisione di laringe o trachea"
      }, {
        "code": "315",
        "display": "Procedure-Asportazione o demolizione locale di lesione o tessuto della trachea"
      }, {
        "code": "321",
        "display": "Procedure-Altra asportazione dei bronchi"
      }, {
        "code": "323",
        "display": "Procedure-Resezione segmentale del polmone"
      }, {
        "code": "324",
        "display": "Procedure-Lobectomia del polmone"
      }, {
        "code": "325",
        "display": "Procedure-Pneumonectomia completa"
      }, {
        "code": "326",
        "display": "Procedure-Dissezione radicale delle strutture toraciche"
      }, {
        "code": "330",
        "display": "Procedure-Incisione dei bronchi"
      }, {
        "code": "331",
        "display": "Procedure-Incisione del polmone"
      }, {
        "code": "336",
        "display": "Procedure-Trapianto combinato cuore polmone"
      }, {
        "code": "341",
        "display": "Procedure-Incisione del mediastino"
      }, {
        "code": "343",
        "display": "Procedure-Asportazione o demolizione di lesione o tessuto del mediastino"
      }, {
        "code": "344",
        "display": "Procedure-Asportazione o demolizione di lesione della parete toracica"
      }, {
        "code": "346",
        "display": "Procedure-Scarificazione della pleura"
      }, {
        "code": "362",
        "display": "Procedure-Rivascolarizzazione cardiaca mediante innesto arterioso"
      }, {
        "code": "370",
        "display": "Procedure-Pericardiocentesi"
      }, {
        "code": "387",
        "display": "Procedure-Interruzione della vena cava"
      }, {
        "code": "390",
        "display": "Procedure-Anastomosi arterioso sistemico polmonare"
      }, {
        "code": "391",
        "display": "Procedure-Anastomosi venosa intraaddominale"
      }, {
        "code": "398",
        "display": "Procedure-Interventi sul glomo carotideo e su altri glomi vascolari"
      }, {
        "code": "400",
        "display": "Procedure-Incisione di strutture linfatiche"
      }, {
        "code": "403",
        "display": "Procedure-Asportazione di linfonodi regionali"
      }, {
        "code": "411",
        "display": "Procedure-Puntura della milza"
      }, {
        "code": "412",
        "display": "Procedure-Splenotomia"
      }, {
        "code": "415",
        "display": "Procedure-Splenectomia totale"
      }, {
        "code": "427",
        "display": "Procedure-Esofagomiotomia"
      }, {
        "code": "430",
        "display": "Procedure-Gastrotomia"
      }, {
        "code": "433",
        "display": "Procedure-Piloromiotomia"
      }, {
        "code": "435",
        "display": "Procedure-Gastrectomia parziale con anastomosi esofagea"
      }, {
        "code": "436",
        "display": "Procedure-Gastrectomia parziale con anastomosi duodenale"
      }, {
        "code": "437",
        "display": "Procedure-Gastrectomia parziale con anastomosi digiunale"
      }, {
        "code": "445",
        "display": "Procedure-Revisione di anastomosi gastrica"
      }, {
        "code": "458",
        "display": "Procedure-Colectomia totale intraaddominale"
      }, {
        "code": "472",
        "display": "Procedure-Drenaggio di ascesso appendicolare"
      }, {
        "code": "480",
        "display": "Procedure-Proctotomia"
      }, {
        "code": "481",
        "display": "Procedure-Proctostomia"
      }, {
        "code": "485",
        "display": "Procedure-Resezione del retto per via addominoperineale"
      }, {
        "code": "496",
        "display": "Procedure-Asportazione dell' ano"
      }, {
        "code": "500",
        "display": "Procedure-Epatotomia"
      }, {
        "code": "503",
        "display": "Procedure-Lobectomia del fegato"
      }, {
        "code": "504",
        "display": "Procedure-Epatectomia totale"
      }, {
        "code": "523",
        "display": "Procedure-Marsupializzazione di cisti pancreatica"
      }, {
        "code": "524",
        "display": "Procedure-Drenaggio interno di cisti pancreatica"
      }, {
        "code": "526",
        "display": "Procedure-Pancreatectomia totale"
      }, {
        "code": "527",
        "display": "Procedure-Pancreaticoduodenectomia radicale"
      }, {
        "code": "537",
        "display": "Procedure-Riparazione di ernia diaframmatica, per via addominale"
      }, {
        "code": "540",
        "display": "Procedure-Incisione della parete addominale"
      }, {
        "code": "543",
        "display": "Procedure-Asportazione o demolizione di lesione o tessuto di parete addominale o dell' ombelico"
      }, {
        "code": "544",
        "display": "Procedure-Asportazione o demolizione di tessuto peritoneale"
      }, {
        "code": "554",
        "display": "Procedure-Nefrectomia parziale"
      }, {
        "code": "557",
        "display": "Procedure-Nefropessia"
      }, {
        "code": "560",
        "display": "Procedure-Estrazione endoscopica dall' uretere e pelvi renale di: coagulo di sangue, calcolo, corpo estraneo"
      }, {
        "code": "561",
        "display": "Procedure-Papillotomia o meatotomia ureterale (endoscopica e non)"
      }, {
        "code": "562",
        "display": "Procedure-Ureterotomia"
      }, {
        "code": "570",
        "display": "Procedure-Drenaggio transuretrale della vescica"
      }, {
        "code": "576",
        "display": "Procedure-Cistectomia parziale"
      }, {
        "code": "580",
        "display": "Procedure-Uretrotomia"
      }, {
        "code": "581",
        "display": "Procedure-Meatotomia uretrale"
      }, {
        "code": "585",
        "display": "Procedure-Uretrotomia endoscopica"
      }, {
        "code": "586",
        "display": "Procedure-Dilatazione uretrale"
      }, {
        "code": "593",
        "display": "Procedure-Colpoplastica (Kelly) per incontinenza urinaria"
      }, {
        "code": "594",
        "display": "Procedure-Sospensione uretrale sovrapubica con sling"
      }, {
        "code": "595",
        "display": "Procedure-Sospensione uretrale retropubica (Marshall)"
      }, {
        "code": "596",
        "display": "Procedure-Colposospensione parauretrale"
      }, {
        "code": "598",
        "display": "Procedure-Cateterizzazione ureterale"
      }, {
        "code": "600",
        "display": "Procedure-Incisione della prostata"
      }, {
        "code": "603",
        "display": "Procedure-Adenomectomia transvescicale"
      }, {
        "code": "604",
        "display": "Procedure-Adenomectomia retropubica"
      }, {
        "code": "605",
        "display": "Procedure-Prostatectomia radicale"
      }, {
        "code": "610",
        "display": "Procedure-Incisione e drenaggio dello scroto e della tunica vaginale"
      }, {
        "code": "612",
        "display": "Procedure-Asportazione di idrocele (della tunica vaginale)"
      }, {
        "code": "613",
        "display": "Procedure-Asportazione o demolizione di parte del tessuto scrotale"
      }, {
        "code": "620",
        "display": "Procedure-Incisione del testicolo"
      }, {
        "code": "622",
        "display": "Procedure-Asportazione o demolizione di lesione testicolare"
      }, {
        "code": "623",
        "display": "Procedure-Orchiectomia monolaterale"
      }, {
        "code": "625",
        "display": "Procedure-Orchiopessi"
      }, {
        "code": "627",
        "display": "Procedure-Inserzione di protesi testicolare"
      }, {
        "code": "631",
        "display": "Procedure-Asportazione di varicocele e idrocele del cordone spermatico"
      }, {
        "code": "632",
        "display": "Procedure-Asportazione di cisti dell' epididimo o spermatocele"
      }, {
        "code": "633",
        "display": "Procedure-Asportazione di altra lesione o tessuto del cordone spermatico ed epididimo"
      }, {
        "code": "634",
        "display": "Procedure-Epididimectomia"
      }, {
        "code": "636",
        "display": "Procedure-Vasotomia e vasostomia"
      }, {
        "code": "640",
        "display": "Procedure-Circoncisione"
      }, {
        "code": "642",
        "display": "Procedure-Asportazione o demolizione di lesione del pene"
      }, {
        "code": "643",
        "display": "Procedure-Amputazione del pene"
      }, {
        "code": "645",
        "display": "Procedure-Interventi per trasformazione di sesso non classificati altrove"
      }, {
        "code": "664",
        "display": "Procedure-Salpingectomia totale monolaterale"
      }, {
        "code": "668",
        "display": "Procedure-Insufflazione nelle tube"
      }, {
        "code": "670",
        "display": "Procedure-Dilatazione del canale cervicale"
      }, {
        "code": "672",
        "display": "Procedure-Conizzazione della cervice"
      }, {
        "code": "674",
        "display": "Procedure-Asportazione della cervice"
      }, {
        "code": "680",
        "display": "Procedure-Isterotomia"
      }, {
        "code": "688",
        "display": "Procedure-Eviscerazione pelvica"
      }, {
        "code": "693",
        "display": "Procedure-Denervazione uterina paracervicale"
      }, {
        "code": "696",
        "display": "Procedure-Procedura per provocare o regolare il flusso mestruale"
      }, {
        "code": "697",
        "display": "Procedure-Inserzione di dispositivo contraccettivo intrauterino (IUD)"
      }, {
        "code": "700",
        "display": "Procedure-Culdocentesi"
      }, {
        "code": "704",
        "display": "Procedure-Obliterazione ed asportazione totale della vagina"
      }, {
        "code": "708",
        "display": "Procedure-Obliterazione del fornice vaginale"
      }, {
        "code": "713",
        "display": "Procedure-Altra asportazione o demolizione locale della vulva e del perineo"
      }, {
        "code": "714",
        "display": "Procedure-Interventi sul clitoride"
      }, {
        "code": "715",
        "display": "Procedure-Vulvectomia radicale"
      }, {
        "code": "718",
        "display": "Procedure-Altri interventi sulla vulva"
      }, {
        "code": "720",
        "display": "Procedure-Parto con forcipe basso"
      }, {
        "code": "721",
        "display": "Procedure-Parto con forcipe basso con episiotomia"
      }, {
        "code": "724",
        "display": "Procedure-Rotazione con forcipe della testa fetale"
      }, {
        "code": "726",
        "display": "Procedure-Applicazione di forcipe su testa postica"
      }, {
        "code": "728",
        "display": "Procedure-Altro parto strumentale specificato"
      }, {
        "code": "731",
        "display": "Procedure-Altra induzione chirurgica del travaglio"
      }, {
        "code": "733",
        "display": "Procedure-Tentativo non riuscito di applicazione del forcipe"
      }, {
        "code": "734",
        "display": "Procedure-Induzione medica del travaglio"
      }, {
        "code": "736",
        "display": "Procedure-Episiotomia"
      }, {
        "code": "738",
        "display": "Procedure-Interventi sul feto per facilitare il parto"
      }, {
        "code": "740",
        "display": "Procedure-Taglio cesareo tradizionale"
      }, {
        "code": "741",
        "display": "Procedure-Taglio cesareo cervicale basso"
      }, {
        "code": "742",
        "display": "Procedure-Taglio cesareo extraperitoneale"
      }, {
        "code": "743",
        "display": "Procedure-Rimozione di gravidanza ectopica extratubarica"
      }, {
        "code": "744",
        "display": "Procedure-Taglio cesareo specificato"
      }, {
        "code": "750",
        "display": "Procedure-Iniezione intra-amniotica per interruzione di gravidanza"
      }, {
        "code": "751",
        "display": "Procedure-Amniocentesi diagnostica prelievo dei villi coriali"
      }, {
        "code": "752",
        "display": "Procedure-Trasfusione intrauterina"
      }, {
        "code": "754",
        "display": "Procedure-Rimozione manuale di placenta ritenuta"
      }, {
        "code": "757",
        "display": "Procedure-Esplorazione manuale della cavita' uterina, postpartum"
      }, {
        "code": "758",
        "display": "Procedure-Tamponamento ostetrico dell' utero o della vagina"
      }, {
        "code": "762",
        "display": "Procedure-Asportazione o demolizione locale di lesione delle ossa facciali"
      }, {
        "code": "765",
        "display": "Procedure-Artroplastica temporomandibolare"
      }, {
        "code": "806",
        "display": "Procedure-Asportazione di cartilagine semilunare del ginocchio"
      }, {
        "code": "835",
        "display": "Procedure-Borsectomia"
      }, {
        "code": "843",
        "display": "Procedure-Revisione del moncone di amputazione"
      }, {
        "code": "850",
        "display": "Procedure-Mastotomia"
      }, {
        "code": "856",
        "display": "Procedure-Mastopessi"
      }, {
        "code": "857",
        "display": "Procedure-Ricostruzione totale della mammella"
      }, {
        "code": "863",
        "display": "Procedure-Altra asportazione o demolizione locale di lesione o tessuto cutaneo e sottocutaneo"
      }, {
        "code": "864",
        "display": "Procedure-Asportazione radicale di lesione della cute"
      }, {
        "code": "897",
        "display": "Procedure-Visita generale"
      }, {
        "code": "966",
        "display": "Procedure-Infusione enterale di sostanze nutrizionali concentrate"
      } ]
    } ]
  }
}