{
  "resourceType": "ValueSet",
  "url": "http://hl7.org/fhir/sid/icd-9-cm-1106",
  "version": "1.0",
  "name": "Procedure-Altri interventi sulla cornea",
  "title": "Altri interventi sulla cornea",
  "status": "active",
  "compose": {
    "include": [ {
      "system": "http://hl7.org/fhir/sid/icd-9-cm",
      "concept": [ {
        "code": "1191",
        "display": "Tatuaggio della cornea"
      }, {
        "code": "1192",
        "display": "Rimozione di impianto artificiale dalla cornea"
      }, {
        "code": "1199",
        "display": "Altri interventi sulla cornea"
      }, {
        "code": "12",
        "display": "Interventi sull' iride, sul corpo ciliare, sulla sclera, sulla camera anteriore"
      } ]
    } ]
  }
}