{
  "resourceType": "ValueSet",
  "url": "http://hl7.org/fhir/sid/icd-9-cm-1704",
  "version": "1.0",
  "name": "Procedure-Interventi non specificati su lesione ossea",
  "title": "Interventi non specificati su lesione ossea",
  "status": "active",
  "compose": {
    "include": [ {
      "system": "http://hl7.org/fhir/sid/icd-9-cm",
      "concept": [ {
        "code": "7990",
        "display": "Interventi non specificati su lesione ossea in sede non specificata"
      }, {
        "code": "7991",
        "display": "Interventi non specificati su lesione dell' omero"
      }, {
        "code": "7992",
        "display": "Interventi non specificati su lesione dell' ulna e del radio"
      }, {
        "code": "7993",
        "display": "Interventi non specificati su lesione del carpo e del metacarpo"
      }, {
        "code": "7994",
        "display": "Interventi non specificati su lesione delle falangi della mano"
      }, {
        "code": "7995",
        "display": "Interventi non specificati su lesione del femore"
      }, {
        "code": "7996",
        "display": "Interventi non specificati su lesione della tibia e della fibula"
      }, {
        "code": "7997",
        "display": "Interventi non specificati su lesione del tarso e del metatarso"
      }, {
        "code": "7998",
        "display": "Interventi non specificati su lesione delle falangi del piede"
      }, {
        "code": "7999",
        "display": "Interventi non specificati su lesione di osso specificato"
      }, {
        "code": "80",
        "display": "Incisione ed asportazione di strutture articolari"
      } ]
    } ]
  }
}