{
  "resourceType": "ValueSet",
  "url": "http://hl7.org/fhir/sid/icd-9-cm-1725",
  "version": "1.0",
  "name": "Procedure-Incisione di muscoli, tendini, fasce e borse della mano",
  "title": "Incisione di muscoli, tendini, fasce e borse della mano",
  "status": "active",
  "compose": {
    "include": [ {
      "system": "http://hl7.org/fhir/sid/icd-9-cm",
      "concept": [ {
        "code": "8201",
        "display": "Esplorazione della fascia tendinea della mano"
      }, {
        "code": "8202",
        "display": "Miotomia della mano"
      }, {
        "code": "8203",
        "display": "Bursotomia della mano"
      }, {
        "code": "8204",
        "display": "Incisione e drenaggio dello spazio palmare o tenare"
      }, {
        "code": "8209",
        "display": "Altra incisione dei tessuti molli della mano"
      } ]
    } ]
  }
}