{
  "resourceType": "ValueSet",
  "url": "http://hl7.org/fhir/sid/icd-9-cm-1667",
  "version": "1.0",
  "name": "Procedure-Procedure diagnostiche sulle ossa e articolazioni facciali",
  "title": "Procedure diagnostiche sulle ossa e articolazioni facciali",
  "status": "active",
  "compose": {
    "include": [ {
      "system": "http://hl7.org/fhir/sid/icd-9-cm",
      "concept": [ {
        "code": "7611",
        "display": "Biopsia delle ossa facciali"
      }, {
        "code": "7619",
        "display": "Altre procedure diagnostiche sulle ossa e articolazioni facciali"
      } ]
    } ]
  }
}