{
  "resourceType": "ValueSet",
  "url": "http://hl7.org/fhir/sid/icd-9-cm-1328",
  "version": "1.0",
  "name": "Procedure-Legatura e stripping di vene varicose",
  "title": "Legatura e stripping di vene varicose",
  "status": "active",
  "compose": {
    "include": [ {
      "system": "http://hl7.org/fhir/sid/icd-9-cm",
      "concept": [ {
        "code": "3850",
        "display": "Legatura e stripping di vene varicose, sede non specificata"
      }, {
        "code": "3851",
        "display": "Legatura di vene varicose intracraniche"
      }, {
        "code": "3852",
        "display": "Legatura di altre vene varicose del capo e del collo"
      }, {
        "code": "3853",
        "display": "Legatura e stripping di vene varicose dell' arto superiore"
      }, {
        "code": "3855",
        "display": "Legatura di vene varicose toraciche"
      }, {
        "code": "3857",
        "display": "Legatura di vene varicose addominali"
      }, {
        "code": "3859",
        "display": "Legatura e stripping di vene varicose dell' arto inferiore"
      } ]
    } ]
  }
}