{
  "resourceType": "ValueSet",
  "url": "http://hl7.org/fhir/sid/icd-9-cm-1713",
  "version": "1.0",
  "name": "Procedure-Altra asportazione o demolizione locale di lesione dell' articolazione",
  "title": "Altra asportazione o demolizione locale di lesione dell' articolazione",
  "status": "active",
  "compose": {
    "include": [ {
      "system": "http://hl7.org/fhir/sid/icd-9-cm",
      "concept": [ {
        "code": "8080",
        "display": "Altra asportazione o demolizione locale di lesione dell' articolazione in sede non specificata"
      }, {
        "code": "8081",
        "display": "Altra asportazione o demolizione locale di lesione dell' articolazione della spalla"
      }, {
        "code": "8082",
        "display": "Altra asportazione o demolizione locale di lesione dell' articolazione del gomito"
      }, {
        "code": "8083",
        "display": "Altra asportazione o demolizione locale di lesione dell' articolazione del polso"
      }, {
        "code": "8084",
        "display": "Altra asportazione o demolizione locale di lesione dell' articolazione della mano e delle dita della mano"
      }, {
        "code": "8085",
        "display": "Altra asportazione o demolizione locale di lesione dell' articolazione dell' anca"
      }, {
        "code": "8086",
        "display": "Altra asportazione o demolizione locale di lesione dell' articolazione del ginocchio"
      }, {
        "code": "8087",
        "display": "Altra asportazione o demolizione locale di lesione dell' articolazione della caviglia"
      }, {
        "code": "8088",
        "display": "Altra asportazione o demolizione locale di lesione dell' articolazione del piede e delle dita del piede"
      }, {
        "code": "8089",
        "display": "Altra asportazione o demolizione locale di lesione dell' articolazione di altra sede specificata"
      } ]
    } ]
  }
}