{
  "resourceType": "ValueSet",
  "url": "http://hl7.org/fhir/sid/icd-9-cm-1061",
  "version": "1.0",
  "name": "Procedure-Procedure diagnostiche sulle ghiandole surrenali, ipofisi, ghiandola pineale e timo",
  "title": "Procedure diagnostiche sulle ghiandole surrenali, ipofisi, ghiandola pineale e timo",
  "status": "active",
  "compose": {
    "include": [ {
      "system": "http://hl7.org/fhir/sid/icd-9-cm",
      "concept": [ {
        "code": "0711",
        "display": "Biopsia [percutanea] [agobiopsia] delle ghiandole surrenali"
      }, {
        "code": "0712",
        "display": "Biopsia a cielo aperto delle ghiandole surrenali"
      }, {
        "code": "0713",
        "display": "Biopsia dell' ipofisi per via trans-frontale"
      }, {
        "code": "0714",
        "display": "Biopsia dell' ipofisi per via trans-sfenoidale"
      }, {
        "code": "0715",
        "display": "Biopsia dell' ipofisi per via non specificata"
      }, {
        "code": "0716",
        "display": "Biopsia del timo"
      }, {
        "code": "0717",
        "display": "Biopsia della ghiandola pineale"
      }, {
        "code": "0719",
        "display": "Altre procedure diagnostiche sulle ghiandole surrenali, ipofisi, ghiandola pineale e timo"
      } ]
    } ]
  }
}