{
  "resourceType": "ValueSet",
  "url": "http://hl7.org/fhir/sid/icd-9-cm-1006",
  "version": "1.0",
  "name": "Procedure-Altre procedure cardiovascolari",
  "title": "Altre procedure cardiovascolari",
  "status": "active",
  "compose": {
    "include": [ {
      "system": "http://hl7.org/fhir/sid/icd-9-cm",
      "concept": [ {
        "code": "0050",
        "display": "Impianto di pacemaker per la risincronizzazione cardiaca senza menzione di defibrillazione, sistema totale (CRT-P)"
      }, {
        "code": "0051",
        "display": "Impianto di defibrillatore per la risincronizzazione cardiaca, sistema totale (CRT-D)"
      }, {
        "code": "0052",
        "display": "Impianto o sostituzione di elettrodi transvenosi nel sistema venoso coronarico del ventricolo sinistro"
      }, {
        "code": "0053",
        "display": "Impianto o sostituzione del solo pacemaker per la risincronizzazione cardiaca (CRT-P)"
      }, {
        "code": "0054",
        "display": "Impianto o sostituzione del solo defibrillatore per la risincronizzazione cardiaca (CRT-D)"
      }, {
        "code": "0055",
        "display": "Inserzione di stent medicati in vasi periferici"
      }, {
        "code": "0056",
        "display": "Inserzione o sostituzione di elettrodi a pressione impiantabili per il monitoraggio emodinamico intracardiaco"
      }, {
        "code": "0057",
        "display": "Impianto o sostituzione di dispositivo sottocutanei per il monitoraggio emodinamico intracardiaco"
      } ]
    } ]
  }
}