{
  "resourceType": "ValueSet",
  "url": "http://hl7.org/fhir/sid/icd-9-cm-1724",
  "version": "1.0",
  "name": "Procedure-Altri interventi sulle strutture articolari",
  "title": "Altri interventi sulle strutture articolari",
  "status": "active",
  "compose": {
    "include": [ {
      "system": "http://hl7.org/fhir/sid/icd-9-cm",
      "concept": [ {
        "code": "8191",
        "display": "Artrocentesi"
      }, {
        "code": "8192",
        "display": "Iniezione di sostanze terapeutiche nell' articolazione o nel legamento"
      }, {
        "code": "8193",
        "display": "Sutura della capsula o dei legamenti dell' arto superiore"
      }, {
        "code": "8194",
        "display": "Sutura della capsula o del legamento della caviglia e del piede"
      }, {
        "code": "8195",
        "display": "Sutura della capsula o del legamento in altra parte dell' arto interiore"
      }, {
        "code": "8196",
        "display": "Altra riparazione articolare"
      }, {
        "code": "8197",
        "display": "Revisione di sostituzione di articolazione dell' arto superiore"
      }, {
        "code": "8198",
        "display": "Altre procedure diagnostiche sulle strutture articolari"
      }, {
        "code": "8199",
        "display": "Altri interventi sulle strutture articolari"
      }, {
        "code": "82",
        "display": "Interventi sui muscoli, sui tendini e sulle fasce della mano"
      } ]
    } ]
  }
}