{
  "resourceType": "ValueSet",
  "url": "http://hl7.org/fhir/sid/icd-9-cm-1620",
  "version": "1.0",
  "name": "Procedure-Altri interventi sulla vagina e sul cul-de-sac",
  "title": "Altri interventi sulla vagina e sul cul-de-sac",
  "status": "active",
  "compose": {
    "include": [ {
      "system": "http://hl7.org/fhir/sid/icd-9-cm",
      "concept": [ {
        "code": "7091",
        "display": "Altri interventi sulla vagina"
      }, {
        "code": "7092",
        "display": "Altri interventi sul cul-de-sac"
      }, {
        "code": "71",
        "display": "Interventi sulla vulva e sul perineo"
      } ]
    } ]
  }
}