{
  "resourceType": "ValueSet",
  "url": "http://hl7.org/fhir/sid/icd-9-cm-1709",
  "version": "1.0",
  "name": "Procedure-Incisione di capsula articolare, legamenti o cartilagine",
  "title": "Incisione di capsula articolare, legamenti o cartilagine",
  "status": "active",
  "compose": {
    "include": [ {
      "system": "http://hl7.org/fhir/sid/icd-9-cm",
      "concept": [ {
        "code": "8040",
        "display": "Incisione di capsula articolare, legamenti o cartilagine in sede non specificata"
      }, {
        "code": "8041",
        "display": "Incisione di capsula articolare, legamenti o cartilagine della spalla"
      }, {
        "code": "8042",
        "display": "Incisione di capsula articolare, legamenti o cartilagine del gomito"
      }, {
        "code": "8043",
        "display": "Incisione di capsula articolare, legamenti o cartilagine del polso"
      }, {
        "code": "8044",
        "display": "Incisione di capsula articolare, legamenti o cartilagine della mano e delle dita della mano"
      }, {
        "code": "8045",
        "display": "Incisione di capsula articolare, legamenti o cartilagine dell' anca"
      }, {
        "code": "8046",
        "display": "Incisione di capsula articolare, legamenti o cartilagine del ginocchio"
      }, {
        "code": "8047",
        "display": "Incisione di capsula articolare, legamenti o cartilagine della caviglia"
      }, {
        "code": "8048",
        "display": "Incisione di capsula articolare, legamenti o cartilagine del piede e delle dita del piede"
      }, {
        "code": "8049",
        "display": "Incisione di capsula articolare, legamenti o cartilagine in altra sede specificata"
      } ]
    } ]
  }
}