{
  "resourceType": "ValueSet",
  "url": "http://hl7.org/fhir/sid/icd-9-cm-1013",
  "version": "1.0",
  "name": "Procedure-Craniotomia e craniectomia",
  "title": "Craniotomia e craniectomia",
  "status": "active",
  "compose": {
    "include": [ {
      "system": "http://hl7.org/fhir/sid/icd-9-cm",
      "concept": [ {
        "code": "0121",
        "display": "Incisione e drenaggio dei seni cranici"
      }, {
        "code": "0122",
        "display": "Rimozione di elettrodo/i di neurostimolatore intracranico"
      }, {
        "code": "0123",
        "display": "Riapertura di pregressa craniotomia"
      }, {
        "code": "0124",
        "display": "Altra craniotomia"
      }, {
        "code": "0125",
        "display": "Altra craniectomia"
      }, {
        "code": "0126",
        "display": "Inserzione di catetere/i nella cavita' o tessuto del cranio"
      }, {
        "code": "0127",
        "display": "Rimozione di catetere/i dalla cavita' o tessuto del cranio"
      }, {
        "code": "0128",
        "display": "Posizionamento di catetere/i intracerebrale attraverso foro circolare"
      } ]
    } ]
  }
}