{
  "resourceType": "ValueSet",
  "url": "http://hl7.org/fhir/sid/icd-9-cm-1805",
  "version": "1.0",
  "name": "Procedure-Radiologia terapeutica e medicina nucleare",
  "title": "Radiologia terapeutica e medicina nucleare",
  "status": "active",
  "compose": {
    "include": [ {
      "system": "http://hl7.org/fhir/sid/icd-9-cm",
      "concept": [ {
        "code": "9220",
        "display": "Infusione di radioisotopo per brachiterapia"
      }, {
        "code": "9221",
        "display": "Radiazione superficiale"
      }, {
        "code": "9222",
        "display": "Radiazione ad ortovoltaggio"
      }, {
        "code": "9223",
        "display": "Teleradioterapia radioisotopica"
      }, {
        "code": "9224",
        "display": "Teleradioterapia mediante fotoni"
      }, {
        "code": "9225",
        "display": "Teleradioterapia con elettroni"
      }, {
        "code": "9226",
        "display": "Teleradioterapia con altre radiazioni particolate"
      }, {
        "code": "9227",
        "display": "Impianto o inserzione di elementi radioattivi"
      }, {
        "code": "9228",
        "display": "Iniezione o instillazione di radioisotopi"
      }, {
        "code": "9229",
        "display": "Altre procedure radioterapeutiche"
      } ]
    } ]
  }
}