{
  "resourceType": "ValueSet",
  "url": "http://hl7.org/fhir/sid/icd-9-cm-1404",
  "version": "1.0",
  "name": "Procedure-Altri interventi sull' intestino",
  "title": "Altri interventi sull' intestino",
  "status": "active",
  "compose": {
    "include": [ {
      "system": "http://hl7.org/fhir/sid/icd-9-cm",
      "concept": [ {
        "code": "4691",
        "display": "Miotomia del colon sigmoideo"
      }, {
        "code": "4692",
        "display": "Miotomia di altre parti del colon"
      }, {
        "code": "4693",
        "display": "Revisione di anastomosi dell' intestino tenue"
      }, {
        "code": "4694",
        "display": "Revisione di anastomosi dell' intestino crasso"
      }, {
        "code": "4695",
        "display": "Perfusione locale dell' intestino tenue"
      }, {
        "code": "4696",
        "display": "Perfusione locale dell' intestino crasso"
      }, {
        "code": "4697",
        "display": "Trapianto dell' intestino"
      }, {
        "code": "4699",
        "display": "Altri interventi sull' intestino (Asportazione di mucosa per duplicazione intestinale: stomaco, duodeno, tenue, colon, retto)"
      }, {
        "code": "47",
        "display": "Interventi sull' appendice"
      } ]
    } ]
  }
}