{
  "resourceType": "ValueSet",
  "url": "http://hl7.org/fhir/sid/icd-9-cm-1689",
  "version": "1.0",
  "name": "Procedure-Altri interventi di riparazione o plastica su osso",
  "title": "Altri interventi di riparazione o plastica su osso",
  "status": "active",
  "compose": {
    "include": [ {
      "system": "http://hl7.org/fhir/sid/icd-9-cm",
      "concept": [ {
        "code": "7840",
        "display": "Altri interventi di riparazione o plastica su osso in sede non specificata"
      }, {
        "code": "7841",
        "display": "Altri interventi di riparazione o plastica su scapola, clavicola e torace (coste e sterno)"
      }, {
        "code": "7842",
        "display": "Altri interventi di riparazione o plastica sull' omero"
      }, {
        "code": "7843",
        "display": "Altri interventi di riparazione o plastica su radio e ulna"
      }, {
        "code": "7844",
        "display": "Altri interventi di riparazione o plastica su carpo e metacarpo"
      }, {
        "code": "7845",
        "display": "Altri interventi di riparazione o plastica sul femore"
      }, {
        "code": "7846",
        "display": "Altri interventi di riparazione o plastica sulla rotula"
      }, {
        "code": "7847",
        "display": "Altri interventi di riparazione o plastica su tibia e fibula"
      }, {
        "code": "7848",
        "display": "Altri interventi di riparazione o plastica su tarso e metatarso"
      }, {
        "code": "7849",
        "display": "Altri interventi di riparazione o plastica su altre ossa"
      } ]
    } ]
  }
}