{
  "resourceType": "ValueSet",
  "url": "http://hl7.org/fhir/sid/icd-9-cm-1385",
  "version": "1.0",
  "name": "Procedure-Enterotomia",
  "title": "Enterotomia",
  "status": "active",
  "compose": {
    "include": [ {
      "system": "http://hl7.org/fhir/sid/icd-9-cm",
      "concept": [ {
        "code": "4500",
        "display": "Incisione dell' intestino, SAI"
      }, {
        "code": "4501",
        "display": "Incisione del duodeno"
      }, {
        "code": "4502",
        "display": "Altra incisione dell' intestino tenue"
      }, {
        "code": "4503",
        "display": "Incisione dell' intestino crasso"
      } ]
    } ]
  }
}