{
  "resourceType": "ValueSet",
  "url": "http://hl7.org/fhir/sid/icd-9-cm-1297",
  "version": "1.0",
  "name": "Procedure-Altri interventi sul torace",
  "title": "Altri interventi sul torace",
  "status": "active",
  "compose": {
    "include": [ {
      "system": "http://hl7.org/fhir/sid/icd-9-cm",
      "concept": [ {
        "code": "3491",
        "display": "Toracentesi"
      }, {
        "code": "3492",
        "display": "Iniezione nella cavita' toracica"
      }, {
        "code": "3493",
        "display": "Riparazione della pleura"
      }, {
        "code": "3499",
        "display": "Altri interventi sul torace"
      }, {
        "code": "35",
        "display": "Interventi sulle valvole e sui setti del cuore"
      } ]
    } ]
  }
}