{
  "resourceType": "ValueSet",
  "url": "http://hl7.org/fhir/sid/icd-9-cm-1219",
  "version": "1.0",
  "name": "Procedure-Procedure diagnostiche sulla lingua",
  "title": "Procedure diagnostiche sulla lingua",
  "status": "active",
  "compose": {
    "include": [ {
      "system": "http://hl7.org/fhir/sid/icd-9-cm",
      "concept": [ {
        "code": "2501",
        "display": "Biopsia [agobiopsia] della lingua"
      }, {
        "code": "2502",
        "display": "Biopsia a cielo aperto della lingua"
      }, {
        "code": "2509",
        "display": "Altra procedura diagnostica sulla lingua"
      } ]
    } ]
  }
}