{
  "resourceType": "ValueSet",
  "url": "http://hl7.org/fhir/sid/icd-9-cm-1763",
  "version": "1.0",
  "name": "Procedure-Altri interventi sulla mammella",
  "title": "Altri interventi sulla mammella",
  "status": "active",
  "compose": {
    "include": [ {
      "system": "http://hl7.org/fhir/sid/icd-9-cm",
      "concept": [ {
        "code": "8591",
        "display": "Aspirazione della mammella"
      }, {
        "code": "8592",
        "display": "Iniezione di sostanze terapeutiche nella mammella"
      }, {
        "code": "8593",
        "display": "Revisione di protesi della mammella"
      }, {
        "code": "8594",
        "display": "Rimozione di protesi della mammella"
      }, {
        "code": "8595",
        "display": "Inserzione di espansore tessutale nella mammella"
      }, {
        "code": "8596",
        "display": "Rimozione di espansore tessutale dalla mammella"
      }, {
        "code": "8599",
        "display": "Altri interventi sulla mammella"
      }, {
        "code": "86",
        "display": "Interventi sulla cute e sul tessuto sottocutaneo"
      } ]
    } ]
  }
}