{
  "resourceType": "ValueSet",
  "url": "http://hl7.org/fhir/sid/icd-9-cm-1338",
  "version": "1.0",
  "name": "Procedure-Altra riparazione di vasi",
  "title": "Altra riparazione di vasi",
  "status": "active",
  "compose": {
    "include": [ {
      "system": "http://hl7.org/fhir/sid/icd-9-cm",
      "concept": [ {
        "code": "3950",
        "display": "Angioplastica o aterectomia di altro/i vaso/i non coronarico/i"
      }, {
        "code": "3951",
        "display": "Clipping di aneurismi"
      }, {
        "code": "3952",
        "display": "Altra riparazione di aneurisma"
      }, {
        "code": "3953",
        "display": "Riparazione di fistola arteriovenosa"
      }, {
        "code": "3954",
        "display": "Intervento di dissezione dell' aorta"
      }, {
        "code": "3955",
        "display": "Reimpianto di vaso renale aberrante"
      }, {
        "code": "3956",
        "display": "Riparazione di vaso sanguigno con patch autologo"
      }, {
        "code": "3957",
        "display": "Riparazione di vaso sanguigno con patch sintetico"
      }, {
        "code": "3958",
        "display": "Riparazione di vaso sanguigno con patch di tipo non specificato"
      }, {
        "code": "3959",
        "display": "Altra riparazione di vasi"
      } ]
    } ]
  }
}