{
  "resourceType": "ValueSet",
  "url": "http://hl7.org/fhir/sid/icd-9-cm-1778",
  "version": "1.0",
  "name": "Procedure-Altra radiografia del torace",
  "title": "Altra radiografia del torace",
  "status": "active",
  "compose": {
    "include": [ {
      "system": "http://hl7.org/fhir/sid/icd-9-cm",
      "concept": [ {
        "code": "8741",
        "display": "Tomografia assiale computerizzata (TAC) del torace"
      }, {
        "code": "8742",
        "display": "Altra tomografia toracica"
      }, {
        "code": "8743",
        "display": "Radiografia di coste, sterno e clavicola"
      }, {
        "code": "8744",
        "display": "Radiografia del torace di routine, SAI"
      }, {
        "code": "8749",
        "display": "Altra radiografia del torace"
      } ]
    } ]
  }
}