{
  "resourceType": "ValueSet",
  "url": "http://hl7.org/fhir/sid/icd-9-cm-1169",
  "version": "1.0",
  "name": "Procedure-Altra timpanoplastica",
  "title": "Altra timpanoplastica",
  "status": "active",
  "compose": {
    "include": [ {
      "system": "http://hl7.org/fhir/sid/icd-9-cm",
      "concept": [ {
        "code": "1952",
        "display": "Timpanoplastica di tipo II"
      }, {
        "code": "1953",
        "display": "Timpanoplastica di tipo III"
      }, {
        "code": "1954",
        "display": "Timpanoplastica di tipo IV"
      }, {
        "code": "1955",
        "display": "Timpanoplastica di tipo V"
      } ]
    } ]
  }
}