{
  "resourceType": "ValueSet",
  "url": "http://hl7.org/fhir/sid/icd-9-cm-1388",
  "version": "1.0",
  "name": "Procedure-Asportazione o demolizione locale di lesione o tessuto dell' intestino tenue",
  "title": "Asportazione o demolizione locale di lesione o tessuto dell' intestino tenue",
  "status": "active",
  "compose": {
    "include": [ {
      "system": "http://hl7.org/fhir/sid/icd-9-cm",
      "concept": [ {
        "code": "4530",
        "display": "Asportazione o demolizione endoscopica di lesione del duodeno"
      }, {
        "code": "4531",
        "display": "Altra asportazione locale di lesione del duodeno"
      }, {
        "code": "4532",
        "display": "Altra asportazione di lesione del duodeno"
      }, {
        "code": "4533",
        "display": "Asportazione locale di lesione o tessuto dell' intestino tenue eccetto il duodeno"
      }, {
        "code": "4534",
        "display": "Altra demolizione di lesione dell' intestino tenue eccetto il duodeno"
      } ]
    } ]
  }
}