{
  "resourceType": "ValueSet",
  "url": "http://hl7.org/fhir/sid/icd-9-cm-1779",
  "version": "1.0",
  "name": "Procedure-Radiografia delle vie biliari",
  "title": "Radiografia delle vie biliari",
  "status": "active",
  "compose": {
    "include": [ {
      "system": "http://hl7.org/fhir/sid/icd-9-cm",
      "concept": [ {
        "code": "8751",
        "display": "Colangiografia epatica percutanea"
      }, {
        "code": "8752",
        "display": "Colangiografia intravenosa"
      }, {
        "code": "8753",
        "display": "Colangiografia intraoperatoria"
      }, {
        "code": "8754",
        "display": "Altra colangiografia"
      }, {
        "code": "8759",
        "display": "Altra radiografia delle vie biliari"
      } ]
    } ]
  }
}