{
  "resourceType": "ValueSet",
  "url": "http://hl7.org/fhir/sid/icd-9-cm-1282",
  "version": "1.0",
  "name": "Procedure-Collassamento chirurgico del polmone",
  "title": "Collassamento chirurgico del polmone",
  "status": "active",
  "compose": {
    "include": [ {
      "system": "http://hl7.org/fhir/sid/icd-9-cm",
      "concept": [ {
        "code": "3331",
        "display": "Distruzione del nervo frenico per collassamento del polmone"
      }, {
        "code": "3332",
        "display": "Pneumotorace artificiale per collassamento del polmone"
      }, {
        "code": "3333",
        "display": "Pneumoperitoneo per collasso del polmone"
      }, {
        "code": "3334",
        "display": "Toracoplastica"
      }, {
        "code": "3339",
        "display": "Altro collassamento chirurgico del polmone"
      } ]
    } ]
  }
}