{
  "resourceType": "ValueSet",
  "url": "http://hl7.org/fhir/sid/icd-9-cm-1396",
  "version": "1.0",
  "name": "Procedure-Colostomia",
  "title": "Colostomia",
  "status": "active",
  "compose": {
    "include": [ {
      "system": "http://hl7.org/fhir/sid/icd-9-cm",
      "concept": [ {
        "code": "4610",
        "display": "Colostomia, SAI"
      }, {
        "code": "4611",
        "display": "Colostomia temporanea"
      }, {
        "code": "4613",
        "display": "Colostomia permanente"
      }, {
        "code": "4614",
        "display": "Colostomia differita"
      } ]
    } ]
  }
}