{
  "resourceType": "ValueSet",
  "url": "http://hl7.org/fhir/sid/icd-9-cm-1818",
  "version": "1.0",
  "name": "Procedure-Colloqui, consulenze e valutazioni psichiatriche",
  "title": "Colloqui, consulenze e valutazioni psichiatriche",
  "status": "active",
  "compose": {
    "include": [ {
      "system": "http://hl7.org/fhir/sid/icd-9-cm",
      "concept": [ {
        "code": "9411",
        "display": "Valutazione psichiatrica dello stato mentale"
      }, {
        "code": "9412",
        "display": "Visita psichiatrica di routine, SAI"
      }, {
        "code": "9413",
        "display": "Valutazione di affidamento psichiatrico"
      }, {
        "code": "9419",
        "display": "Altro colloquio e valutazione psichiatrica"
      } ]
    } ]
  }
}