{
  "resourceType": "ValueSet",
  "url": "http://hl7.org/fhir/sid/icd-9-cm-1136",
  "version": "1.0",
  "name": "Procedure-Procedure diagnostiche su muscoli e tendini extraoculari",
  "title": "Procedure diagnostiche su muscoli e tendini extraoculari",
  "status": "active",
  "compose": {
    "include": [ {
      "system": "http://hl7.org/fhir/sid/icd-9-cm",
      "concept": [ {
        "code": "1501",
        "display": "Biopsia di muscoli o tendini extraoculari"
      }, {
        "code": "1509",
        "display": "Altre procedure diagnostiche su muscoli e tendini extraoculari"
      } ]
    } ]
  }
}