{
  "resourceType": "ValueSet",
  "url": "http://hl7.org/fhir/sid/icd-9-cm-1005",
  "version": "1.0",
  "name": "Procedure-Procedure aggiuntive relative al sistema vascolare",
  "title": "Procedure aggiuntive relative al sistema vascolare",
  "status": "active",
  "compose": {
    "include": [ {
      "system": "http://hl7.org/fhir/sid/icd-9-cm",
      "concept": [ {
        "code": "0040",
        "display": "Procedure su un singolo vaso"
      }, {
        "code": "0041",
        "display": "Procedure su due vasi"
      }, {
        "code": "0042",
        "display": "Procedure su tre vasi"
      }, {
        "code": "0043",
        "display": "Procedure su quattro o più vasi"
      }, {
        "code": "0044",
        "display": "Procedure sulla biforcazione dei vasi"
      }, {
        "code": "0045",
        "display": "Inserzione di uno stent vascolare"
      }, {
        "code": "0046",
        "display": "Inserzione di due stent vascolari"
      }, {
        "code": "0047",
        "display": "Inserzione di tre stent vascolari"
      }, {
        "code": "0048",
        "display": "Inserzione di quattro o più stent vascolari"
      } ]
    } ]
  }
}