{
  "resourceType": "ValueSet",
  "url": "http://hl7.org/fhir/sid/icd-9-cm-1355",
  "version": "1.0",
  "name": "Procedure-Asportazione o demolizione di lesione o tessuto della milza",
  "title": "Asportazione o demolizione di lesione o tessuto della milza",
  "status": "active",
  "compose": {
    "include": [ {
      "system": "http://hl7.org/fhir/sid/icd-9-cm",
      "concept": [ {
        "code": "4141",
        "display": "Marsupializzazione di cisti splenica"
      }, {
        "code": "4142",
        "display": "Asportazione di lesione o tessuto della milza"
      }, {
        "code": "4143",
        "display": "Splenectomia parziale"
      } ]
    } ]
  }
}