{
  "resourceType": "ValueSet",
  "url": "http://hl7.org/fhir/sid/icd-9-cm-1193",
  "version": "1.0",
  "name": "Procedure-Procedure diagnostiche sui seni nasali",
  "title": "Procedure diagnostiche sui seni nasali",
  "status": "active",
  "compose": {
    "include": [ {
      "system": "http://hl7.org/fhir/sid/icd-9-cm",
      "concept": [ {
        "code": "2211",
        "display": "Biopsia [endoscopica] [agobiopsia] dei seni nasali"
      }, {
        "code": "2212",
        "display": "Biopsia a cielo aperto dei seni nasali"
      }, {
        "code": "2219",
        "display": "Altre procedure diagnostiche sui seni nasali"
      } ]
    } ]
  }
}