{
  "resourceType": "ValueSet",
  "url": "http://hl7.org/fhir/sid/icd-9-cm-1440",
  "version": "1.0",
  "name": "Procedure-Incisione del dotto biliare per rimozione di occlusione",
  "title": "Incisione del dotto biliare per rimozione di occlusione",
  "status": "active",
  "compose": {
    "include": [ {
      "system": "http://hl7.org/fhir/sid/icd-9-cm",
      "concept": [ {
        "code": "5141",
        "display": "Esplorazione del dotto comune per rimozione di calcoli"
      }, {
        "code": "5142",
        "display": "Esplorazione del dotto comune per rimozione di altra occlusione"
      }, {
        "code": "5143",
        "display": "Posizionamento di tubo di Kherr o TPE per decompressione"
      }, {
        "code": "5149",
        "display": "Incisione di altri dotti biliari per rimozione di occlusione"
      } ]
    } ]
  }
}