{
  "resourceType": "ValueSet",
  "url": "http://hl7.org/fhir/sid/icd-9-cm-1559",
  "version": "1.0",
  "name": "Procedure-Procedure diagnostiche sul pene",
  "title": "Procedure diagnostiche sul pene",
  "status": "active",
  "compose": {
    "include": [ {
      "system": "http://hl7.org/fhir/sid/icd-9-cm",
      "concept": [ {
        "code": "6411",
        "display": "Biopsia del pene"
      }, {
        "code": "6419",
        "display": "Altre procedure diagnostiche sul pene"
      } ]
    } ]
  }
}