{
  "resourceType": "ValueSet",
  "url": "http://hl7.org/fhir/sid/icd-9-cm-1791",
  "version": "1.0",
  "name": "Procedure-Diagnostica a ultrasuoni",
  "title": "Diagnostica a ultrasuoni",
  "status": "active",
  "compose": {
    "include": [ {
      "system": "http://hl7.org/fhir/sid/icd-9-cm",
      "concept": [ {
        "code": "8871",
        "display": "Diagnostica ecografica del capo e del collo"
      }, {
        "code": "8872",
        "display": "Diagnostica ecografica del cuore"
      }, {
        "code": "8873",
        "display": "Diagnostica ecografica di altre sedi del torace"
      }, {
        "code": "8874",
        "display": "Diagnostica ecografica dell' apparato digerente"
      }, {
        "code": "8875",
        "display": "Diagnostica ecografica dell' apparato urinario"
      }, {
        "code": "8876",
        "display": "Diagnostica ecografica addominale e retroperitoneale (compreso eco addome superiore ed eco addome inferiore)"
      }, {
        "code": "8877",
        "display": "Diagnostica ecografica dell' apparato vascolare periferico"
      }, {
        "code": "8878",
        "display": "Diagnostica ecografica dell' utero gravido"
      }, {
        "code": "8879",
        "display": "Altra diagnostica a ultrasuoni"
      } ]
    } ]
  }
}