{
  "resourceType": "ValueSet",
  "url": "http://hl7.org/fhir/sid/icd-9-cm-1735",
  "version": "1.0",
  "name": "Procedure-Incisione di muscoli, tendini, fasce e borse",
  "title": "Incisione di muscoli, tendini, fasce e borse",
  "status": "active",
  "compose": {
    "include": [ {
      "system": "http://hl7.org/fhir/sid/icd-9-cm",
      "concept": [ {
        "code": "8301",
        "display": "Esplorazione della fascia tendinea"
      }, {
        "code": "8302",
        "display": "Miotomia"
      }, {
        "code": "8303",
        "display": "Borsotomia"
      }, {
        "code": "8309",
        "display": "Altra incisione dei tessuti molli"
      } ]
    } ]
  }
}