{
  "resourceType": "ValueSet",
  "url": "http://hl7.org/fhir/sid/icd-9-cm-1690",
  "version": "1.0",
  "name": "Procedure-Fissazione interna di osso senza riduzione di frattura",
  "title": "Fissazione interna di osso senza riduzione di frattura",
  "status": "active",
  "compose": {
    "include": [ {
      "system": "http://hl7.org/fhir/sid/icd-9-cm",
      "concept": [ {
        "code": "7850",
        "display": "Fissazione interna di osso in sede non specificata senza riduzione di frattura"
      }, {
        "code": "7851",
        "display": "Fissazione interna di scapola, clavicola e torace (coste e sterno) senza riduzione di frattura"
      }, {
        "code": "7852",
        "display": "Fissazione interna dell' omero senza riduzione di frattura"
      }, {
        "code": "7853",
        "display": "Fissazione interna del radio e dell' ulna senza riduzione di frattura"
      }, {
        "code": "7854",
        "display": "Fissazione interna di carpo e metacarpo senza riduzione di frattura"
      }, {
        "code": "7855",
        "display": "Fissazione interna del femore senza riduzione di frattura"
      }, {
        "code": "7856",
        "display": "Fissazione interna di rotula senza riduzione di frattura"
      }, {
        "code": "7857",
        "display": "Fissazione interna di tibia e fibula senza riduzione di frattura"
      }, {
        "code": "7858",
        "display": "Fissazione interna di tarso e metatarso senza riduzione di frattura"
      }, {
        "code": "7859",
        "display": "Fissazione interna di altro osso, senza riduzione di frattura"
      } ]
    } ]
  }
}