{
  "resourceType": "ValueSet",
  "url": "http://hl7.org/fhir/sid/icd-9-cm-1858",
  "version": "1.0",
  "name": "Procedure-Miscellanea di procedure fisiche",
  "title": "Miscellanea di procedure fisiche",
  "status": "active",
  "compose": {
    "include": [ {
      "system": "http://hl7.org/fhir/sid/icd-9-cm",
      "concept": [ {
        "code": "9981",
        "display": "Ipotermia (centrale) (locale)"
      }, {
        "code": "9982",
        "display": "Terapia a luce ultravioletta"
      }, {
        "code": "9983",
        "display": "Altra fototerapia"
      }, {
        "code": "9984",
        "display": "Isolamento"
      }, {
        "code": "9985",
        "display": "Ipertermia per il trattamento di tumore"
      }, {
        "code": "9986",
        "display": "Installazione non invasiva di stimolatore di accrescimento osseo"
      }, {
        "code": "9988",
        "display": "Fotoferesi terapeutica"
      } ]
    } ]
  }
}