{
  "resourceType": "ValueSet",
  "url": "http://hl7.org/fhir/sid/icd-9-cm-1014",
  "version": "1.0",
  "name": "Procedure-Incisione cerebrale e delle meningi",
  "title": "Incisione cerebrale e delle meningi",
  "status": "active",
  "compose": {
    "include": [ {
      "system": "http://hl7.org/fhir/sid/icd-9-cm",
      "concept": [ {
        "code": "0131",
        "display": "Incisione delle meningi cerebrali"
      }, {
        "code": "0132",
        "display": "Lobotomia e trattotomia"
      }, {
        "code": "0139",
        "display": "Altre incisioni cerebrali"
      } ]
    } ]
  }
}