{
  "resourceType": "ValueSet",
  "url": "http://hl7.org/fhir/sid/icd-9-cm-1484",
  "version": "1.0",
  "name": "Procedure-Altri interventi sul rene",
  "title": "Altri interventi sul rene",
  "status": "active",
  "compose": {
    "include": [ {
      "system": "http://hl7.org/fhir/sid/icd-9-cm",
      "concept": [ {
        "code": "5591",
        "display": "Decapsulazione renale"
      }, {
        "code": "5592",
        "display": "Aspirazione percutanea renale"
      }, {
        "code": "5593",
        "display": "Sostituzione di drenaggio nefrostomico"
      }, {
        "code": "5594",
        "display": "Sostituzione di drenaggio pielostomico"
      }, {
        "code": "5595",
        "display": "Perfusione del rene con sostanze terapeutiche"
      }, {
        "code": "5596",
        "display": "Altre iniezioni di sostanze terapeutiche nel rene"
      }, {
        "code": "5597",
        "display": "Impianto o sostituzione di rene artificiale"
      }, {
        "code": "5598",
        "display": "Rimozione di rene artificiale"
      }, {
        "code": "5599",
        "display": "Altri interventi sul rene"
      }, {
        "code": "56",
        "display": "Interventi sull' uretere"
      } ]
    } ]
  }
}