{
  "resourceType": "ValueSet",
  "url": "http://hl7.org/fhir/sid/icd-9-cm-1371",
  "version": "1.0",
  "name": "Procedure-Asportazione o demolizione locale di lesione o tessuto dello stomaco",
  "title": "Asportazione o demolizione locale di lesione o tessuto dello stomaco",
  "status": "active",
  "compose": {
    "include": [ {
      "system": "http://hl7.org/fhir/sid/icd-9-cm",
      "concept": [ {
        "code": "4341",
        "display": "Asportazione o demolizione di lesione o tessuto dello stomaco per via endoscopica"
      }, {
        "code": "4342",
        "display": "Asportazione locale di altra lesione o tessuto dello stomaco"
      }, {
        "code": "4349",
        "display": "Altra asportazione di lesione o tessuto dello stomaco"
      } ]
    } ]
  }
}