{
  "resourceType": "ValueSet",
  "url": "http://hl7.org/fhir/sid/icd-9-cm-1721",
  "version": "1.0",
  "name": "Procedure-Altre procedure sulla colonna vertebrale",
  "title": "Altre procedure sulla colonna vertebrale",
  "status": "active",
  "compose": {
    "include": [ {
      "system": "http://hl7.org/fhir/sid/icd-9-cm",
      "concept": [ {
        "code": "8162",
        "display": "Fusione o rifusione di 2-3 vertebre"
      }, {
        "code": "8163",
        "display": "Fusione o rifusione di 4-8 vertebre"
      }, {
        "code": "8164",
        "display": "Fusione o rifusione di 9 o più vertebre"
      }, {
        "code": "8165",
        "display": "Vertebroplastica"
      }, {
        "code": "8166",
        "display": "Cifoplastica"
      } ]
    } ]
  }
}