{
  "resourceType": "ValueSet",
  "url": "http://hl7.org/fhir/sid/icd-9-cm-1503",
  "version": "1.0",
  "name": "Procedure-Interventi di riparazione vescicale",
  "title": "Interventi di riparazione vescicale",
  "status": "active",
  "compose": {
    "include": [ {
      "system": "http://hl7.org/fhir/sid/icd-9-cm",
      "concept": [ {
        "code": "5781",
        "display": "Sutura di lacerazione vescicale"
      }, {
        "code": "5782",
        "display": "Chiusura di cistostomia"
      }, {
        "code": "5783",
        "display": "Chiusura di fistola vescico-intestinale"
      }, {
        "code": "5784",
        "display": "Chiusura di fistola vescicogenitale o perineale"
      }, {
        "code": "5785",
        "display": "Cistouretroplastica e chirurgia plastica del collo vescicale"
      }, {
        "code": "5786",
        "display": "Ricostruzione di vescica estrofica"
      }, {
        "code": "5787",
        "display": "Neovescica continente ed ampliamento vescicale"
      }, {
        "code": "5788",
        "display": "Altre ricostruzioni vescicali"
      }, {
        "code": "5789",
        "display": "Altra chirurgia plastica vescicale"
      } ]
    } ]
  }
}