{
  "resourceType": "ValueSet",
  "url": "http://hl7.org/fhir/sid/icd-9-cm-1513",
  "version": "1.0",
  "name": "Procedure-Interventi sul retroperitoneo",
  "title": "Interventi sul retroperitoneo",
  "status": "active",
  "compose": {
    "include": [ {
      "system": "http://hl7.org/fhir/sid/icd-9-cm",
      "concept": [ {
        "code": "5900",
        "display": "Esplorazione retroperitoneo, SAI"
      }, {
        "code": "5902",
        "display": "Altra lisi di aderenze perirenali o periureterali"
      }, {
        "code": "5903",
        "display": "Lisi laparoscopica di aderenze di tessuto perirenale o periureterale"
      }, {
        "code": "5909",
        "display": "Altra incisione di tessuto perirenale e periureterale"
      } ]
    } ]
  }
}