{
  "resourceType": "ValueSet",
  "url": "http://hl7.org/fhir/sid/icd-9-cm-1315",
  "version": "1.0",
  "name": "Procedure-Procedure diagnostiche sul cuore e sul pericardio",
  "title": "Procedure diagnostiche sul cuore e sul pericardio",
  "status": "active",
  "compose": {
    "include": [ {
      "system": "http://hl7.org/fhir/sid/icd-9-cm",
      "concept": [ {
        "code": "3720",
        "display": "Stimolazione elettrica non invasiva programmata [NIPS]"
      }, {
        "code": "3721",
        "display": "Cateterismo cardiaco del cuore destro"
      }, {
        "code": "3722",
        "display": "Cateterismo cardiaco del cuore sinistro"
      }, {
        "code": "3723",
        "display": "Cateterismo cardiaco combinato del cuore destro e sinistro"
      }, {
        "code": "3724",
        "display": "Biopsia del pericardio"
      }, {
        "code": "3725",
        "display": "Biopsia del cuore"
      }, {
        "code": "3726",
        "display": "Test invasivo elettrofisiologico con cateterismo"
      }, {
        "code": "3727",
        "display": "Mappatura del cuore"
      }, {
        "code": "3728",
        "display": "Ecocardiografia intracardiaca [ICE]"
      }, {
        "code": "3729",
        "display": "Altre procedure diagnostiche su cuore e pericardio"
      } ]
    } ]
  }
}