{
  "resourceType": "ValueSet",
  "url": "http://hl7.org/fhir/sid/icd-9-cm-1009",
  "version": "1.0",
  "name": "Procedure-Altre procedure sul ginocchio o sull' anca",
  "title": "Altre procedure sul ginocchio o sull' anca",
  "status": "active",
  "compose": {
    "include": [ {
      "system": "http://hl7.org/fhir/sid/icd-9-cm",
      "concept": [ {
        "code": "0080",
        "display": "Revisione della protesi di ginocchio, totale (tutti i componenti)"
      }, {
        "code": "0081",
        "display": "Revisione della protesi di ginocchio, componente tibiale"
      }, {
        "code": "0082",
        "display": "Revisione della protesi di ginocchio, componente femorale"
      }, {
        "code": "0083",
        "display": "Revisione della protesi di ginocchio, componente patellare"
      }, {
        "code": "0084",
        "display": "Revisione della protesi di ginocchio, inserto tibiale"
      }, {
        "code": "0085",
        "display": "Rivestimento totale dell' anca, acetabolo e testa del femore"
      }, {
        "code": "0086",
        "display": "Rivestimento dell' anca, parziale, testa del femore"
      }, {
        "code": "0087",
        "display": "Rivestimento dell' anca, parziale, acetabolo"
      } ]
    } ]
  }
}