{
  "resourceType": "ValueSet",
  "url": "http://hl7.org/fhir/sid/icd-9-cm-1041",
  "version": "1.0",
  "name": "Procedure-Altra neuroplastica cranica o periferica",
  "title": "Altra neuroplastica cranica o periferica",
  "status": "active",
  "compose": {
    "include": [ {
      "system": "http://hl7.org/fhir/sid/icd-9-cm",
      "concept": [ {
        "code": "0471",
        "display": "Anastomosi ipoglosso-faciale"
      }, {
        "code": "0472",
        "display": "Anastomosi accessorio-faciale"
      }, {
        "code": "0473",
        "display": "Anastomosi accessorio-ipoglosso"
      }, {
        "code": "0474",
        "display": "Altre anastomosi di nervi cranici e periferici"
      }, {
        "code": "0475",
        "display": "Revisione di pregressa ricostruzione di nervi cranici e periferici"
      }, {
        "code": "0476",
        "display": "Riparazione di lesioni traumatiche di vecchia data di nervi cranici e periferici"
      }, {
        "code": "0479",
        "display": "Altra neuroplastica"
      } ]
    } ]
  }
}