{
  "resourceType": "ValueSet",
  "url": "http://hl7.org/fhir/sid/icd-9-cm-1636",
  "version": "1.0",
  "name": "Procedure-Estrazione podalica",
  "title": "Estrazione podalica",
  "status": "active",
  "compose": {
    "include": [ {
      "system": "http://hl7.org/fhir/sid/icd-9-cm",
      "concept": [ {
        "code": "7251",
        "display": "Applicazione del forcipe su testa postica dopo parziale estrazione podalica"
      }, {
        "code": "7252",
        "display": "Altra estrazione podalica parziale"
      }, {
        "code": "7253",
        "display": "Applicazione del forcipe su testa postica dopo estrazione podalica totale"
      }, {
        "code": "7254",
        "display": "Altra estrazione podalica totale"
      } ]
    } ]
  }
}