{
  "resourceType": "ValueSet",
  "url": "http://hl7.org/fhir/sid/icd-9-cm-1467",
  "version": "1.0",
  "name": "Procedure-Laparatomia",
  "title": "Laparatomia",
  "status": "active",
  "compose": {
    "include": [ {
      "system": "http://hl7.org/fhir/sid/icd-9-cm",
      "concept": [ {
        "code": "5411",
        "display": "Laparatomia esplorativa"
      }, {
        "code": "5412",
        "display": "Riapertura di laparotomia recente"
      }, {
        "code": "5419",
        "display": "Altra laparatomia"
      } ]
    } ]
  }
}