{
  "resourceType": "ValueSet",
  "url": "http://hl7.org/fhir/sid/icd-9-cm-1392",
  "version": "1.0",
  "name": "Procedure-Asportazione parziale dell' intestino crasso",
  "title": "Asportazione parziale dell' intestino crasso",
  "status": "active",
  "compose": {
    "include": [ {
      "system": "http://hl7.org/fhir/sid/icd-9-cm",
      "concept": [ {
        "code": "4571",
        "display": "Resezione segmentaria multipla dell' intestino crasso"
      }, {
        "code": "4572",
        "display": "Resezione del cieco"
      }, {
        "code": "4573",
        "display": "Emicolectomia destra"
      }, {
        "code": "4574",
        "display": "Resezione del colon trasverso"
      }, {
        "code": "4575",
        "display": "Emicolectomia sinistra"
      }, {
        "code": "4576",
        "display": "Sigmoidectomia"
      }, {
        "code": "4579",
        "display": "Altra asportazione parziale dell' intestino crasso"
      } ]
    } ]
  }
}