{
  "resourceType": "ValueSet",
  "url": "http://hl7.org/fhir/sid/icd-9-cm-1412",
  "version": "1.0",
  "name": "Procedure-Asportazione o demolizione locale di lesione o tessuto del retto",
  "title": "Asportazione o demolizione locale di lesione o tessuto del retto",
  "status": "active",
  "compose": {
    "include": [ {
      "system": "http://hl7.org/fhir/sid/icd-9-cm",
      "concept": [ {
        "code": "4831",
        "display": "Elettrocoagulazione radicale di lesione o tessuto del retto"
      }, {
        "code": "4832",
        "display": "Altra elettrocoagulazione di lesione o tessuto del retto"
      }, {
        "code": "4833",
        "display": "Demolizione di lesione o tessuto del retto mediante laser"
      }, {
        "code": "4834",
        "display": "Demolizione di lesione o tessuto del retto mediante criochirurgia"
      }, {
        "code": "4835",
        "display": "Asportazione locale di lesione o tessuto del retto"
      }, {
        "code": "4836",
        "display": "Polipectomia [endoscopica] del retto"
      } ]
    } ]
  }
}