{
  "resourceType": "ValueSet",
  "url": "http://hl7.org/fhir/sid/icd-9-cm-1596",
  "version": "1.0",
  "name": "Procedure-Isterectomia addominale totale",
  "title": "Isterectomia addominale totale",
  "status": "active",
  "compose": {
    "include": [ {
      "system": "http://hl7.org/fhir/sid/icd-9-cm",
      "concept": [ {
        "code": "6841",
        "display": "Isterectomia addominale totale laparoscopica"
      }, {
        "code": "6849",
        "display": "Altra e non specificata isterectomia addominale totale"
      } ]
    } ]
  }
}