{
  "resourceType": "ValueSet",
  "url": "http://hl7.org/fhir/sid/icd-9-cm-1060",
  "version": "1.0",
  "name": "Procedure-Esplorazione della regione surrenalica",
  "title": "Esplorazione della regione surrenalica",
  "status": "active",
  "compose": {
    "include": [ {
      "system": "http://hl7.org/fhir/sid/icd-9-cm",
      "concept": [ {
        "code": "0700",
        "display": "Esplorazione della regione surrenalica non altrimenti specificata"
      }, {
        "code": "0701",
        "display": "Esplorazione unilaterale della regione surrenalica"
      }, {
        "code": "0702",
        "display": "Esplorazione bilaterale della regione surrenalica"
      } ]
    } ]
  }
}