{
  "resourceType": "ValueSet",
  "url": "http://hl7.org/fhir/sid/icd-9-cm-1578",
  "version": "1.0",
  "name": "Procedure-Altra demolizione od occlusione bilaterale delle tube",
  "title": "Altra demolizione od occlusione bilaterale delle tube",
  "status": "active",
  "compose": {
    "include": [ {
      "system": "http://hl7.org/fhir/sid/icd-9-cm",
      "concept": [ {
        "code": "6631",
        "display": "Altra legatura e clampaggio bilaterale delle tube"
      }, {
        "code": "6632",
        "display": "Altra legatura e sezione bilaterale delle tube"
      }, {
        "code": "6639",
        "display": "Altra demolizione od occlusione bilaterale delle tube"
      } ]
    } ]
  }
}