{
  "resourceType": "ValueSet",
  "url": "http://hl7.org/fhir/sid/icd-9-cm-1771",
  "version": "1.0",
  "name": "Procedure-Impianto di lembi peduncolati",
  "title": "Impianto di lembi peduncolati",
  "status": "active",
  "compose": {
    "include": [ {
      "system": "http://hl7.org/fhir/sid/icd-9-cm",
      "concept": [ {
        "code": "8670",
        "display": "Innesti peduncolati o a lembo, SAI (lembo fasciocutaneo) (lembo muscolocutaneo) (lembo trasferito con anastomosi microchirurgiche) (lembo libero)"
      }, {
        "code": "8671",
        "display": "Allestimento e preparazione di innesti peduncolati o a lembo"
      }, {
        "code": "8672",
        "display": "Avanzamento di lembo peduncolato"
      }, {
        "code": "8673",
        "display": "Trasferimento di innesto peduncolato o a lembo sulla mano"
      }, {
        "code": "8674",
        "display": "Trasferimento di innesto peduncolato a lembo in altre sedi"
      }, {
        "code": "8675",
        "display": "Revisione di innesto peduncolato o a lembo"
      } ]
    } ]
  }
}