{
  "resourceType": "ValueSet",
  "url": "http://hl7.org/fhir/sid/icd-9-cm-1471",
  "version": "1.0",
  "name": "Procedure-Lisi di aderenze peritoneali",
  "title": "Lisi di aderenze peritoneali",
  "status": "active",
  "compose": {
    "include": [ {
      "system": "http://hl7.org/fhir/sid/icd-9-cm",
      "concept": [ {
        "code": "5451",
        "display": "Lisi laparoscopica di adesioni peritoneali"
      }, {
        "code": "5459",
        "display": "Altre lisi di adesioni peritoneali"
      } ]
    } ]
  }
}