{
  "resourceType": "ValueSet",
  "url": "http://hl7.org/fhir/sid/icd-9-cm-1190",
  "version": "1.0",
  "name": "Procedure-Interventi di riparazione e di plastica del naso",
  "title": "Interventi di riparazione e di plastica del naso",
  "status": "active",
  "compose": {
    "include": [ {
      "system": "http://hl7.org/fhir/sid/icd-9-cm",
      "concept": [ {
        "code": "2181",
        "display": "Sutura di lacerazione del naso"
      }, {
        "code": "2182",
        "display": "Chiusura di fistola nasale"
      }, {
        "code": "2183",
        "display": "Ricostruzione totale del naso"
      }, {
        "code": "2184",
        "display": "Revisione di rinoplastica"
      }, {
        "code": "2185",
        "display": "Rinoplastica di ingrandimento"
      }, {
        "code": "2186",
        "display": "Rinoplastica parziale"
      }, {
        "code": "2187",
        "display": "Altra rinoplastica"
      }, {
        "code": "2188",
        "display": "Altra plastica del setto"
      }, {
        "code": "2189",
        "display": "Altri interventi di riparazione e di plastica del naso"
      } ]
    } ]
  }
}