{
  "resourceType": "ValueSet",
  "url": "http://hl7.org/fhir/sid/icd-9-cm-1734",
  "version": "1.0",
  "name": "Procedure-Altri interventi su muscoli, tendini e fasce della mano",
  "title": "Altri interventi su muscoli, tendini e fasce della mano",
  "status": "active",
  "compose": {
    "include": [ {
      "system": "http://hl7.org/fhir/sid/icd-9-cm",
      "concept": [ {
        "code": "8291",
        "display": "Lisi di aderenze della mano"
      }, {
        "code": "8292",
        "display": "Aspirazione di borse della mano"
      }, {
        "code": "8293",
        "display": "Aspirazione di altri tessuti molli della mano"
      }, {
        "code": "8294",
        "display": "Iniezione di sostanze terapeutiche nelle borse della mano"
      }, {
        "code": "8295",
        "display": "Iniezione di sostanze terapeutiche nei tendini della mano"
      }, {
        "code": "8296",
        "display": "Altra iniezione di sostanze terapeutiche ad azione locale nei tessuti molli della mano"
      }, {
        "code": "8299",
        "display": "Altri interventi su muscoli, tendini e fasce della mano"
      }, {
        "code": "83",
        "display": "Interventi sui muscoli, sui tendini, sulle fasce o sulle borse, ad eccezione della mano"
      } ]
    } ]
  }
}