{
  "resourceType": "ValueSet",
  "url": "http://hl7.org/fhir/sid/icd-9-cm-1774",
  "version": "1.0",
  "name": "Procedure-Radiologia dei tessuti molli della faccia, del capo e del collo",
  "title": "Radiologia dei tessuti molli della faccia, del capo e del collo",
  "status": "active",
  "compose": {
    "include": [ {
      "system": "http://hl7.org/fhir/sid/icd-9-cm",
      "concept": [ {
        "code": "8701",
        "display": "Pneumoencefalografia"
      }, {
        "code": "8702",
        "display": "Altra radiografia con contrasto del cervello e del cranio Pneumocisternografia"
      }, {
        "code": "8703",
        "display": "Tomografia assiale computerizzata (TAC) del capo"
      }, {
        "code": "8704",
        "display": "Altra tomografia del capo"
      }, {
        "code": "8705",
        "display": "Dacriocistografia con contrasto"
      }, {
        "code": "8706",
        "display": "Radiografia con contrasto del nasofaringe"
      }, {
        "code": "8707",
        "display": "Laringografia con contrasto"
      }, {
        "code": "8708",
        "display": "Linfografia cervicale"
      }, {
        "code": "8709",
        "display": "Altra radiografia dei tessuti molli della faccia, del capo e del collo"
      } ]
    } ]
  }
}