{
  "resourceType": "ValueSet",
  "url": "http://hl7.org/fhir/sid/icd-9-cm-1688",
  "version": "1.0",
  "name": "Procedure-Interventi di allungamento delle ossa degli arti",
  "title": "Interventi di allungamento delle ossa degli arti",
  "status": "active",
  "compose": {
    "include": [ {
      "system": "http://hl7.org/fhir/sid/icd-9-cm",
      "concept": [ {
        "code": "7830",
        "display": "Allungamento in sede non specificata"
      }, {
        "code": "7832",
        "display": "Allungamento dell' omero"
      }, {
        "code": "7833",
        "display": "Allungamento di radio e ulna"
      }, {
        "code": "7834",
        "display": "Allungamento di carpo e metacarpo"
      }, {
        "code": "7835",
        "display": "Allungamento del femore"
      }, {
        "code": "7837",
        "display": "Allungamento di tibia e fibula"
      }, {
        "code": "7838",
        "display": "Allungamento di tarso e metatarso"
      }, {
        "code": "7839",
        "display": "Allungamento di altro osso"
      } ]
    } ]
  }
}