{
  "resourceType": "ValueSet",
  "url": "http://hl7.org/fhir/sid/icd-9-cm-1051",
  "version": "1.0",
  "name": "Procedure-Procedure diagnostiche sulla tiroide e sulle paratiroidi",
  "title": "Procedure diagnostiche sulla tiroide e sulle paratiroidi",
  "status": "active",
  "compose": {
    "include": [ {
      "system": "http://hl7.org/fhir/sid/icd-9-cm",
      "concept": [ {
        "code": "0611",
        "display": "Biopsia [percutanea] [agobiopsia] della tiroide"
      }, {
        "code": "0612",
        "display": "Biopsia a cielo aperto della tiroide"
      }, {
        "code": "0613",
        "display": "Biopsia delle paratiroidi"
      }, {
        "code": "0619",
        "display": "Altra procedura diagnostica sulla tiroide o sulle paratiroidi"
      } ]
    } ]
  }
}