{
  "resourceType": "ValueSet",
  "url": "http://hl7.org/fhir/sid/icd-9-cm-1796",
  "version": "1.0",
  "name": "Procedure-Misure anatomiche e fisiologiche ed esami manuali - Sistema genitourinario",
  "title": "Misure anatomiche e fisiologiche ed esami manuali - Sistema genitourinario",
  "status": "active",
  "compose": {
    "include": [ {
      "system": "http://hl7.org/fhir/sid/icd-9-cm",
      "concept": [ {
        "code": "8921",
        "display": "Manometria urinaria"
      }, {
        "code": "8922",
        "display": "Cistometrografia"
      }, {
        "code": "8923",
        "display": "Elettromiografia dello sfintere uretrale"
      }, {
        "code": "8924",
        "display": "Uroflussometria"
      }, {
        "code": "8925",
        "display": "Profilo pressorio uretrale"
      }, {
        "code": "8926",
        "display": "Visita ginecologica"
      }, {
        "code": "8929",
        "display": "Altri esami non invasivi sul sistema genitourinario"
      } ]
    } ]
  }
}