{
  "resourceType": "ValueSet",
  "url": "http://hl7.org/fhir/sid/icd-9-cm-1727",
  "version": "1.0",
  "name": "Procedure-Asportazione di lesione di muscoli, tendini e fasce della mano",
  "title": "Asportazione di lesione di muscoli, tendini e fasce della mano",
  "status": "active",
  "compose": {
    "include": [ {
      "system": "http://hl7.org/fhir/sid/icd-9-cm",
      "concept": [ {
        "code": "8221",
        "display": "Asportazione di lesione della fascia tendinea della mano"
      }, {
        "code": "8222",
        "display": "Asportazione di lesione dei muscoli della mano"
      }, {
        "code": "8229",
        "display": "Asportazione di altre lesioni dei tessuti molli della mano"
      } ]
    } ]
  }
}