{
  "resourceType": "ValueSet",
  "url": "http://hl7.org/fhir/sid/icd-9-cm-1109",
  "version": "1.0",
  "name": "Procedure-Procedure diagnostiche sull' iride, sul corpo ciliare, sulla sclera e sulla camera anteriore",
  "title": "Procedure diagnostiche sull' iride, sul corpo ciliare, sulla sclera e sulla camera anteriore",
  "status": "active",
  "compose": {
    "include": [ {
      "system": "http://hl7.org/fhir/sid/icd-9-cm",
      "concept": [ {
        "code": "1221",
        "display": "Aspirazione diagnostica della camera anteriore dell' occhio"
      }, {
        "code": "1222",
        "display": "Biopsia dell' iride"
      }, {
        "code": "1229",
        "display": "Altra procedura diagnostica sull' iride, sul corpo ciliare, sulla sclera e sulla camera anteriore"
      } ]
    } ]
  }
}