{
  "resourceType": "ValueSet",
  "url": "http://hl7.org/fhir/sid/icd-9-cm-1599",
  "version": "1.0",
  "name": "Procedure-Isterectomia vaginale radicale",
  "title": "Isterectomia vaginale radicale",
  "status": "active",
  "compose": {
    "include": [ {
      "system": "http://hl7.org/fhir/sid/icd-9-cm",
      "concept": [ {
        "code": "6871",
        "display": "Isterectomia vaginale radicale laparoscopica"
      }, {
        "code": "6879",
        "display": "Altra e nonspecificata isterectomia vaginale radicale"
      } ]
    } ]
  }
}