{
  "resourceType": "ValueSet",
  "url": "http://hl7.org/fhir/sid/icd-9-cm-1680",
  "version": "1.0",
  "name": "Procedure-Asportazione di borsite e correzione di altre deformita' delle dita",
  "title": "Asportazione di borsite e correzione di altre deformita' delle dita",
  "status": "active",
  "compose": {
    "include": [ {
      "system": "http://hl7.org/fhir/sid/icd-9-cm",
      "concept": [ {
        "code": "7751",
        "display": "Asportazione di borsite con correzione dei tessuti molli ed osteotomia del primo metatarso"
      }, {
        "code": "7752",
        "display": "Asportazione di borsite con correzione dei tessuti molli ed artrodesi"
      }, {
        "code": "7753",
        "display": "Altra asportazione di borsite con correzione dei tessuti molli"
      }, {
        "code": "7754",
        "display": "Asportazione o correzione di borsite"
      }, {
        "code": "7756",
        "display": "Riparazione di dito a martello"
      }, {
        "code": "7757",
        "display": "Riparazione di dito ad artiglio"
      }, {
        "code": "7758",
        "display": "Altra asportazione, fusione o riparazione di dita"
      }, {
        "code": "7759",
        "display": "Altra asportazione di borsite"
      } ]
    } ]
  }
}