{
  "resourceType": "ValueSet",
  "url": "http://hl7.org/fhir/sid/icd-9-cm-1581",
  "version": "1.0",
  "name": "Procedure-Altra salpingectomia",
  "title": "Altra salpingectomia",
  "status": "active",
  "compose": {
    "include": [ {
      "system": "http://hl7.org/fhir/sid/icd-9-cm",
      "concept": [ {
        "code": "6661",
        "display": "Asportazione o demolizione di lesione delle tube"
      }, {
        "code": "6662",
        "display": "Salpingectomia con rimozione di gravidanza tubarica"
      }, {
        "code": "6663",
        "display": "Salpingectomia parziale bilaterale, SAI"
      }, {
        "code": "6669",
        "display": "Altra salpingectomia parziale"
      } ]
    } ]
  }
}