{
  "resourceType": "ValueSet",
  "url": "http://hl7.org/fhir/sid/icd-9-cm-1157",
  "version": "1.0",
  "name": "Procedure-Asportazione o demolizione di lesione dell' orecchio esterno",
  "title": "Asportazione o demolizione di lesione dell' orecchio esterno",
  "status": "active",
  "compose": {
    "include": [ {
      "system": "http://hl7.org/fhir/sid/icd-9-cm",
      "concept": [ {
        "code": "1821",
        "display": "Asportazione del seno preauricolare"
      }, {
        "code": "1829",
        "display": "Asportazione o demolizione di altra lesione dell' orecchio esterno"
      } ]
    } ]
  }
}