{
  "resourceType": "ValueSet",
  "url": "http://hl7.org/fhir/sid/icd-9-cm-1633",
  "version": "1.0",
  "name": "Procedure-Parto con forcipe medio",
  "title": "Parto con forcipe medio",
  "status": "active",
  "compose": {
    "include": [ {
      "system": "http://hl7.org/fhir/sid/icd-9-cm",
      "concept": [ {
        "code": "7221",
        "display": "Parto con forcipe medio con episiotomia"
      }, {
        "code": "7229",
        "display": "Altro parto con forcipe medio"
      } ]
    } ]
  }
}