{
  "resourceType": "ValueSet",
  "url": "http://hl7.org/fhir/sid/icd-9-cm-1270",
  "version": "1.0",
  "name": "Procedure-Altri interventi su laringe e trachea",
  "title": "Altri interventi su laringe e trachea",
  "status": "active",
  "compose": {
    "include": [ {
      "system": "http://hl7.org/fhir/sid/icd-9-cm",
      "concept": [ {
        "code": "3191",
        "display": "Resezione del nervo laringeo"
      }, {
        "code": "3192",
        "display": "Lisi di aderenze della trachea o della laringe"
      }, {
        "code": "3193",
        "display": "Sostituzione di stent laringeo o tracheale"
      }, {
        "code": "3194",
        "display": "Iniezione di sostanze terapeutiche ad azione locale nella trachea"
      }, {
        "code": "3195",
        "display": "Fistolizzazione tracheoesofagea"
      }, {
        "code": "3198",
        "display": "Altri interventi sulla laringe"
      }, {
        "code": "3199",
        "display": "Altri interventi sulla trachea"
      }, {
        "code": "32",
        "display": "Asportazione del polmone e dei bronchi"
      } ]
    } ]
  }
}