{
  "resourceType": "ValueSet",
  "url": "http://hl7.org/fhir/sid/icd-9-cm-1538",
  "version": "1.0",
  "name": "Procedure-Altri interventi sullo scroto e sulla tunica vaginale",
  "title": "Altri interventi sullo scroto e sulla tunica vaginale",
  "status": "active",
  "compose": {
    "include": [ {
      "system": "http://hl7.org/fhir/sid/icd-9-cm",
      "concept": [ {
        "code": "6191",
        "display": "Aspirazione percutanea della tunica vaginale"
      }, {
        "code": "6192",
        "display": "Asportazione di ematocele"
      }, {
        "code": "6199",
        "display": "Altri interventi sullo scroto e sulla tunica vaginale"
      }, {
        "code": "62",
        "display": "Interventi sui testicoli"
      } ]
    } ]
  }
}