{
  "resourceType": "ValueSet",
  "url": "http://hl7.org/fhir/sid/icd-9-cm-1603",
  "version": "1.0",
  "name": "Procedure-Asportazione o demolizione di lesione o tessuto dell' utero e delle strutture di sostegno",
  "title": "Asportazione o demolizione di lesione o tessuto dell' utero e delle strutture di sostegno",
  "status": "active",
  "compose": {
    "include": [ {
      "system": "http://hl7.org/fhir/sid/icd-9-cm",
      "concept": [ {
        "code": "6919",
        "display": "Altra asportazione o demolizione dell' utero e delle strutture di sostegno"
      } ]
    } ]
  }
}