{
  "resourceType": "ValueSet",
  "url": "http://hl7.org/fhir/sid/icd-9-cm-1174",
  "version": "1.0",
  "name": "Procedure-Incisione della mastoide e dell' orecchio medio",
  "title": "Incisione della mastoide e dell' orecchio medio",
  "status": "active",
  "compose": {
    "include": [ {
      "system": "http://hl7.org/fhir/sid/icd-9-cm",
      "concept": [ {
        "code": "2021",
        "display": "Incisione della mastoide"
      }, {
        "code": "2022",
        "display": "Incisione di cellule pneumatiche della rocca petrosa dell' osso temporale"
      }, {
        "code": "2023",
        "display": "Incisione dell' orecchio medio"
      } ]
    } ]
  }
}