{
  "resourceType": "ValueSet",
  "url": "http://hl7.org/fhir/sid/icd-9-cm-1738",
  "version": "1.0",
  "name": "Procedure-Asportazione di lesione dei muscoli, tendini, fasce e borse",
  "title": "Asportazione di lesione dei muscoli, tendini, fasce e borse",
  "status": "active",
  "compose": {
    "include": [ {
      "system": "http://hl7.org/fhir/sid/icd-9-cm",
      "concept": [ {
        "code": "8331",
        "display": "Asportazione di lesione delle fasce tendinee"
      }, {
        "code": "8332",
        "display": "Asportazione di lesione dei muscoli"
      }, {
        "code": "8339",
        "display": "Asportazione di lesione di altri tessuti molli"
      } ]
    } ]
  }
}