{
  "resourceType": "ValueSet",
  "url": "http://hl7.org/fhir/sid/icd-9-cm-1618",
  "version": "1.0",
  "name": "Procedure-Altra riparazione della vagina",
  "title": "Altra riparazione della vagina",
  "status": "active",
  "compose": {
    "include": [ {
      "system": "http://hl7.org/fhir/sid/icd-9-cm",
      "concept": [ {
        "code": "7071",
        "display": "Sutura di lacerazione della vagina"
      }, {
        "code": "7072",
        "display": "Riparazione di fistola colon-vaginale"
      }, {
        "code": "7073",
        "display": "Riparazione di fistola rettovaginale"
      }, {
        "code": "7074",
        "display": "Riparazione di altra fistola vaginoenterica"
      }, {
        "code": "7075",
        "display": "Riparazione di altra fistola della vagina"
      }, {
        "code": "7076",
        "display": "Imenorrafia"
      }, {
        "code": "7077",
        "display": "Sospensione e fissazione della vagina"
      }, {
        "code": "7079",
        "display": "Altra riparazione della vagina"
      } ]
    } ]
  }
}