{
  "resourceType": "ValueSet",
  "url": "http://hl7.org/fhir/sid/icd-9-cm-1427",
  "version": "1.0",
  "name": "Procedure-Altri interventi sull' ano",
  "title": "Altri interventi sull' ano",
  "status": "active",
  "compose": {
    "include": [ {
      "system": "http://hl7.org/fhir/sid/icd-9-cm",
      "concept": [ {
        "code": "4991",
        "display": "Incisione di setto anale"
      }, {
        "code": "4992",
        "display": "Inserzione sottocutanea di stimolatore anale elettrico"
      }, {
        "code": "4993",
        "display": "Altra incisione dell' ano"
      }, {
        "code": "4994",
        "display": "Riduzione di prolasso anale"
      }, {
        "code": "4995",
        "display": "Controllo (postoperatorio) di emorragia dell' ano"
      }, {
        "code": "4999",
        "display": "Altri interventi sull' ano"
      }, {
        "code": "50",
        "display": "Interventi sul fegato"
      } ]
    } ]
  }
}