{
  "resourceType": "ValueSet",
  "url": "http://hl7.org/fhir/sid/icd-9-cm-1749",
  "version": "1.0",
  "name": "Procedure-Impianto o adattamento di protesi di arto",
  "title": "Impianto o adattamento di protesi di arto",
  "status": "active",
  "compose": {
    "include": [ {
      "system": "http://hl7.org/fhir/sid/icd-9-cm",
      "concept": [ {
        "code": "8440",
        "display": "Impianto o adattamento di protesi di arto SAI"
      }, {
        "code": "8441",
        "display": "Adattamento di protesi di arto superiore e spalla"
      }, {
        "code": "8442",
        "display": "Adattamento di protesi dell' avambraccio e della mano"
      }, {
        "code": "8443",
        "display": "Adattamento di protesi del braccio, SAI"
      }, {
        "code": "8444",
        "display": "Impianto di protesi del braccio"
      }, {
        "code": "8445",
        "display": "Adattamento di protesi al di sopra del ginocchio"
      }, {
        "code": "8446",
        "display": "Adattamento di protesi al di sotto del ginocchio"
      }, {
        "code": "8447",
        "display": "Adattamento di protesi della gamba, SAI"
      }, {
        "code": "8448",
        "display": "Impianto di protesi della gamba"
      } ]
    } ]
  }
}