{
  "resourceType": "ValueSet",
  "url": "http://hl7.org/fhir/sid/icd-9-cm-1112",
  "version": "1.0",
  "name": "Procedure-Interventi per favorire la circolazione intraoculare",
  "title": "Interventi per favorire la circolazione intraoculare",
  "status": "active",
  "compose": {
    "include": [ {
      "system": "http://hl7.org/fhir/sid/icd-9-cm",
      "concept": [ {
        "code": "1251",
        "display": "Goniopuntura senza goniotomia"
      }, {
        "code": "1252",
        "display": "Goniotomia senza goniopuntura"
      }, {
        "code": "1253",
        "display": "Goniotomia con goniopuntura"
      }, {
        "code": "1254",
        "display": "Trabeculotomia ab externo"
      }, {
        "code": "1255",
        "display": "Ciclodialisi"
      }, {
        "code": "1259",
        "display": "Altri interventi per facilitare la circolazione intraoculare (Trabeculoplastica mediante laser) (Goniospasi mediante laser)"
      } ]
    } ]
  }
}