{
  "resourceType": "ValueSet",
  "url": "http://hl7.org/fhir/sid/icd-9-cm-1683",
  "version": "1.0",
  "name": "Procedure-Altra osteotomia parziale",
  "title": "Altra osteotomia parziale",
  "status": "active",
  "compose": {
    "include": [ {
      "system": "http://hl7.org/fhir/sid/icd-9-cm",
      "concept": [ {
        "code": "7780",
        "display": "Altra osteotomia parziale in sede non specificata"
      }, {
        "code": "7781",
        "display": "Altra osteotomia parziale della scapola, della clavicola e del torace (coste e sterno)"
      }, {
        "code": "7782",
        "display": "Altra osteotomia parziale dell' omero"
      }, {
        "code": "7783",
        "display": "Altra osteotomia parziale del radio e dell' ulna"
      }, {
        "code": "7784",
        "display": "Altra osteotomia parziale del carpo e del metacarpo"
      }, {
        "code": "7785",
        "display": "Altra osteotomia parziale del femore"
      }, {
        "code": "7786",
        "display": "Altra osteotomia parziale della rotula"
      }, {
        "code": "7787",
        "display": "Altra osteotomia parziale della tibia e della fibula"
      }, {
        "code": "7788",
        "display": "Altra osteotomia parziale del tarso e del metatarso"
      }, {
        "code": "7789",
        "display": "Altra osteotomia parziale di altre ossa"
      } ]
    } ]
  }
}