{
  "resourceType": "ValueSet",
  "url": "http://hl7.org/fhir/sid/icd-9-cm-1474",
  "version": "1.0",
  "name": "Procedure-Altri interventi sulla regione addominale",
  "title": "Altri interventi sulla regione addominale",
  "status": "active",
  "compose": {
    "include": [ {
      "system": "http://hl7.org/fhir/sid/icd-9-cm",
      "concept": [ {
        "code": "5491",
        "display": "Drenaggio percutaneo addominale"
      }, {
        "code": "5492",
        "display": "Rimozione di corpo estraneo della cavita' peritoneale"
      }, {
        "code": "5493",
        "display": "Creazione di fistola cutaneoperitoneale"
      }, {
        "code": "5494",
        "display": "Creazione di anastomosi peritoneovascolare"
      }, {
        "code": "5495",
        "display": "Incisione del peritoneo"
      }, {
        "code": "5496",
        "display": "Iniezione di aria nella cavita' peritoneale"
      }, {
        "code": "5497",
        "display": "Iniezione di sostanze terapeutiche ad azione locale nella cavita' peritoneale"
      }, {
        "code": "5498",
        "display": "Dialisi peritoneale"
      }, {
        "code": "5499",
        "display": "Altri interventi sulla regione addominale"
      }, {
        "code": "55",
        "display": "Interventi sul rene"
      } ]
    } ]
  }
}