{
  "resourceType": "ValueSet",
  "url": "http://hl7.org/fhir/sid/icd-9-cm-1225",
  "version": "1.0",
  "name": "Procedure-Altri interventi sulla lingua",
  "title": "Altri interventi sulla lingua",
  "status": "active",
  "compose": {
    "include": [ {
      "system": "http://hl7.org/fhir/sid/icd-9-cm",
      "concept": [ {
        "code": "2591",
        "display": "Frenulotomia linguale"
      }, {
        "code": "2592",
        "display": "Frenulectomia linguale"
      }, {
        "code": "2593",
        "display": "Lisi di aderenze della lingua"
      }, {
        "code": "2594",
        "display": "Altra glossotomia"
      }, {
        "code": "2599",
        "display": "Altri interventi sulla lingua"
      }, {
        "code": "26",
        "display": "Interventi sulle ghiandole e sui dotti salivari"
      } ]
    } ]
  }
}