{
  "resourceType": "ValueSet",
  "url": "http://hl7.org/fhir/sid/icd-9-cm-1790",
  "version": "1.0",
  "name": "Procedure-Flebografia",
  "title": "Flebografia",
  "status": "active",
  "compose": {
    "include": [ {
      "system": "http://hl7.org/fhir/sid/icd-9-cm",
      "concept": [ {
        "code": "8860",
        "display": "Flebografia con mezzo di contrasto, sede non specificata"
      }, {
        "code": "8861",
        "display": "Flebografia con mezzo di contrasto delle vene del capo e del collo"
      }, {
        "code": "8862",
        "display": "Flebografia con mezzo di contrasto delle vene polmonari"
      }, {
        "code": "8863",
        "display": "Flebografia con mezzo di contrasto di altre vene intratoraciche"
      }, {
        "code": "8864",
        "display": "Flebografia con mezzo di contrasto del sistema portale"
      }, {
        "code": "8865",
        "display": "Flebografia con mezzo di contrasto di altre vene intraaddominali"
      }, {
        "code": "8866",
        "display": "Flebografia con mezzo di contrasto della femorale e di altre vene degli arti inferiori"
      }, {
        "code": "8867",
        "display": "Flebografia con mezzo di contrasto di altre sedi specificate"
      }, {
        "code": "8868",
        "display": "Flebografia ad impedenza"
      } ]
    } ]
  }
}