{
  "resourceType": "ValueSet",
  "url": "http://hl7.org/fhir/sid/icd-9-cm-1498",
  "version": "1.0",
  "name": "Procedure-Procedure diagnostiche vescicali",
  "title": "Procedure diagnostiche vescicali",
  "status": "active",
  "compose": {
    "include": [ {
      "system": "http://hl7.org/fhir/sid/icd-9-cm",
      "concept": [ {
        "code": "5731",
        "display": "Cistoscopia attraverso stoma artificiale"
      }, {
        "code": "5732",
        "display": "Altra cistoscopia"
      }, {
        "code": "5733",
        "display": "Cistoscopia [transuretrale] con biopsia"
      }, {
        "code": "5734",
        "display": "Biopsia vescicale a cielo aperto"
      }, {
        "code": "5739",
        "display": "Altre procedure diagnostiche sulla vescica"
      } ]
    } ]
  }
}