{
  "resourceType": "ValueSet",
  "url": "http://hl7.org/fhir/sid/icd-9-cm-1423",
  "version": "1.0",
  "name": "Procedure-Interventi sulle emorroidi",
  "title": "Interventi sulle emorroidi",
  "status": "active",
  "compose": {
    "include": [ {
      "system": "http://hl7.org/fhir/sid/icd-9-cm",
      "concept": [ {
        "code": "4941",
        "display": "Riduzioni di emorroidi"
      }, {
        "code": "4942",
        "display": "Iniezioni delle emorroidi"
      }, {
        "code": "4943",
        "display": "Cauterizzazione delle emorroidi"
      }, {
        "code": "4944",
        "display": "Demolizione di emorroidi per crioterapia"
      }, {
        "code": "4945",
        "display": "Legatura delle emorroidi"
      }, {
        "code": "4946",
        "display": "Asportazione delle emorroidi"
      }, {
        "code": "4947",
        "display": "Rimozione di emorroidi trombizzate"
      }, {
        "code": "4949",
        "display": "Altri interventi sulle emorroidi"
      } ]
    } ]
  }
}