{
  "resourceType": "ValueSet",
  "url": "http://hl7.org/fhir/sid/icd-9-cm-1714",
  "version": "1.0",
  "name": "Procedure-Altra asportazione dell' articolazione",
  "title": "Altra asportazione dell' articolazione",
  "status": "active",
  "compose": {
    "include": [ {
      "system": "http://hl7.org/fhir/sid/icd-9-cm",
      "concept": [ {
        "code": "8090",
        "display": "Altra asportazione dell' articolazione in sede non specificata"
      }, {
        "code": "8091",
        "display": "Altra asportazione dell' articolazione della spalla"
      }, {
        "code": "8092",
        "display": "Altra asportazione dell' articolazione del gomito"
      }, {
        "code": "8093",
        "display": "Altra asportazione dell' articolazione del polso"
      }, {
        "code": "8094",
        "display": "Altra asportazione dell' articolazione della mano e delle dita della mano"
      }, {
        "code": "8095",
        "display": "Altra asportazione dell' articolazione dell' anca"
      }, {
        "code": "8096",
        "display": "Altra asportazione dell' articolazione del ginocchio"
      }, {
        "code": "8097",
        "display": "Altra asportazione dell' articolazione della caviglia"
      }, {
        "code": "8098",
        "display": "Altra asportazione dell' articolazione del piede e del le dita del piede"
      }, {
        "code": "8099",
        "display": "Altra asportazione dell' articolazione di altra sede specificata"
      }, {
        "code": "81",
        "display": "Interventi di riparazione e plastica sulle strutture articolari"
      } ]
    } ]
  }
}