{
  "resourceType": "ValueSet",
  "url": "http://hl7.org/fhir/sid/icd-9-cm-1239",
  "version": "1.0",
  "name": "Procedure-Interventi sull' ugola",
  "title": "Interventi sull' ugola",
  "status": "active",
  "compose": {
    "include": [ {
      "system": "http://hl7.org/fhir/sid/icd-9-cm",
      "concept": [ {
        "code": "2771",
        "display": "Incisione dell' ugola"
      }, {
        "code": "2772",
        "display": "Asportazione dell' ugola"
      }, {
        "code": "2773",
        "display": "Riparazione dell' ugola"
      }, {
        "code": "2779",
        "display": "Altri interventi sull' ugola"
      } ]
    } ]
  }
}