{
  "resourceType": "ValueSet",
  "url": "http://hl7.org/fhir/sid/icd-9-cm-1638",
  "version": "1.0",
  "name": "Procedure-Estrazione mediante ventosa",
  "title": "Estrazione mediante ventosa",
  "status": "active",
  "compose": {
    "include": [ {
      "system": "http://hl7.org/fhir/sid/icd-9-cm",
      "concept": [ {
        "code": "7271",
        "display": "Estrazione mediante ventosa con episiotomia"
      }, {
        "code": "7279",
        "display": "Altra estrazione mediante ventosa"
      } ]
    } ]
  }
}