{
  "resourceType": "ValueSet",
  "url": "http://hl7.org/fhir/sid/icd-9-cm-1670",
  "version": "1.0",
  "name": "Procedure-Asportazione e/o ricostruzione di ossa della faccia",
  "title": "Asportazione e/o ricostruzione di ossa della faccia",
  "status": "active",
  "compose": {
    "include": [ {
      "system": "http://hl7.org/fhir/sid/icd-9-cm",
      "concept": [ {
        "code": "7641",
        "display": "Mandibolectomia totale con ricostruzione contemporanea"
      }, {
        "code": "7642",
        "display": "Altra mandibolectomia totale"
      }, {
        "code": "7643",
        "display": "Altra ricostruzione della mandibola"
      }, {
        "code": "7644",
        "display": "Osteotomia totale di altre ossa facciali con contemporanea ricostruzione"
      }, {
        "code": "7645",
        "display": "Altra osteotomia totale di altre ossa facciali"
      }, {
        "code": "7646",
        "display": "Altra ricostruzione di altre ossa facciali"
      } ]
    } ]
  }
}