{
  "resourceType": "ValueSet",
  "url": "http://hl7.org/fhir/sid/icd-9-cm-1568",
  "version": "1.0",
  "name": "Procedure-Ovariectomia monolaterale",
  "title": "Ovariectomia monolaterale",
  "status": "active",
  "compose": {
    "include": [ {
      "system": "http://hl7.org/fhir/sid/icd-9-cm",
      "concept": [ {
        "code": "6531",
        "display": "Ovariectomia laparoscopica monolaterale"
      }, {
        "code": "6539",
        "display": "Altra ovariectomia monolaterale"
      } ]
    } ]
  }
}