{
  "resourceType": "ValueSet",
  "url": "http://hl7.org/fhir/sid/icd-9-cm-1756",
  "version": "1.0",
  "name": "Procedure-Asportazione o demolizione di tessuto della mammella",
  "title": "Asportazione o demolizione di tessuto della mammella",
  "status": "active",
  "compose": {
    "include": [ {
      "system": "http://hl7.org/fhir/sid/icd-9-cm",
      "concept": [ {
        "code": "8520",
        "display": "Asportazione o demolizione di tessuto della mammella, SAI"
      }, {
        "code": "8521",
        "display": "Asportazione locale di lesione della mammella"
      }, {
        "code": "8522",
        "display": "Quadrantectomia della mammella"
      }, {
        "code": "8523",
        "display": "Mastectomia subtotale"
      }, {
        "code": "8524",
        "display": "Asportazione di tessuto ectopico della mammella"
      }, {
        "code": "8525",
        "display": "Asportazione del capezzolo"
      } ]
    } ]
  }
}