{
  "resourceType": "ValueSet",
  "url": "http://hl7.org/fhir/sid/icd-9-cm-1016",
  "version": "1.0",
  "name": "Procedure-Altre asportazioni o altri interventi di demolizione sul cervello e sulle meningi cerebrali",
  "title": "Altre asportazioni o altri interventi di demolizione sul cervello e sulle meningi cerebrali",
  "status": "active",
  "compose": {
    "include": [ {
      "system": "http://hl7.org/fhir/sid/icd-9-cm",
      "concept": [ {
        "code": "0151",
        "display": "Asportazione di lesione o di tessuto delle meningi cerebrali"
      }, {
        "code": "0152",
        "display": "Emisferectomia"
      }, {
        "code": "0153",
        "display": "Lobectomia cerebrale (per lesione organica)"
      }, {
        "code": "0159",
        "display": "Altra asportazione o demolizione di lesione o tessuto cerebrale"
      } ]
    } ]
  }
}