{
  "resourceType": "ValueSet",
  "url": "http://hl7.org/fhir/sid/icd-9-cm-1784",
  "version": "1.0",
  "name": "Procedure-Radiografia dei tessuti molli dell' addome",
  "title": "Radiografia dei tessuti molli dell' addome",
  "status": "active",
  "compose": {
    "include": [ {
      "system": "http://hl7.org/fhir/sid/icd-9-cm",
      "concept": [ {
        "code": "8801",
        "display": "Tomografia assiale computerizzata (TAC) dell' addome"
      }, {
        "code": "8802",
        "display": "Altra tomografia addominale"
      }, {
        "code": "8803",
        "display": "Sinogramma della parete addominale"
      }, {
        "code": "8804",
        "display": "Linfografia addominale"
      }, {
        "code": "8809",
        "display": "Altra radiografia dei tessuti molli dell' addome"
      } ]
    } ]
  }
}