{
  "resourceType": "ValueSet",
  "url": "http://hl7.org/fhir/sid/icd-9-cm-1301",
  "version": "1.0",
  "name": "Procedure-Interventi su strutture adiacenti le valvole cardiache",
  "title": "Interventi su strutture adiacenti le valvole cardiache",
  "status": "active",
  "compose": {
    "include": [ {
      "system": "http://hl7.org/fhir/sid/icd-9-cm",
      "concept": [ {
        "code": "3531",
        "display": "Interventi sul muscolo papillare"
      }, {
        "code": "3532",
        "display": "Interventi sulle corde tendinee"
      }, {
        "code": "3533",
        "display": "Annuloplastica"
      }, {
        "code": "3534",
        "display": "Infundibulectomia"
      }, {
        "code": "3535",
        "display": "Interventi sulle trabecole carnose del cuore"
      }, {
        "code": "3539",
        "display": "Interventi su altre strutture adiacenti alle valvole del cuore"
      } ]
    } ]
  }
}