{
  "resourceType": "ValueSet",
  "url": "http://hl7.org/fhir/sid/icd-9-cm-1067",
  "version": "1.0",
  "name": "Procedure-Altri interventi sull' ipofisi",
  "title": "Altri interventi sull' ipofisi",
  "status": "active",
  "compose": {
    "include": [ {
      "system": "http://hl7.org/fhir/sid/icd-9-cm",
      "concept": [ {
        "code": "0771",
        "display": "Esplorazione della fossa dell' ipofisi"
      }, {
        "code": "0772",
        "display": "Incisione dell' ipofisi"
      }, {
        "code": "0779",
        "display": "Altri interventi sull' ipofisi"
      } ]
    } ]
  }
}