{
  "resourceType": "ValueSet",
  "url": "http://hl7.org/fhir/sid/icd-9-cm-1665",
  "version": "1.0",
  "name": "Procedure-Altri interventi ostetrici",
  "title": "Altri interventi ostetrici",
  "status": "active",
  "compose": {
    "include": [ {
      "system": "http://hl7.org/fhir/sid/icd-9-cm",
      "concept": [ {
        "code": "7591",
        "display": "Evacuazione di ematoma ostetrico del perineo"
      }, {
        "code": "7592",
        "display": "Evacuazione di altro ematoma della vulva o della vagina"
      }, {
        "code": "7593",
        "display": "Riduzione chirurgica di inversione uterina"
      }, {
        "code": "7594",
        "display": "Riduzione manuale di inversione uterina"
      }, {
        "code": "7599",
        "display": "Altri interventi ostetrici"
      }, {
        "code": "76",
        "display": "Interventi sulle ossa e sulle articolazioni della faccia"
      } ]
    } ]
  }
}