{
  "resourceType": "ValueSet",
  "url": "http://hl7.org/fhir/sid/icd-9-cm-1676",
  "version": "1.0",
  "name": "Procedure-Altra incisione dell' osso, osteotomia",
  "title": "Altra incisione dell' osso, osteotomia",
  "status": "active",
  "compose": {
    "include": [ {
      "system": "http://hl7.org/fhir/sid/icd-9-cm",
      "concept": [ {
        "code": "7710",
        "display": "Altra incisione dell' osso senza sezione, sede non specificata"
      }, {
        "code": "7711",
        "display": "Altra incisione della scapola, clavicola e torace (coste, sterno) senza sezione"
      }, {
        "code": "7712",
        "display": "Altra incisione dell' omero senza sezione"
      }, {
        "code": "7713",
        "display": "Altra incisione del radio e dell' ulna senza sezione"
      }, {
        "code": "7714",
        "display": "Altra incisione del carpo e metacarpo senza sezione"
      }, {
        "code": "7715",
        "display": "Altra incisione del femore senza sezione"
      }, {
        "code": "7716",
        "display": "Altra incisione della rotula senza sezione"
      }, {
        "code": "7717",
        "display": "Altra incisione di tibia e fibula senza sezione"
      }, {
        "code": "7718",
        "display": "Altra incisione di tarso e metatarso senza sezione"
      }, {
        "code": "7719",
        "display": "Altra incisione di altre ossa, escluse quelle facciali senza sezione"
      } ]
    } ]
  }
}