{
  "resourceType": "ValueSet",
  "url": "http://hl7.org/fhir/sid/icd-9-cm-1121",
  "version": "1.0",
  "name": "Procedure-Estrazione extracapsulare della cataratta con tecnica di frammentazione ed aspirazione",
  "title": "Estrazione extracapsulare della cataratta con tecnica di frammentazione ed aspirazione",
  "status": "active",
  "compose": {
    "include": [ {
      "system": "http://hl7.org/fhir/sid/icd-9-cm",
      "concept": [ {
        "code": "1341",
        "display": "Facoemulsificazione ed aspirazione di cataratta"
      }, {
        "code": "1342",
        "display": "Facoframmentazione ed aspirazione di cataratta per via pars plana"
      }, {
        "code": "1343",
        "display": "Dacoframmentazione meccanica ed aspirazione della cataratta"
      } ]
    } ]
  }
}