{
  "resourceType": "ValueSet",
  "url": "http://hl7.org/fhir/sid/icd-9-cm-1588",
  "version": "1.0",
  "name": "Procedure-Altra asportazione o demolizione di lesione o tessuto della cervice",
  "title": "Altra asportazione o demolizione di lesione o tessuto della cervice",
  "status": "active",
  "compose": {
    "include": [ {
      "system": "http://hl7.org/fhir/sid/icd-9-cm",
      "concept": [ {
        "code": "6731",
        "display": "Marsupializzazione di cisti cervicale"
      }, {
        "code": "6732",
        "display": "Demolizione di lesione della cervice mediante cauterizzazione"
      }, {
        "code": "6733",
        "display": "Demolizione di lesione della cervice mediante criochirurgia"
      }, {
        "code": "6739",
        "display": "Altra asportazione o demolizione di lesione o tessuto della cervice"
      } ]
    } ]
  }
}