{
  "resourceType": "ValueSet",
  "url": "http://hl7.org/fhir/sid/icd-9-cm-1439",
  "version": "1.0",
  "name": "Procedure-Anastomosi della colecisti o del dotto biliare",
  "title": "Anastomosi della colecisti o del dotto biliare",
  "status": "active",
  "compose": {
    "include": [ {
      "system": "http://hl7.org/fhir/sid/icd-9-cm",
      "concept": [ {
        "code": "5131",
        "display": "Anastomosi fra colecisti e dotti epatici"
      }, {
        "code": "5132",
        "display": "Anastomosi fra colecisti e intestino"
      }, {
        "code": "5133",
        "display": "Anastomosi fra colecisti e pancreas"
      }, {
        "code": "5134",
        "display": "Anastomosi fra colecisti e stomaco"
      }, {
        "code": "5135",
        "display": "Altra anastomosi della colecisti"
      }, {
        "code": "5136",
        "display": "Coledocoenterostomia"
      }, {
        "code": "5137",
        "display": "Anastomosi fra dotto epatico e intestino"
      }, {
        "code": "5139",
        "display": "Altra anastomosi del dotto biliare"
      } ]
    } ]
  }
}