{
  "resourceType": "ValueSet",
  "url": "http://hl7.org/fhir/sid/icd-9-cm-1085",
  "version": "1.0",
  "name": "Procedure-Incisione del sacco e delle vie lacrimali",
  "title": "Incisione del sacco e delle vie lacrimali",
  "status": "active",
  "compose": {
    "include": [ {
      "system": "http://hl7.org/fhir/sid/icd-9-cm",
      "concept": [ {
        "code": "0951",
        "display": "Incisione del punto lacrimale"
      }, {
        "code": "0952",
        "display": "Incisione dei canalicoli lacrimali"
      }, {
        "code": "0953",
        "display": "Incisione del sacco lacrimale"
      }, {
        "code": "0959",
        "display": "Altra incisione delle vie lacrimali"
      } ]
    } ]
  }
}