{
  "resourceType": "ValueSet",
  "url": "http://hl7.org/fhir/sid/icd-9-cm-1010",
  "version": "1.0",
  "name": "Procedure-Altre procedure ed interventi",
  "title": "Altre procedure ed interventi",
  "status": "active",
  "compose": {
    "include": [ {
      "system": "http://hl7.org/fhir/sid/icd-9-cm",
      "concept": [ {
        "code": "0091",
        "display": "Trapianto da donatore parente, vivente"
      }, {
        "code": "0092",
        "display": "Trapianto da donatore non-parente, vivente"
      }, {
        "code": "0093",
        "display": "Trapianto da cadavere"
      }, {
        "code": "01",
        "display": "Incisioni ed asportazioni di patologia del cranio, del cervello e delle meningi cerebrali"
      } ]
    } ]
  }
}