{
  "resourceType": "ValueSet",
  "url": "http://hl7.org/fhir/sid/icd-9-cm-1566",
  "version": "1.0",
  "name": "Procedure-Procedure diagnostiche sull' ovaio",
  "title": "Procedure diagnostiche sull' ovaio",
  "status": "active",
  "compose": {
    "include": [ {
      "system": "http://hl7.org/fhir/sid/icd-9-cm",
      "concept": [ {
        "code": "6511",
        "display": "Biopsia aspirativa dell' ovaio"
      }, {
        "code": "6512",
        "display": "Altra biopsia dell' ovaio"
      }, {
        "code": "6513",
        "display": "Biopsia laparoscopica dell' ovaio"
      }, {
        "code": "6514",
        "display": "Altre procedure diagnostiche laparoscopiche sull' ovaio"
      }, {
        "code": "6519",
        "display": "Altre procedure diagnostiche sull' ovaio"
      } ]
    } ]
  }
}