{
  "resourceType": "ValueSet",
  "url": "http://hl7.org/fhir/sid/icd-9-cm-1135",
  "version": "1.0",
  "name": "Procedure-Altri interventi sulla retina, sulla coroide e sulla camera posteriore",
  "title": "Altri interventi sulla retina, sulla coroide e sulla camera posteriore",
  "status": "active",
  "compose": {
    "include": [ {
      "system": "http://hl7.org/fhir/sid/icd-9-cm",
      "concept": [ {
        "code": "15",
        "display": "Interventi sui muscoli extraoculari"
      } ]
    } ]
  }
}