{
  "resourceType": "ValueSet",
  "url": "http://hl7.org/fhir/sid/icd-9-cm-1082",
  "version": "1.0",
  "name": "Procedure-Asportazione di lesione o tessuto della ghiandola lacrimale",
  "title": "Asportazione di lesione o tessuto della ghiandola lacrimale",
  "status": "active",
  "compose": {
    "include": [ {
      "system": "http://hl7.org/fhir/sid/icd-9-cm",
      "concept": [ {
        "code": "0920",
        "display": "Asportazione della ghiandola lacrimale, SAI"
      }, {
        "code": "0921",
        "display": "Asportazione di lesione della ghiandola lacrimale"
      }, {
        "code": "0922",
        "display": "Altra dacrioadenectomia parziale"
      }, {
        "code": "0923",
        "display": "Dacrioadenectomia totale"
      } ]
    } ]
  }
}