{
  "resourceType": "ValueSet",
  "url": "http://hl7.org/fhir/sid/icd-9-cm-1831",
  "version": "1.0",
  "name": "Procedure-Dilatazione e manipolazione non operatorie",
  "title": "Dilatazione e manipolazione non operatorie",
  "status": "active",
  "compose": {
    "include": [ {
      "system": "http://hl7.org/fhir/sid/icd-9-cm",
      "concept": [ {
        "code": "9621",
        "display": "Dilatazione del dotto frontonasale"
      }, {
        "code": "9622",
        "display": "Dilatazione del retto"
      }, {
        "code": "9623",
        "display": "Dilatazione dello sfintere anale"
      }, {
        "code": "9624",
        "display": "Dilatazione e manipolazione di stoma di enterostomia"
      }, {
        "code": "9625",
        "display": "Distensione terapeutica della vescica"
      }, {
        "code": "9626",
        "display": "Riduzione manuale di prolasso rettale"
      }, {
        "code": "9627",
        "display": "Riduzione manuale di ernia"
      }, {
        "code": "9628",
        "display": "Riduzione manuale di prolasso di enterostomia"
      }, {
        "code": "9629",
        "display": "Riduzione di invaginazione del tratto alimentare"
      } ]
    } ]
  }
}