{
  "resourceType": "ValueSet",
  "url": "http://hl7.org/fhir/sid/icd-9-cm-1413",
  "version": "1.0",
  "name": "Procedure-Resezione del retto con pull-through",
  "title": "Resezione del retto con pull-through",
  "status": "active",
  "compose": {
    "include": [ {
      "system": "http://hl7.org/fhir/sid/icd-9-cm",
      "concept": [ {
        "code": "4841",
        "display": "Resezione della sottomucosa del retto (secondo Soave)"
      }, {
        "code": "4849",
        "display": "Altra resezione del retto con pullthrough"
      } ]
    } ]
  }
}