{
  "resourceType": "ValueSet",
  "url": "http://hl7.org/fhir/sid/icd-9-cm-1228",
  "version": "1.0",
  "name": "Procedure-Asportazione di lesione di ghiandola salivare",
  "title": "Asportazione di lesione di ghiandola salivare",
  "status": "active",
  "compose": {
    "include": [ {
      "system": "http://hl7.org/fhir/sid/icd-9-cm",
      "concept": [ {
        "code": "2621",
        "display": "Marsupializzazione di cisti di ghiandola salivare"
      }, {
        "code": "2629",
        "display": "Altra asportazione di lesione di ghiandola salivare"
      } ]
    } ]
  }
}