{
  "resourceType": "ValueSet",
  "url": "http://hl7.org/fhir/sid/icd-9-cm-1116",
  "version": "1.0",
  "name": "Procedure-Altri interventi sull' iride, sul corpo ciliare e sulla camera anteriore",
  "title": "Altri interventi sull' iride, sul corpo ciliare e sulla camera anteriore",
  "status": "active",
  "compose": {
    "include": [ {
      "system": "http://hl7.org/fhir/sid/icd-9-cm",
      "concept": [ {
        "code": "1291",
        "display": "Paracentesi della camera anteriore"
      }, {
        "code": "1292",
        "display": "Iniezione nella camera anteriore"
      }, {
        "code": "1293",
        "display": "Rimozione o distruzione dell' epitelio invadente la camera anteriore"
      }, {
        "code": "1297",
        "display": "Altri interventi sull' iride"
      }, {
        "code": "1298",
        "display": "Altri interventi sul corpo ciliare"
      }, {
        "code": "1299",
        "display": "Altri interventi sulla camera anteriore"
      }, {
        "code": "13",
        "display": "Interventi sul cristallino"
      } ]
    } ]
  }
}