{
  "resourceType": "ValueSet",
  "url": "http://hl7.org/fhir/sid/icd-9-cm-1349",
  "version": "1.0",
  "name": "Procedure-Interventi sul dotto toracico",
  "title": "Interventi sul dotto toracico",
  "status": "active",
  "compose": {
    "include": [ {
      "system": "http://hl7.org/fhir/sid/icd-9-cm",
      "concept": [ {
        "code": "4061",
        "display": "Incannulamento del dotto toracico"
      }, {
        "code": "4062",
        "display": "Fistolizzazione del dotto toracico"
      }, {
        "code": "4063",
        "display": "Chiusura di fistola del dotto toracico"
      }, {
        "code": "4064",
        "display": "Legatura del dotto toracico"
      }, {
        "code": "4069",
        "display": "Altri interventi sul dotto toracico"
      } ]
    } ]
  }
}