{
  "resourceType": "ValueSet",
  "url": "http://hl7.org/fhir/sid/icd-9-cm-1681",
  "version": "1.0",
  "name": "Procedure-Asportazione locale di lesione o di tessuto osseo",
  "title": "Asportazione locale di lesione o di tessuto osseo",
  "status": "active",
  "compose": {
    "include": [ {
      "system": "http://hl7.org/fhir/sid/icd-9-cm",
      "concept": [ {
        "code": "7760",
        "display": "Asportazione locale di lesione o tessuto osseo, sede non specificata"
      }, {
        "code": "7761",
        "display": "Asportazione locale di lesione o tessuto della scapola, clavicola e torace (coste e sterno)"
      }, {
        "code": "7762",
        "display": "Asportazione di lesione o tessuto dell' omero"
      }, {
        "code": "7763",
        "display": "Asportazione locale di lesione o tessuto di radio e ulna"
      }, {
        "code": "7764",
        "display": "Asportazione locale di lesione o tessuto di carpo e metacarpo"
      }, {
        "code": "7765",
        "display": "Asportazione locale di lesione o tessuto del femore"
      }, {
        "code": "7766",
        "display": "Asportazione locale di lesione o tessuto della rotula"
      }, {
        "code": "7767",
        "display": "Asportazione locale di lesione o tessuto di tibia e fibula"
      }, {
        "code": "7768",
        "display": "Asportazione locale di lesione o tessuto di tarso e metatarso"
      }, {
        "code": "7769",
        "display": "Asportazione locale di lesione o tessuto di altre ossa, escluse quelle facciali"
      } ]
    } ]
  }
}