{
  "resourceType": "ValueSet",
  "url": "http://hl7.org/fhir/sid/icd-9-cm-1733",
  "version": "1.0",
  "name": "Procedure-Altri interventi di plastica sulla mano",
  "title": "Altri interventi di plastica sulla mano",
  "status": "active",
  "compose": {
    "include": [ {
      "system": "http://hl7.org/fhir/sid/icd-9-cm",
      "concept": [ {
        "code": "8281",
        "display": "Trasferimento di dita, ad eccezione del pollice"
      }, {
        "code": "8282",
        "display": "Riparazione di difetti della mano"
      }, {
        "code": "8283",
        "display": "Riparazione di macrodattilia"
      }, {
        "code": "8284",
        "display": "Riparazione di dito a martello"
      }, {
        "code": "8285",
        "display": "Altra tenodesi della mano"
      }, {
        "code": "8286",
        "display": "Altra tenoplastica della mano"
      }, {
        "code": "8289",
        "display": "Altri interventi di plastica sulla mano"
      } ]
    } ]
  }
}