{
  "resourceType": "ValueSet",
  "url": "http://hl7.org/fhir/sid/icd-9-cm-1145",
  "version": "1.0",
  "name": "Procedure-Orbitotomia",
  "title": "Orbitotomia",
  "status": "active",
  "compose": {
    "include": [ {
      "system": "http://hl7.org/fhir/sid/icd-9-cm",
      "concept": [ {
        "code": "1601",
        "display": "Orbitotomia con lembo osseo"
      }, {
        "code": "1602",
        "display": "Orbitotomia con inserzione di impianto orbitale"
      }, {
        "code": "1609",
        "display": "Altra orbitotomia"
      } ]
    } ]
  }
}