{
  "resourceType": "ValueSet",
  "url": "http://hl7.org/fhir/sid/icd-9-cm-1682",
  "version": "1.0",
  "name": "Procedure-Prelievo di osso per innesto",
  "title": "Prelievo di osso per innesto",
  "status": "active",
  "compose": {
    "include": [ {
      "system": "http://hl7.org/fhir/sid/icd-9-cm",
      "concept": [ {
        "code": "7770",
        "display": "Prelievo di osso per innesto, sede non specificata"
      }, {
        "code": "7771",
        "display": "Prelievo di osso della scapola, della clavicola e del torace per innesto (coste e sterno)"
      }, {
        "code": "7772",
        "display": "Prelievo di osso dell' omero per innesto"
      }, {
        "code": "7773",
        "display": "Prelievo di osso del radio e dell' ulna per innesto"
      }, {
        "code": "7774",
        "display": "Prelievo di osso del carpo e del metacarpo per innesto"
      }, {
        "code": "7775",
        "display": "Prelievo diosso del femore per innesto"
      }, {
        "code": "7776",
        "display": "Prelievo di osso della rotula per innesto"
      }, {
        "code": "7777",
        "display": "Prelievo di osso della tibia e della fibula per innesto"
      }, {
        "code": "7778",
        "display": "Prelievo di osso del tarso e del metatarso per innesto"
      }, {
        "code": "7779",
        "display": "Prelievo di altre ossa per innesto"
      } ]
    } ]
  }
}