{
  "resourceType": "ValueSet",
  "url": "http://hl7.org/fhir/sid/icd-9-cm-1789",
  "version": "1.0",
  "name": "Procedure-Angiocardiografia con mezzo di contrasto",
  "title": "Angiocardiografia con mezzo di contrasto",
  "status": "active",
  "compose": {
    "include": [ {
      "system": "http://hl7.org/fhir/sid/icd-9-cm",
      "concept": [ {
        "code": "8850",
        "display": "Angiocardiografia, SAI"
      }, {
        "code": "8851",
        "display": "Angiocardiografia della vena cava"
      }, {
        "code": "8852",
        "display": "Angiocardiografia del cuore destro"
      }, {
        "code": "8853",
        "display": "Angiocardiografia del cuore sinistro"
      }, {
        "code": "8854",
        "display": "Angiocardiografia combinata del cuore destro e sinistro"
      }, {
        "code": "8855",
        "display": "Arteriografia coronarica con catetere singolo"
      }, {
        "code": "8856",
        "display": "Arteriografia coronarica con catetere doppio"
      }, {
        "code": "8857",
        "display": "Altra e non specificata arteriografia coronarica"
      }, {
        "code": "8858",
        "display": "Roentgengrafia cardiaca con contrasto negativo"
      } ]
    } ]
  }
}