{
  "resourceType": "ValueSet",
  "url": "http://hl7.org/fhir/sid/icd-9-cm-1576",
  "version": "1.0",
  "name": "Procedure-Procedure diagnostiche sulle tube",
  "title": "Procedure diagnostiche sulle tube",
  "status": "active",
  "compose": {
    "include": [ {
      "system": "http://hl7.org/fhir/sid/icd-9-cm",
      "concept": [ {
        "code": "6611",
        "display": "Biopsia delle tube"
      }, {
        "code": "6619",
        "display": "Altre procedure diagnostiche sulle tube"
      } ]
    } ]
  }
}