{
  "resourceType": "ValueSet",
  "url": "http://hl7.org/fhir/sid/icd-9-cm-1088",
  "version": "1.0",
  "name": "Procedure-Fistolizzazione del tratto lacrimale verso la cavita' nasale",
  "title": "Fistolizzazione del tratto lacrimale verso la cavita' nasale",
  "status": "active",
  "compose": {
    "include": [ {
      "system": "http://hl7.org/fhir/sid/icd-9-cm",
      "concept": [ {
        "code": "0981",
        "display": "Dacriocistorinostomia (DCR)"
      }, {
        "code": "0982",
        "display": "Congiuntivocistorinostomia"
      }, {
        "code": "0983",
        "display": "Congiuntivorinostomia con inserzione di tubo o supporto"
      } ]
    } ]
  }
}