{
  "resourceType": "ValueSet",
  "url": "http://hl7.org/fhir/sid/icd-9-cm-1375",
  "version": "1.0",
  "name": "Procedure-Altra gastrectomia parziale",
  "title": "Altra gastrectomia parziale",
  "status": "active",
  "compose": {
    "include": [ {
      "system": "http://hl7.org/fhir/sid/icd-9-cm",
      "concept": [ {
        "code": "4381",
        "display": "Gastrectomia parziale con trasposizione digiunale"
      }, {
        "code": "4389",
        "display": "Altra gastrectomia parziale"
      } ]
    } ]
  }
}