{
  "resourceType": "ValueSet",
  "url": "http://hl7.org/fhir/sid/icd-9-cm-1357",
  "version": "1.0",
  "name": "Procedure-Altri interventi sulla milza e sul midollo osseo",
  "title": "Altri interventi sulla milza e sul midollo osseo",
  "status": "active",
  "compose": {
    "include": [ {
      "system": "http://hl7.org/fhir/sid/icd-9-cm",
      "concept": [ {
        "code": "4191",
        "display": "Aspirazione di midollo osseo da donatore per trapianto"
      }, {
        "code": "4192",
        "display": "Iniezione nel midollo osseo"
      }, {
        "code": "4193",
        "display": "Asportazione di milza accessoria"
      }, {
        "code": "4194",
        "display": "Trapianto di milza"
      }, {
        "code": "4195",
        "display": "Interventi di riparazione e di plastica sulla milza"
      }, {
        "code": "4198",
        "display": "Altri interventi sul midollo osseo"
      }, {
        "code": "4199",
        "display": "Altri interventi sulla milza"
      }, {
        "code": "42",
        "display": "Interventi sull' esofago"
      } ]
    } ]
  }
}