{
  "resourceType": "ValueSet",
  "url": "http://hl7.org/fhir/sid/icd-9-cm-1234",
  "version": "1.0",
  "name": "Procedure-Procedure diagnostiche sulla cavita' orale",
  "title": "Procedure diagnostiche sulla cavita' orale",
  "status": "active",
  "compose": {
    "include": [ {
      "system": "http://hl7.org/fhir/sid/icd-9-cm",
      "concept": [ {
        "code": "2721",
        "display": "Biopsia del palato osseo"
      }, {
        "code": "2722",
        "display": "Biopsia dell' ugola e del palato molle"
      }, {
        "code": "2723",
        "display": "Biopsia del labbro"
      }, {
        "code": "2724",
        "display": "Biopsia della bocca, struttura non specificata"
      }, {
        "code": "2729",
        "display": "Altre procedure diagnostiche sulla cavita' orale"
      } ]
    } ]
  }
}