{
  "resourceType": "ValueSet",
  "url": "http://hl7.org/fhir/sid/icd-9-cm-1401",
  "version": "1.0",
  "name": "Procedure-Fissazione dell' intestino",
  "title": "Fissazione dell' intestino",
  "status": "active",
  "compose": {
    "include": [ {
      "system": "http://hl7.org/fhir/sid/icd-9-cm",
      "concept": [ {
        "code": "4660",
        "display": "Fissazione di intestino, SAI"
      }, {
        "code": "4661",
        "display": "Fissazione di intestino tenue alla parete addominale"
      }, {
        "code": "4662",
        "display": "Altra fissazione dell' intestino tenue"
      }, {
        "code": "4663",
        "display": "Fissazione dell' intestino crasso alla parete addominale"
      }, {
        "code": "4664",
        "display": "Altra fissazione dell' intestino crasso"
      } ]
    } ]
  }
}