{
  "resourceType": "ValueSet",
  "url": "http://hl7.org/fhir/sid/icd-9-cm-1815",
  "version": "1.0",
  "name": "Procedure-Altra terapia riabilitativa",
  "title": "Altra terapia riabilitativa",
  "status": "active",
  "compose": {
    "include": [ {
      "system": "http://hl7.org/fhir/sid/icd-9-cm",
      "concept": [ {
        "code": "9381",
        "display": "Terapia ricreazionale"
      }, {
        "code": "9382",
        "display": "Terapia educazionale"
      }, {
        "code": "9383",
        "display": "Terapia occupazionale"
      }, {
        "code": "9384",
        "display": "Terapia musicale"
      }, {
        "code": "9385",
        "display": "Riabilitazione vocale"
      }, {
        "code": "9389",
        "display": "Riabilitazione non classificata altrove"
      } ]
    } ]
  }
}