{
  "resourceType": "ValueSet",
  "url": "http://hl7.org/fhir/sid/icd-9-cm-1832",
  "version": "1.0",
  "name": "Procedure-Irrigazione, pulizia e instillazione non operatorie locale del tratto alimentare",
  "title": "Irrigazione, pulizia e instillazione non operatorie locale del tratto alimentare",
  "status": "active",
  "compose": {
    "include": [ {
      "system": "http://hl7.org/fhir/sid/icd-9-cm",
      "concept": [ {
        "code": "9631",
        "display": "Raffreddamento gastrico"
      }, {
        "code": "9632",
        "display": "Congelamento gastrico"
      }, {
        "code": "9633",
        "display": "Lavaggio gastrico"
      }, {
        "code": "9634",
        "display": "Altra irrigazione di tubo nasogastrico"
      }, {
        "code": "9635",
        "display": "Alimentazione per sonda gastrica"
      }, {
        "code": "9636",
        "display": "Irrigazione di gastrostomia o enterostomia"
      }, {
        "code": "9637",
        "display": "Proctoclisi"
      }, {
        "code": "9638",
        "display": "Rimozione di fecaloma"
      }, {
        "code": "9639",
        "display": "Altro clisma transanale"
      } ]
    } ]
  }
}