{
  "resourceType": "ValueSet",
  "url": "http://hl7.org/fhir/sid/icd-9-cm-1524",
  "version": "1.0",
  "name": "Procedure-Procedure diagnostiche sulla prostata e vescicole seminali",
  "title": "Procedure diagnostiche sulla prostata e vescicole seminali",
  "status": "active",
  "compose": {
    "include": [ {
      "system": "http://hl7.org/fhir/sid/icd-9-cm",
      "concept": [ {
        "code": "6011",
        "display": "Biopsia transperineale [percutanea] [agobiopsia] della prostata"
      }, {
        "code": "6012",
        "display": "Biopsia a cielo aperto della prostata"
      }, {
        "code": "6013",
        "display": "Biopsia [percutanea] delle vescicole seminali"
      }, {
        "code": "6014",
        "display": "Biopsia a cielo aperto delle vescicole seminali"
      }, {
        "code": "6015",
        "display": "Biopsia del tessuto periprostatico"
      }, {
        "code": "6018",
        "display": "Altre procedure diagnostiche sulla prostata e sul tessuto periprostatico"
      }, {
        "code": "6019",
        "display": "Altre procedure diagnostiche sulle vescicole seminali"
      } ]
    } ]
  }
}