{
  "resourceType": "ValueSet",
  "url": "http://hl7.org/fhir/sid/icd-9-cm-1360",
  "version": "1.0",
  "name": "Procedure-Procedure diagnostiche sull' esofago",
  "title": "Procedure diagnostiche sull' esofago",
  "status": "active",
  "compose": {
    "include": [ {
      "system": "http://hl7.org/fhir/sid/icd-9-cm",
      "concept": [ {
        "code": "4221",
        "display": "Esofagoscopia operatoria mediante incisione"
      }, {
        "code": "4222",
        "display": "Esofagoscopia attraverso stoma artificiale"
      }, {
        "code": "4223",
        "display": "Altra esofagoscopia"
      }, {
        "code": "4224",
        "display": "Biopsia [endoscopica] dell' esofago"
      }, {
        "code": "4225",
        "display": "Biopsia a cielo aperto dell' esofago"
      }, {
        "code": "4229",
        "display": "Altre procedure diagnostiche sull' esofago"
      } ]
    } ]
  }
}