{
  "resourceType": "ValueSet",
  "url": "http://hl7.org/fhir/sid/icd-9-cm-1003",
  "version": "1.0",
  "name": "Procedure-Imaging intravascolare dei vasi sanguigni",
  "title": "Imaging intravascolare dei vasi sanguigni",
  "status": "active",
  "compose": {
    "include": [ {
      "system": "http://hl7.org/fhir/sid/icd-9-cm",
      "concept": [ {
        "code": "0021",
        "display": "Imaging intravascolare dei vasi cerebrali extracranici"
      }, {
        "code": "0022",
        "display": "Imaging intravascolare dei vasi intratoracici"
      }, {
        "code": "0023",
        "display": "Imaging intravascolare dei vasi periferici"
      }, {
        "code": "0024",
        "display": "Imaging intravascolare dei vasi coronarici"
      }, {
        "code": "0025",
        "display": "Imaging intravascolare dei vasi renali"
      }, {
        "code": "0028",
        "display": "Imaging intravascolare di altri vasi specificati"
      }, {
        "code": "0029",
        "display": "Imaging intravascolare, vasi non specificati"
      } ]
    } ]
  }
}