{
  "resourceType": "ValueSet",
  "url": "http://hl7.org/fhir/sid/icd-9-cm-1514",
  "version": "1.0",
  "name": "Procedure-Interventi sul tessuto perivescicale",
  "title": "Interventi sul tessuto perivescicale",
  "status": "active",
  "compose": {
    "include": [ {
      "system": "http://hl7.org/fhir/sid/icd-9-cm",
      "concept": [ {
        "code": "5911",
        "display": "Altre lisi di aderenze perivescicali"
      }, {
        "code": "5912",
        "display": "Lisi laparoscopica di aderenze perivescicali"
      }, {
        "code": "5919",
        "display": "Altra incisione del tessuto perivescicale"
      } ]
    } ]
  }
}