{
  "resourceType": "ValueSet",
  "url": "http://hl7.org/fhir/sid/icd-9-cm-1358",
  "version": "1.0",
  "name": "Procedure-Esofagotomia",
  "title": "Esofagotomia",
  "status": "active",
  "compose": {
    "include": [ {
      "system": "http://hl7.org/fhir/sid/icd-9-cm",
      "concept": [ {
        "code": "4201",
        "display": "Incisione di stenosi membranosa congenlta dell' esofago"
      }, {
        "code": "4209",
        "display": "Altra incisione dell' esofago"
      } ]
    } ]
  }
}