{
  "resourceType": "ValueSet",
  "url": "http://hl7.org/fhir/sid/icd-9-cm-1574",
  "version": "1.0",
  "name": "Procedure-Altri interventi sull' ovaio",
  "title": "Altri interventi sull' ovaio",
  "status": "active",
  "compose": {
    "include": [ {
      "system": "http://hl7.org/fhir/sid/icd-9-cm",
      "concept": [ {
        "code": "6591",
        "display": "Aspirazione dell' ovaio"
      }, {
        "code": "6592",
        "display": "Trapianto di ovaio"
      }, {
        "code": "6593",
        "display": "Rottura manuale di cisti ovarica"
      }, {
        "code": "6594",
        "display": "Denervazione ovarica"
      }, {
        "code": "6595",
        "display": "Detorsione dell' ovaio"
      }, {
        "code": "6599",
        "display": "Altri interventi sull' ovaio (Asportazione di cisti ovarica con ricostruzione della gonade) (Asportazione di cisti infralegamentarie) (Asportazione di cisti del paraovario)"
      }, {
        "code": "66",
        "display": "Interventi sulle tube di Falloppio"
      } ]
    } ]
  }
}