{
  "resourceType": "ValueSet",
  "url": "http://hl7.org/fhir/sid/icd-9-cm-1785",
  "version": "1.0",
  "name": "Procedure-Altra radiografia dell' addome",
  "title": "Altra radiografia dell' addome",
  "status": "active",
  "compose": {
    "include": [ {
      "system": "http://hl7.org/fhir/sid/icd-9-cm",
      "concept": [ {
        "code": "8811",
        "display": "Radiografia della pelvi con contrasto opaco"
      }, {
        "code": "8812",
        "display": "Radiografia della pelvi con contrasto gassoso"
      }, {
        "code": "8813",
        "display": "Altra pneumografia peritoneale"
      }, {
        "code": "8814",
        "display": "Fistulografia retroperitoneale"
      }, {
        "code": "8815",
        "display": "Pneumografia retroperitoneale"
      }, {
        "code": "8816",
        "display": "Altra radiografia retroperitoneale"
      }, {
        "code": "8819",
        "display": "Altra radiografia dell' addome"
      } ]
    } ]
  }
}