{
  "resourceType": "ValueSet",
  "url": "http://hl7.org/fhir/sid/icd-9-cm-1122",
  "version": "1.0",
  "name": "Procedure-Altra estrazione extracapsulare del cristallino",
  "title": "Altra estrazione extracapsulare del cristallino",
  "status": "active",
  "compose": {
    "include": [ {
      "system": "http://hl7.org/fhir/sid/icd-9-cm",
      "concept": [ {
        "code": "1351",
        "display": "Estrazione extracapsulare del cristallino per via temporale"
      }, {
        "code": "1359",
        "display": "Altra estrazione extracapsulare del cristallino"
      } ]
    } ]
  }
}