{
  "resourceType": "ValueSet",
  "url": "http://hl7.org/fhir/sid/icd-9-cm-1525",
  "version": "1.0",
  "name": "Procedure-Prostatectomia transuretrale",
  "title": "Prostatectomia transuretrale",
  "status": "active",
  "compose": {
    "include": [ {
      "system": "http://hl7.org/fhir/sid/icd-9-cm",
      "concept": [ {
        "code": "6021",
        "display": "Prostatectomia transuretrale guidata (con ultrasuoni) mediante laser (TULIP)"
      }, {
        "code": "6029",
        "display": "Altra prostatectomia transuretrale"
      } ]
    } ]
  }
}