{
  "resourceType": "ValueSet",
  "url": "http://hl7.org/fhir/sid/icd-9-cm-1154",
  "version": "1.0",
  "name": "Procedure-Altri interventi sull' orbita e sul bulbo oculare",
  "title": "Altri interventi sull' orbita e sul bulbo oculare",
  "status": "active",
  "compose": {
    "include": [ {
      "system": "http://hl7.org/fhir/sid/icd-9-cm",
      "concept": [ {
        "code": "1691",
        "display": "Iniezione retrobulbare di sostanze terapeutiche"
      }, {
        "code": "1692",
        "display": "Asportazione di lesione dell' orbita"
      }, {
        "code": "1693",
        "display": "Asportazione di lesione oculare, struttura non specificata"
      }, {
        "code": "1698",
        "display": "Altri interventi sull' orbita"
      }, {
        "code": "1699",
        "display": "Altri interventi sul bulbo oculare"
      }, {
        "code": "18",
        "display": "Interventi sull' orecchio esterno"
      } ]
    } ]
  }
}