{
  "resourceType": "ValueSet",
  "url": "http://hl7.org/fhir/sid/icd-9-cm-1345",
  "version": "1.0",
  "name": "Procedure-Asportazione semplice di strutture linfatiche",
  "title": "Asportazione semplice di strutture linfatiche",
  "status": "active",
  "compose": {
    "include": [ {
      "system": "http://hl7.org/fhir/sid/icd-9-cm",
      "concept": [ {
        "code": "4021",
        "display": "Asportazione di linfonodi cervicali profondi"
      }, {
        "code": "4022",
        "display": "Asportazione di linfonodi mammari interni"
      }, {
        "code": "4023",
        "display": "Asportazione di linfonodi ascellari"
      }, {
        "code": "4024",
        "display": "Asportazione di linfonodi inguinali"
      }, {
        "code": "4029",
        "display": "Asportazione semplice di altre strutture linfatiche"
      } ]
    } ]
  }
}