{
  "resourceType": "ValueSet",
  "url": "http://hl7.org/fhir/sid/icd-9-cm-1812",
  "version": "1.0",
  "name": "Procedure-Altre immobilizzazioni, pressioni e cure a ferite",
  "title": "Altre immobilizzazioni, pressioni e cure a ferite",
  "status": "active",
  "compose": {
    "include": [ {
      "system": "http://hl7.org/fhir/sid/icd-9-cm",
      "concept": [ {
        "code": "9351",
        "display": "Applicazione di corsetto gessato"
      }, {
        "code": "9352",
        "display": "Applicazione di supporto per il collo"
      }, {
        "code": "9353",
        "display": "Applicazione di altro corsetto gessato"
      }, {
        "code": "9354",
        "display": "Applicazione di stecca"
      }, {
        "code": "9355",
        "display": "Cerchiaggio dentale"
      }, {
        "code": "9356",
        "display": "Applicazione di medicazione compressiva"
      }, {
        "code": "9357",
        "display": "Applicazione di altra medicazione su ferita"
      }, {
        "code": "9358",
        "display": "Applicazione di pantaloni a pressione"
      }, {
        "code": "9359",
        "display": "Altra immobilizzazione, pressione e cura per ferita"
      } ]
    } ]
  }
}