{
  "resourceType": "ValueSet",
  "url": "http://hl7.org/fhir/sid/icd-9-cm-1255",
  "version": "1.0",
  "name": "Procedure-Altra riparazione del faringe",
  "title": "Altra riparazione del faringe",
  "status": "active",
  "compose": {
    "include": [ {
      "system": "http://hl7.org/fhir/sid/icd-9-cm",
      "concept": [ {
        "code": "2951",
        "display": "Sutura di lacerazione del faringe"
      }, {
        "code": "2952",
        "display": "Chiusura di fistola della fessura branchiale"
      }, {
        "code": "2953",
        "display": "Chiusura di altra fistola del faringe"
      }, {
        "code": "2954",
        "display": "Lisi di aderenze faringee"
      }, {
        "code": "2959",
        "display": "Altra riparazione del faringe"
      } ]
    } ]
  }
}