{
  "resourceType": "ValueSet",
  "url": "http://hl7.org/fhir/sid/icd-9-cm-1031",
  "version": "1.0",
  "name": "Procedure-Anastomosi spinale",
  "title": "Anastomosi spinale",
  "status": "active",
  "compose": {
    "include": [ {
      "system": "http://hl7.org/fhir/sid/icd-9-cm",
      "concept": [ {
        "code": "0371",
        "display": "Anastomosi spinale subaracnoideoperitoneale"
      }, {
        "code": "0372",
        "display": "Anastomosi spinale subaracnoideo ureterale"
      }, {
        "code": "0379",
        "display": "Altro anastomosi spinale"
      } ]
    } ]
  }
}