{
  "resourceType": "ValueSet",
  "url": "http://hl7.org/fhir/sid/icd-9-cm-1666",
  "version": "1.0",
  "name": "Procedure-Incisione delle ossa della faccia senza sezione",
  "title": "Incisione delle ossa della faccia senza sezione",
  "status": "active",
  "compose": {
    "include": [ {
      "system": "http://hl7.org/fhir/sid/icd-9-cm",
      "concept": [ {
        "code": "7601",
        "display": "Sequestrectomia di osso facciale"
      }, {
        "code": "7609",
        "display": "Altra incisione di osso facciale"
      } ]
    } ]
  }
}