{
  "resourceType": "ValueSet",
  "url": "http://hl7.org/fhir/sid/icd-9-cm-1783",
  "version": "1.0",
  "name": "Procedure-Radiografia degli organi genitali maschili",
  "title": "Radiografia degli organi genitali maschili",
  "status": "active",
  "compose": {
    "include": [ {
      "system": "http://hl7.org/fhir/sid/icd-9-cm",
      "concept": [ {
        "code": "8791",
        "display": "Vesciculografia seminale con contrasto"
      }, {
        "code": "8792",
        "display": "Altra radiografia della prostata e delle vescicole seminali"
      }, {
        "code": "8793",
        "display": "Epididimografia con contrasto"
      }, {
        "code": "8794",
        "display": "Deferentografia con contrasto"
      }, {
        "code": "8795",
        "display": "Altra radiografia dell' epididimo e dotti deferenti"
      }, {
        "code": "8799",
        "display": "Altra radiografia degli organi genitali maschili"
      }, {
        "code": "88",
        "display": "Altre procedure diagnostiche radiologiche e relative tecniche"
      } ]
    } ]
  }
}