{
  "resourceType": "ValueSet",
  "url": "http://hl7.org/fhir/sid/icd-9-cm-1595",
  "version": "1.0",
  "name": "Procedure-Isterectomia addominale subtotale",
  "title": "Isterectomia addominale subtotale",
  "status": "active",
  "compose": {
    "include": [ {
      "system": "http://hl7.org/fhir/sid/icd-9-cm",
      "concept": [ {
        "code": "6831",
        "display": "Isterectomia sopracervicale laparoscopica"
      }, {
        "code": "6839",
        "display": "Altra e non specificata isterectomia sopracervicale addominale subtotale"
      } ]
    } ]
  }
}