{
  "resourceType": "ValueSet",
  "url": "http://hl7.org/fhir/sid/icd-9-cm-1011",
  "version": "1.0",
  "name": "Procedure-Puntura transcranica (trapanazione del cranio)",
  "title": "Puntura transcranica (trapanazione del cranio)",
  "status": "active",
  "compose": {
    "include": [ {
      "system": "http://hl7.org/fhir/sid/icd-9-cm",
      "concept": [ {
        "code": "0101",
        "display": "Puntura delle cisterne"
      }, {
        "code": "0102",
        "display": "Puntura ventricolare mediante catetere gia' impiantato"
      }, {
        "code": "0109",
        "display": "Altra puntura del cranio"
      } ]
    } ]
  }
}