{
  "resourceType": "ValueSet",
  "url": "http://hl7.org/fhir/sid/icd-9-cm-1312",
  "version": "1.0",
  "name": "Procedure-Altri interventi sui vasi del cuore",
  "title": "Altri interventi sui vasi del cuore",
  "status": "active",
  "compose": {
    "include": [ {
      "system": "http://hl7.org/fhir/sid/icd-9-cm",
      "concept": [ {
        "code": "3691",
        "display": "Riparazione di aneurisma dei vasi coronarici"
      }, {
        "code": "3699",
        "display": "Altri interventi sui vasi del cuore"
      }, {
        "code": "37",
        "display": "Altri interventi sul cuore e sul pericardio"
      } ]
    } ]
  }
}