{
  "resourceType": "ValueSet",
  "url": "http://hl7.org/fhir/sid/icd-9-cm-1743",
  "version": "1.0",
  "name": "Procedure-Altri interventi di plastica su muscoli, tendini e fasce",
  "title": "Altri interventi di plastica su muscoli, tendini e fasce",
  "status": "active",
  "compose": {
    "include": [ {
      "system": "http://hl7.org/fhir/sid/icd-9-cm",
      "concept": [ {
        "code": "8381",
        "display": "Innesto tendineo"
      }, {
        "code": "8382",
        "display": "Innesto di muscoli o fasce"
      }, {
        "code": "8383",
        "display": "Ricostruzione di puleggia tendinea"
      }, {
        "code": "8384",
        "display": "Correzione di piede torto, non classificato altrove"
      }, {
        "code": "8385",
        "display": "Altri cambiamenti di lunghezza di muscoli e tendini"
      }, {
        "code": "8386",
        "display": "Plastica del quadricipite"
      }, {
        "code": "8387",
        "display": "Altri interventi di plastica sui muscoli"
      }, {
        "code": "8388",
        "display": "Altri interventi di plastica sui tendini"
      }, {
        "code": "8389",
        "display": "Altri interventi di plastica sulle fasce"
      } ]
    } ]
  }
}