{
  "resourceType": "ValueSet",
  "url": "http://hl7.org/fhir/sid/icd-9-cm-1557",
  "version": "1.0",
  "name": "Procedure-Altri interventi sul cordone spermatico, sull' epididimo e sui dotti deferenti",
  "title": "Altri interventi sul cordone spermatico, sull' epididimo e sui dotti deferenti",
  "status": "active",
  "compose": {
    "include": [ {
      "system": "http://hl7.org/fhir/sid/icd-9-cm",
      "concept": [ {
        "code": "6391",
        "display": "Aspirazione di spermatocele"
      }, {
        "code": "6392",
        "display": "Epididimotomia"
      }, {
        "code": "6393",
        "display": "Incisione del cordone spermatico"
      }, {
        "code": "6394",
        "display": "Lisi del cordone spermatico e cremasterolisi"
      }, {
        "code": "6395",
        "display": "Inserimento di valvole nei dotti deferenti"
      }, {
        "code": "6399",
        "display": "Altri interventi sul cordone spermatico, sull' epididimo e sui dotti deferenti"
      }, {
        "code": "64",
        "display": "Interventi sul pene"
      } ]
    } ]
  }
}