{
  "resourceType": "ValueSet",
  "url": "http://hl7.org/fhir/sid/icd-9-cm-1415",
  "version": "1.0",
  "name": "Procedure-Altra resezione del retto",
  "title": "Altra resezione del retto",
  "status": "active",
  "compose": {
    "include": [ {
      "system": "http://hl7.org/fhir/sid/icd-9-cm",
      "concept": [ {
        "code": "4861",
        "display": "Rettosigmoidectomia transsacrale"
      }, {
        "code": "4862",
        "display": "Resezione anteriore del retto con contemporanea coIostomia"
      }, {
        "code": "4863",
        "display": "Altra resezione anteriore del retto"
      }, {
        "code": "4864",
        "display": "Resezione posteriore del retto"
      }, {
        "code": "4865",
        "display": "Resezione del retto secondo Duhamel"
      }, {
        "code": "4869",
        "display": "Altra resezione del retto"
      } ]
    } ]
  }
}