{
  "resourceType": "ValueSet",
  "url": "http://hl7.org/fhir/sid/icd-9-cm-1859",
  "version": "1.0",
  "name": "Procedure-Altre procedure varie",
  "title": "Altre procedure varie",
  "status": "active",
  "compose": {
    "include": [ {
      "system": "http://hl7.org/fhir/sid/icd-9-cm",
      "concept": [ {
        "code": "9991",
        "display": "Agopuntura per anestesia"
      }, {
        "code": "9992",
        "display": "Altra agopuntura"
      }, {
        "code": "9993",
        "display": "Massaggio rettale (per spasmo dell' elevatore)"
      }, {
        "code": "9994",
        "display": "Massaggio prostatico"
      }, {
        "code": "9995",
        "display": "Stiramento del prepuzio"
      }, {
        "code": "9996",
        "display": "Raccolta di sperma per inseminazione artificiale"
      }, {
        "code": "9997",
        "display": "Messa a punto della dentatura"
      }, {
        "code": "9998",
        "display": "Estrazione di latte da seno in allattamento"
      }, {
        "code": "9999",
        "display": "Altre"
      } ]
    } ]
  }
}