{
  "resourceType": "ValueSet",
  "url": "http://hl7.org/fhir/sid/icd-9-cm-1296",
  "version": "1.0",
  "name": "Procedure-Interventi sul diaframma",
  "title": "Interventi sul diaframma",
  "status": "active",
  "compose": {
    "include": [ {
      "system": "http://hl7.org/fhir/sid/icd-9-cm",
      "concept": [ {
        "code": "3481",
        "display": "Asportazione di lesione o tessuto del diaframma"
      }, {
        "code": "3482",
        "display": "Sutura di lacerazione del diaframma"
      }, {
        "code": "3483",
        "display": "Chiusura di fistola del diaframma"
      }, {
        "code": "3484",
        "display": "Altra riparazione del diaframma"
      }, {
        "code": "3485",
        "display": "Impianto di pace-maker nel diaframma"
      }, {
        "code": "3489",
        "display": "Altri interventi sul diaframma"
      } ]
    } ]
  }
}