{
  "resourceType": "ValueSet",
  "url": "http://hl7.org/fhir/sid/icd-9-cm-1419",
  "version": "1.0",
  "name": "Procedure-Incisione o asportazione di tessuti perianali",
  "title": "Incisione o asportazione di tessuti perianali",
  "status": "active",
  "compose": {
    "include": [ {
      "system": "http://hl7.org/fhir/sid/icd-9-cm",
      "concept": [ {
        "code": "4901",
        "display": "Incisione di ascesso perianale"
      }, {
        "code": "4902",
        "display": "Altra incisione di tessuti perianali"
      }, {
        "code": "4903",
        "display": "Asportazione di appendice cutanea perianale"
      }, {
        "code": "4904",
        "display": "Altra asportazione di tessuti perianali"
      } ]
    } ]
  }
}