{
  "resourceType": "ValueSet",
  "url": "http://hl7.org/fhir/sid/icd-9-cm-1836",
  "version": "1.0",
  "name": "Procedure-Altra ventilazione meccanica continua",
  "title": "Altra ventilazione meccanica continua",
  "status": "active",
  "compose": {
    "include": [ {
      "system": "http://hl7.org/fhir/sid/icd-9-cm",
      "concept": [ {
        "code": "9670",
        "display": "Ventilazione meccanica continua di durata non specificata"
      }, {
        "code": "9671",
        "display": "Ventilazione meccanica continua per meno di 96 ore consecutive"
      }, {
        "code": "9672",
        "display": "Ventilazione meccanica continua per 96 ore consecutive o più"
      }, {
        "code": "97",
        "display": "Sostituzione e rimozione di sussidio terapeutico"
      } ]
    } ]
  }
}