{
  "resourceType": "ValueSet",
  "url": "http://hl7.org/fhir/sid/icd-9-cm-1577",
  "version": "1.0",
  "name": "Procedure-Demolizione od occlusione endoscopica bilaterale delle tube",
  "title": "Demolizione od occlusione endoscopica bilaterale delle tube",
  "status": "active",
  "compose": {
    "include": [ {
      "system": "http://hl7.org/fhir/sid/icd-9-cm",
      "concept": [ {
        "code": "6621",
        "display": "Legatura e clampaggio endoscopico bilaterale delle tube"
      }, {
        "code": "6622",
        "display": "Legatura e sezione endoscopica bilaterale delle tube"
      }, {
        "code": "6629",
        "display": "Altra demolizione od occlusione endoscopica bilaterale delle tube"
      } ]
    } ]
  }
}