{
  "resourceType": "ValueSet",
  "url": "http://hl7.org/fhir/sid/icd-9-cm-1348",
  "version": "1.0",
  "name": "Procedure-Asportazione radicale di altri linfonodi",
  "title": "Asportazione radicale di altri linfonodi",
  "status": "active",
  "compose": {
    "include": [ {
      "system": "http://hl7.org/fhir/sid/icd-9-cm",
      "concept": [ {
        "code": "4050",
        "display": "Asportazione radicale di linfonodi, SAI"
      }, {
        "code": "4051",
        "display": "Asportazione radicale dei linfonodi ascellari"
      }, {
        "code": "4052",
        "display": "Asportazione radicale dei linfonodi periaortici"
      }, {
        "code": "4053",
        "display": "Asportazione radicale dei linfonodi iliaci"
      }, {
        "code": "4054",
        "display": "Dissezione radicale della regione inguinale"
      }, {
        "code": "4059",
        "display": "Asportazione radicale di altri linfonodi"
      } ]
    } ]
  }
}