{
  "resourceType": "ValueSet",
  "url": "http://hl7.org/fhir/sid/icd-9-cm-1302",
  "version": "1.0",
  "name": "Procedure-Produzione di difetto settale nel cuore",
  "title": "Produzione di difetto settale nel cuore",
  "status": "active",
  "compose": {
    "include": [ {
      "system": "http://hl7.org/fhir/sid/icd-9-cm",
      "concept": [ {
        "code": "3541",
        "display": "Allargamento di difetto esistente del setto atriale"
      }, {
        "code": "3542",
        "display": "Creazione di difetto settale nel cuore"
      } ]
    } ]
  }
}