{
  "resourceType": "ValueSet",
  "url": "http://hl7.org/fhir/sid/icd-9-cm-1732",
  "version": "1.0",
  "name": "Procedure-Intervento di plastica sulla mano con innesto o impianto",
  "title": "Intervento di plastica sulla mano con innesto o impianto",
  "status": "active",
  "compose": {
    "include": [ {
      "system": "http://hl7.org/fhir/sid/icd-9-cm",
      "concept": [ {
        "code": "8271",
        "display": "Ricostruzione di puleggia tendinea"
      }, {
        "code": "8272",
        "display": "Intervento di plastica sulla mano con innesto di muscolo o fascia muscolare"
      }, {
        "code": "8279",
        "display": "Intervento di plastica sulla mano con altro innesto o impianto"
      } ]
    } ]
  }
}