{
  "resourceType": "ValueSet",
  "url": "http://hl7.org/fhir/sid/icd-9-cm-1442",
  "version": "1.0",
  "name": "Procedure-Asportazione o demolizione locale di lesione o tessuto del dotto biliare e dello sfintere di Oddi",
  "title": "Asportazione o demolizione locale di lesione o tessuto del dotto biliare e dello sfintere di Oddi",
  "status": "active",
  "compose": {
    "include": [ {
      "system": "http://hl7.org/fhir/sid/icd-9-cm",
      "concept": [ {
        "code": "5161",
        "display": "Asportazione del dotto cistico residuo"
      }, {
        "code": "5162",
        "display": "Asportazione dell' ampolla di Vater con reimpianto del dotto comune"
      }, {
        "code": "5163",
        "display": "Altra asportazione del dotto biliare comune"
      }, {
        "code": "5164",
        "display": "Asportazione o demolizione endoscopica di lesione dei dotti biliari o dello sfintere di Oddi"
      }, {
        "code": "5169",
        "display": "Asportazione di altro dotto biliare"
      } ]
    } ]
  }
}