{
  "resourceType": "ValueSet",
  "url": "http://hl7.org/fhir/sid/icd-9-cm-1833",
  "version": "1.0",
  "name": "Procedure-Irrigazione, pulizia e instillazione locale di altri organi dell' apparato digerente e genitourinario",
  "title": "Irrigazione, pulizia e instillazione locale di altri organi dell' apparato digerente e genitourinario",
  "status": "active",
  "compose": {
    "include": [ {
      "system": "http://hl7.org/fhir/sid/icd-9-cm",
      "concept": [ {
        "code": "9641",
        "display": "Irrigazione di colecistostomia e altro tubo biliare"
      }, {
        "code": "9642",
        "display": "Irrigazione di tubo pancreatico"
      }, {
        "code": "9643",
        "display": "Instillazione del tratto digerente, eccetto alimentazione mediante sonda gastrica"
      }, {
        "code": "9644",
        "display": "Doccia vaginale"
      }, {
        "code": "9645",
        "display": "Irrigazione di nefrostomia e pielostomia"
      }, {
        "code": "9646",
        "display": "Irrigazione di ureterostomia e catetere ureterale"
      }, {
        "code": "9647",
        "display": "Irrigazione di cistostomia"
      }, {
        "code": "9648",
        "display": "Irrigazione di altro catetere urinario a permanenza"
      }, {
        "code": "9649",
        "display": "Altra instillazione genitourinaria"
      } ]
    } ]
  }
}