{
  "resourceType": "ValueSet",
  "url": "http://hl7.org/fhir/sid/icd-9-cm-1547",
  "version": "1.0",
  "name": "Procedure-Altri interventi sul testicolo",
  "title": "Altri interventi sul testicolo",
  "status": "active",
  "compose": {
    "include": [ {
      "system": "http://hl7.org/fhir/sid/icd-9-cm",
      "concept": [ {
        "code": "6291",
        "display": "Aspirazione del testicolo"
      }, {
        "code": "6292",
        "display": "Iniezione di sostanze terapeutiche nel testicolo"
      }, {
        "code": "6299",
        "display": "Altri interventi sul testicolo"
      }, {
        "code": "63",
        "display": "Interventi sul cordone spermatico, epididimo e sui dotti deferenti"
      } ]
    } ]
  }
}