{
  "resourceType": "ValueSet",
  "url": "http://hl7.org/fhir/sid/icd-9-cm-1723",
  "version": "1.0",
  "name": "Procedure-Artroplastica e riparazione della spalla e del gomito",
  "title": "Artroplastica e riparazione della spalla e del gomito",
  "status": "active",
  "compose": {
    "include": [ {
      "system": "http://hl7.org/fhir/sid/icd-9-cm",
      "concept": [ {
        "code": "8180",
        "display": "Sostituzione totale della spalla (con protesi sintetica)"
      }, {
        "code": "8181",
        "display": "Sostituzione parziale della spalla (con protesi sintetica)"
      }, {
        "code": "8182",
        "display": "Riparazione di lussazione ricorrente della spalla"
      }, {
        "code": "8183",
        "display": "Altra riparazione della spalla"
      }, {
        "code": "8184",
        "display": "Sostituzione totale del gomito"
      }, {
        "code": "8185",
        "display": "Altra riparazione del gomito"
      } ]
    } ]
  }
}