{
  "resourceType": "ValueSet",
  "url": "http://hl7.org/fhir/sid/icd-9-cm-1335",
  "version": "1.0",
  "name": "Procedure-Altre anastomosi o bypass vascolari",
  "title": "Altre anastomosi o bypass vascolari",
  "status": "active",
  "compose": {
    "include": [ {
      "system": "http://hl7.org/fhir/sid/icd-9-cm",
      "concept": [ {
        "code": "3921",
        "display": "Anastomosi vena cava e arteria polmonare"
      }, {
        "code": "3922",
        "display": "Bypass aorto-succlavio-carotideo"
      }, {
        "code": "3923",
        "display": "Altra anastomosi o bypass vascolare intratoracico"
      }, {
        "code": "3924",
        "display": "Bypass aorto-renale"
      }, {
        "code": "3925",
        "display": "Bypass aorto-iliaco-femorale"
      }, {
        "code": "3926",
        "display": "Altri anastomosi o bypass vascolari intraaddominali"
      }, {
        "code": "3927",
        "display": "Arteriovenostomia per dialisi renale"
      }, {
        "code": "3928",
        "display": "Bypass vascolare extracranico-intracranico (EC-IC)"
      }, {
        "code": "3929",
        "display": "Altri anastomosi o bypass vascolari (periferici)"
      } ]
    } ]
  }
}