{
  "resourceType": "ValueSet",
  "url": "http://hl7.org/fhir/sid/icd-9-cm-1421",
  "version": "1.0",
  "name": "Procedure-Procedure diagnostiche sull' ano e sui tessuti perianali",
  "title": "Procedure diagnostiche sull' ano e sui tessuti perianali",
  "status": "active",
  "compose": {
    "include": [ {
      "system": "http://hl7.org/fhir/sid/icd-9-cm",
      "concept": [ {
        "code": "4921",
        "display": "Anoscopia"
      }, {
        "code": "4922",
        "display": "Biopsia dei tessuti perianali"
      }, {
        "code": "4923",
        "display": "Biopsia dell' ano"
      }, {
        "code": "4929",
        "display": "Altre procedure diagnostiche sull' ano e sui tessuti perianali"
      } ]
    } ]
  }
}