{
  "resourceType": "ValueSet",
  "url": "http://hl7.org/fhir/sid/icd-9-cm-1395",
  "version": "1.0",
  "name": "Procedure-Esteriorizzazione dell' intestino",
  "title": "Esteriorizzazione dell' intestino",
  "status": "active",
  "compose": {
    "include": [ {
      "system": "http://hl7.org/fhir/sid/icd-9-cm",
      "concept": [ {
        "code": "4601",
        "display": "Esteriorizzazione dell' intestino tenue"
      }, {
        "code": "4602",
        "display": "Resezione di segmento esteriorizzato dell' intestino tenue"
      }, {
        "code": "4603",
        "display": "Esteriorizzazione dell' intestino crasso"
      }, {
        "code": "4604",
        "display": "Resezione di segmento esteriorizzato dell' intestino crasso"
      } ]
    } ]
  }
}