{
  "resourceType": "ValueSet",
  "url": "http://hl7.org/fhir/sid/icd-9-cm-1033",
  "version": "1.0",
  "name": "Procedure-Altri interventi sul midollo e sulle strutture del canale vertebrale",
  "title": "Altri interventi sul midollo e sulle strutture del canale vertebrale",
  "status": "active",
  "compose": {
    "include": [ {
      "system": "http://hl7.org/fhir/sid/icd-9-cm",
      "concept": [ {
        "code": "0390",
        "display": "Inserzione di catetere nel canale vertebrale per infusione di sostanze terapeutiche o palliative"
      }, {
        "code": "0391",
        "display": "Iniezione di anestetico nel canale vertebrale per analgesia"
      }, {
        "code": "0392",
        "display": "Iniezione di altri farmaci nel canale vertebrale"
      }, {
        "code": "0393",
        "display": "Impianto o sostituzione di elettrodo/i di neurostimolatore spinale"
      }, {
        "code": "0394",
        "display": "Rimozione di elettrodo/i del neurostimolatore spinale"
      }, {
        "code": "0395",
        "display": "Spinal blood patch"
      }, {
        "code": "0396",
        "display": "Denervazione percutanea della faccetta articolare"
      }, {
        "code": "0397",
        "display": "Revisione di anastomosi spinale"
      }, {
        "code": "0398",
        "display": "Rimozione di anastomosi spinale"
      }, {
        "code": "0399",
        "display": "Altri interventi sul midollo spinale e sulle strutture del canale vertebrale"
      }, {
        "code": "04",
        "display": "Interventi sui nervi cranici e periferici"
      } ]
    } ]
  }
}