{
  "resourceType": "ValueSet",
  "url": "http://hl7.org/fhir/sid/icd-9-cm-1614",
  "version": "1.0",
  "name": "Procedure-Asportazione o demolizione locale della vagina e del cul-de-sac",
  "title": "Asportazione o demolizione locale della vagina e del cul-de-sac",
  "status": "active",
  "compose": {
    "include": [ {
      "system": "http://hl7.org/fhir/sid/icd-9-cm",
      "concept": [ {
        "code": "7031",
        "display": "Imenectomia"
      }, {
        "code": "7032",
        "display": "Asportazione o demolizione di lesione del cul de sac"
      }, {
        "code": "7033",
        "display": "Asportazione o demolizione di lesione della vagina"
      } ]
    } ]
  }
}