{
  "resourceType": "ValueSet",
  "url": "http://hl7.org/fhir/sid/icd-9-cm-1678",
  "version": "1.0",
  "name": "Procedure-Altra sezione dell' osso",
  "title": "Altra sezione dell' osso",
  "status": "active",
  "compose": {
    "include": [ {
      "system": "http://hl7.org/fhir/sid/icd-9-cm",
      "concept": [ {
        "code": "7730",
        "display": "Altra sezione dell' osso, sede non specificata"
      }, {
        "code": "7731",
        "display": "Altra sezione della scapola, clavicola e torace (coste e sterno)"
      }, {
        "code": "7732",
        "display": "Altra sezione dell' omero"
      }, {
        "code": "7733",
        "display": "Altra sezione del radio e dell' ulna"
      }, {
        "code": "7734",
        "display": "Altra sezione del carpo e metacarpo"
      }, {
        "code": "7735",
        "display": "Altra sezione del femore"
      }, {
        "code": "7736",
        "display": "Altra sezione della rotula"
      }, {
        "code": "7737",
        "display": "Altra sezione della tibia e fibula"
      }, {
        "code": "7738",
        "display": "Altra sezione del tarso e metatarso"
      }, {
        "code": "7739",
        "display": "Altra sezione di altre ossa, escluse quelle facciali"
      } ]
    } ]
  }
}