{
  "resourceType": "ValueSet",
  "url": "http://hl7.org/fhir/sid/icd-9-cm-1102",
  "version": "1.0",
  "name": "Procedure-Asportazione o demolizione di tessuto o altra lesione della cornea",
  "title": "Asportazione o demolizione di tessuto o altra lesione della cornea",
  "status": "active",
  "compose": {
    "include": [ {
      "system": "http://hl7.org/fhir/sid/icd-9-cm",
      "concept": [ {
        "code": "1141",
        "display": "Rimozione meccanica dell' epitelio corneale"
      }, {
        "code": "1142",
        "display": "Termocauterizzazione di lesione della cornea"
      }, {
        "code": "1143",
        "display": "Crioterapia di lesione della cornea"
      }, {
        "code": "1149",
        "display": "Altra rimozione o demolizione di lesione della cornea"
      } ]
    } ]
  }
}