{
  "resourceType": "ValueSet",
  "url": "http://hl7.org/fhir/sid/icd-9-cm-1766",
  "version": "1.0",
  "name": "Procedure-Asportazione o demolizione di lesione o tessuto cutaneo e sottocutaneo",
  "title": "Asportazione o demolizione di lesione o tessuto cutaneo e sottocutaneo",
  "status": "active",
  "compose": {
    "include": [ {
      "system": "http://hl7.org/fhir/sid/icd-9-cm",
      "concept": [ {
        "code": "8621",
        "display": "Asportazione di cisti o seno pilonidale"
      }, {
        "code": "8622",
        "display": "Rimozione asportativa di ferita, infezione o ustione"
      }, {
        "code": "8623",
        "display": "Rimozione di unghia, matrice ungueale o plica ungueale"
      }, {
        "code": "8624",
        "display": "Chirurgia controllata microscopicamente secondo Mohs"
      }, {
        "code": "8625",
        "display": "Dermoabrasione"
      }, {
        "code": "8626",
        "display": "Legatura di appendice dermica"
      }, {
        "code": "8627",
        "display": "Currettage di unghia, matrice ungueale o plica ungueale Rimozione di: necrosi massa di tessuto necrotico"
      }, {
        "code": "8628",
        "display": "Rimozione non asportativa di ferita, infezione o ustione"
      } ]
    } ]
  }
}