{
  "resourceType": "ValueSet",
  "url": "http://hl7.org/fhir/sid/icd-9-cm-1531",
  "version": "1.0",
  "name": "Procedure-Incisione o escissione di tessuto periprostatico",
  "title": "Incisione o escissione di tessuto periprostatico",
  "status": "active",
  "compose": {
    "include": [ {
      "system": "http://hl7.org/fhir/sid/icd-9-cm",
      "concept": [ {
        "code": "6081",
        "display": "Drenaggio di ascesso periprostatico"
      }, {
        "code": "6082",
        "display": "Asportazione di tessuto periprostatico"
      } ]
    } ]
  }
}