{
  "resourceType": "ValueSet",
  "url": "http://hl7.org/fhir/sid/icd-9-cm-1094",
  "version": "1.0",
  "name": "Procedure-Congiuntivoplastica",
  "title": "Congiuntivoplastica",
  "status": "active",
  "compose": {
    "include": [ {
      "system": "http://hl7.org/fhir/sid/icd-9-cm",
      "concept": [ {
        "code": "1041",
        "display": "Riparazione di simblefaron con innesto libero"
      }, {
        "code": "1042",
        "display": "Ricostruzione di cul de sac congiuntivale con innesto libero"
      }, {
        "code": "1043",
        "display": "Altra ricostruzione di cul de sac congiuntivale"
      }, {
        "code": "1044",
        "display": "Altro innesto libero alla congiuntiva"
      }, {
        "code": "1049",
        "display": "Altra congiuntivoplastica"
      } ]
    } ]
  }
}