{
  "resourceType": "ValueSet",
  "url": "http://hl7.org/fhir/sid/icd-9-cm-1042",
  "version": "1.0",
  "name": "Procedure-Iniezione nei nervi periferici",
  "title": "Iniezione nei nervi periferici",
  "status": "active",
  "compose": {
    "include": [ {
      "system": "http://hl7.org/fhir/sid/icd-9-cm",
      "concept": [ {
        "code": "0480",
        "display": "Iniezione in nervo periferico, SAI"
      }, {
        "code": "0481",
        "display": "Iniezione di anestetico in nervo periferico per analgesia"
      }, {
        "code": "0489",
        "display": "Iniezione di altre sostanze, esclusi i neurolitici"
      } ]
    } ]
  }
}