{
  "resourceType": "ValueSet",
  "url": "http://hl7.org/fhir/sid/icd-9-cm-1750",
  "version": "1.0",
  "name": "Procedure-Impianto di altri dispositivi o materiali muscoloscheletrici",
  "title": "Impianto di altri dispositivi o materiali muscoloscheletrici",
  "status": "active",
  "compose": {
    "include": [ {
      "system": "http://hl7.org/fhir/sid/icd-9-cm",
      "concept": [ {
        "code": "8451",
        "display": "Inserzione di dispositivo di fusione tra i corpi vertebrali"
      }, {
        "code": "8452",
        "display": "Inserzione di proteine dell' osso morfogenetiche ricombinanti rhBMP con spugna collagena, corallo, ceramica e altri carriers"
      }, {
        "code": "8453",
        "display": "Impianto di dispositivo interno di allungamento dell' arto con distrazione cinetica"
      }, {
        "code": "8454",
        "display": "Impianto di altro dispositivo interno di allungamento dell' arto"
      }, {
        "code": "8455",
        "display": "Inserzione di sostanza riempitiva dell' osso"
      }, {
        "code": "8456",
        "display": "Inserzione spaziatore di cemento"
      }, {
        "code": "8457",
        "display": "Rimozione spaziatore di cemento"
      }, {
        "code": "8458",
        "display": "Impianto di dispositivo di decompressione del processo interspinoso"
      }, {
        "code": "8459",
        "display": "Inserzione di altri dispositivi spinali"
      } ]
    } ]
  }
}