{
  "resourceType": "ValueSet",
  "url": "http://hl7.org/fhir/sid/icd-9-cm-1477",
  "version": "1.0",
  "name": "Procedure-Procedure diagnostiche pielorenali",
  "title": "Procedure diagnostiche pielorenali",
  "status": "active",
  "compose": {
    "include": [ {
      "system": "http://hl7.org/fhir/sid/icd-9-cm",
      "concept": [ {
        "code": "5521",
        "display": "Nefroscopia (chirurgica o percutanea)"
      }, {
        "code": "5522",
        "display": "Pieloscopia (chirurgica o percutanea)"
      }, {
        "code": "5523",
        "display": "Biopsia percutanea [agobiopsia] del rene alla cieca, ecoguidata, TAC-guidata, endoscopica"
      }, {
        "code": "5524",
        "display": "Biopsia renale a cielo aperto"
      }, {
        "code": "5529",
        "display": "Altre procedure diagnostiche sul rene"
      } ]
    } ]
  }
}