{
  "resourceType": "ValueSet",
  "url": "http://hl7.org/fhir/sid/icd-9-cm-1739",
  "version": "1.0",
  "name": "Procedure-Altra asportazione di muscoli, tendini e fasce",
  "title": "Altra asportazione di muscoli, tendini e fasce",
  "status": "active",
  "compose": {
    "include": [ {
      "system": "http://hl7.org/fhir/sid/icd-9-cm",
      "concept": [ {
        "code": "8341",
        "display": "Asportazione di tendini per innesti"
      }, {
        "code": "8342",
        "display": "Altra tendinectomia"
      }, {
        "code": "8343",
        "display": "Asportazione di muscoli o fasce per innesto"
      }, {
        "code": "8344",
        "display": "Altra fascectomia"
      }, {
        "code": "8345",
        "display": "Altra miectomia"
      }, {
        "code": "8349",
        "display": "Altra asportazione di tessuti molli"
      } ]
    } ]
  }
}