{
  "resourceType": "ValueSet",
  "url": "http://hl7.org/fhir/sid/icd-9-cm-1027",
  "version": "1.0",
  "name": "Procedure-Procedure diagnostiche sul midollo spinale e sulle strutture del canale vertebrale",
  "title": "Procedure diagnostiche sul midollo spinale e sulle strutture del canale vertebrale",
  "status": "active",
  "compose": {
    "include": [ {
      "system": "http://hl7.org/fhir/sid/icd-9-cm",
      "concept": [ {
        "code": "0331",
        "display": "Rachicentesi"
      }, {
        "code": "0332",
        "display": "Biopsia di lesione spinale"
      }, {
        "code": "0339",
        "display": "Altre procedure diagnostiche sul midollo spinale e sulle strutture del canale vertebrale"
      } ]
    } ]
  }
}