{
  "resourceType": "ValueSet",
  "url": "http://hl7.org/fhir/sid/icd-9-cm-1023",
  "version": "1.0",
  "name": "Procedure-Altri interventi su cranio, cervello e meningi cerebrali",
  "title": "Altri interventi su cranio, cervello e meningi cerebrali",
  "status": "active",
  "compose": {
    "include": [ {
      "system": "http://hl7.org/fhir/sid/icd-9-cm",
      "concept": [ {
        "code": "0291",
        "display": "Separazione di aderenze corticali"
      }, {
        "code": "0292",
        "display": "Interventi riparativi del cervello"
      }, {
        "code": "0293",
        "display": "Impianto o sostituzione di elettrodo/i del neurostimolatore intracranico"
      }, {
        "code": "0294",
        "display": "Applicazione o sostituzione di trazione transcranica o dispositivo di halo"
      }, {
        "code": "0295",
        "display": "Rimozione di trazione transcranica o dispositivo di halo"
      }, {
        "code": "0296",
        "display": "Applicazione di elettrodi sfenoidali"
      }, {
        "code": "0299",
        "display": "Altri interventi sul cranio, sul cervello e sulle meningi"
      }, {
        "code": "03",
        "display": "Interventi sul midollo spinale e sulle strutture del canale vertebrale"
      } ]
    } ]
  }
}