{
  "resourceType": "ValueSet",
  "url": "http://hl7.org/fhir/sid/icd-9-cm-1380",
  "version": "1.0",
  "name": "Procedure-Gastroenterostomia senza gastrectomia",
  "title": "Gastroenterostomia senza gastrectomia",
  "status": "active",
  "compose": {
    "include": [ {
      "system": "http://hl7.org/fhir/sid/icd-9-cm",
      "concept": [ {
        "code": "4431",
        "display": "Bypass gastrico alto"
      }, {
        "code": "4432",
        "display": "Gastrodigiunostomia percutanea [endo-scopica]"
      }, {
        "code": "4438",
        "display": "Gastroenterostomia laparoscopica"
      }, {
        "code": "4439",
        "display": "Altra gastroenterostomia senza gastrectomia"
      } ]
    } ]
  }
}