{
  "resourceType": "ValueSet",
  "url": "http://hl7.org/fhir/sid/icd-9-cm-1438",
  "version": "1.0",
  "name": "Procedure-Colecistectomia",
  "title": "Colecistectomia",
  "status": "active",
  "compose": {
    "include": [ {
      "system": "http://hl7.org/fhir/sid/icd-9-cm",
      "concept": [ {
        "code": "5121",
        "display": "Altra colecistectomia parziale"
      }, {
        "code": "5122",
        "display": "Colecistectomia"
      }, {
        "code": "5123",
        "display": "Colecistectomia laparoscopica"
      }, {
        "code": "5124",
        "display": "Colecistectomia parziale laparoscopica"
      } ]
    } ]
  }
}