{
  "resourceType": "ValueSet",
  "url": "http://hl7.org/fhir/sid/icd-9-cm-1562",
  "version": "1.0",
  "name": "Procedure-Interventi di riparazione e di plastica del pene",
  "title": "Interventi di riparazione e di plastica del pene",
  "status": "active",
  "compose": {
    "include": [ {
      "system": "http://hl7.org/fhir/sid/icd-9-cm",
      "concept": [ {
        "code": "6441",
        "display": "Sutura di lacerazione del pene"
      }, {
        "code": "6442",
        "display": "Rilasciamento della corda penis"
      }, {
        "code": "6443",
        "display": "Costruzione del pene"
      }, {
        "code": "6444",
        "display": "Ricostruzione del pene"
      }, {
        "code": "6445",
        "display": "Reimpianto del pene"
      }, {
        "code": "6449",
        "display": "Altra riparazione del pene"
      } ]
    } ]
  }
}