{
  "resourceType": "ValueSet",
  "url": "http://hl7.org/fhir/sid/icd-9-cm-1029",
  "version": "1.0",
  "name": "Procedure-Interventi di plastica sulle strutture del midollo",
  "title": "Interventi di plastica sulle strutture del midollo",
  "status": "active",
  "compose": {
    "include": [ {
      "system": "http://hl7.org/fhir/sid/icd-9-cm",
      "concept": [ {
        "code": "0351",
        "display": "Riparazione di meningocele spinale"
      }, {
        "code": "0352",
        "display": "Riparazione di mielomeningocele spinale"
      }, {
        "code": "0353",
        "display": "Riparazione di fratture vertebrali"
      }, {
        "code": "0359",
        "display": "Altri interventi di riparazione e di plastica sul midollo spinale"
      } ]
    } ]
  }
}