{
  "resourceType": "ValueSet",
  "url": "http://hl7.org/fhir/sid/icd-9-cm-1182",
  "version": "1.0",
  "name": "Procedure-Controllo di epistassi",
  "title": "Controllo di epistassi",
  "status": "active",
  "compose": {
    "include": [ {
      "system": "http://hl7.org/fhir/sid/icd-9-cm",
      "concept": [ {
        "code": "2100",
        "display": "Controllo di epistassi, SAI"
      }, {
        "code": "2101",
        "display": "Controllo di epistassi mediante tamponamento nasale anteriore"
      }, {
        "code": "2102",
        "display": "Controllo di epistassi mediante tamponamento nasale posteriore (e anteriore)"
      }, {
        "code": "2103",
        "display": "Controllo di epistassi mediante cauterizzazione (e tamponamento)"
      }, {
        "code": "2104",
        "display": "Controllo di epistassi mediante legatura delle arterie etmoidali"
      }, {
        "code": "2105",
        "display": "Controllo di epistassi mediante legatura (transantrale) della arteria mascellare"
      }, {
        "code": "2106",
        "display": "Controllo di epistassi mediante legatura dell' arteria carotide esterna"
      }, {
        "code": "2107",
        "display": "Controllo di epistassi mediante asportazione della mucosa nasale e innesto di cute del setto e della parete laterale del naso"
      }, {
        "code": "2109",
        "display": "Controllo di epistassi con altre procedure"
      } ]
    } ]
  }
}