{
  "resourceType": "ValueSet",
  "url": "http://hl7.org/fhir/sid/icd-9-cm-1402",
  "version": "1.0",
  "name": "Procedure-Altra riparazione dell' intestino",
  "title": "Altra riparazione dell' intestino",
  "status": "active",
  "compose": {
    "include": [ {
      "system": "http://hl7.org/fhir/sid/icd-9-cm",
      "concept": [ {
        "code": "4671",
        "display": "Sutura di lacerazione del duodeno"
      }, {
        "code": "4672",
        "display": "Chiusura di fistola del duodeno"
      }, {
        "code": "4673",
        "display": "Sutura di lacerazione dell' intestino tenue eccetto il duodeno"
      }, {
        "code": "4674",
        "display": "Chiusura di fistola dell' intestino tenue, eccetto il duodeno"
      }, {
        "code": "4675",
        "display": "Sutura di lacerazione dell' intestino crasso"
      }, {
        "code": "4676",
        "display": "Chiusura di fistola dell' intestino crasso"
      }, {
        "code": "4679",
        "display": "Altra riparazione dell' intestino"
      } ]
    } ]
  }
}