{
  "resourceType": "ValueSet",
  "url": "http://hl7.org/fhir/sid/icd-9-cm-1770",
  "version": "1.0",
  "name": "Procedure-Innesto cutaneo libero",
  "title": "Innesto cutaneo libero",
  "status": "active",
  "compose": {
    "include": [ {
      "system": "http://hl7.org/fhir/sid/icd-9-cm",
      "concept": [ {
        "code": "8660",
        "display": "Innesto cutaneo libero, SAI"
      }, {
        "code": "8661",
        "display": "Innesto di cute a tutto spessore sulla mano"
      }, {
        "code": "8662",
        "display": "Altro innesto di cute sulla mano"
      }, {
        "code": "8663",
        "display": "Innesto di cute a tutto spessore in altra sede"
      }, {
        "code": "8664",
        "display": "Trapianto di capelli"
      }, {
        "code": "8665",
        "display": "Eteroinnesto sulla cute"
      }, {
        "code": "8666",
        "display": "Omoinnesto sulla cute"
      }, {
        "code": "8667",
        "display": "Innesto di derma rigenerativo"
      }, {
        "code": "8669",
        "display": "Altro innesto di cute su altre sedi (Innesto: di derma, adiposo, dermo-adiposo, di cartilagine SAI)"
      } ]
    } ]
  }
}