{
  "resourceType": "ValueSet",
  "url": "http://hl7.org/fhir/sid/icd-9-cm-1422",
  "version": "1.0",
  "name": "Procedure-Asportazione o demolizione locale di altra lesione o tessuto dell' ano",
  "title": "Asportazione o demolizione locale di altra lesione o tessuto dell' ano",
  "status": "active",
  "compose": {
    "include": [ {
      "system": "http://hl7.org/fhir/sid/icd-9-cm",
      "concept": [ {
        "code": "4931",
        "display": "Asportazione endoscopica o demolizione di lesione o tessuto dell' ano"
      }, {
        "code": "4939",
        "display": "Altra asportazione o demolizione locale di lesione o tessuto dell' ano"
      } ]
    } ]
  }
}