{
  "resourceType": "ValueSet",
  "url": "http://hl7.org/fhir/sid/icd-9-cm-1236",
  "version": "1.0",
  "name": "Procedure-Asportazione di altre parti della bocca",
  "title": "Asportazione di altre parti della bocca",
  "status": "active",
  "compose": {
    "include": [ {
      "system": "http://hl7.org/fhir/sid/icd-9-cm",
      "concept": [ {
        "code": "2741",
        "display": "Frenulectomia labiale"
      }, {
        "code": "2742",
        "display": "Ampia asportazione di lesione del labbro"
      }, {
        "code": "2743",
        "display": "Altra asportazione di lesione o tessuto del labbro"
      }, {
        "code": "2749",
        "display": "Altra asportazione della bocca"
      } ]
    } ]
  }
}