{
  "resourceType": "ValueSet",
  "url": "http://hl7.org/fhir/sid/icd-9-cm-1218",
  "version": "1.0",
  "name": "Procedure-Altri interventi sui denti",
  "title": "Altri interventi sui denti",
  "status": "active",
  "compose": {
    "include": [ {
      "system": "http://hl7.org/fhir/sid/icd-9-cm",
      "concept": [ {
        "code": "2491",
        "display": "Estensione o approfondimento del solco linguale o labiale"
      }, {
        "code": "2499",
        "display": "Altri interventi sui denti"
      }, {
        "code": "25",
        "display": "Interventi sulla lingua"
      } ]
    } ]
  }
}