{
  "resourceType": "ValueSet",
  "url": "http://hl7.org/fhir/sid/icd-9-cm-1132",
  "version": "1.0",
  "name": "Procedure-Altra riparazione di distacco retinico",
  "title": "Altra riparazione di distacco retinico",
  "status": "active",
  "compose": {
    "include": [ {
      "system": "http://hl7.org/fhir/sid/icd-9-cm",
      "concept": [ {
        "code": "1451",
        "display": "Riparazione di distacco retinico mediante diatermia"
      }, {
        "code": "1452",
        "display": "Riparazione di distacco retinico con crioterapia"
      }, {
        "code": "1453",
        "display": "Riparazione di distacco retinico mediante fotocoagulazione xenon"
      }, {
        "code": "1454",
        "display": "Riparazione di distacco retinico mediante fotocoagulazione laser"
      }, {
        "code": "1455",
        "display": "Riparazione di distacco retinico mediante fotocoagulazione di tipo non specificato"
      }, {
        "code": "1459",
        "display": "Altra riparazione di distacco retinico"
      } ]
    } ]
  }
}