{
  "resourceType": "ValueSet",
  "url": "http://hl7.org/fhir/sid/icd-9-cm-1591",
  "version": "1.0",
  "name": "Procedure-Altra riparazione della cervice",
  "title": "Altra riparazione della cervice",
  "status": "active",
  "compose": {
    "include": [ {
      "system": "http://hl7.org/fhir/sid/icd-9-cm",
      "concept": [ {
        "code": "6761",
        "display": "Sutura di lacerazione della cervice"
      }, {
        "code": "6762",
        "display": "Riparazione di fistola della cervice"
      }, {
        "code": "6769",
        "display": "Altra riparazione della cervice"
      }, {
        "code": "68",
        "display": "Altra incisione od asportazione dell' utero"
      } ]
    } ]
  }
}