{
  "resourceType": "ValueSet",
  "url": "http://hl7.org/fhir/sid/icd-9-cm-1674",
  "version": "1.0",
  "name": "Procedure-Altri interventi sulle ossa e articolazioni facciali",
  "title": "Altri interventi sulle ossa e articolazioni facciali",
  "status": "active",
  "compose": {
    "include": [ {
      "system": "http://hl7.org/fhir/sid/icd-9-cm",
      "concept": [ {
        "code": "7691",
        "display": "Innesto osseo su ossa facciali"
      }, {
        "code": "7692",
        "display": "Inserzione di protesi nelle ossa facciali"
      }, {
        "code": "7693",
        "display": "Riduzione chiusa di lussazione temporomandibolare"
      }, {
        "code": "7694",
        "display": "Riduzione aperta di lussazione temporomandibolare"
      }, {
        "code": "7695",
        "display": "Altra manipolazione di articolazione temporomandibolare"
      }, {
        "code": "7696",
        "display": "Iniezione di sostanza terapeutica nell' articolazione temporomandibolare"
      }, {
        "code": "7697",
        "display": "Rimozione di mezzi di fissazione interna dalle ossa facciali"
      }, {
        "code": "7699",
        "display": "Altri interventi sulle ossa e articolazioni facciali"
      }, {
        "code": "77",
        "display": "Incisione, asportazione e sezione di altre ossa"
      } ]
    } ]
  }
}