{
  "resourceType": "ValueSet",
  "url": "http://hl7.org/fhir/sid/icd-9-cm-1021",
  "version": "1.0",
  "name": "Procedure-Anastomosi ventricolare extracranico",
  "title": "Anastomosi ventricolare extracranico",
  "status": "active",
  "compose": {
    "include": [ {
      "system": "http://hl7.org/fhir/sid/icd-9-cm",
      "concept": [ {
        "code": "0231",
        "display": "Anastomosi fra ventricolo e strutture della testa e del collo"
      }, {
        "code": "0232",
        "display": "Anastomosi fra ventricolo e sistema circolatorio"
      }, {
        "code": "0233",
        "display": "Anastomosi fra ventricolo e cavita' toracica"
      }, {
        "code": "0234",
        "display": "Anastomosi fra ventricolo, cavita' addominale e suoi organi"
      }, {
        "code": "0235",
        "display": "Anastomosi fra ventricolo ed apparato urinario"
      }, {
        "code": "0239",
        "display": "Altri interventi per il drenaggio ventricolare"
      } ]
    } ]
  }
}