{
  "resourceType": "ValueSet",
  "url": "http://hl7.org/fhir/sid/icd-9-cm-1210",
  "version": "1.0",
  "name": "Procedure-Procedure diagnostiche su denti, gengive e alveoli",
  "title": "Procedure diagnostiche su denti, gengive e alveoli",
  "status": "active",
  "compose": {
    "include": [ {
      "system": "http://hl7.org/fhir/sid/icd-9-cm",
      "concept": [ {
        "code": "2411",
        "display": "Biopsia della gengiva"
      }, {
        "code": "2412",
        "display": "Biopsia dell' alveolo"
      }, {
        "code": "2419",
        "display": "Altri procedure sui denti, gengive e alveoli"
      } ]
    } ]
  }
}