{
  "resourceType": "ValueSet",
  "url": "http://hl7.org/fhir/sid/icd-9-cm-1361",
  "version": "1.0",
  "name": "Procedure-Asportazione o demolizione locale di lesione o tessuto dell' esofago",
  "title": "Asportazione o demolizione locale di lesione o tessuto dell' esofago",
  "status": "active",
  "compose": {
    "include": [ {
      "system": "http://hl7.org/fhir/sid/icd-9-cm",
      "concept": [ {
        "code": "4231",
        "display": "Asportazione locale di diverticolo esofageo"
      }, {
        "code": "4232",
        "display": "Asportazione locale di altra lesione o tessuto dell' esofago"
      }, {
        "code": "4233",
        "display": "Asportazione o demolizione endoscopica di lesione o tessuto esofageo"
      }, {
        "code": "4239",
        "display": "Altra demolizione di lesione o tessuto dell' esofago"
      } ]
    } ]
  }
}