{
  "resourceType": "ValueSet",
  "url": "http://hl7.org/fhir/sid/icd-9-cm-1004",
  "version": "1.0",
  "name": "Procedure-Chirurgia computer-assistita (CAS)",
  "title": "Chirurgia computer-assistita (CAS)",
  "status": "active",
  "compose": {
    "include": [ {
      "system": "http://hl7.org/fhir/sid/icd-9-cm",
      "concept": [ {
        "code": "0031",
        "display": "Chirurgia computer-assistita con CT/CTA"
      }, {
        "code": "0032",
        "display": "Chirurgia computer-assistita con MR/MRA"
      }, {
        "code": "0033",
        "display": "Chirurgia computer-assistita con fluoroscopia"
      }, {
        "code": "0034",
        "display": "Chirurgia computer-assistita senza immagini"
      }, {
        "code": "0035",
        "display": "Chirurgia computer-assistita con dataset multipli"
      }, {
        "code": "0039",
        "display": "Altra chirurgia computer-assistita"
      } ]
    } ]
  }
}