{
  "resourceType": "ValueSet",
  "url": "http://hl7.org/fhir/sid/icd-9-cm-1613",
  "version": "1.0",
  "name": "Procedure-Procedure diagnostiche sulla vagina e sul cul-de-sac",
  "title": "Procedure diagnostiche sulla vagina e sul cul-de-sac",
  "status": "active",
  "compose": {
    "include": [ {
      "system": "http://hl7.org/fhir/sid/icd-9-cm",
      "concept": [ {
        "code": "7021",
        "display": "Vaginoscopia"
      }, {
        "code": "7022",
        "display": "Culdoscopia"
      }, {
        "code": "7023",
        "display": "Biopsia del cul de sac"
      }, {
        "code": "7024",
        "display": "Biopsia vaginale"
      }, {
        "code": "7029",
        "display": "Altre procedure diagnostiche sulla vagina e sul cul de sac"
      } ]
    } ]
  }
}