{
  "resourceType": "ValueSet",
  "url": "http://hl7.org/fhir/sid/icd-9-cm-1839",
  "version": "1.0",
  "name": "Procedure-Altre sostituzioni non operatorie",
  "title": "Altre sostituzioni non operatorie",
  "status": "active",
  "compose": {
    "include": [ {
      "system": "http://hl7.org/fhir/sid/icd-9-cm",
      "concept": [ {
        "code": "9721",
        "display": "Sostituzione di zaffo nasale"
      }, {
        "code": "9722",
        "display": "Sostituzione di zaffo dentale"
      }, {
        "code": "9723",
        "display": "Sostituzione di cannula per tracheostomia"
      }, {
        "code": "9724",
        "display": "Sostituzione e riadattamento di diaframma vaginale"
      }, {
        "code": "9725",
        "display": "Sostituzione di altro pessario vaginale"
      }, {
        "code": "9726",
        "display": "Sostituzione di zaffo o drenaggio vaginale"
      }, {
        "code": "9729",
        "display": "Altre sostituzioni non operatorie"
      } ]
    } ]
  }
}