{
  "resourceType": "ValueSet",
  "url": "http://hl7.org/fhir/sid/icd-9-cm-1178",
  "version": "1.0",
  "name": "Procedure-Fenestrazione dell' orecchio interno",
  "title": "Fenestrazione dell' orecchio interno",
  "status": "active",
  "compose": {
    "include": [ {
      "system": "http://hl7.org/fhir/sid/icd-9-cm",
      "concept": [ {
        "code": "2061",
        "display": "Fenestrazione dell' orecchio interno (iniziale)"
      }, {
        "code": "2062",
        "display": "Revisione di fenestrazione dell' orecchio interno"
      } ]
    } ]
  }
}