{
  "resourceType": "ValueSet",
  "url": "http://hl7.org/fhir/sid/icd-9-cm-1227",
  "version": "1.0",
  "name": "Procedure-Procedure diagnostiche sulle ghiandole e dotti salivari",
  "title": "Procedure diagnostiche sulle ghiandole e dotti salivari",
  "status": "active",
  "compose": {
    "include": [ {
      "system": "http://hl7.org/fhir/sid/icd-9-cm",
      "concept": [ {
        "code": "2611",
        "display": "Biopsia [agobiopsia] di ghiandola o dotto salivare"
      }, {
        "code": "2612",
        "display": "Biopsia a cielo aperto di ghiandola o dotto salivare"
      }, {
        "code": "2619",
        "display": "Altre procedure diagnostiche sulle ghiandole e dotti salivari"
      } ]
    } ]
  }
}