{
  "resourceType": "ValueSet",
  "url": "http://hl7.org/fhir/sid/icd-9-cm-1857",
  "version": "1.0",
  "name": "Procedure-Aferesi terapeutica o altra iniezione, somministrazione, o infusione di altre sostanze terapeutiche o profilattiche",
  "title": "Aferesi terapeutica o altra iniezione, somministrazione, o infusione di altre sostanze terapeutiche o profilattiche",
  "status": "active",
  "compose": {
    "include": [ {
      "system": "http://hl7.org/fhir/sid/icd-9-cm",
      "concept": [ {
        "code": "9971",
        "display": "Plasmaferesi terapeutica"
      }, {
        "code": "9972",
        "display": "Leucoaferesi terapeutica"
      }, {
        "code": "9973",
        "display": "Eritrocitoaferesi terapeutica"
      }, {
        "code": "9974",
        "display": "Piastrinoaferesi terapeutica"
      }, {
        "code": "9975",
        "display": "Somministrazione di agente neuroprotettivo"
      }, {
        "code": "9976",
        "display": "Immunoassorbimento extracorporeo"
      }, {
        "code": "9977",
        "display": "Applicazione o somministrazione di sostanza che ostacola le aderenze"
      }, {
        "code": "9978",
        "display": "Acquaferesi"
      }, {
        "code": "9979",
        "display": "Altre aferesi terapeutiche"
      } ]
    } ]
  }
}