{
  "resourceType": "ValueSet",
  "url": "http://hl7.org/fhir/sid/icd-9-cm-1397",
  "version": "1.0",
  "name": "Procedure-Ileostomia",
  "title": "Ileostomia",
  "status": "active",
  "compose": {
    "include": [ {
      "system": "http://hl7.org/fhir/sid/icd-9-cm",
      "concept": [ {
        "code": "4620",
        "display": "Ileostomia, SAI"
      }, {
        "code": "4621",
        "display": "Ileostomia temporanea"
      }, {
        "code": "4622",
        "display": "Ileostomia continente"
      }, {
        "code": "4623",
        "display": "Altra ileostomia permanente"
      }, {
        "code": "4624",
        "display": "Ileostomia in due tempi"
      } ]
    } ]
  }
}