{
  "resourceType": "ValueSet",
  "url": "http://hl7.org/fhir/sid/icd-9-cm-1381",
  "version": "1.0",
  "name": "Procedure-Controllo di emorragia e sutura di ulcera gastrica o duodenale",
  "title": "Controllo di emorragia e sutura di ulcera gastrica o duodenale",
  "status": "active",
  "compose": {
    "include": [ {
      "system": "http://hl7.org/fhir/sid/icd-9-cm",
      "concept": [ {
        "code": "4440",
        "display": "Sutura di ulcera peptica, SAI"
      }, {
        "code": "4441",
        "display": "Sutura di ulcera gastrica"
      }, {
        "code": "4442",
        "display": "Sutura di ulcera duodenale"
      }, {
        "code": "4443",
        "display": "Controllo endoscopico di sanguinamento gastrico o duodenale"
      }, {
        "code": "4444",
        "display": "Embolizzazione mediante catetere per sanguinamento gastrico o duodenale"
      }, {
        "code": "4449",
        "display": "Altro controllo di emorragia dello stomaco o del duodeno"
      } ]
    } ]
  }
}