{
  "resourceType": "ValueSet",
  "url": "http://hl7.org/fhir/sid/icd-9-cm-1097",
  "version": "1.0",
  "name": "Procedure-Altri interventi sulla congiuntiva",
  "title": "Altri interventi sulla congiuntiva",
  "status": "active",
  "compose": {
    "include": [ {
      "system": "http://hl7.org/fhir/sid/icd-9-cm",
      "concept": [ {
        "code": "1091",
        "display": "Iniezione sottocongiuntivale"
      }, {
        "code": "1099",
        "display": "Altri interventi sulla congiuntiva"
      }, {
        "code": "11",
        "display": "Interventi sulla cornea"
      } ]
    } ]
  }
}