{
  "resourceType": "ValueSet",
  "url": "http://hl7.org/fhir/sid/icd-9-cm-1444",
  "version": "1.0",
  "name": "Procedure-Altri interventi sullo sfintere di Oddi e sui dotti biliari",
  "title": "Altri interventi sullo sfintere di Oddi e sui dotti biliari",
  "status": "active",
  "compose": {
    "include": [ {
      "system": "http://hl7.org/fhir/sid/icd-9-cm",
      "concept": [ {
        "code": "5181",
        "display": "Dilatazione dello sfintere di Oddi"
      }, {
        "code": "5182",
        "display": "Sfinterotomia pancreatica"
      }, {
        "code": "5183",
        "display": "Sfinteroplastica pancreatica (Papillosfinteroplastica)"
      }, {
        "code": "5184",
        "display": "Dilatazione endoscopica dell' ampolla e del dotto biliare"
      }, {
        "code": "5185",
        "display": "Sfinterotomia e papillotomia endoscopica"
      }, {
        "code": "5186",
        "display": "Inserzione endoscopica di tubo per drenaggio nasobiliare"
      }, {
        "code": "5187",
        "display": "Inserzione endoscopica di tubo nel dotto biliare"
      }, {
        "code": "5188",
        "display": "Rimozione endoscopica di calcoli dal tratto biliare"
      }, {
        "code": "5189",
        "display": "Altri interventi sullo sfintere di Oddi"
      } ]
    } ]
  }
}