{
  "resourceType": "ValueSet",
  "url": "http://hl7.org/fhir/sid/icd-9-cm-1314",
  "version": "1.0",
  "name": "Procedure-Cardiotomia e pericardiotomia",
  "title": "Cardiotomia e pericardiotomia",
  "status": "active",
  "compose": {
    "include": [ {
      "system": "http://hl7.org/fhir/sid/icd-9-cm",
      "concept": [ {
        "code": "3710",
        "display": "Incisione cardiaca SAI"
      }, {
        "code": "3711",
        "display": "Cardiotomia"
      }, {
        "code": "3712",
        "display": "Pericardiotomia"
      } ]
    } ]
  }
}