{
  "resourceType": "ValueSet",
  "url": "http://hl7.org/fhir/sid/icd-9-cm-1406",
  "version": "1.0",
  "name": "Procedure-Appendicectomia in corso di altro intervento",
  "title": "Appendicectomia in corso di altro intervento",
  "status": "active",
  "compose": {
    "include": [ {
      "system": "http://hl7.org/fhir/sid/icd-9-cm",
      "concept": [ {
        "code": "4711",
        "display": "Appendectomia laparoscopica in corso di altro intervento"
      }, {
        "code": "4719",
        "display": "Altra appendectomia in corso di altro intervento"
      } ]
    } ]
  }
}