{
  "resourceType": "ValueSet",
  "url": "http://hl7.org/fhir/sid/icd-9-cm-1148",
  "version": "1.0",
  "name": "Procedure-Eviscerazione del bulbo oculare",
  "title": "Eviscerazione del bulbo oculare",
  "status": "active",
  "compose": {
    "include": [ {
      "system": "http://hl7.org/fhir/sid/icd-9-cm",
      "concept": [ {
        "code": "1631",
        "display": "Rimozione di contenuti del bulbo oculare con impianto contemporaneo endosclerale"
      }, {
        "code": "1639",
        "display": "Altra eviscerazione del bulbo oculare"
      } ]
    } ]
  }
}