{
  "resourceType": "ValueSet",
  "url": "http://hl7.org/fhir/sid/icd-9-cm-1772",
  "version": "1.0",
  "name": "Procedure-Altra riparazione e ricostruzione di cute e tessuto sottocutaneo",
  "title": "Altra riparazione e ricostruzione di cute e tessuto sottocutaneo",
  "status": "active",
  "compose": {
    "include": [ {
      "system": "http://hl7.org/fhir/sid/icd-9-cm",
      "concept": [ {
        "code": "8681",
        "display": "Riparazione di difetti del viso"
      }, {
        "code": "8682",
        "display": "Ritidectomia facciale"
      }, {
        "code": "8683",
        "display": "Intervento di plastica per la riduzione di ampiezza"
      }, {
        "code": "8684",
        "display": "Correzione di cicatrice o briglia retrattile della cute"
      }, {
        "code": "8685",
        "display": "Correzione di sindattilia"
      }, {
        "code": "8686",
        "display": "Onicoplastica"
      }, {
        "code": "8689",
        "display": "Altra riparazione o ricostruzione di cute e tessuto sottocutaneo"
      } ]
    } ]
  }
}