{
  "resourceType": "ValueSet",
  "url": "http://hl7.org/fhir/sid/icd-9-cm-1672",
  "version": "1.0",
  "name": "Procedure-Altra riparazione ossea della taccia e chirurgia ortognatica",
  "title": "Altra riparazione ossea della taccia e chirurgia ortognatica",
  "status": "active",
  "compose": {
    "include": [ {
      "system": "http://hl7.org/fhir/sid/icd-9-cm",
      "concept": [ {
        "code": "7661",
        "display": "Osteoplastica chiusa [osteotomia] del ramo ascendente della mandibola"
      }, {
        "code": "7662",
        "display": "Osteoplastica aperta [osteotomia] del ramo ascendente della mandibola"
      }, {
        "code": "7663",
        "display": "Osteoplastica [osteotomia] del corpo della mandibola"
      }, {
        "code": "7664",
        "display": "Altra chirurgia ortognatica della mandibola"
      }, {
        "code": "7665",
        "display": "Osteoplastica segmentaria [osteotomia] della mascella"
      }, {
        "code": "7666",
        "display": "Osteoplastica totale [osteotomia] della mascella"
      }, {
        "code": "7667",
        "display": "Genioplastica riduttiva"
      }, {
        "code": "7668",
        "display": "Allungamento plastico del mento"
      }, {
        "code": "7669",
        "display": "Altre riparazioni delle ossa della faccia"
      } ]
    } ]
  }
}