{
  "resourceType": "ValueSet",
  "url": "http://hl7.org/fhir/sid/icd-9-cm-1494",
  "version": "1.0",
  "name": "Procedure-Altri interventi ureterali",
  "title": "Altri interventi ureterali",
  "status": "active",
  "compose": {
    "include": [ {
      "system": "http://hl7.org/fhir/sid/icd-9-cm",
      "concept": [ {
        "code": "5691",
        "display": "Dilatazione della papilla ureterale"
      }, {
        "code": "5692",
        "display": "Impianto di stimolatore ureterale"
      }, {
        "code": "5693",
        "display": "Sostituzione di stimolatore ureterale"
      }, {
        "code": "5694",
        "display": "Rimozione di stimolatore ureterale"
      }, {
        "code": "5695",
        "display": "Legatura dell' uretere"
      }, {
        "code": "5699",
        "display": "Altri interventi sull' uretere"
      }, {
        "code": "57",
        "display": "Interventi sulla vescica"
      } ]
    } ]
  }
}