{
  "resourceType": "ValueSet",
  "url": "http://hl7.org/fhir/sid/icd-9-cm-1451",
  "version": "1.0",
  "name": "Procedure-Pancreatectomia parziale",
  "title": "Pancreatectomia parziale",
  "status": "active",
  "compose": {
    "include": [ {
      "system": "http://hl7.org/fhir/sid/icd-9-cm",
      "concept": [ {
        "code": "5251",
        "display": "Pancreatectomia prossimale"
      }, {
        "code": "5252",
        "display": "Pancreatectomia distale"
      }, {
        "code": "5253",
        "display": "Pancreatectomia sub-totale radicale"
      }, {
        "code": "5259",
        "display": "Altra pancreatectomia parziale"
      } ]
    } ]
  }
}