{
  "resourceType": "ValueSet",
  "url": "http://hl7.org/fhir/sid/icd-9-cm-1491",
  "version": "1.0",
  "name": "Procedure-Altre derivazioni urinarie",
  "title": "Altre derivazioni urinarie",
  "status": "active",
  "compose": {
    "include": [ {
      "system": "http://hl7.org/fhir/sid/icd-9-cm",
      "concept": [ {
        "code": "5661",
        "display": "Ureterocutaneostomia"
      }, {
        "code": "5662",
        "display": "Revisione di ureterocutaneostomia"
      } ]
    } ]
  }
}