{
  "resourceType": "ValueSet",
  "url": "http://hl7.org/fhir/sid/icd-9-cm-1436",
  "version": "1.0",
  "name": "Procedure-Colecistotomia e colecistostomia",
  "title": "Colecistotomia e colecistostomia",
  "status": "active",
  "compose": {
    "include": [ {
      "system": "http://hl7.org/fhir/sid/icd-9-cm",
      "concept": [ {
        "code": "5101",
        "display": "Aspirazione percutanea della colecisti"
      }, {
        "code": "5102",
        "display": "Colecistostomia con trequarti"
      }, {
        "code": "5103",
        "display": "Altra colecistostomia"
      }, {
        "code": "5104",
        "display": "Altra colecistotomia"
      } ]
    } ]
  }
}