{
  "resourceType": "ValueSet",
  "url": "http://hl7.org/fhir/sid/icd-9-cm-1693",
  "version": "1.0",
  "name": "Procedure-Procedure diagnostiche sull' osso non classificate altrove",
  "title": "Procedure diagnostiche sull' osso non classificate altrove",
  "status": "active",
  "compose": {
    "include": [ {
      "system": "http://hl7.org/fhir/sid/icd-9-cm",
      "concept": [ {
        "code": "7880",
        "display": "Procedure diagnostiche non classificate altrove in sede non specificata"
      }, {
        "code": "7881",
        "display": "Procedure diagnostiche non classificate altrove su scapola, clavicola e torace (coste e sterno)"
      }, {
        "code": "7882",
        "display": "Procedure diagnostiche non classificate altrove sull' omero"
      }, {
        "code": "7883",
        "display": "Procedure diagnostiche non classificate altrove su radio e ulna"
      }, {
        "code": "7884",
        "display": "Procedure diagnostiche non classificate altrove su carpo e metacarpo"
      }, {
        "code": "7885",
        "display": "Procedure diagnostiche non classificate altrove sul femore"
      }, {
        "code": "7886",
        "display": "Procedure diagnostiche non classificate altrove sulla rotula"
      }, {
        "code": "7887",
        "display": "Procedure diagnostiche non classificate altrove sulla tibia e fibula"
      }, {
        "code": "7888",
        "display": "Procedure diagnostiche non classificate altrove sul tarso e metatarso"
      }, {
        "code": "7889",
        "display": "Procedure diagnostiche non classificate altrove su altre ossa"
      } ]
    } ]
  }
}