{
  "resourceType": "ValueSet",
  "url": "http://hl7.org/fhir/sid/icd-9-cm-1316",
  "version": "1.0",
  "name": "Procedure-Pericardiectomia ed escissione di lesione del cuore",
  "title": "Pericardiectomia ed escissione di lesione del cuore",
  "status": "active",
  "compose": {
    "include": [ {
      "system": "http://hl7.org/fhir/sid/icd-9-cm",
      "concept": [ {
        "code": "3731",
        "display": "Pericardiectomia"
      }, {
        "code": "3732",
        "display": "Asportazione di aneurisma del cuore"
      }, {
        "code": "3733",
        "display": "Asportazione o distruzione di altra lesione o tessuto del cuore, approccio aperto"
      }, {
        "code": "3734",
        "display": "Asportazione o distruzione di altri tessuti o lesioni del cuore, altro approccio"
      }, {
        "code": "3735",
        "display": "Asportazione parziale di ventricolo"
      } ]
    } ]
  }
}