{
  "resourceType": "ValueSet",
  "url": "http://hl7.org/fhir/sid/icd-9-cm-1111",
  "version": "1.0",
  "name": "Procedure-Asportazione o demolizione di lesione dell' iride e del corpo ciliare",
  "title": "Asportazione o demolizione di lesione dell' iride e del corpo ciliare",
  "status": "active",
  "compose": {
    "include": [ {
      "system": "http://hl7.org/fhir/sid/icd-9-cm",
      "concept": [ {
        "code": "1240",
        "display": "Rimozione di lesione del segmento anteriore dell' occhio, SAI"
      }, {
        "code": "1241",
        "display": "Demolizione di lesione dell' iride, non escissionale"
      }, {
        "code": "1242",
        "display": "Asportazione di lesione dell' iride"
      }, {
        "code": "1243",
        "display": "Demolizione di lesione del corpo ciliare non escissionale"
      }, {
        "code": "1244",
        "display": "Asportazione di lesione del corpo ciliare"
      } ]
    } ]
  }
}