{
  "resourceType": "ValueSet",
  "url": "http://hl7.org/fhir/sid/icd-9-cm-1808",
  "version": "1.0",
  "name": "Procedure-Esercizi di terapia fisica",
  "title": "Esercizi di terapia fisica",
  "status": "active",
  "compose": {
    "include": [ {
      "system": "http://hl7.org/fhir/sid/icd-9-cm",
      "concept": [ {
        "code": "9311",
        "display": "Esercizi assistiti"
      }, {
        "code": "9312",
        "display": "Altri esercizi muscoloscheletrici attivi"
      }, {
        "code": "9313",
        "display": "Esercizi contro resistenza"
      }, {
        "code": "9314",
        "display": "Allenamento nei movimenti articolari"
      }, {
        "code": "9315",
        "display": "Mobilizzazione della colonna vertebrale"
      }, {
        "code": "9316",
        "display": "Mobilizzazione di altre articolazioni"
      }, {
        "code": "9317",
        "display": "Altri esercizi muscoloscheletrici passivi"
      }, {
        "code": "9318",
        "display": "Esercizi respiratori"
      }, {
        "code": "9319",
        "display": "Esercizi, non classificati altrove"
      } ]
    } ]
  }
}