{
  "resourceType": "ValueSet",
  "url": "http://hl7.org/fhir/sid/icd-9-cm-1072",
  "version": "1.0",
  "name": "Procedure-Escissione o demolizione di lesione o tessuto della palpebra",
  "title": "Escissione o demolizione di lesione o tessuto della palpebra",
  "status": "active",
  "compose": {
    "include": [ {
      "system": "http://hl7.org/fhir/sid/icd-9-cm",
      "concept": [ {
        "code": "0820",
        "display": "Rimozione di lesione della palpebra, SAI"
      }, {
        "code": "0821",
        "display": "Asportazione di calazio"
      }, {
        "code": "0822",
        "display": "Asportazione di altra piccola lesione della palpebra"
      }, {
        "code": "0823",
        "display": "Asportazione di lesione estesa della palpebra non a tutto spessore"
      }, {
        "code": "0824",
        "display": "Asportazione di lesione estesa della palpebra, a tutto spessore"
      }, {
        "code": "0825",
        "display": "Demolizione di lesione palpebrale"
      } ]
    } ]
  }
}