{
  "resourceType": "ValueSet",
  "url": "http://hl7.org/fhir/sid/icd-9-cm-1105",
  "version": "1.0",
  "name": "Procedure-Altri interventi di ricostruzione della cornea",
  "title": "Altri interventi di ricostruzione della cornea",
  "status": "active",
  "compose": {
    "include": [ {
      "system": "http://hl7.org/fhir/sid/icd-9-cm",
      "concept": [ {
        "code": "1171",
        "display": "Cheratomileusi"
      }, {
        "code": "1172",
        "display": "Cheratofachia"
      }, {
        "code": "1173",
        "display": "Cheratoprotesi"
      }, {
        "code": "1174",
        "display": "Termocheratoplastica"
      }, {
        "code": "1175",
        "display": "Cheratotomia radiale"
      }, {
        "code": "1176",
        "display": "Epicheratofachia (lembo fresco, lembo conservato)"
      }, {
        "code": "1179",
        "display": "Altri interventi rifrattivi sulla cornea"
      } ]
    } ]
  }
}