{
  "resourceType": "ValueSet",
  "url": "http://hl7.org/fhir/sid/icd-9-cm-1287",
  "version": "1.0",
  "name": "Procedure-Altri interventi sul polmone e sui bronchi",
  "title": "Altri interventi sul polmone e sui bronchi",
  "status": "active",
  "compose": {
    "include": [ {
      "system": "http://hl7.org/fhir/sid/icd-9-cm",
      "concept": [ {
        "code": "3391",
        "display": "Dilatazione bronchiale"
      }, {
        "code": "3392",
        "display": "Sutura di bronco"
      }, {
        "code": "3393",
        "display": "Puntura del polmone"
      }, {
        "code": "3398",
        "display": "Altri interventi sui bronchi"
      }, {
        "code": "3399",
        "display": "Altri interventi sul polmone"
      }, {
        "code": "34",
        "display": "Interventi sulla parete toracica, sulla pleura, sul mediastino e sul diaframma"
      } ]
    } ]
  }
}