{
  "resourceType": "ValueSet",
  "url": "http://hl7.org/fhir/sid/icd-9-cm-1534",
  "version": "1.0",
  "name": "Procedure-Procedure diagnostiche sullo scroto e tunica vaginale",
  "title": "Procedure diagnostiche sullo scroto e tunica vaginale",
  "status": "active",
  "compose": {
    "include": [ {
      "system": "http://hl7.org/fhir/sid/icd-9-cm",
      "concept": [ {
        "code": "6111",
        "display": "Biopsia dello scroto o della tunica vaginale"
      }, {
        "code": "6119",
        "display": "Altre procedure diagnostiche sullo scroto e sulla tunica vaginale"
      } ]
    } ]
  }
}