{
  "resourceType": "ValueSet",
  "url": "http://hl7.org/fhir/sid/icd-9-cm-1500",
  "version": "1.0",
  "name": "Procedure-Altra chirurgia vescicale",
  "title": "Altra chirurgia vescicale",
  "status": "active",
  "compose": {
    "include": [ {
      "system": "http://hl7.org/fhir/sid/icd-9-cm",
      "concept": [ {
        "code": "5751",
        "display": "Asportazione dell' uraco"
      }, {
        "code": "5759",
        "display": "Altra chirurgia vescicale a cielo aperto"
      } ]
    } ]
  }
}