{
  "resourceType": "ValueSet",
  "url": "http://hl7.org/fhir/sid/icd-9-cm-1208",
  "version": "1.0",
  "name": "Procedure-Apicectomia e terapia canalare",
  "title": "Apicectomia e terapia canalare",
  "status": "active",
  "compose": {
    "include": [ {
      "system": "http://hl7.org/fhir/sid/icd-9-cm",
      "concept": [ {
        "code": "2370",
        "display": "Terapia canalare, SAI"
      }, {
        "code": "2371",
        "display": "Terapia canalare con irrigazione"
      }, {
        "code": "2372",
        "display": "Terapia canalare con apicectomia"
      }, {
        "code": "2373",
        "display": "Apicectomia"
      }, {
        "code": "24",
        "display": "Altri interventi su denti, gengive e alveoli"
      } ]
    } ]
  }
}