{
  "resourceType": "ValueSet",
  "url": "http://hl7.org/fhir/sid/icd-9-cm-1309",
  "version": "1.0",
  "name": "Procedure-Bypass per rivascolarizzazione cardiaca",
  "title": "Bypass per rivascolarizzazione cardiaca",
  "status": "active",
  "compose": {
    "include": [ {
      "system": "http://hl7.org/fhir/sid/icd-9-cm",
      "concept": [ {
        "code": "3610",
        "display": "Bypass aortocoronarico per rivascolarizzazione cardiaca, SAI"
      }, {
        "code": "3611",
        "display": "Bypass (aorto)coronarico di una arteria coronarica"
      }, {
        "code": "3612",
        "display": "Bypass (aorto)coronarico di due arterie coronariche"
      }, {
        "code": "3613",
        "display": "Bypass (aorto)coronarico di tre arterie coronariche"
      }, {
        "code": "3614",
        "display": "Bypass (aorto)coronarico di quattro o più arterie coronariche"
      }, {
        "code": "3615",
        "display": "Bypass singolo mammaria internaarteria coronarica"
      }, {
        "code": "3616",
        "display": "Bypass doppio mammaria internaarteria coronarica"
      }, {
        "code": "3617",
        "display": "Bypass dell' arteria coronaria addominale"
      }, {
        "code": "3619",
        "display": "Altro bypass per rivascolarizzazione cardiaca"
      } ]
    } ]
  }
}