{
  "resourceType": "ValueSet",
  "url": "http://hl7.org/fhir/sid/icd-9-cm-1066",
  "version": "1.0",
  "name": "Procedure-Ipofisectomia",
  "title": "Ipofisectomia",
  "status": "active",
  "compose": {
    "include": [ {
      "system": "http://hl7.org/fhir/sid/icd-9-cm",
      "concept": [ {
        "code": "0761",
        "display": "Asportazione parziale dell' ipofisi, per via trans-frontale"
      }, {
        "code": "0762",
        "display": "Asportazione parziale dell' ipofisi, per via trans-sfenoidale"
      }, {
        "code": "0763",
        "display": "Asportazione parziale dell' ipofisi, per via non specificata"
      }, {
        "code": "0764",
        "display": "Asportazione totale dell' ipofisi per via trans-frontale"
      }, {
        "code": "0765",
        "display": "Asportazione totale dell' ipofisi per via trans-sfenoidale"
      }, {
        "code": "0768",
        "display": "Asportazione totale dell' ipofisi, per altra via specificata"
      }, {
        "code": "0769",
        "display": "Asportazione totale dell' ipofisi per via non specificata"
      } ]
    } ]
  }
}