{
  "resourceType": "ValueSet",
  "url": "http://hl7.org/fhir/sid/icd-9-cm-1686",
  "version": "1.0",
  "name": "Procedure-Applicazione di fissatore esterno",
  "title": "Applicazione di fissatore esterno",
  "status": "active",
  "compose": {
    "include": [ {
      "system": "http://hl7.org/fhir/sid/icd-9-cm",
      "concept": [ {
        "code": "7810",
        "display": "Applicazione di fissatore esterno in sede non specificata"
      }, {
        "code": "7811",
        "display": "Applicazione di fissatore esterno di scapola, clavicola e torace (coste e sterno)"
      }, {
        "code": "7812",
        "display": "Applicazione di fissatore esterno dell' omero"
      }, {
        "code": "7813",
        "display": "Applicazione di fissatore esterno di radio e ulna"
      }, {
        "code": "7814",
        "display": "Applicazione di fissatore esterno di carpo e metacarpo"
      }, {
        "code": "7815",
        "display": "Applicazione di fissatore esterno del femore"
      }, {
        "code": "7816",
        "display": "Applicazione di fissatore esterno della rotula"
      }, {
        "code": "7817",
        "display": "Applicazione di fissatore esterno di tibia e fibula"
      }, {
        "code": "7818",
        "display": "Applicazione di fissatore esterno di tarso e metatarso"
      }, {
        "code": "7819",
        "display": "Applicazione di fissatore esterno di altro osso"
      } ]
    } ]
  }
}