{
  "resourceType": "ValueSet",
  "url": "http://hl7.org/fhir/sid/icd-9-cm-1593",
  "version": "1.0",
  "name": "Procedure-Procedure diagnostiche sull' utero e strutture di sostegno",
  "title": "Procedure diagnostiche sull' utero e strutture di sostegno",
  "status": "active",
  "compose": {
    "include": [ {
      "system": "http://hl7.org/fhir/sid/icd-9-cm",
      "concept": [ {
        "code": "6811",
        "display": "Esplorazione digitale dell' utero"
      }, {
        "code": "6812",
        "display": "Isteroscopia"
      }, {
        "code": "6813",
        "display": "Biopsia a cielo aperto dell' utero"
      }, {
        "code": "6814",
        "display": "Biopsia a cielo aperto dei legamenti uterini"
      }, {
        "code": "6815",
        "display": "Biopsia dei legamenti uterini"
      }, {
        "code": "6816",
        "display": "Biopsia dell' utero"
      }, {
        "code": "6819",
        "display": "Altre procedure diagnostiche sull' utero e strutture di sostegno"
      } ]
    } ]
  }
}