{
  "resourceType": "ValueSet",
  "url": "http://hl7.org/fhir/sid/icd-9-cm-1745",
  "version": "1.0",
  "name": "Procedure-Amputazione dell' arto superiore",
  "title": "Amputazione dell' arto superiore",
  "status": "active",
  "compose": {
    "include": [ {
      "system": "http://hl7.org/fhir/sid/icd-9-cm",
      "concept": [ {
        "code": "8400",
        "display": "Amputazione dell' arto superiore, SAI"
      }, {
        "code": "8401",
        "display": "Amputazione e disarticolazione di dita della mano"
      }, {
        "code": "8402",
        "display": "Amputazione e disarticolazione del pollice"
      }, {
        "code": "8403",
        "display": "Amputazione a livello della mano"
      }, {
        "code": "8404",
        "display": "Disarticolazione del polso"
      }, {
        "code": "8405",
        "display": "Amputazione a livello dell' avambraccio"
      }, {
        "code": "8406",
        "display": "Disarticolazione del gomito"
      }, {
        "code": "8407",
        "display": "Amputazione a livello dell' omero"
      }, {
        "code": "8408",
        "display": "Disarticolazione della spalla"
      }, {
        "code": "8409",
        "display": "Amputazione interscapolotoracica"
      } ]
    } ]
  }
}