{
  "resourceType": "ValueSet",
  "url": "http://hl7.org/fhir/sid/icd-9-cm-1123",
  "version": "1.0",
  "name": "Procedure-Altra estrazione di cataratta",
  "title": "Altra estrazione di cataratta",
  "status": "active",
  "compose": {
    "include": [ {
      "system": "http://hl7.org/fhir/sid/icd-9-cm",
      "concept": [ {
        "code": "1364",
        "display": "Capsulotomia con YAG-laser dopo estrazione di cataratta"
      }, {
        "code": "1365",
        "display": "Asportazione chirurgica di cataratta secondaria"
      }, {
        "code": "1366",
        "display": "Capsulotomia chirurgica dopo estrazione di cataratta"
      }, {
        "code": "1369",
        "display": "Altra estrazione di cataratta secondaria"
      } ]
    } ]
  }
}