{
  "resourceType": "ValueSet",
  "url": "http://hl7.org/fhir/sid/icd-9-cm-1366",
  "version": "1.0",
  "name": "Procedure-Altra riparazione dell' esofago",
  "title": "Altra riparazione dell' esofago",
  "status": "active",
  "compose": {
    "include": [ {
      "system": "http://hl7.org/fhir/sid/icd-9-cm",
      "concept": [ {
        "code": "4281",
        "display": "Intubazione permanente dell' esofago"
      }, {
        "code": "4282",
        "display": "Sutura di lacerazione dell' esofago"
      }, {
        "code": "4283",
        "display": "Chiusura di esofagostomia"
      }, {
        "code": "4284",
        "display": "Riparazione di fistola esofagea, non classificata altrove"
      }, {
        "code": "4285",
        "display": "Riparazione di stenosi esofagea"
      }, {
        "code": "4286",
        "display": "Produzione di tunnel sottocutaneo senza anastomosi esofagea"
      }, {
        "code": "4287",
        "display": "Altro innesto dell' esofago"
      }, {
        "code": "4289",
        "display": "Altra riparazione dell' esofago"
      } ]
    } ]
  }
}