{
  "resourceType": "ValueSet",
  "url": "http://hl7.org/fhir/sid/icd-9-cm-1339",
  "version": "1.0",
  "name": "Procedure-Circolazione extracorporea e procedure ausiliarie per la chirurgia cardiaca",
  "title": "Circolazione extracorporea e procedure ausiliarie per la chirurgia cardiaca",
  "status": "active",
  "compose": {
    "include": [ {
      "system": "http://hl7.org/fhir/sid/icd-9-cm",
      "concept": [ {
        "code": "3961",
        "display": "Circolazione extracorporea ausiliaria per chirurgia a cuore aperto"
      }, {
        "code": "3962",
        "display": "Ipotermia (sistemica) incidentale per chirurgia a cuore aperto"
      }, {
        "code": "3963",
        "display": "Cardioplegia"
      }, {
        "code": "3964",
        "display": "Impianto di pace-maker intraoperatorio"
      }, {
        "code": "3965",
        "display": "Ossigenazione extracorporea delle membrane [ECMO]"
      }, {
        "code": "3966",
        "display": "Bypass cardiopolmonare percutaneo"
      } ]
    } ]
  }
}