{
  "resourceType": "ValueSet",
  "url": "http://hl7.org/fhir/sid/icd-9-cm-1856",
  "version": "1.0",
  "name": "Procedure-Cardioversione del ritmo cardiaco",
  "title": "Cardioversione del ritmo cardiaco",
  "status": "active",
  "compose": {
    "include": [ {
      "system": "http://hl7.org/fhir/sid/icd-9-cm",
      "concept": [ {
        "code": "9960",
        "display": "Rianimazione cardiopolmonare SAI"
      }, {
        "code": "9961",
        "display": "Cardioversione atriale"
      }, {
        "code": "9962",
        "display": "Altra defibrillazione del cuore"
      }, {
        "code": "9963",
        "display": "Massaggio cardiaco a torace chiuso"
      }, {
        "code": "9964",
        "display": "Stimolazione del seno carotideo"
      }, {
        "code": "9969",
        "display": "Altra conversione del ritmo cardiaco"
      } ]
    } ]
  }
}