{
  "resourceType": "ValueSet",
  "url": "http://hl7.org/fhir/sid/icd-9-cm-1149",
  "version": "1.0",
  "name": "Procedure-Enucleazione del bulbo oculare",
  "title": "Enucleazione del bulbo oculare",
  "status": "active",
  "compose": {
    "include": [ {
      "system": "http://hl7.org/fhir/sid/icd-9-cm",
      "concept": [ {
        "code": "1641",
        "display": "Enucleazione del bulbo oculare con impianto contemporaneo nella capsula di Tenone di protesi, con inserzione di muscoli"
      }, {
        "code": "1642",
        "display": "Enucleazione del bulbo oculare con altro impianto contemporaneo"
      }, {
        "code": "1649",
        "display": "Altra enucleazione del bulbo oculare"
      } ]
    } ]
  }
}