{
  "resourceType": "ValueSet",
  "url": "http://hl7.org/fhir/sid/icd-9-cm-1118",
  "version": "1.0",
  "name": "Procedure-Estrazione intracapsulare del cristallino",
  "title": "Estrazione intracapsulare del cristallino",
  "status": "active",
  "compose": {
    "include": [ {
      "system": "http://hl7.org/fhir/sid/icd-9-cm",
      "concept": [ {
        "code": "1311",
        "display": "Estrazione intracapsulare del cristallino per via temporale"
      }, {
        "code": "1319",
        "display": "Altra estrazione intracapsulare del cristallino"
      } ]
    } ]
  }
}