{
  "resourceType": "ValueSet",
  "url": "http://hl7.org/fhir/sid/icd-9-cm-1155",
  "version": "1.0",
  "name": "Procedure-Incisione dell' orecchio esterno",
  "title": "Incisione dell' orecchio esterno",
  "status": "active",
  "compose": {
    "include": [ {
      "system": "http://hl7.org/fhir/sid/icd-9-cm",
      "concept": [ {
        "code": "1801",
        "display": "Perforazione del lobo dell' orecchio"
      }, {
        "code": "1802",
        "display": "Incisione del canale uditivo esterno"
      }, {
        "code": "1809",
        "display": "Altra incisione dell' orecchio esterno"
      } ]
    } ]
  }
}