{
  "resourceType": "ValueSet",
  "url": "http://hl7.org/fhir/sid/icd-9-cm-1251",
  "version": "1.0",
  "name": "Procedure-Procedure diagnostiche sul faringe",
  "title": "Procedure diagnostiche sul faringe",
  "status": "active",
  "compose": {
    "include": [ {
      "system": "http://hl7.org/fhir/sid/icd-9-cm",
      "concept": [ {
        "code": "2911",
        "display": "Faringoscopia"
      }, {
        "code": "2912",
        "display": "Biopsia faringea"
      }, {
        "code": "2919",
        "display": "Altre procedure diagnostiche sul faringe"
      } ]
    } ]
  }
}