{
  "resourceType": "ValueSet",
  "url": "http://hl7.org/fhir/sid/icd-9-cm-1212",
  "version": "1.0",
  "name": "Procedure-Altri interventi sulla gengiva",
  "title": "Altri interventi sulla gengiva",
  "status": "active",
  "compose": {
    "include": [ {
      "system": "http://hl7.org/fhir/sid/icd-9-cm",
      "concept": [ {
        "code": "2431",
        "display": "Asportazione di lesione o tessuto della gengiva"
      }, {
        "code": "2432",
        "display": "Sutura di lacerazione della gengiva"
      }, {
        "code": "2439",
        "display": "Altri interventi sulla gengiva"
      } ]
    } ]
  }
}