{
  "resourceType": "ValueSet",
  "url": "http://hl7.org/fhir/sid/icd-9-cm-1716",
  "version": "1.0",
  "name": "Procedure-Artrodesi e artroeresi del piede e della caviglia",
  "title": "Artrodesi e artroeresi del piede e della caviglia",
  "status": "active",
  "compose": {
    "include": [ {
      "system": "http://hl7.org/fhir/sid/icd-9-cm",
      "concept": [ {
        "code": "8111",
        "display": "Fusione della caviglia"
      }, {
        "code": "8112",
        "display": "Artrodesi triplice"
      }, {
        "code": "8113",
        "display": "Fusione sottoastragalica"
      }, {
        "code": "8114",
        "display": "Fusione mediotarsica"
      }, {
        "code": "8115",
        "display": "Fusione tarsometatarsica"
      }, {
        "code": "8116",
        "display": "Fusione metatarsofalangea"
      }, {
        "code": "8117",
        "display": "Altra fusione del piede"
      }, {
        "code": "8118",
        "display": "Artroeresi dell' articolazione sottoastragalica"
      } ]
    } ]
  }
}