{
  "resourceType": "ValueSet",
  "url": "http://hl7.org/fhir/sid/icd-9-cm-1092",
  "version": "1.0",
  "name": "Procedure-Procedure diagnostiche sulla congiuntiva",
  "title": "Procedure diagnostiche sulla congiuntiva",
  "status": "active",
  "compose": {
    "include": [ {
      "system": "http://hl7.org/fhir/sid/icd-9-cm",
      "concept": [ {
        "code": "1021",
        "display": "Biopsia della congiuntiva"
      }, {
        "code": "1029",
        "display": "Altre procedure diagnostiche sulla congiuntiva"
      } ]
    } ]
  }
}