{
  "resourceType": "ValueSet",
  "url": "http://hl7.org/fhir/sid/icd-9-cm-1532",
  "version": "1.0",
  "name": "Procedure-Altri interventi sulla prostata",
  "title": "Altri interventi sulla prostata",
  "status": "active",
  "compose": {
    "include": [ {
      "system": "http://hl7.org/fhir/sid/icd-9-cm",
      "concept": [ {
        "code": "6091",
        "display": "Aspirazione percutanea della prostata"
      }, {
        "code": "6092",
        "display": "Iniezione (di farmaci) nella prostata"
      }, {
        "code": "6093",
        "display": "Riparazione della prostata"
      }, {
        "code": "6094",
        "display": "Controllo di emorragia prostatica postchirurgica"
      }, {
        "code": "6095",
        "display": "Dilatazione transuretrale mediante palloncino dell' uretra prostatica"
      }, {
        "code": "6096",
        "display": "Distruzione transuretrale di tessuto prostatico mediante termoterapia con microonde"
      }, {
        "code": "6097",
        "display": "Altra distruzione transuretrale di tessuto prostatico mediante altra termoterapia"
      }, {
        "code": "6099",
        "display": "Altri interventi sulla prostata"
      }, {
        "code": "61",
        "display": "Interventi sullo scroto e sulla tunica vaginale"
      } ]
    } ]
  }
}