{
  "resourceType": "ValueSet",
  "url": "http://hl7.org/fhir/sid/icd-9-cm-1797",
  "version": "1.0",
  "name": "Procedure-Altre misure anatomiche e fisiologiche ed esami manuali",
  "title": "Altre misure anatomiche e fisiologiche ed esami manuali",
  "status": "active",
  "compose": {
    "include": [ {
      "system": "http://hl7.org/fhir/sid/icd-9-cm",
      "concept": [ {
        "code": "8931",
        "display": "Esame dei denti"
      }, {
        "code": "8932",
        "display": "Manometria esofagea"
      }, {
        "code": "8933",
        "display": "Esplorazione digitale di stoma di enterostomia"
      }, {
        "code": "8934",
        "display": "Esplorazione rettale digitale"
      }, {
        "code": "8935",
        "display": "Transilluminazione dei seni nasali"
      }, {
        "code": "8936",
        "display": "Palpazione del seno"
      }, {
        "code": "8937",
        "display": "Determinazione della capacita' vitale"
      }, {
        "code": "8938",
        "display": "Altre misure respiratorie non invasive"
      }, {
        "code": "8939",
        "display": "Altre misure ed esami non invasivi"
      } ]
    } ]
  }
}