{
  "resourceType": "ValueSet",
  "url": "http://hl7.org/fhir/sid/icd-9-cm-1468",
  "version": "1.0",
  "name": "Procedure-Procedure diagnostiche sulla regione addominale",
  "title": "Procedure diagnostiche sulla regione addominale",
  "status": "active",
  "compose": {
    "include": [ {
      "system": "http://hl7.org/fhir/sid/icd-9-cm",
      "concept": [ {
        "code": "5421",
        "display": "Laparoscopia"
      }, {
        "code": "5422",
        "display": "Biopsia della parete addominale o dell' ombelico"
      }, {
        "code": "5423",
        "display": "Biopsia del peritoneo"
      }, {
        "code": "5424",
        "display": "Biopsia [percutanea] [agobiopsia] di massa intraaddominale"
      }, {
        "code": "5425",
        "display": "Lavaggio peritoneale"
      }, {
        "code": "5429",
        "display": "Altre procedure diagnostiche sulla regione addominale"
      } ]
    } ]
  }
}