{
  "resourceType": "ValueSet",
  "url": "http://hl7.org/fhir/sid/icd-9-cm-1273",
  "version": "1.0",
  "name": "Procedure-Asportazione o demolizione locale di lesione o tessuto del polmone",
  "title": "Asportazione o demolizione locale di lesione o tessuto del polmone",
  "status": "active",
  "compose": {
    "include": [ {
      "system": "http://hl7.org/fhir/sid/icd-9-cm",
      "concept": [ {
        "code": "3221",
        "display": "Plicatura di bolle enfisematose"
      }, {
        "code": "3222",
        "display": "Riduzione chirurgica del volume polmonare"
      }, {
        "code": "3223",
        "display": "Ablazione a cielo aperto di lesione o tessuto polmonare"
      }, {
        "code": "3224",
        "display": "Ablazione percutanea di lesione o tessuto polmonare"
      }, {
        "code": "3225",
        "display": "Ablazione per via toracoscopica di lesione o tessuto polmonare"
      }, {
        "code": "3226",
        "display": "Altra e non specificata ablazione di lesione o tessuto polmonare"
      }, {
        "code": "3228",
        "display": "Asportazione o demolizione endoscopica di lesione o tessuto del polmone"
      }, {
        "code": "3229",
        "display": "Altra asportazione o demolizione locale di lesione o tessuto del polmone"
      } ]
    } ]
  }
}