{
  "resourceType": "ValueSet",
  "url": "http://hl7.org/fhir/sid/icd-9-cm-1177",
  "version": "1.0",
  "name": "Procedure-Altra asportazione dell' orecchio medio",
  "title": "Altra asportazione dell' orecchio medio",
  "status": "active",
  "compose": {
    "include": [ {
      "system": "http://hl7.org/fhir/sid/icd-9-cm",
      "concept": [ {
        "code": "2051",
        "display": "Asportazione di lesione dell' orecchio medio"
      }, {
        "code": "2059",
        "display": "Altra asportazione dell' orecchio medio"
      } ]
    } ]
  }
}