{
  "resourceType": "ValueSet",
  "url": "http://hl7.org/fhir/sid/icd-9-cm-1746",
  "version": "1.0",
  "name": "Procedure-Amputazione dell' arto inferiore",
  "title": "Amputazione dell' arto inferiore",
  "status": "active",
  "compose": {
    "include": [ {
      "system": "http://hl7.org/fhir/sid/icd-9-cm",
      "concept": [ {
        "code": "8410",
        "display": "Amputazione dell' arto inferiore, SAI"
      }, {
        "code": "8411",
        "display": "Amputazione di dita del piede"
      }, {
        "code": "8412",
        "display": "Amputazione a livello del piede"
      }, {
        "code": "8413",
        "display": "Disarticolazione della caviglia"
      }, {
        "code": "8414",
        "display": "Amputazione della caviglia a livello dei malleoli della tibia e fibula"
      }, {
        "code": "8415",
        "display": "Altra amputazione al di sotto del ginocchio"
      }, {
        "code": "8416",
        "display": "Disarticolazione del ginocchio"
      }, {
        "code": "8417",
        "display": "Amputazione al di sopra del ginocchio"
      }, {
        "code": "8418",
        "display": "Disarticolazione dell' anca"
      }, {
        "code": "8419",
        "display": "Amputazione addomino-pelvica"
      } ]
    } ]
  }
}