{
  "resourceType": "ValueSet",
  "url": "http://hl7.org/fhir/sid/icd-9-cm-1075",
  "version": "1.0",
  "name": "Procedure-Altra correzione della posizione della palpebra",
  "title": "Altra correzione della posizione della palpebra",
  "status": "active",
  "compose": {
    "include": [ {
      "system": "http://hl7.org/fhir/sid/icd-9-cm",
      "concept": [ {
        "code": "0851",
        "display": "Cantotomia"
      }, {
        "code": "0852",
        "display": "Blefarorrafia"
      }, {
        "code": "0859",
        "display": "Altra correzione della posizione della palpebra"
      } ]
    } ]
  }
}