{
  "resourceType": "ValueSet",
  "url": "http://hl7.org/fhir/sid/icd-9-cm-1398",
  "version": "1.0",
  "name": "Procedure-Altra enterostomia",
  "title": "Altra enterostomia",
  "status": "active",
  "compose": {
    "include": [ {
      "system": "http://hl7.org/fhir/sid/icd-9-cm",
      "concept": [ {
        "code": "4631",
        "display": "Altra enterostomia in due tempi"
      }, {
        "code": "4632",
        "display": "Digiunostomia [endoscopica] percutanea [PEJ]"
      }, {
        "code": "4639",
        "display": "Altra enterostomia"
      } ]
    } ]
  }
}