{
  "resourceType": "ValueSet",
  "url": "http://hl7.org/fhir/sid/icd-9-cm-1530",
  "version": "1.0",
  "name": "Procedure-Interventi sulle vescicole seminali",
  "title": "Interventi sulle vescicole seminali",
  "status": "active",
  "compose": {
    "include": [ {
      "system": "http://hl7.org/fhir/sid/icd-9-cm",
      "concept": [ {
        "code": "6071",
        "display": "Aspirazione percutanea delle vescicole seminali"
      }, {
        "code": "6072",
        "display": "Incisione delle vescicole seminali"
      }, {
        "code": "6073",
        "display": "Asportazione delle vescicole seminali"
      }, {
        "code": "6079",
        "display": "Altri interventi sulle vescicole seminali"
      } ]
    } ]
  }
}