{
  "resourceType": "ValueSet",
  "url": "http://hl7.org/fhir/sid/icd-9-cm-1362",
  "version": "1.0",
  "name": "Procedure-Asportazione dell' esofago",
  "title": "Asportazione dell' esofago",
  "status": "active",
  "compose": {
    "include": [ {
      "system": "http://hl7.org/fhir/sid/icd-9-cm",
      "concept": [ {
        "code": "4240",
        "display": "Esofagectomia, SAI"
      }, {
        "code": "4241",
        "display": "Esofagectomia parziale"
      }, {
        "code": "4242",
        "display": "Esofagectomia totale"
      } ]
    } ]
  }
}