{
  "resourceType": "ValueSet",
  "url": "http://hl7.org/fhir/sid/icd-9-cm-1598",
  "version": "1.0",
  "name": "Procedure-Isterectomia addominale radicale",
  "title": "Isterectomia addominale radicale",
  "status": "active",
  "compose": {
    "include": [ {
      "system": "http://hl7.org/fhir/sid/icd-9-cm",
      "concept": [ {
        "code": "6861",
        "display": "Isterectomia addominale radicale laparoscopica"
      }, {
        "code": "6869",
        "display": "Altra e non specificata isterectomia addominale radicale"
      } ]
    } ]
  }
}