{
  "resourceType": "ValueSet",
  "url": "http://hl7.org/fhir/sid/icd-9-cm-1137",
  "version": "1.0",
  "name": "Procedure-Interventi su un muscolo extraoculare che richiedono distacco temporaneo dal bulbo",
  "title": "Interventi su un muscolo extraoculare che richiedono distacco temporaneo dal bulbo",
  "status": "active",
  "compose": {
    "include": [ {
      "system": "http://hl7.org/fhir/sid/icd-9-cm",
      "concept": [ {
        "code": "1511",
        "display": "Arretramento di un muscolo extraoculare"
      }, {
        "code": "1512",
        "display": "Avanzamento di un muscolo extraoculare"
      }, {
        "code": "1513",
        "display": "Resezione di un muscolo extraoculare"
      }, {
        "code": "1519",
        "display": "Altri interventi su un muscolo extraoculare che richiedono distacco temporaneo dal bulbo"
      } ]
    } ]
  }
}