{
  "resourceType": "ValueSet",
  "url": "http://hl7.org/fhir/sid/icd-9-cm-1804",
  "version": "1.0",
  "name": "Procedure-Altre scintigrafie",
  "title": "Altre scintigrafie",
  "status": "active",
  "compose": {
    "include": [ {
      "system": "http://hl7.org/fhir/sid/icd-9-cm",
      "concept": [ {
        "code": "9211",
        "display": "Scintigrafia cerebrale"
      }, {
        "code": "9212",
        "display": "Scintigrafia di altre sedi della testa"
      }, {
        "code": "9213",
        "display": "Scintigrafia della paratiroide"
      }, {
        "code": "9214",
        "display": "Scintigrafia delle ossa"
      }, {
        "code": "9215",
        "display": "Scintigrafia polmonare"
      }, {
        "code": "9216",
        "display": "Scintigrafia del sistema linfatico"
      }, {
        "code": "9217",
        "display": "Scintigrafia della placenta"
      }, {
        "code": "9218",
        "display": "Scintigrafia total body"
      }, {
        "code": "9219",
        "display": "Scintigrafia di altre sedi"
      } ]
    } ]
  }
}