{
  "resourceType": "ValueSet",
  "url": "http://hl7.org/fhir/sid/icd-9-cm-1705",
  "version": "1.0",
  "name": "Procedure-Artrotomia per rimozione di protesi",
  "title": "Artrotomia per rimozione di protesi",
  "status": "active",
  "compose": {
    "include": [ {
      "system": "http://hl7.org/fhir/sid/icd-9-cm",
      "concept": [ {
        "code": "8000",
        "display": "Artrotomia per rimozione di protesi, sede non specificata"
      }, {
        "code": "8001",
        "display": "Artrotomia per rimozione di protesi della spalla"
      }, {
        "code": "8002",
        "display": "Artrotomia per rimozione di protesi del gomito"
      }, {
        "code": "8003",
        "display": "Artrotomia per rimozione di protesi del polso"
      }, {
        "code": "8004",
        "display": "Artrotomia per rimozione di protesi della mano e delle dita della mano"
      }, {
        "code": "8005",
        "display": "Artrotomia per rimozione di protesi dell' anca"
      }, {
        "code": "8006",
        "display": "Artrotomia per rimozione di protesi del ginocchio"
      }, {
        "code": "8007",
        "display": "Artrotomia per rimozione di protesi della caviglia"
      }, {
        "code": "8008",
        "display": "Artrotomia per rimozione di protesi del piede e delle dita del piede"
      }, {
        "code": "8009",
        "display": "Artrotomia per rimozione di protesi da altra sede specificata"
      } ]
    } ]
  }
}