{
  "resourceType": "ValueSet",
  "url": "http://hl7.org/fhir/sid/icd-9-cm-1758",
  "version": "1.0",
  "name": "Procedure-Mastectomia",
  "title": "Mastectomia",
  "status": "active",
  "compose": {
    "include": [ {
      "system": "http://hl7.org/fhir/sid/icd-9-cm",
      "concept": [ {
        "code": "8541",
        "display": "Mastectomia semplice monolaterale"
      }, {
        "code": "8542",
        "display": "Mastectomia semplice bilaterale"
      }, {
        "code": "8543",
        "display": "Mastectomia semplice allargata monolaterale"
      }, {
        "code": "8544",
        "display": "Mastectomia semplice allargata bilaterale"
      }, {
        "code": "8545",
        "display": "Mastectomia radicale monolaterale"
      }, {
        "code": "8546",
        "display": "Mastectomia radicale bilaterale"
      }, {
        "code": "8547",
        "display": "Mastectomia radicale monolaterale allargata"
      }, {
        "code": "8548",
        "display": "Mastectomia radicale bilaterale allargata"
      } ]
    } ]
  }
}