{
  "resourceType": "ValueSet",
  "url": "http://hl7.org/fhir/sid/icd-9-cm-1621",
  "version": "1.0",
  "name": "Procedure-Incisione della vulva e del perineo",
  "title": "Incisione della vulva e del perineo",
  "status": "active",
  "compose": {
    "include": [ {
      "system": "http://hl7.org/fhir/sid/icd-9-cm",
      "concept": [ {
        "code": "7101",
        "display": "Lisi di aderenze vulvari"
      }, {
        "code": "7109",
        "display": "Altra incisione della vulva e del perineo"
      } ]
    } ]
  }
}