{
  "resourceType": "ValueSet",
  "url": "http://hl7.org/fhir/sid/icd-9-cm-1024",
  "version": "1.0",
  "name": "Procedure-Esplorazione e decompressione di strutture del canale vertebrale",
  "title": "Esplorazione e decompressione di strutture del canale vertebrale",
  "status": "active",
  "compose": {
    "include": [ {
      "system": "http://hl7.org/fhir/sid/icd-9-cm",
      "concept": [ {
        "code": "0301",
        "display": "Rimozione di corpo estraneo dal canale vertebrale"
      }, {
        "code": "0302",
        "display": "Riapertura di pregressa laminectomia"
      }, {
        "code": "0309",
        "display": "Altra esplorazione e decompressione del canale vertebrale"
      } ]
    } ]
  }
}