{
  "resourceType": "ValueSet",
  "url": "http://hl7.org/fhir/sid/icd-9-cm-1311",
  "version": "1.0",
  "name": "Procedure-Altra rivascolarizzazione cardiaca",
  "title": "Altra rivascolarizzazione cardiaca",
  "status": "active",
  "compose": {
    "include": [ {
      "system": "http://hl7.org/fhir/sid/icd-9-cm",
      "concept": [ {
        "code": "3631",
        "display": "Rivascolarizzazione transmiocardica a torace aperto"
      }, {
        "code": "3632",
        "display": "Altra rivascolarizzazione transmiocardica"
      }, {
        "code": "3633",
        "display": "Rivascolarizzazione transmiocardica endoscopica"
      }, {
        "code": "3634",
        "display": "Rivascolarizzazione transmiocardica per cutanea"
      }, {
        "code": "3639",
        "display": "Altra rivascolarizzazione cardiaca"
      } ]
    } ]
  }
}