{
  "resourceType": "ValueSet",
  "url": "http://hl7.org/fhir/sid/icd-9-cm-1543",
  "version": "1.0",
  "name": "Procedure-Orchiectomia bilaterale",
  "title": "Orchiectomia bilaterale",
  "status": "active",
  "compose": {
    "include": [ {
      "system": "http://hl7.org/fhir/sid/icd-9-cm",
      "concept": [ {
        "code": "6241",
        "display": "Orchiectomia bilaterale nello stesso intervento"
      }, {
        "code": "6242",
        "display": "Orchiectomia del testicolo residuo"
      } ]
    } ]
  }
}