{
  "resourceType": "ValueSet",
  "url": "http://hl7.org/fhir/sid/icd-9-cm-1708",
  "version": "1.0",
  "name": "Procedure-Biopsia delle strutture articolari",
  "title": "Biopsia delle strutture articolari",
  "status": "active",
  "compose": {
    "include": [ {
      "system": "http://hl7.org/fhir/sid/icd-9-cm",
      "concept": [ {
        "code": "8030",
        "display": "Biopsia delle strutture articolari, sede non specificata"
      }, {
        "code": "8031",
        "display": "Biopsia delle strutture articolari della spalla"
      }, {
        "code": "8032",
        "display": "Biopsia delle strutture articolari del gomito"
      }, {
        "code": "8033",
        "display": "Biopsia delle strutture articolari del polso"
      }, {
        "code": "8034",
        "display": "Biopsia delle strutture articolari della mano e delle dita della mano"
      }, {
        "code": "8035",
        "display": "Biopsia delle strutture articolari dell' anca"
      }, {
        "code": "8036",
        "display": "Biopsia delle strutture articolari del ginocchio"
      }, {
        "code": "8037",
        "display": "Biopsia delle strutture articolari della caviglia"
      }, {
        "code": "8038",
        "display": "Biopsia delle strutture articolari del piede e delle dita del piede"
      }, {
        "code": "8039",
        "display": "Biopsia di strutture articolari di altra sede specificata"
      } ]
    } ]
  }
}