{
  "resourceType": "ValueSet",
  "url": "http://hl7.org/fhir/sid/icd-9-cm-1147",
  "version": "1.0",
  "name": "Procedure-Procedure diagnostiche sull' orbita e sul bulbo oculare",
  "title": "Procedure diagnostiche sull' orbita e sul bulbo oculare",
  "status": "active",
  "compose": {
    "include": [ {
      "system": "http://hl7.org/fhir/sid/icd-9-cm",
      "concept": [ {
        "code": "1621",
        "display": "Oftalmoscopia"
      }, {
        "code": "1622",
        "display": "Aspirazione diagnostica dell' orbita"
      }, {
        "code": "1623",
        "display": "Biopsia del bulbo oculare e dell' orbita"
      }, {
        "code": "1629",
        "display": "Altre procedure diagnostiche sull' orbita e sul bulbo oculare"
      } ]
    } ]
  }
}