{
  "resourceType": "ValueSet",
  "url": "http://hl7.org/fhir/sid/icd-9-cm-1043",
  "version": "1.0",
  "name": "Procedure-Altri interventi sui nervi cranici e periferici",
  "title": "Altri interventi sui nervi cranici e periferici",
  "status": "active",
  "compose": {
    "include": [ {
      "system": "http://hl7.org/fhir/sid/icd-9-cm",
      "concept": [ {
        "code": "0491",
        "display": "Stiramento di nervo (neurectasia)"
      }, {
        "code": "0492",
        "display": "Impianto o sostituzione di eletrtrodo/i del neurostimolatore dei nervi periferici"
      }, {
        "code": "0493",
        "display": "Rimozione di elettrodo/i del neurostimolatore dei nervi periferici"
      }, {
        "code": "0499",
        "display": "Altri interventi sui nervi cranici e periferici"
      }, {
        "code": "05",
        "display": "Interventi sui nervi o sui gangli simpatici"
      } ]
    } ]
  }
}