{
  "resourceType": "ValueSet",
  "url": "http://hl7.org/fhir/sid/icd-9-cm-1383",
  "version": "1.0",
  "name": "Procedure-Altra riparazione dello stomaco",
  "title": "Altra riparazione dello stomaco",
  "status": "active",
  "compose": {
    "include": [ {
      "system": "http://hl7.org/fhir/sid/icd-9-cm",
      "concept": [ {
        "code": "4461",
        "display": "Sutura di lacerazione dello stomaco"
      }, {
        "code": "4462",
        "display": "Chiusura di gastrostomia"
      }, {
        "code": "4463",
        "display": "Chiusura di altra fistola gastrica"
      }, {
        "code": "4464",
        "display": "Gastropessi"
      }, {
        "code": "4465",
        "display": "Esofagogastroplastica"
      }, {
        "code": "4466",
        "display": "Altri interventi per la creazione di sfintere esofagogastrico"
      }, {
        "code": "4467",
        "display": "Procedure laparoscopiche per la creazione dello sfintere esofagogastrico"
      }, {
        "code": "4468",
        "display": "Gastroplastica laparoscopica"
      }, {
        "code": "4469",
        "display": "Altra riparazione dello stomaco"
      } ]
    } ]
  }
}