{
  "resourceType": "ValueSet",
  "url": "http://hl7.org/fhir/sid/icd-9-cm-1830",
  "version": "1.0",
  "name": "Procedure-Altre inserzioni non operatorie",
  "title": "Altre inserzioni non operatorie",
  "status": "active",
  "compose": {
    "include": [ {
      "system": "http://hl7.org/fhir/sid/icd-9-cm",
      "concept": [ {
        "code": "9611",
        "display": "Zaffamento del canale udivo esterno"
      }, {
        "code": "9614",
        "display": "Zaffamento vaginale"
      }, {
        "code": "9615",
        "display": "Inserzione di tampone vaginale"
      }, {
        "code": "9616",
        "display": "Altre dilatazioni vaginali"
      }, {
        "code": "9617",
        "display": "Inserzione di diaframma vaginale"
      }, {
        "code": "9618",
        "display": "Inserzione di altro pessario vaginale"
      }, {
        "code": "9619",
        "display": "Zaffamento rettale"
      } ]
    } ]
  }
}