{
  "resourceType": "ValueSet",
  "url": "http://hl7.org/fhir/sid/icd-9-cm-1669",
  "version": "1.0",
  "name": "Procedure-Osteotomia parziale delle ossa della faccia",
  "title": "Osteotomia parziale delle ossa della faccia",
  "status": "active",
  "compose": {
    "include": [ {
      "system": "http://hl7.org/fhir/sid/icd-9-cm",
      "concept": [ {
        "code": "7631",
        "display": "Mandibolectomia parziale"
      }, {
        "code": "7639",
        "display": "Osteotomia parziale di altre ossa della faccia"
      } ]
    } ]
  }
}