{
  "resourceType": "ValueSet",
  "url": "http://hl7.org/fhir/sid/icd-9-cm-1015",
  "version": "1.0",
  "name": "Procedure-Interventi sul talamo e sul globo pallido",
  "title": "Interventi sul talamo e sul globo pallido",
  "status": "active",
  "compose": {
    "include": [ {
      "system": "http://hl7.org/fhir/sid/icd-9-cm",
      "concept": [ {
        "code": "0141",
        "display": "Interventi sul talamo"
      }, {
        "code": "0142",
        "display": "Interventi sul globo pallido"
      } ]
    } ]
  }
}