{
  "resourceType": "ValueSet",
  "url": "http://hl7.org/fhir/sid/icd-9-cm-1496",
  "version": "1.0",
  "name": "Procedure-Cistotomia e cistostomia",
  "title": "Cistotomia e cistostomia",
  "status": "active",
  "compose": {
    "include": [ {
      "system": "http://hl7.org/fhir/sid/icd-9-cm",
      "concept": [ {
        "code": "5711",
        "display": "Prelievo percutaneo di urina dalla vescica"
      }, {
        "code": "5712",
        "display": "Lisi di aderenze intraluminali con incisione nella vescica"
      }, {
        "code": "5717",
        "display": "Cistostomia percutanea"
      }, {
        "code": "5718",
        "display": "Cistostomia e cistolitotomia sovrapubica"
      }, {
        "code": "5719",
        "display": "Altra cistotomia"
      } ]
    } ]
  }
}