{
  "resourceType": "ValueSet",
  "url": "http://hl7.org/fhir/sid/icd-9-cm-1008",
  "version": "1.0",
  "name": "Procedure-Altre procedure sull' anca",
  "title": "Altre procedure sull' anca",
  "status": "active",
  "compose": {
    "include": [ {
      "system": "http://hl7.org/fhir/sid/icd-9-cm",
      "concept": [ {
        "code": "0070",
        "display": "Revisione di protesi d' anca, sia acetabolare che dei componenti femorali"
      }, {
        "code": "0071",
        "display": "Revisione della protesi d' anca, componente acetabolare"
      }, {
        "code": "0072",
        "display": "Revisione della protesi d' anca, componente femorale"
      }, {
        "code": "0073",
        "display": "Revisione della protesi d' anca, inserto acetabolare e/o della sola testa del femore"
      }, {
        "code": "0074",
        "display": "Superficie di appoggio della protesi d' anca, metallo su polietilene"
      }, {
        "code": "0075",
        "display": "Superficie di appoggio della protesi d' anca, metallo su metallo"
      }, {
        "code": "0076",
        "display": "Superficie di appoggio della protesi d' anca, ceramica su ceramica"
      }, {
        "code": "0077",
        "display": "Superficie di appoggio della protesi d' anca, ceramica su polietilene"
      } ]
    } ]
  }
}