{
  "resourceType": "ValueSet",
  "url": "http://hl7.org/fhir/sid/icd-9-cm-1594",
  "version": "1.0",
  "name": "Procedure-Asportazione o demolizione di lesione o tessuto dell' utero",
  "title": "Asportazione o demolizione di lesione o tessuto dell' utero",
  "status": "active",
  "compose": {
    "include": [ {
      "system": "http://hl7.org/fhir/sid/icd-9-cm",
      "concept": [ {
        "code": "6821",
        "display": "Divisione di sinechie endometriali"
      }, {
        "code": "6822",
        "display": "Incisione o asportazione di setto congenito dell' utero"
      }, {
        "code": "6823",
        "display": "Ablazione dell' endometrio"
      }, {
        "code": "6829",
        "display": "Altra asportazione o demolizione di lesione dell' utero"
      } ]
    } ]
  }
}