{
  "resourceType": "ValueSet",
  "url": "http://hl7.org/fhir/sid/icd-9-cm-1359",
  "version": "1.0",
  "name": "Procedure-Esofagostomia",
  "title": "Esofagostomia",
  "status": "active",
  "compose": {
    "include": [ {
      "system": "http://hl7.org/fhir/sid/icd-9-cm",
      "concept": [ {
        "code": "4210",
        "display": "Esofagostomia, SAI"
      }, {
        "code": "4211",
        "display": "Esofagostomia cervicale"
      }, {
        "code": "4212",
        "display": "Esteriorizzazione di tasca esofagea"
      }, {
        "code": "4219",
        "display": "Altra fistolizzazione esterna dell' esofago"
      } ]
    } ]
  }
}