{
  "resourceType": "ValueSet",
  "url": "http://hl7.org/fhir/sid/icd-9-cm-1512",
  "version": "1.0",
  "name": "Procedure-Altra chirurgia uretrale",
  "title": "Altra chirurgia uretrale",
  "status": "active",
  "compose": {
    "include": [ {
      "system": "http://hl7.org/fhir/sid/icd-9-cm",
      "concept": [ {
        "code": "5891",
        "display": "Incisione di tessuto periuretrale"
      }, {
        "code": "5892",
        "display": "Asportazione di tessuto periuretrale"
      }, {
        "code": "5893",
        "display": "Impianto di sfinteri artificiali urinari"
      }, {
        "code": "5899",
        "display": "Altri interventi sull' uretra e sul tessuto periuretrale"
      }, {
        "code": "59",
        "display": "Altri interventi sull' apparato urinario"
      } ]
    } ]
  }
}