{
  "resourceType": "ValueSet",
  "url": "http://hl7.org/fhir/sid/icd-9-cm-1793",
  "version": "1.0",
  "name": "Procedure-Altre tecniche di produzione di immagini diagnostiche",
  "title": "Altre tecniche di produzione di immagini diagnostiche",
  "status": "active",
  "compose": {
    "include": [ {
      "system": "http://hl7.org/fhir/sid/icd-9-cm",
      "concept": [ {
        "code": "8890",
        "display": "Tecniche di produzione di immagini diagnostiche, non classificate altrove"
      }, {
        "code": "8891",
        "display": "Risonanza magnetica nucleare (RMN) del cervello e del tronco encefalico"
      }, {
        "code": "8892",
        "display": "Risonanza magnetica nucleare (RMN) del torace e miocardio"
      }, {
        "code": "8893",
        "display": "Risonanza magnetica nucleare (RMN) del canale vertebrale"
      }, {
        "code": "8894",
        "display": "Risonanza magnetica nucleare (RMN) muscoloscheletrica"
      }, {
        "code": "8895",
        "display": "Risonanza magnetica nucleare (RMN) di pelvi, prostata e vescica"
      }, {
        "code": "8896",
        "display": "Altre immagini intraoperatorie ottenute con risonanza magnetica iMRI"
      }, {
        "code": "8897",
        "display": "Risonanza magnetica nucleare (RMN) di altre sedi non specificate"
      }, {
        "code": "8898",
        "display": "Densitometria ossea"
      }, {
        "code": "89",
        "display": "Anamnesi, valutazione, consulto e visita"
      } ]
    } ]
  }
}