{
  "resourceType": "ValueSet",
  "url": "http://hl7.org/fhir/sid/icd-9-cm-1305",
  "version": "1.0",
  "name": "Procedure-Altra e non specificata riparazione dei setti interatriale e interventricolare",
  "title": "Altra e non specificata riparazione dei setti interatriale e interventricolare",
  "status": "active",
  "compose": {
    "include": [ {
      "system": "http://hl7.org/fhir/sid/icd-9-cm",
      "concept": [ {
        "code": "3570",
        "display": "Altra e non specificata riparazione di difetto intersettale non specificato del cuore"
      }, {
        "code": "3571",
        "display": "Altra e non specificata riparazione di difetto del setto interatriale"
      }, {
        "code": "3572",
        "display": "Altra e non specificata riparazione di difetto del setto interventricolare"
      }, {
        "code": "3573",
        "display": "Altra e non specificata riparazione di difetto dei cuscinetti endocardici"
      } ]
    } ]
  }
}