{
  "resourceType": "ValueSet",
  "url": "http://hl7.org/fhir/sid/icd-9-cm-1504",
  "version": "1.0",
  "name": "Procedure-Altri interventi sulla vescica",
  "title": "Altri interventi sulla vescica",
  "status": "active",
  "compose": {
    "include": [ {
      "system": "http://hl7.org/fhir/sid/icd-9-cm",
      "concept": [ {
        "code": "5791",
        "display": "Sfinterotomia vescicale"
      }, {
        "code": "5792",
        "display": "Calibraggio collo vescicale"
      }, {
        "code": "5793",
        "display": "Rimozione di tampone ed emostasi vescicale postchirurgica"
      }, {
        "code": "5794",
        "display": "Cateterismo vescicale"
      }, {
        "code": "5795",
        "display": "Sostituzione di catetere vescicale"
      }, {
        "code": "5796",
        "display": "Impianto di stimolatore vescicale elettronico"
      }, {
        "code": "5797",
        "display": "Reimpianto di stimolatore vescicale elettronico"
      }, {
        "code": "5798",
        "display": "Rimozione di stimolatore vescicale elettronico"
      }, {
        "code": "5799",
        "display": "Altri interventi sulla vescica"
      }, {
        "code": "58",
        "display": "Interventi sull' uretra"
      } ]
    } ]
  }
}