{
  "resourceType": "ValueSet",
  "url": "http://hl7.org/fhir/sid/icd-9-cm-1378",
  "version": "1.0",
  "name": "Procedure-Procedure diagnostiche sullo stomaco",
  "title": "Procedure diagnostiche sullo stomaco",
  "status": "active",
  "compose": {
    "include": [ {
      "system": "http://hl7.org/fhir/sid/icd-9-cm",
      "concept": [ {
        "code": "4411",
        "display": "Gastroscopia transaddominale"
      }, {
        "code": "4412",
        "display": "Gastroscopia attraverso stoma artificiale"
      }, {
        "code": "4413",
        "display": "Altra gastroscopia"
      }, {
        "code": "4414",
        "display": "Biopsia [endoscopica] dello stomaco"
      }, {
        "code": "4415",
        "display": "Altra biopsia dello stomaco"
      }, {
        "code": "4419",
        "display": "Altra procedura diagnostica sullo stomaco"
      } ]
    } ]
  }
}