{
  "resourceType": "ValueSet",
  "url": "http://hl7.org/fhir/sid/icd-9-cm-1499",
  "version": "1.0",
  "name": "Procedure-Asportazione o demolizione transuretrale di tessuto vescicale",
  "title": "Asportazione o demolizione transuretrale di tessuto vescicale",
  "status": "active",
  "compose": {
    "include": [ {
      "system": "http://hl7.org/fhir/sid/icd-9-cm",
      "concept": [ {
        "code": "5741",
        "display": "Lisi transuretrale di aderenze intraluminali"
      }, {
        "code": "5749",
        "display": "Altra resezione transuretrale di lesione vescicale o neoplasia"
      } ]
    } ]
  }
}