{
  "resourceType": "ValueSet",
  "url": "http://hl7.org/fhir/sid/icd-9-cm-1820",
  "version": "1.0",
  "name": "Procedure-Psicoterapia individuale",
  "title": "Psicoterapia individuale",
  "status": "active",
  "compose": {
    "include": [ {
      "system": "http://hl7.org/fhir/sid/icd-9-cm",
      "concept": [ {
        "code": "9431",
        "display": "Psicanalisi"
      }, {
        "code": "9432",
        "display": "Ipnoterapia"
      }, {
        "code": "9433",
        "display": "Terapia comportamentale"
      }, {
        "code": "9434",
        "display": "Terapia individuale per disfunzione psicosessuale"
      }, {
        "code": "9435",
        "display": "Intervento per crisi"
      }, {
        "code": "9436",
        "display": "Psicoterapia ludica"
      }, {
        "code": "9437",
        "display": "Psicoterapia verbale esplorativa"
      }, {
        "code": "9438",
        "display": "Psicoterapia verbale di supporto"
      }, {
        "code": "9439",
        "display": "Altra psicoterapia individuale"
      } ]
    } ]
  }
}