{
  "resourceType": "ValueSet",
  "url": "http://hl7.org/fhir/sid/icd-9-cm-1065",
  "version": "1.0",
  "name": "Procedure-Interventi sulla ghiandola pineale",
  "title": "Interventi sulla ghiandola pineale",
  "status": "active",
  "compose": {
    "include": [ {
      "system": "http://hl7.org/fhir/sid/icd-9-cm",
      "concept": [ {
        "code": "0751",
        "display": "Esplorazione della regione pineale"
      }, {
        "code": "0752",
        "display": "Incisione della ghiandola pineale"
      }, {
        "code": "0753",
        "display": "Asportazione parziale della ghiandola pineale"
      }, {
        "code": "0754",
        "display": "Asportazione della ghiandola pineale"
      }, {
        "code": "0759",
        "display": "Altri interventi sulla ghiandola pineale"
      } ]
    } ]
  }
}