{
  "resourceType": "ValueSet",
  "url": "http://hl7.org/fhir/sid/icd-9-cm-1101",
  "version": "1.0",
  "name": "Procedure-Asportazione dello pterigium",
  "title": "Asportazione dello pterigium",
  "status": "active",
  "compose": {
    "include": [ {
      "system": "http://hl7.org/fhir/sid/icd-9-cm",
      "concept": [ {
        "code": "1131",
        "display": "Trasposizione dello pterigium"
      }, {
        "code": "1132",
        "display": "Asportazione dello pterigium con innesto della cornea"
      }, {
        "code": "1139",
        "display": "Altra asportazione dello pterigium"
      } ]
    } ]
  }
}