{
  "resourceType": "ValueSet",
  "url": "http://hl7.org/fhir/sid/icd-9-cm-1035",
  "version": "1.0",
  "name": "Procedure-Procedure diagnostiche sul sistema nervoso periferico",
  "title": "Procedure diagnostiche sul sistema nervoso periferico",
  "status": "active",
  "compose": {
    "include": [ {
      "system": "http://hl7.org/fhir/sid/icd-9-cm",
      "concept": [ {
        "code": "0411",
        "display": "Biopsia [percutanea] [agobiopsia] dei nervi cranici o periferici o dei gangli"
      }, {
        "code": "0412",
        "display": "Biopsia a cielo aperto dei nervi cranici o periferici o dei gangli"
      }, {
        "code": "0419",
        "display": "Altre procedure diagnostiche sui nervi cranici o periferici o sui gangli"
      } ]
    } ]
  }
}