{
  "resourceType": "ValueSet",
  "url": "http://hl7.org/fhir/sid/icd-9-cm-1079",
  "version": "1.0",
  "name": "Procedure-Altri interventi sulle palpebre",
  "title": "Altri interventi sulle palpebre",
  "status": "active",
  "compose": {
    "include": [ {
      "system": "http://hl7.org/fhir/sid/icd-9-cm",
      "concept": [ {
        "code": "0891",
        "display": "Depilazione elettrochirurgica della palpebra"
      }, {
        "code": "0892",
        "display": "Depilazione criochirurgica della palpebra"
      }, {
        "code": "0893",
        "display": "Altra depilazione della palpebra"
      }, {
        "code": "0899",
        "display": "Altri interventi sulla palpebra"
      }, {
        "code": "09",
        "display": "Interventi sull' apparato lacrimale"
      } ]
    } ]
  }
}