{
  "resourceType": "ValueSet",
  "url": "http://hl7.org/fhir/sid/icd-9-cm-1480",
  "version": "1.0",
  "name": "Procedure-Nefrectomia",
  "title": "Nefrectomia",
  "status": "active",
  "compose": {
    "include": [ {
      "system": "http://hl7.org/fhir/sid/icd-9-cm",
      "concept": [ {
        "code": "5551",
        "display": "Nefroureterectomia"
      }, {
        "code": "5552",
        "display": "Nefrectomia di rene unico"
      }, {
        "code": "5553",
        "display": "Espianto di rene trapiantato"
      }, {
        "code": "5554",
        "display": "Nefrectomia bilaterale"
      } ]
    } ]
  }
}