{
  "resourceType": "ValueSet",
  "url": "http://hl7.org/fhir/sid/icd-9-cm-1622",
  "version": "1.0",
  "name": "Procedure-Procedure diagnostiche sulla vulva",
  "title": "Procedure diagnostiche sulla vulva",
  "status": "active",
  "compose": {
    "include": [ {
      "system": "http://hl7.org/fhir/sid/icd-9-cm",
      "concept": [ {
        "code": "7111",
        "display": "Biopsia della vulva"
      }, {
        "code": "7119",
        "display": "Altre procedure diagnostiche sulla vulva"
      } ]
    } ]
  }
}