{
  "resourceType": "ValueSet",
  "url": "http://hl7.org/fhir/sid/icd-9-cm-1283",
  "version": "1.0",
  "name": "Procedure-Interventi di riparazione e di plastica sul polmone e sui bronchi",
  "title": "Interventi di riparazione e di plastica sul polmone e sui bronchi",
  "status": "active",
  "compose": {
    "include": [ {
      "system": "http://hl7.org/fhir/sid/icd-9-cm",
      "concept": [ {
        "code": "3341",
        "display": "Sutura di lacerazione bronchiale"
      }, {
        "code": "3342",
        "display": "Chiusura di fistola bronchiale"
      }, {
        "code": "3343",
        "display": "Chiusura di lacerazione del polmone"
      }, {
        "code": "3348",
        "display": "Altri interventi di riparazione e plastica sui bronchi"
      }, {
        "code": "3349",
        "display": "Altri interventi di riparazione e plastica sul polmone"
      } ]
    } ]
  }
}