{
  "resourceType": "ValueSet",
  "url": "http://hl7.org/fhir/sid/icd-9-cm-1567",
  "version": "1.0",
  "name": "Procedure-Asportazione o demolizione locale di lesione o tessuto ovarico",
  "title": "Asportazione o demolizione locale di lesione o tessuto ovarico",
  "status": "active",
  "compose": {
    "include": [ {
      "system": "http://hl7.org/fhir/sid/icd-9-cm",
      "concept": [ {
        "code": "6521",
        "display": "Marsupializzazione di cisti ovarica"
      }, {
        "code": "6522",
        "display": "Resezione cuneiforme dell' ovaio"
      }, {
        "code": "6523",
        "display": "Marsupializzazione laparoscopica di cisti ovarica"
      }, {
        "code": "6524",
        "display": "Resezione cuneiforme laparoscopica di cisti ovarica"
      }, {
        "code": "6525",
        "display": "Altra asportazione laparoscopica locale o distruzione dell' ovaio"
      }, {
        "code": "6529",
        "display": "Altra asportazione o demolizione locale dell' ovaio"
      } ]
    } ]
  }
}