{
  "resourceType": "ValueSet",
  "url": "http://hl7.org/fhir/sid/icd-9-cm-1128",
  "version": "1.0",
  "name": "Procedure-Procedure diagnostiche sulla retina, sulla coroide, sul corpo vitreo e sulla camera posteriore",
  "title": "Procedure diagnostiche sulla retina, sulla coroide, sul corpo vitreo e sulla camera posteriore",
  "status": "active",
  "compose": {
    "include": [ {
      "system": "http://hl7.org/fhir/sid/icd-9-cm",
      "concept": [ {
        "code": "1411",
        "display": "Aspirazione diagnostica del corpo vitreo"
      }, {
        "code": "1419",
        "display": "Altre procedure diagnostiche sulla retina, sulla coroide, sul corpo vitreo e sulla camera posteriore"
      } ]
    } ]
  }
}