{
  "resourceType": "ValueSet",
  "url": "http://hl7.org/fhir/sid/icd-9-cm-1564",
  "version": "1.0",
  "name": "Procedure-Altri interventi sull' apparato genitale maschile",
  "title": "Altri interventi sull' apparato genitale maschile",
  "status": "active",
  "compose": {
    "include": [ {
      "system": "http://hl7.org/fhir/sid/icd-9-cm",
      "concept": [ {
        "code": "6491",
        "display": "Plastiche di slittamento del prepuzio"
      }, {
        "code": "6492",
        "display": "Incisione del pene"
      }, {
        "code": "6493",
        "display": "Liberazione di sinechie peniene"
      }, {
        "code": "6494",
        "display": "Posizionamento di protesi peniena esterna"
      }, {
        "code": "6495",
        "display": "Inserzione o reinserimento di protesi peniena semi rigida"
      }, {
        "code": "6496",
        "display": "Rimozione di protesi peniena interna"
      }, {
        "code": "6497",
        "display": "Inserzione o sostituzione di protesi peniena gonfiabile"
      }, {
        "code": "6498",
        "display": "Altri interventi sul pene"
      }, {
        "code": "6499",
        "display": "Altri interventi sull' apparato genitale maschile"
      }, {
        "code": "65",
        "display": "Interventi sull' ovaio"
      } ]
    } ]
  }
}