{
  "resourceType": "ValueSet",
  "url": "http://hl7.org/fhir/sid/icd-9-cm-1802",
  "version": "1.0",
  "name": "Procedure-Autopsia",
  "title": "Autopsia",
  "status": "active",
  "compose": {
    "include": [ {
      "system": "http://hl7.org/fhir/sid/icd-9-cm",
      "concept": [ {
        "code": "90",
        "display": "Esame microscopico - I"
      }, {
        "code": "9001",
        "display": "Esame microscopico di campione del sistema nervoso centrale e liquido spinale - striscio batterico"
      }, {
        "code": "9002",
        "display": "Esame microscopico di campione del sistema nervoso centrale e liquido spinale - coltura"
      }, {
        "code": "9003",
        "display": "Esame microscopico di campione del sistema nervoso centrale e liquido spinale - coltura e sensibilita'"
      }, {
        "code": "9004",
        "display": "Esame microscopico di campione del sistema nervoso centrale e liquido spinale - parassitologia"
      }, {
        "code": "9005",
        "display": "Esame microscopico di campione del sistema nervoso centrale e liquido spinale - tossicologia"
      }, {
        "code": "9006",
        "display": "Esame microscopico di campione del sistema nervoso centrale e liquido spinale - gruppo di cellule e striscio di Papanicolaou"
      }, {
        "code": "9009",
        "display": "Esame microscopico di campione del sistema nervoso centrale e liquido spinale - altri esami microscopici"
      }, {
        "code": "9011",
        "display": "Esame microscopico di campione delle ghiandole endocrine, non citate altrove - striscio batterico"
      }, {
        "code": "9012",
        "display": "Esame microscopico di campione delle ghiandole endocrine, non citate altrove - coltura"
      }, {
        "code": "9013",
        "display": "Esame microscopico di campione delle ghiandole endocrine, non citate altrove - coltura e sensibilita'"
      }, {
        "code": "9014",
        "display": "Esame microscopico di campione delle ghiandole endocrine, non citate altrove - parassitologia"
      }, {
        "code": "9015",
        "display": "Esame microscopico di campione delle ghiandole endocrine, non citate altrove - tossicologia"
      }, {
        "code": "9016",
        "display": "Esame microscopico di campione delle ghiandole endocrine, non citate altrove - gruppo di cellule e striscio di Papanicolaou"
      }, {
        "code": "9019",
        "display": "Esame microscopico di campione delle ghiandole endocrine, non citate altrove - altri esami microscopici"
      }, {
        "code": "9021",
        "display": "Esame microscopico di campione dell' occhio - striscio batterico"
      }, {
        "code": "9022",
        "display": "Esame microscopico di campione dell' occhio - coltura"
      }, {
        "code": "9023",
        "display": "Esame microscopico di campione dell' occhio - coltura e sensibilita'"
      }, {
        "code": "9024",
        "display": "Esame microscopico di campione dell' occhio - parassitologia"
      }, {
        "code": "9025",
        "display": "Esame microscopico di campione dell' occhio - tossicologia"
      }, {
        "code": "9026",
        "display": "Esame microscopico di campione dell' occhio - gruppo di cellule e striscio di Papanicolaou"
      }, {
        "code": "9029",
        "display": "Esame microscopico di campione dell' occhio - altri esami microscopici"
      }, {
        "code": "9031",
        "display": "Esame microscopico di campione di orecchio, naso, gola e laringe - striscio batterico"
      }, {
        "code": "9032",
        "display": "Esame microscopico di campione di orecchio, naso, gola e laringe - coltura"
      }, {
        "code": "9033",
        "display": "Esame microscopico di campione di orecchio, naso, gola e laringe - coltura e sensibilita'"
      }, {
        "code": "9034",
        "display": "Esame microscopico di campione di orecchio, naso, gola e laringe - parassitologia"
      }, {
        "code": "9035",
        "display": "Esame microscopico di campione di orecchio, naso, gola e laringe - tossicologia"
      }, {
        "code": "9036",
        "display": "Esame microscopico di campione di orecchio, naso, gola e laringe - gruppo di cellule e striscio di Papanicolaou"
      }, {
        "code": "9039",
        "display": "Esame microscopico di campione di orecchio, naso, gola e laringe - altri esami microscopici"
      }, {
        "code": "9041",
        "display": "Esame microscopico di campione di trachea, bronchi, pleura, polmone e altri campioni toracici e dell' espettorato - striscio batterico"
      }, {
        "code": "9042",
        "display": "Esame microscopico di campione di trachea, bronchi, pleura, polmone e altri campioni toracici e dell' espettorato - coltura"
      }, {
        "code": "9043",
        "display": "Esame microscopico di campione di trachea, bronchi, pleura, polmone e altri campioni toracici e dell' espettorato - coltura e sensibilita'"
      }, {
        "code": "9044",
        "display": "Esame microscopico di campione di trachea, bronchi, pleura, polmone e altri campioni toracici e dell' espettorato - parassitologia"
      }, {
        "code": "9045",
        "display": "Esame microscopico di campione di trachea, bronchi, pleura, polmone e altri campioni toracici e dell' espettorato - tossicologia"
      }, {
        "code": "9046",
        "display": "Esame microscopico di campione di trachea, bronchi, pleura, polmone e altri campioni toracici e dell' espettorato - gruppo di cellule e striscio di Papanicolaou"
      }, {
        "code": "9049",
        "display": "Esame microscopico di campione di trachea, bronchi, pleura, polmone e altri campioni toracici e dell' espettorato - altri esami microscopici"
      }, {
        "code": "9051",
        "display": "Esame microscopico di campione di sangue - striscio batterico"
      }, {
        "code": "9052",
        "display": "Esame microscopico di campione di sangue - coltura"
      }, {
        "code": "9053",
        "display": "Esame microscopico di campione di sangue - coltura e sensibilita'"
      }, {
        "code": "9054",
        "display": "Esame microscopico di campione di sangue - parassitologia"
      }, {
        "code": "9055",
        "display": "Esame microscopico di campione di sangue - tossicologia"
      }, {
        "code": "9056",
        "display": "Esame microscopico di campione di sangue - gruppo di cellule e striscio di Papanicolaou"
      }, {
        "code": "9059",
        "display": "Esame microscopico di campione di sangue - altri esami microscopici"
      }, {
        "code": "9061",
        "display": "Esame microscopico di campione di milza e midollo osseo - striscio batterico"
      }, {
        "code": "9062",
        "display": "Esame microscopico di campione di milza e midollo osseo - coltura"
      }, {
        "code": "9063",
        "display": "Esame microscopico di campione di milza e midollo osseo - coltura e sensibilita'"
      }, {
        "code": "9064",
        "display": "Esame microscopico di campione di milza e midollo osseo - parassitologia"
      }, {
        "code": "9065",
        "display": "Esame microscopico di campione di milza e midollo osseo - tossicologia"
      }, {
        "code": "9066",
        "display": "Esame microscopico di campione di milza e midollo osseo - gruppo di cellule e striscio di Papanicolaou"
      }, {
        "code": "9069",
        "display": "Esame microscopico di campione di milza e midollo osseo - altri esami microscopici"
      }, {
        "code": "9071",
        "display": "Esame microscopico di campione di linfonodi e linfa - striscio batterico"
      }, {
        "code": "9072",
        "display": "Esame microscopico di campione di linfonodi e linfa - coltura"
      }, {
        "code": "9073",
        "display": "Esame microscopico di campione di linfonodi e linfa - coltura e sensibilita'"
      }, {
        "code": "9074",
        "display": "Esame microscopico di campione di linfonodi e linfa - parassitologia"
      }, {
        "code": "9075",
        "display": "Esame microscopico di campione di linfonodi e linfa - tossicologia"
      }, {
        "code": "9076",
        "display": "Esame microscopico di campione di linfonodi e linfa - gruppo di cellule e striscio di Papanicolaou"
      }, {
        "code": "9079",
        "display": "Esame microscopico di campione di linfonodi e linfa - altri esami microscopici"
      }, {
        "code": "9081",
        "display": "Esame microscopico di campione di tubo gastroenterico superiore e del vomito - striscio batterico"
      }, {
        "code": "9082",
        "display": "Esame microscopico di campione di tubo gastroenterico superiore e del vomito - coltura"
      }, {
        "code": "9083",
        "display": "Esame microscopico di campione di tubo gastroenterico superiore e del vomito - coltura e sensibilita'"
      }, {
        "code": "9084",
        "display": "Esame microscopico di campione di tubo gastroenterico superiore e del vomito - parassitologia"
      }, {
        "code": "9085",
        "display": "Esame microscopico di campione di tubo gastroenterico superiore e del vomito - tossicologia"
      }, {
        "code": "9086",
        "display": "Esame microscopico di campione di tubo gastroenterico superiore e del vomito - gruppo di cellule e striscio di Papanicolaou"
      }, {
        "code": "9089",
        "display": "Esame microscopico di campione di tubo gastroenterico superiore e del vomito - altri esami microscopici"
      }, {
        "code": "9091",
        "display": "Esame microscopico di campione di tubo gastroenterico inferiore e feci - striscio batterico"
      }, {
        "code": "9092",
        "display": "Esame microscopico di campione di tubo gastroenterico inferiore e feci - coltura"
      }, {
        "code": "9093",
        "display": "Esame microscopico di campione di tubo gastroenterico inferiore e feci - coltura e sensibilita'"
      }, {
        "code": "9094",
        "display": "Esame microscopico di campione di tubo gastroenterico inferiore e feci - parassitologia"
      }, {
        "code": "9095",
        "display": "Esame microscopico di campione di tubo gastroenterico inferiore e feci - tossicologia"
      }, {
        "code": "9096",
        "display": "Esame microscopico di campione di tubo gastroenterico inferiore e feci - gruppo di cellule e striscio di Papanicolaou"
      }, {
        "code": "9099",
        "display": "Esame microscopico di campione di tubo gastroenterico inferiore e feci - altri esami microscopici"
      }, {
        "code": "91",
        "display": "Esame microscopico - II"
      }, {
        "code": "9101",
        "display": "Esame microscopico di campione di fegato, vie biliari e pancreas - striscio batterico"
      }, {
        "code": "9102",
        "display": "Esame microscopico di campione di fegato, vie biliari e pancreas - coltura"
      }, {
        "code": "9103",
        "display": "Esame microscopico di campione di fegato, vie biliari e pancreas - coltura e sensibilita'"
      }, {
        "code": "9104",
        "display": "Esame microscopico di campione di fegato, vie biliari e pancreas - parassitologia"
      }, {
        "code": "9105",
        "display": "Esame microscopico di campione di fegato, vie biliari e pancreas - tossicologia"
      }, {
        "code": "9106",
        "display": "Esame microscopico di campione di fegato, vie biliari e pancreas - gruppo di cellule e striscio di Papanicolaou"
      }, {
        "code": "9109",
        "display": "Esame microscopico di campione di fegato, vie biliari e pancreas - altri esami microscopici"
      }, {
        "code": "9111",
        "display": "Esame microscopico di campione di peritoneo e retroperitoneo - striscio batterico"
      }, {
        "code": "9112",
        "display": "Esame microscopico di campione di peritoneo e retroperitoneo - coltura"
      }, {
        "code": "9113",
        "display": "Esame microscopico di campione di peritoneo e retroperitoneo - coltura e sensibilita'"
      }, {
        "code": "9114",
        "display": "Esame microscopico di campione di peritoneo e retroperitoneo - parassitologia"
      }, {
        "code": "9115",
        "display": "Esame microscopico di campione di peritoneo e retroperitoneo - tossicologia"
      }, {
        "code": "9116",
        "display": "Esame microscopico di campione di peritoneo e retroperitoneo - gruppo di cellule e striscio di Papanicolaou"
      }, {
        "code": "9119",
        "display": "Esame microscopico di campione di peritoneo e retroperitoneo - altri esami microscopici"
      }, {
        "code": "9121",
        "display": "Esame microscopico di campione di rene, uretere, tessuto perirenale e periureterale - striscio batterico"
      }, {
        "code": "9122",
        "display": "Esame microscopico di campione di rene, uretere, tessuto perirenale e periureterale - coltura"
      }, {
        "code": "9123",
        "display": "Esame microscopico di campione di rene, uretere, tessuto perirenale e periureterale - coltura e sensibilita'"
      }, {
        "code": "9124",
        "display": "Esame microscopico di campione di rene, uretere, tessuto perirenale e periureterale - parassitologia"
      }, {
        "code": "9125",
        "display": "Esame microscopico di campione di rene, uretere, tessuto perirenale e periureterale - tossicologia"
      }, {
        "code": "9126",
        "display": "Esame microscopico di campione di rene, uretere, tessuto perirenale e periureterale - gruppo di cellule e striscio di Papanicolaou"
      }, {
        "code": "9129",
        "display": "Esame microscopico di campione di rene, uretere, tessuto perirenale e periureterale - altri esami microscopici"
      }, {
        "code": "9131",
        "display": "Esame microscopico di campione di vescica, uretra, prostata, vescicole seminali, tessuto perivescicale, e dell' urina e del seme - striscio batterico"
      }, {
        "code": "9132",
        "display": "Esame microscopico di campione di vescica, uretra, prostata, vescicole seminali, tessuto perivescicale, e dell' urina e del seme - coltura"
      }, {
        "code": "9133",
        "display": "Esame microscopico di campione di vescica, uretra, prostata, vescicole seminali, tessuto perivescicale, e dell' urina e del seme - coltura e sensibilita'"
      }, {
        "code": "9134",
        "display": "Esame microscopico di campione di vescica, uretra, prostata, vescicole seminali, tessuto perivescicale, e dell' urina e del seme - parassitologia"
      }, {
        "code": "9135",
        "display": "Esame microscopico di campione di vescica, uretra, prostata, vescicole seminali, tessuto perivescicale, e dell' urina e del seme - tossicologia"
      }, {
        "code": "9136",
        "display": "Esame microscopico di campione di vescica, uretra, prostata, vescicole seminali, tessuto perivescicale, e dell' urina e del seme - gruppo di cellule e striscio di Papanicolaou"
      }, {
        "code": "9139",
        "display": "Esame microscopico di campione di vescica, uretra, prostata, vescicole seminali, tessuto perivescicale, e dell' urina e del seme - altri esami microscopici"
      }, {
        "code": "9141",
        "display": "Esame microscopico di campione di vie genitali femminili, feto, sacco amniotico - striscio batterico"
      }, {
        "code": "9142",
        "display": "Esame microscopico di campione di vie genitali femminili, feto, sacco amniotico - coltura"
      }, {
        "code": "9143",
        "display": "Esame microscopico di campione di vie genitali femminili, feto, sacco amniotico - coltura e sensibilita'"
      }, {
        "code": "9144",
        "display": "Esame microscopico di campione di vie genitali femminili, feto, sacco amniotico - parassitologia"
      }, {
        "code": "9145",
        "display": "Esame microscopico di campione di vie genitali femminili, feto, sacco amniotico - tossicologia"
      }, {
        "code": "9146",
        "display": "Esame microscopico di campione di vie genitali femminili, feto, sacco amniotico - gruppo di cellule e striscio di Papanicolaou"
      }, {
        "code": "9149",
        "display": "Esame microscopico di campione di vie genitali femminili, feto, sacco amniotico - altri esami microscopici"
      }, {
        "code": "9151",
        "display": "Esame microscopico di campione di sistema muscoloscheletrico e liquido articolare - striscio batterico"
      }, {
        "code": "9152",
        "display": "Esame microscopico di campione di sistema muscoloscheletrico e liquido articolare - coltura"
      }, {
        "code": "9153",
        "display": "Esame microscopico di campione di sistema muscoloscheletrico e liquido articolare - coltura e sensibilita'"
      }, {
        "code": "9154",
        "display": "Esame microscopico di campione di sistema muscoloscheletrico e liquido articolare - parassitologia"
      }, {
        "code": "9155",
        "display": "Esame microscopico di campione di sistema muscoloscheletrico e liquido articolare - tossicologia"
      }, {
        "code": "9156",
        "display": "Esame microscopico di campione di sistema muscoloscheletrico e liquido articolare - gruppo di cellule e striscio di Papanicolaou"
      }, {
        "code": "9159",
        "display": "Esame microscopico di campione di sistema muscoloscheletrico e liquido articolare - altri esami microscopici"
      }, {
        "code": "9161",
        "display": "Esame microscopico di campione di cute e altri tegumenti - striscio batterico"
      }, {
        "code": "9162",
        "display": "Esame microscopico di campione di cute e altri tegumenti - coltura"
      }, {
        "code": "9163",
        "display": "Esame microscopico di campione di cute e altri tegumenti - coltura e sensibilita'"
      }, {
        "code": "9164",
        "display": "Esame microscopico di campione di cute e altri tegumenti - parassitologia"
      }, {
        "code": "9165",
        "display": "Esame microscopico di campione di cute e altri tegumenti - tossicologia"
      }, {
        "code": "9166",
        "display": "Esame microscopico di campione di cute e altri tegumenti - gruppo di cellule e striscio di Papanicolaou"
      }, {
        "code": "9169",
        "display": "Esame microscopico di campione di cute e altri tegumenti - altri esami microscopici"
      }, {
        "code": "9171",
        "display": "Esame microscopico di campione di ferita operatoria - striscio batterico"
      }, {
        "code": "9172",
        "display": "Esame microscopico di campione di ferita operatoria - coltura"
      }, {
        "code": "9173",
        "display": "Esame microscopico di campione di ferita operatoria - coltura e sensibilita'"
      }, {
        "code": "9174",
        "display": "Esame microscopico di campione di ferita operatoria - parassitologia"
      }, {
        "code": "9175",
        "display": "Esame microscopico di campione di ferita operatoria - tossicologia"
      }, {
        "code": "9176",
        "display": "Esame microscopico di campione di ferita operatoria - gruppo di cellule e striscio di Papanicolaou"
      }, {
        "code": "9179",
        "display": "Esame microscopico di campione di ferita operatoria - altri esami microscopici"
      }, {
        "code": "9181",
        "display": "Esame microscopico di campione di altre sedi - striscio batterico"
      }, {
        "code": "9182",
        "display": "Esame microscopico di campione di altre sedi - coltura"
      }, {
        "code": "9183",
        "display": "Esame microscopico di campione di altre sedi - coltura e sensibilita'"
      }, {
        "code": "9184",
        "display": "Esame microscopico di campione di altre sedi - parassitologia"
      }, {
        "code": "9185",
        "display": "Esame microscopico di campione di altre sedi - tossicologia"
      }, {
        "code": "9186",
        "display": "Esame microscopico di campione di altre sedi - gruppo di cellule e striscio di Papanicolaou"
      }, {
        "code": "9189",
        "display": "Esame microscopico di campione di altre sedi - altri esami microscopici"
      }, {
        "code": "9191",
        "display": "Esame microscopico di campione di sede non specificata - striscio batterico"
      }, {
        "code": "9192",
        "display": "Esame microscopico di campione di sede non specificata - coltura"
      }, {
        "code": "9193",
        "display": "Esame microscopico di campione di sede non specificata - coltura e sensibilita'"
      }, {
        "code": "9194",
        "display": "Esame microscopico di campione di sede non specificata - parassitologia"
      }, {
        "code": "9195",
        "display": "Esame microscopico di campione di sede non specificata - tossicologia"
      }, {
        "code": "9196",
        "display": "Esame microscopico di campione di sede non specificata - gruppo di cellule e striscio di Papanicolaou"
      }, {
        "code": "9199",
        "display": "Esame microscopico di campione di sede non specificata - altri esami microscopici"
      }, {
        "code": "92",
        "display": "Medicina nucleare"
      } ]
    } ]
  }
}