{
  "resourceType": "ValueSet",
  "url": "http://hl7.org/fhir/sid/icd-9-cm-1266",
  "version": "1.0",
  "name": "Procedure-Procedure diagnostiche su laringe e trachea",
  "title": "Procedure diagnostiche su laringe e trachea",
  "status": "active",
  "compose": {
    "include": [ {
      "system": "http://hl7.org/fhir/sid/icd-9-cm",
      "concept": [ {
        "code": "3141",
        "display": "Tracheoscopia attraverso stoma artificiale"
      }, {
        "code": "3142",
        "display": "Laringoscopia e altra tracheoscopia"
      }, {
        "code": "3143",
        "display": "Biopsia [endoscopica] della laringe"
      }, {
        "code": "3144",
        "display": "Biopsia chiusa [endoscopica] della trachea"
      }, {
        "code": "3145",
        "display": "Biopsia a cielo aperto della laringe o trachea"
      }, {
        "code": "3148",
        "display": "Altra procedura diagnostica sulla laringe"
      }, {
        "code": "3149",
        "display": "Altre procedure diagnostiche sulla trachea"
      } ]
    } ]
  }
}