{
  "resourceType": "ValueSet",
  "url": "http://hl7.org/fhir/sid/icd-9-cm-1786",
  "version": "1.0",
  "name": "Procedure-Radiografia degli arti e della pelvi",
  "title": "Radiografia degli arti e della pelvi",
  "status": "active",
  "compose": {
    "include": [ {
      "system": "http://hl7.org/fhir/sid/icd-9-cm",
      "concept": [ {
        "code": "8821",
        "display": "Radiografia della spalla e degli arti superiori"
      }, {
        "code": "8822",
        "display": "Radiografia del gomito e dell' avambraccio"
      }, {
        "code": "8823",
        "display": "Radiografia del polso e della mano"
      }, {
        "code": "8824",
        "display": "Radiografia dell' arto superiore SAI"
      }, {
        "code": "8825",
        "display": "Pelvimetria"
      }, {
        "code": "8826",
        "display": "Altra radiografia di pelvi e anca"
      }, {
        "code": "8827",
        "display": "Radiografia del femore, ginocchio e gamba"
      }, {
        "code": "8828",
        "display": "Radiografia del piede e caviglia"
      }, {
        "code": "8829",
        "display": "Altre radiografie dell' arto inferiore"
      } ]
    } ]
  }
}