{
  "resourceType": "ValueSet",
  "url": "http://hl7.org/fhir/sid/icd-9-cm-1138",
  "version": "1.0",
  "name": "Procedure-Altri interventi su un muscolo extraoculare",
  "title": "Altri interventi su un muscolo extraoculare",
  "status": "active",
  "compose": {
    "include": [ {
      "system": "http://hl7.org/fhir/sid/icd-9-cm",
      "concept": [ {
        "code": "1521",
        "display": "Interventi di allungamento di un muscolo extraoculare"
      }, {
        "code": "1522",
        "display": "Interventi di accorciamento di un muscolo extraoculare"
      }, {
        "code": "1529",
        "display": "Altri interventi su un muscolo extraoculare"
      } ]
    } ]
  }
}