{
  "resourceType": "ValueSet",
  "url": "http://hl7.org/fhir/sid/icd-9-cm-1765",
  "version": "1.0",
  "name": "Procedure-Procedure diagnostiche sulla cute e sul tessuto sottocutaneo",
  "title": "Procedure diagnostiche sulla cute e sul tessuto sottocutaneo",
  "status": "active",
  "compose": {
    "include": [ {
      "system": "http://hl7.org/fhir/sid/icd-9-cm",
      "concept": [ {
        "code": "8611",
        "display": "Biopsia della cute e del tessuto sottocutaneo"
      }, {
        "code": "8619",
        "display": "Altre procedure diagnostiche su cute e tessuto sottocutaneo"
      } ]
    } ]
  }
}