{
  "resourceType": "ValueSet",
  "url": "http://hl7.org/fhir/sid/icd-9-cm-1185",
  "version": "1.0",
  "name": "Procedure-Asportazione o demolizione locale di lesione del naso",
  "title": "Asportazione o demolizione locale di lesione del naso",
  "status": "active",
  "compose": {
    "include": [ {
      "system": "http://hl7.org/fhir/sid/icd-9-cm",
      "concept": [ {
        "code": "2130",
        "display": "Asportazione o demolizione di lesione del naso, SAI"
      }, {
        "code": "2131",
        "display": "Asportazione o demolizione locale di lesione intranasale"
      }, {
        "code": "2132",
        "display": "Asportazione o demolizione locale di altra lesione del naso"
      } ]
    } ]
  }
}