{
  "resourceType": "ValueSet",
  "url": "http://hl7.org/fhir/sid/icd-9-cm-1259",
  "version": "1.0",
  "name": "Procedure-Altra laringectomia parziale",
  "title": "Altra laringectomia parziale",
  "status": "active",
  "compose": {
    "include": [ {
      "system": "http://hl7.org/fhir/sid/icd-9-cm",
      "concept": [ {
        "code": "3021",
        "display": "Epiglottidectomia"
      }, {
        "code": "3022",
        "display": "Cordectomia"
      }, {
        "code": "3029",
        "display": "Altra laringectomia parziale"
      } ]
    } ]
  }
}