{
  "resourceType": "ValueSet",
  "url": "http://hl7.org/fhir/sid/icd-9-cm-1126",
  "version": "1.0",
  "name": "Procedure-Altri interventi sul cristallino",
  "title": "Altri interventi sul cristallino",
  "status": "active",
  "compose": {
    "include": [ {
      "system": "http://hl7.org/fhir/sid/icd-9-cm",
      "concept": [ {
        "code": "1390",
        "display": "Interventi sul cristallino, non classificati altrove"
      }, {
        "code": "1391",
        "display": "Impianto di lenti telescopiche intraoculari impianto di telescopio miniaturizzato inclusa rimozione del cristallino con qualsiasi metodo"
      }, {
        "code": "14",
        "display": "Interventi sulla retina, sulla coroide, sul corpo vitreo e sulla camera posteriore"
      } ]
    } ]
  }
}