{
  "resourceType": "ValueSet",
  "url": "http://hl7.org/fhir/sid/icd-9-cm-1286",
  "version": "1.0",
  "name": "Procedure-Inserzione endoscopica, sostituzione o rimozione di sostanze o dispositivi terapeutici in bronchi o polmone",
  "title": "Inserzione endoscopica, sostituzione o rimozione di sostanze o dispositivi terapeutici in bronchi o polmone",
  "status": "active",
  "compose": {
    "include": [ {
      "system": "http://hl7.org/fhir/sid/icd-9-cm",
      "concept": [ {
        "code": "3371",
        "display": "Inserzione endoscopica o sostituzione di valvola/e bronchiale valvola endobronchiale unidirezionale valvola intrabronchiale unidirezionale"
      }, {
        "code": "3378",
        "display": "Rimozione endoscopica di dispositivo o sostanze bronchiali"
      }, {
        "code": "3379",
        "display": "Inserzione endoscopica di altro dispositivo o sostanze bronchiali"
      } ]
    } ]
  }
}