{
  "resourceType": "ValueSet",
  "url": "http://hl7.org/fhir/sid/icd-9-cm-1306",
  "version": "1.0",
  "name": "Procedure-Correzione totale di alcune anomalie cardiache congenite",
  "title": "Correzione totale di alcune anomalie cardiache congenite",
  "status": "active",
  "compose": {
    "include": [ {
      "system": "http://hl7.org/fhir/sid/icd-9-cm",
      "concept": [ {
        "code": "3581",
        "display": "Correzione totale di tetralogia di Fallot"
      }, {
        "code": "3582",
        "display": "Correzione totale di completa anomalia della connessione venosa polmonare"
      }, {
        "code": "3583",
        "display": "Correzione totale del tronco arterioso"
      }, {
        "code": "3584",
        "display": "Correzione totale di trasposizione di grande vaso non classificato altrove"
      } ]
    } ]
  }
}