{
  "resourceType": "ValueSet",
  "url": "http://hl7.org/fhir/sid/icd-9-cm-1354",
  "version": "1.0",
  "name": "Procedure-Procedure diagnostiche sul midollo osseo e sulla milza",
  "title": "Procedure diagnostiche sul midollo osseo e sulla milza",
  "status": "active",
  "compose": {
    "include": [ {
      "system": "http://hl7.org/fhir/sid/icd-9-cm",
      "concept": [ {
        "code": "4131",
        "display": "Biopsia del midollo osseo"
      }, {
        "code": "4132",
        "display": "Biopsia [per aspirazione] [percutanea] della milza"
      }, {
        "code": "4133",
        "display": "Biopsia a cielo aperto della milza"
      }, {
        "code": "4138",
        "display": "Altre procedure diagnostiche sul midollo osseo"
      }, {
        "code": "4139",
        "display": "Altre procedure diagnostiche sulla milza"
      } ]
    } ]
  }
}