{
  "resourceType": "ValueSet",
  "url": "http://hl7.org/fhir/sid/icd-9-cm-1394",
  "version": "1.0",
  "name": "Procedure-Anastomosi intestinale",
  "title": "Anastomosi intestinale",
  "status": "active",
  "compose": {
    "include": [ {
      "system": "http://hl7.org/fhir/sid/icd-9-cm",
      "concept": [ {
        "code": "4590",
        "display": "Anastomosi intestinale, SAI"
      }, {
        "code": "4591",
        "display": "Anastomosi intestinale tenue-tenue"
      }, {
        "code": "4592",
        "display": "Anastomosi dell' intestino tenue al moncone rettale"
      }, {
        "code": "4593",
        "display": "Altra anastomosi intestinale tenuecrasso"
      }, {
        "code": "4594",
        "display": "Anastomosi intestinale crasso-crasso"
      }, {
        "code": "4595",
        "display": "Anastomosi all' ano"
      }, {
        "code": "46",
        "display": "Altri interventi sull' intestino"
      } ]
    } ]
  }
}