{
  "resourceType": "ValueSet",
  "url": "http://hl7.org/fhir/sid/icd-9-cm-1828",
  "version": "1.0",
  "name": "Procedure-Procedure diagnostiche non operatorie correlate all' udito",
  "title": "Procedure diagnostiche non operatorie correlate all' udito",
  "status": "active",
  "compose": {
    "include": [ {
      "system": "http://hl7.org/fhir/sid/icd-9-cm",
      "concept": [ {
        "code": "9541",
        "display": "Audiometria"
      }, {
        "code": "9542",
        "display": "Test clinico per l' udito"
      }, {
        "code": "9543",
        "display": "Valutazione audiologica"
      }, {
        "code": "9544",
        "display": "Esame clinico della funzionalita' vestibolare"
      }, {
        "code": "9545",
        "display": "Test di rotazione"
      }, {
        "code": "9546",
        "display": "Altri test audiometrici o della funzionalita' vestibolare"
      }, {
        "code": "9547",
        "display": "Esame dell' udito SAI"
      }, {
        "code": "9548",
        "display": "Messa a punto di mezzi per l' udito"
      }, {
        "code": "9549",
        "display": "Altre procedure diagnostiche non operatorie correlate alla funzione uditiva"
      }, {
        "code": "96",
        "display": "Intubazioni ed irrigazioni non operatorie"
      } ]
    } ]
  }
}