{
  "resourceType": "ValueSet",
  "url": "http://hl7.org/fhir/sid/icd-9-cm-1570",
  "version": "1.0",
  "name": "Procedure-Ovariectomia bilaterale",
  "title": "Ovariectomia bilaterale",
  "status": "active",
  "compose": {
    "include": [ {
      "system": "http://hl7.org/fhir/sid/icd-9-cm",
      "concept": [ {
        "code": "6551",
        "display": "Rimozione di entrambe le ovaie nello stesso intervento"
      }, {
        "code": "6552",
        "display": "Rimozione dell' ovaio residuo"
      }, {
        "code": "6553",
        "display": "Rimozione laparoscopica di entrambe le ovaie nello stesso intervento"
      }, {
        "code": "6554",
        "display": "Rimozione laparoscopica dell' ovaio residuo"
      } ]
    } ]
  }
}