{
  "resourceType": "ValueSet",
  "url": "http://hl7.org/fhir/sid/icd-9-cm-1728",
  "version": "1.0",
  "name": "Procedure-Altra asportazione dei tessuti molli della mano",
  "title": "Altra asportazione dei tessuti molli della mano",
  "status": "active",
  "compose": {
    "include": [ {
      "system": "http://hl7.org/fhir/sid/icd-9-cm",
      "concept": [ {
        "code": "8231",
        "display": "Borsectomia della mano"
      }, {
        "code": "8232",
        "display": "Asportazione dei tendini della mano per innesto"
      }, {
        "code": "8233",
        "display": "Altra tendinectomia della mano"
      }, {
        "code": "8234",
        "display": "Asportazione di muscolo o fasce della mano per innesto"
      }, {
        "code": "8235",
        "display": "Altra fascectomia della mano"
      }, {
        "code": "8236",
        "display": "Altra miectomia della mano"
      }, {
        "code": "8239",
        "display": "Altra asportazione dei tessuti molli della mano"
      } ]
    } ]
  }
}