{
  "resourceType": "ValueSet",
  "url": "http://hl7.org/fhir/sid/icd-9-cm-1110",
  "version": "1.0",
  "name": "Procedure-Iridoplastica e coreoplastica",
  "title": "Iridoplastica e coreoplastica",
  "status": "active",
  "compose": {
    "include": [ {
      "system": "http://hl7.org/fhir/sid/icd-9-cm",
      "concept": [ {
        "code": "1231",
        "display": "Lisi di goniosinechie"
      }, {
        "code": "1232",
        "display": "Lisi di altre sinechie anteriori"
      }, {
        "code": "1233",
        "display": "Lisi di sinechie posteriori"
      }, {
        "code": "1234",
        "display": "Lisi di aderenze corneovitreali"
      }, {
        "code": "1235",
        "display": "Coreoplastica"
      }, {
        "code": "1239",
        "display": "Altra iridoplastica"
      } ]
    } ]
  }
}