{
  "resourceType": "ValueSet",
  "url": "http://hl7.org/fhir/sid/icd-9-cm-1269",
  "version": "1.0",
  "name": "Procedure-Interventi di riparazione e di plastica sulla trachea",
  "title": "Interventi di riparazione e di plastica sulla trachea",
  "status": "active",
  "compose": {
    "include": [ {
      "system": "http://hl7.org/fhir/sid/icd-9-cm",
      "concept": [ {
        "code": "3171",
        "display": "Sutura di lacerazione della trachea"
      }, {
        "code": "3172",
        "display": "Chiusura di fistola esterna della trachea"
      }, {
        "code": "3173",
        "display": "Chiusura di altra fistola della trachea"
      }, {
        "code": "3174",
        "display": "Revisione della tracheostomia"
      }, {
        "code": "3175",
        "display": "Ricostruzione della trachea e costruzione di laringe artificiale"
      }, {
        "code": "3179",
        "display": "Altri interventi di riparazione e di plastica sulla trachea"
      } ]
    } ]
  }
}