{
  "resourceType": "ValueSet",
  "url": "http://hl7.org/fhir/sid/icd-9-cm-1483",
  "version": "1.0",
  "name": "Procedure-Interventi plastici renali",
  "title": "Interventi plastici renali",
  "status": "active",
  "compose": {
    "include": [ {
      "system": "http://hl7.org/fhir/sid/icd-9-cm",
      "concept": [ {
        "code": "5581",
        "display": "Sutura di lacerazione renale"
      }, {
        "code": "5582",
        "display": "Chiusura di nefrostomia o pielostomia"
      }, {
        "code": "5583",
        "display": "Riparazione di fistola renale"
      }, {
        "code": "5584",
        "display": "Riparazione di peduncolo renale"
      }, {
        "code": "5585",
        "display": "Sinfisectomia di rene a ferro di cavallo"
      }, {
        "code": "5586",
        "display": "Anastomosi reno-pielo-ureterali"
      }, {
        "code": "5587",
        "display": "Pieloplastiche"
      }, {
        "code": "5589",
        "display": "Altra riparazione del rene"
      } ]
    } ]
  }
}