{
  "resourceType": "ValueSet",
  "url": "http://hl7.org/fhir/sid/icd-9-cm-1114",
  "version": "1.0",
  "name": "Procedure-Altri interventi chirurgici per ridurre l' ipertono oculare",
  "title": "Altri interventi chirurgici per ridurre l' ipertono oculare",
  "status": "active",
  "compose": {
    "include": [ {
      "system": "http://hl7.org/fhir/sid/icd-9-cm",
      "concept": [ {
        "code": "1271",
        "display": "Ciclodiatermia"
      }, {
        "code": "1272",
        "display": "Ciclocrioterapia"
      }, {
        "code": "1273",
        "display": "Ciclofotocoagulazione"
      }, {
        "code": "1274",
        "display": "Riduzione del corpo ciliare, SAI"
      }, {
        "code": "1279",
        "display": "Altri interventi per glaucoma"
      } ]
    } ]
  }
}