{
  "resourceType": "ValueSet",
  "url": "http://hl7.org/fhir/sid/icd-9-cm-1634",
  "version": "1.0",
  "name": "Procedure-Parto con forcipe alto",
  "title": "Parto con forcipe alto",
  "status": "active",
  "compose": {
    "include": [ {
      "system": "http://hl7.org/fhir/sid/icd-9-cm",
      "concept": [ {
        "code": "7231",
        "display": "Parto con forcipe alto con episiotomia"
      }, {
        "code": "7239",
        "display": "Altro parto con forcipe alto"
      } ]
    } ]
  }
}