{
  "resourceType": "ValueSet",
  "url": "http://hl7.org/fhir/sid/icd-9-cm-1113",
  "version": "1.0",
  "name": "Procedure-Fistolizzazione sclerale",
  "title": "Fistolizzazione sclerale",
  "status": "active",
  "compose": {
    "include": [ {
      "system": "http://hl7.org/fhir/sid/icd-9-cm",
      "concept": [ {
        "code": "1261",
        "display": "Trapanazione sclerale con iridectomia"
      }, {
        "code": "1262",
        "display": "Termocauterizzazione della sclera con iridectomia (Sclerotomia)"
      }, {
        "code": "1263",
        "display": "Iridencleisi e iridotasi"
      }, {
        "code": "1264",
        "display": "Trabeculectomia ab externo"
      }, {
        "code": "1265",
        "display": "Altra fistolizzazione sclerale con iridectomia"
      }, {
        "code": "1266",
        "display": "Revisione postoperatoria di interventi di fistolizzazione della sclera"
      }, {
        "code": "1269",
        "display": "Altri interventi di fistolizzazione della sclera"
      } ]
    } ]
  }
}