{
  "resourceType": "ValueSet",
  "url": "http://hl7.org/fhir/sid/icd-9-cm-1198",
  "version": "1.0",
  "name": "Procedure-Altra senectomia nasale",
  "title": "Altra senectomia nasale",
  "status": "active",
  "compose": {
    "include": [ {
      "system": "http://hl7.org/fhir/sid/icd-9-cm",
      "concept": [ {
        "code": "2260",
        "display": "Senectomia, SAI"
      }, {
        "code": "2261",
        "display": "Asportazione di lesione del seno mascellare secondo Caldwell-Luc"
      }, {
        "code": "2262",
        "display": "Asportazione di lesione del seno mascellare con altro approccio"
      }, {
        "code": "2263",
        "display": "Etmoidectomia"
      }, {
        "code": "2264",
        "display": "Sfenoidectomia"
      } ]
    } ]
  }
}