{
  "resourceType": "ValueSet",
  "url": "http://hl7.org/fhir/sid/icd-9-cm-1612",
  "version": "1.0",
  "name": "Procedure-Incisione della vagina e del cul-de-sac",
  "title": "Incisione della vagina e del cul-de-sac",
  "status": "active",
  "compose": {
    "include": [ {
      "system": "http://hl7.org/fhir/sid/icd-9-cm",
      "concept": [ {
        "code": "7011",
        "display": "Imenotomia"
      }, {
        "code": "7012",
        "display": "Culdotomia"
      }, {
        "code": "7013",
        "display": "Lisi di aderenze intraluminali della vagina"
      }, {
        "code": "7014",
        "display": "Altra vaginotomia"
      } ]
    } ]
  }
}