{
  "resourceType": "ValueSet",
  "url": "http://hl7.org/fhir/sid/icd-9-cm-1646",
  "version": "1.0",
  "name": "Procedure-Assistenza manuale al parto",
  "title": "Assistenza manuale al parto",
  "status": "active",
  "compose": {
    "include": [ {
      "system": "http://hl7.org/fhir/sid/icd-9-cm",
      "concept": [ {
        "code": "7351",
        "display": "Rotazione manuale della testa fetale"
      }, {
        "code": "7359",
        "display": "Altra assistenza manuale al parto"
      } ]
    } ]
  }
}