{
  "resourceType": "ValueSet",
  "url": "http://hl7.org/fhir/sid/icd-9-cm-1347",
  "version": "1.0",
  "name": "Procedure-Asportazione radicale di linfonodi cervicali",
  "title": "Asportazione radicale di linfonodi cervicali",
  "status": "active",
  "compose": {
    "include": [ {
      "system": "http://hl7.org/fhir/sid/icd-9-cm",
      "concept": [ {
        "code": "4040",
        "display": "Dissezione radicale del collo, SAI"
      }, {
        "code": "4041",
        "display": "Dissezione radicale del collo, monolaterale"
      }, {
        "code": "4042",
        "display": "Dissezione radicale del collo, bilaterale"
      } ]
    } ]
  }
}