{
  "resourceType": "ValueSet",
  "url": "http://hl7.org/fhir/sid/icd-9-cm-1324",
  "version": "1.0",
  "name": "Procedure-Endoarteriectomia",
  "title": "Endoarteriectomia",
  "status": "active",
  "compose": {
    "include": [ {
      "system": "http://hl7.org/fhir/sid/icd-9-cm",
      "concept": [ {
        "code": "3810",
        "display": "Endoarteriectomia, sede non specificata"
      }, {
        "code": "3811",
        "display": "Endoarteriectomia dei vasi intracranici"
      }, {
        "code": "3812",
        "display": "Endoarteriectomia di altri vasi del capo e del collo"
      }, {
        "code": "3813",
        "display": "Endoarteriectomia di vasi dell' arto superiore"
      }, {
        "code": "3814",
        "display": "Endoarteriectomia dell' aorta"
      }, {
        "code": "3815",
        "display": "Endoarteriectomia di altri vasi toracici"
      }, {
        "code": "3816",
        "display": "Endoarteriectomia delle arterie addominali"
      }, {
        "code": "3818",
        "display": "Endoarteriectomia delle arterie dell' arto inferiore"
      } ]
    } ]
  }
}