{
  "resourceType": "ValueSet",
  "url": "http://hl7.org/fhir/sid/icd-9-cm-1507",
  "version": "1.0",
  "name": "Procedure-Procedure diagnostiche sull' uretra",
  "title": "Procedure diagnostiche sull' uretra",
  "status": "active",
  "compose": {
    "include": [ {
      "system": "http://hl7.org/fhir/sid/icd-9-cm",
      "concept": [ {
        "code": "5821",
        "display": "Uretroscopia trans-perineale"
      }, {
        "code": "5822",
        "display": "Altra uretroscopia"
      }, {
        "code": "5823",
        "display": "Biopsia dell' uretra"
      }, {
        "code": "5824",
        "display": "Biopsia del tessuto periuretrale"
      }, {
        "code": "5829",
        "display": "Altre procedure diagnostiche sull' uretra e sul tessuto periuretrale"
      } ]
    } ]
  }
}