{
  "resourceType": "ValueSet",
  "url": "http://hl7.org/fhir/sid/icd-9-cm-1071",
  "version": "1.0",
  "name": "Procedure-Procedure diagnostiche sulla palpebra",
  "title": "Procedure diagnostiche sulla palpebra",
  "status": "active",
  "compose": {
    "include": [ {
      "system": "http://hl7.org/fhir/sid/icd-9-cm",
      "concept": [ {
        "code": "0811",
        "display": "Biopsia della palpebra"
      }, {
        "code": "0819",
        "display": "Altre procedure diagnostiche sulla palpebra"
      } ]
    } ]
  }
}