{
  "resourceType": "ValueSet",
  "url": "http://hl7.org/fhir/sid/icd-9-cm-1684",
  "version": "1.0",
  "name": "Procedure-Ostectomia totale",
  "title": "Ostectomia totale",
  "status": "active",
  "compose": {
    "include": [ {
      "system": "http://hl7.org/fhir/sid/icd-9-cm",
      "concept": [ {
        "code": "7790",
        "display": "Ostectomia totale in sede non specificata"
      }, {
        "code": "7791",
        "display": "Ostectomia totale della scapola, della clavicola e del torace (coste e sterno)"
      }, {
        "code": "7792",
        "display": "Ostectomia totale dell' omero"
      }, {
        "code": "7793",
        "display": "Ostectomia totale del radio e dell' ulna"
      }, {
        "code": "7794",
        "display": "Ostectomia totale del carpo e del metacarpo"
      }, {
        "code": "7795",
        "display": "Ostectomia totale del femore"
      }, {
        "code": "7796",
        "display": "Ostectomia totale della rotula"
      }, {
        "code": "7797",
        "display": "Ostectomia totale della tibia e della fibula"
      }, {
        "code": "7798",
        "display": "Ostectomia totale del tarso e del metatarso"
      }, {
        "code": "7799",
        "display": "Ostectomia totale di altre ossa, escluse quelle facciali"
      }, {
        "code": "78",
        "display": "Altri interventi sulle ossa ad eccezione di quelle facciali"
      } ]
    } ]
  }
}