{
  "resourceType": "ValueSet",
  "url": "http://hl7.org/fhir/sid/icd-9-cm-1762",
  "version": "1.0",
  "name": "Procedure-Altri interventi di riparazione e plastica sulla mammella",
  "title": "Altri interventi di riparazione e plastica sulla mammella",
  "status": "active",
  "compose": {
    "include": [ {
      "system": "http://hl7.org/fhir/sid/icd-9-cm",
      "concept": [ {
        "code": "8581",
        "display": "Sutura di lacerazione della mammella"
      }, {
        "code": "8582",
        "display": "Innesto a spessore parziale nella mammella"
      }, {
        "code": "8583",
        "display": "Innesto a tutto spessore nella mammella"
      }, {
        "code": "8584",
        "display": "Innesto peduncolato nella mammella (Innesto di lembo cutaneo per trasposizione nella mammella)"
      }, {
        "code": "8585",
        "display": "Ricostruzione con lembo muscolare o muscolocutaneo della mammella"
      }, {
        "code": "8586",
        "display": "Trasposizione del capezzolo"
      }, {
        "code": "8587",
        "display": "Altra riparazione o ricostruzione del capezzolo"
      }, {
        "code": "8589",
        "display": "Altra mammoplastica"
      } ]
    } ]
  }
}