{
  "resourceType": "ValueSet",
  "url": "http://hl7.org/fhir/sid/icd-9-cm-1417",
  "version": "1.0",
  "name": "Procedure-Incisione ed asportazione di lesione o tessuto perirettale",
  "title": "Incisione ed asportazione di lesione o tessuto perirettale",
  "status": "active",
  "compose": {
    "include": [ {
      "system": "http://hl7.org/fhir/sid/icd-9-cm",
      "concept": [ {
        "code": "4881",
        "display": "Incisione di tessuto perirettale"
      }, {
        "code": "4882",
        "display": "Asportazione di tessuto perirettale"
      } ]
    } ]
  }
}