{
  "resourceType": "ValueSet",
  "url": "http://hl7.org/fhir/sid/icd-9-cm-1508",
  "version": "1.0",
  "name": "Procedure-Asportazione o demolizione di lesione o tessuto dell' uretra",
  "title": "Asportazione o demolizione di lesione o tessuto dell' uretra",
  "status": "active",
  "compose": {
    "include": [ {
      "system": "http://hl7.org/fhir/sid/icd-9-cm",
      "concept": [ {
        "code": "5831",
        "display": "Asportazione o demolizione endoscopica di lesione o tessuto dell' uretra"
      }, {
        "code": "5839",
        "display": "Altra asportazione o demolizione locale di lesione o tessuto dell' uretra"
      } ]
    } ]
  }
}