{
  "resourceType": "ValueSet",
  "url": "http://hl7.org/fhir/sid/icd-9-cm-1488",
  "version": "1.0",
  "name": "Procedure-Procedure diagnostiche sull' uretere",
  "title": "Procedure diagnostiche sull' uretere",
  "status": "active",
  "compose": {
    "include": [ {
      "system": "http://hl7.org/fhir/sid/icd-9-cm",
      "concept": [ {
        "code": "5631",
        "display": "Ureteroscopia"
      }, {
        "code": "5632",
        "display": "Biopsia percutanea dell' uretere"
      }, {
        "code": "5633",
        "display": "Biopsia transureteroscopica"
      }, {
        "code": "5634",
        "display": "Biopsia a cielo aperto dell' uretere"
      }, {
        "code": "5635",
        "display": "Endoscopia del condotto ileale (dotto artificiale realizzato negli interventi di cistectomia)"
      }, {
        "code": "5639",
        "display": "Altre procedure diagnostiche sull' uretere"
      } ]
    } ]
  }
}