{
  "resourceType": "ValueSet",
  "url": "http://hl7.org/fhir/sid/icd-9-cm-1855",
  "version": "1.0",
  "name": "Procedure-Altre vaccinazioni ed inoculazioni",
  "title": "Altre vaccinazioni ed inoculazioni",
  "status": "active",
  "compose": {
    "include": [ {
      "system": "http://hl7.org/fhir/sid/icd-9-cm",
      "concept": [ {
        "code": "9951",
        "display": "Vaccinazione profilattica contro il comune raffreddore"
      }, {
        "code": "9952",
        "display": "Vaccinazione profilattica anti influenzale"
      }, {
        "code": "9953",
        "display": "Vaccinazione profilattica contro encefaliti virali trasmessa da artropodi"
      }, {
        "code": "9954",
        "display": "Vaccinazione profilattica contro altre malattie virali trasmesse da artropodi"
      }, {
        "code": "9955",
        "display": "Somministrazione profilattica di vaccini contro altre malattie"
      }, {
        "code": "9956",
        "display": "Somministrazione di antitossina, tetanica"
      }, {
        "code": "9957",
        "display": "Somministrazione di antitossine antibotuliniche"
      }, {
        "code": "9958",
        "display": "Somministrazione di altre antitossine"
      }, {
        "code": "9959",
        "display": "Altre vaccinazioni ed inoculazioni"
      } ]
    } ]
  }
}