{
  "resourceType": "ValueSet",
  "url": "http://hl7.org/fhir/sid/icd-9-cm-1824",
  "version": "1.0",
  "name": "Procedure-Esame oculare obiettivo e soggettivo",
  "title": "Esame oculare obiettivo e soggettivo",
  "status": "active",
  "compose": {
    "include": [ {
      "system": "http://hl7.org/fhir/sid/icd-9-cm",
      "concept": [ {
        "code": "9501",
        "display": "Esame parziale dell' occhio"
      }, {
        "code": "9502",
        "display": "Esame complessivo dell' occhio"
      }, {
        "code": "9503",
        "display": "Esame approfondito dell' occhio"
      }, {
        "code": "9504",
        "display": "Esame dell' occhio sotto anestesia"
      }, {
        "code": "9505",
        "display": "Studio del campo visivo"
      }, {
        "code": "9506",
        "display": "Studio della sensibilita' al calore"
      }, {
        "code": "9507",
        "display": "Studio dell' adattabilita' al buio"
      }, {
        "code": "9509",
        "display": "Esame dell' occhio SAI"
      } ]
    } ]
  }
}