{
  "resourceType": "ValueSet",
  "url": "http://hl7.org/fhir/sid/icd-9-cm-1390",
  "version": "1.0",
  "name": "Procedure-Isolamento di segmento intestinale",
  "title": "Isolamento di segmento intestinale",
  "status": "active",
  "compose": {
    "include": [ {
      "system": "http://hl7.org/fhir/sid/icd-9-cm",
      "concept": [ {
        "code": "4550",
        "display": "Isolamento di segmento intestinale, SAI"
      }, {
        "code": "4551",
        "display": "Isolamento di segmento dell' intestino tenue"
      }, {
        "code": "4552",
        "display": "Isolamento di segmento dell' intestino crasso"
      } ]
    } ]
  }
}