{
  "resourceType": "ValueSet",
  "url": "http://hl7.org/fhir/sid/icd-9-cm-1476",
  "version": "1.0",
  "name": "Procedure-Interventi sulla pelvi renale (pielotomia o pielostomia)",
  "title": "Interventi sulla pelvi renale (pielotomia o pielostomia)",
  "status": "active",
  "compose": {
    "include": [ {
      "system": "http://hl7.org/fhir/sid/icd-9-cm",
      "concept": [ {
        "code": "5511",
        "display": "Pielectomia"
      }, {
        "code": "5512",
        "display": "Pielostomia chirurgica e pielostomia percutanea"
      } ]
    } ]
  }
}