{
  "resourceType": "ValueSet",
  "url": "http://hl7.org/fhir/sid/icd-9-cm-1794",
  "version": "1.0",
  "name": "Procedure-Anamnesi, valutazione, consulto e valutazione diagnostica",
  "title": "Anamnesi, valutazione, consulto e valutazione diagnostica",
  "status": "active",
  "compose": {
    "include": [ {
      "system": "http://hl7.org/fhir/sid/icd-9-cm",
      "concept": [ {
        "code": "8901",
        "display": "Anamnesi e valutazione, definite brevi"
      }, {
        "code": "8902",
        "display": "Anamnesi e valutazione, definite limitate"
      }, {
        "code": "8903",
        "display": "Anamnesi e valutazione definite complessive"
      }, {
        "code": "8904",
        "display": "Altra anamnesi e valutazione"
      }, {
        "code": "8905",
        "display": "Anamnesi e valutazione diagnostica"
      }, {
        "code": "8906",
        "display": "Consulto, definito limitato"
      }, {
        "code": "8907",
        "display": "Consulto definito complessivo"
      }, {
        "code": "8908",
        "display": "Altro consulto"
      }, {
        "code": "8909",
        "display": "Consulto SAI"
      } ]
    } ]
  }
}