{
  "resourceType": "ValueSet",
  "url": "http://hl7.org/fhir/sid/icd-9-cm-1379",
  "version": "1.0",
  "name": "Procedure-Piloroplastica",
  "title": "Piloroplastica",
  "status": "active",
  "compose": {
    "include": [ {
      "system": "http://hl7.org/fhir/sid/icd-9-cm",
      "concept": [ {
        "code": "4421",
        "display": "Dilatazione mediante incisione del piloro"
      }, {
        "code": "4422",
        "display": "Dilatazione endoscopica del piloro"
      }, {
        "code": "4429",
        "display": "Altra piloroplastica"
      } ]
    } ]
  }
}