{
  "resourceType": "ValueSet",
  "url": "http://hl7.org/fhir/sid/icd-9-cm-1607",
  "version": "1.0",
  "name": "Procedure-Raschiamento dell' utero mediante aspirazione",
  "title": "Raschiamento dell' utero mediante aspirazione",
  "status": "active",
  "compose": {
    "include": [ {
      "system": "http://hl7.org/fhir/sid/icd-9-cm",
      "concept": [ {
        "code": "6951",
        "display": "Raschiamento dell' utero mediante aspirazione per interruzione di gravidanza"
      }, {
        "code": "6952",
        "display": "Raschiamento dell' utero mediante aspirazione a seguito di gravidanza o aborto"
      }, {
        "code": "6959",
        "display": "Altro raschiamento dell' utero mediante aspirazione"
      } ]
    } ]
  }
}