{
  "resourceType": "ValueSet",
  "url": "http://hl7.org/fhir/sid/icd-9-cm-1192",
  "version": "1.0",
  "name": "Procedure-Aspirazione e lavaggio dei seni nasali",
  "title": "Aspirazione e lavaggio dei seni nasali",
  "status": "active",
  "compose": {
    "include": [ {
      "system": "http://hl7.org/fhir/sid/icd-9-cm",
      "concept": [ {
        "code": "2200",
        "display": "Aspirazione e lavaggio dei seni nasali, SAI"
      }, {
        "code": "2201",
        "display": "Puntura dei seni nasali per aspirazione o lavaggio"
      }, {
        "code": "2202",
        "display": "Aspirazione o lavaggio dei seni nasali attraverso la via naturale"
      } ]
    } ]
  }
}