{
  "resourceType": "ValueSet",
  "url": "http://hl7.org/fhir/sid/icd-9-cm-1764",
  "version": "1.0",
  "name": "Procedure-Incisione della cute e del tessuto sottocutaneo",
  "title": "Incisione della cute e del tessuto sottocutaneo",
  "status": "active",
  "compose": {
    "include": [ {
      "system": "http://hl7.org/fhir/sid/icd-9-cm",
      "concept": [ {
        "code": "8601",
        "display": "Aspirazione della cute e del tessuto sottocutaneo"
      }, {
        "code": "8602",
        "display": "Iniezione o tatuaggio di lesioni o difetti della cute"
      }, {
        "code": "8603",
        "display": "Incisione di cisti o seno pilonidale"
      }, {
        "code": "8604",
        "display": "Altra incisione con drenaggio della cute e del tessuto sottocutaneo"
      }, {
        "code": "8605",
        "display": "Incisione con rimozione di corpo estraneo o dispositivo da cute e tessuto sottocutaneo"
      }, {
        "code": "8606",
        "display": "Inserzione di pompa di infusione totalmente impiantabile"
      }, {
        "code": "8607",
        "display": "Inserzione di dispositivo di accesso vascolare totalmente impiantabile"
      }, {
        "code": "8609",
        "display": "Altra incisione della cute e del tessuto sottocutaneo"
      } ]
    } ]
  }
}