{
  "resourceType": "ValueSet",
  "url": "http://hl7.org/fhir/sid/icd-9-cm-1692",
  "version": "1.0",
  "name": "Procedure-Osteoclasia",
  "title": "Osteoclasia",
  "status": "active",
  "compose": {
    "include": [ {
      "system": "http://hl7.org/fhir/sid/icd-9-cm",
      "concept": [ {
        "code": "7870",
        "display": "Osteoclasia in sede non specificata"
      }, {
        "code": "7871",
        "display": "Osteoclasia della scapola, della clavicola e del torace (coste e sterno)"
      }, {
        "code": "7872",
        "display": "Osteoclasia dell' omero"
      }, {
        "code": "7873",
        "display": "Osteoclasia del radio e dell' ulna"
      }, {
        "code": "7874",
        "display": "Osteoclasia del carpo e delmetacarpo"
      }, {
        "code": "7875",
        "display": "Osteoclasia del femore"
      }, {
        "code": "7876",
        "display": "Osteoclasia della rotula"
      }, {
        "code": "7877",
        "display": "Osteoclasia della tibia e della fibula"
      }, {
        "code": "7878",
        "display": "Osteoclasia del tarso e del metatarso"
      }, {
        "code": "7879",
        "display": "Osteoclasia di altre ossa"
      } ]
    } ]
  }
}