{
  "resourceType": "ValueSet",
  "url": "http://hl7.org/fhir/sid/icd-9-cm-1093",
  "version": "1.0",
  "name": "Procedure-Asportazione o demolizione di lesione o tessuto della congiuntiva",
  "title": "Asportazione o demolizione di lesione o tessuto della congiuntiva",
  "status": "active",
  "compose": {
    "include": [ {
      "system": "http://hl7.org/fhir/sid/icd-9-cm",
      "concept": [ {
        "code": "1031",
        "display": "Asportazione di lesione o tessuto della congiuntiva"
      }, {
        "code": "1032",
        "display": "Demolizione di lesione della congiuntiva"
      }, {
        "code": "1033",
        "display": "Altri interventi di demolizione sulla congiuntiva"
      } ]
    } ]
  }
}