{
  "resourceType": "ValueSet",
  "url": "http://hl7.org/fhir/sid/icd-9-cm-1332",
  "version": "1.0",
  "name": "Procedure-Puntura di vasi",
  "title": "Puntura di vasi",
  "status": "active",
  "compose": {
    "include": [ {
      "system": "http://hl7.org/fhir/sid/icd-9-cm",
      "concept": [ {
        "code": "3891",
        "display": "Cateterismo arterioso"
      }, {
        "code": "3892",
        "display": "Cateterismo della vena ombelicale"
      }, {
        "code": "3893",
        "display": "Altro cateterismo venoso non classificato altrove"
      }, {
        "code": "3894",
        "display": "Preparazione di vena per incannulamento"
      }, {
        "code": "3895",
        "display": "Cateterismo venoso per dialisi renale"
      }, {
        "code": "3898",
        "display": "Altra puntura di arteria"
      }, {
        "code": "3899",
        "display": "Altra puntura di vena"
      }, {
        "code": "39",
        "display": "Altri interventi sui vasi"
      } ]
    } ]
  }
}