{
  "resourceType": "ValueSet",
  "url": "http://hl7.org/fhir/sid/icd-9-cm-1231",
  "version": "1.0",
  "name": "Procedure-Altri interventi su ghiandole o dotti salivari",
  "title": "Altri interventi su ghiandole o dotti salivari",
  "status": "active",
  "compose": {
    "include": [ {
      "system": "http://hl7.org/fhir/sid/icd-9-cm",
      "concept": [ {
        "code": "2691",
        "display": "Specillazione di dotto salivare"
      }, {
        "code": "2699",
        "display": "Altri interventi su ghiandole o dotti salivari"
      }, {
        "code": "27",
        "display": "Altri interventi sulla bocca e sulla faccia"
      } ]
    } ]
  }
}