{
  "resourceType": "ValueSet",
  "url": "http://hl7.org/fhir/sid/icd-9-cm-1387",
  "version": "1.0",
  "name": "Procedure-Procedure diagnostiche sull' intestino crasso",
  "title": "Procedure diagnostiche sull' intestino crasso",
  "status": "active",
  "compose": {
    "include": [ {
      "system": "http://hl7.org/fhir/sid/icd-9-cm",
      "concept": [ {
        "code": "4521",
        "display": "Endoscopia transaddominale dell' intestino crasso"
      }, {
        "code": "4522",
        "display": "Endoscopia dell' intestino crasso attraverso stoma artificiale"
      }, {
        "code": "4523",
        "display": "Colonscopia con endoscopio flessibile"
      }, {
        "code": "4524",
        "display": "Sigmoidoscopia con endoscopio flessibile"
      }, {
        "code": "4525",
        "display": "Biopsia [endoscopica] dell' intestino crasso"
      }, {
        "code": "4526",
        "display": "Biopsia laparatomica dell' intestino crasso"
      }, {
        "code": "4527",
        "display": "Biopsia intestinale, sede non specificata"
      }, {
        "code": "4528",
        "display": "Altre procedure diagnostiche sull' intestino crasso"
      }, {
        "code": "4529",
        "display": "Altra procedura diagnostica sull' intestino, sede non specificata"
      } ]
    } ]
  }
}