{
  "resourceType": "ValueSet",
  "url": "http://hl7.org/fhir/sid/icd-9-cm-1162",
  "version": "1.0",
  "name": "Procedure-Altra riparazione plastica dell' orecchio esterno",
  "title": "Altra riparazione plastica dell' orecchio esterno",
  "status": "active",
  "compose": {
    "include": [ {
      "system": "http://hl7.org/fhir/sid/icd-9-cm",
      "concept": [ {
        "code": "1871",
        "display": "Ricostruzione di padiglione auricolare"
      }, {
        "code": "1872",
        "display": "Reimpianto di orecchio amputato"
      }, {
        "code": "1879",
        "display": "Altra riparazione plastica dell' orecchio esterno"
      } ]
    } ]
  }
}