{
  "resourceType": "ValueSet",
  "url": "http://hl7.org/fhir/sid/icd-9-cm-1455",
  "version": "1.0",
  "name": "Procedure-Altri interventi sul pancreas",
  "title": "Altri interventi sul pancreas",
  "status": "active",
  "compose": {
    "include": [ {
      "system": "http://hl7.org/fhir/sid/icd-9-cm",
      "concept": [ {
        "code": "5292",
        "display": "Incannulazione del dotto pancreatico"
      }, {
        "code": "5293",
        "display": "Inserzione endoscopica di tubo nel dotto pancreatico"
      }, {
        "code": "5294",
        "display": "Rimozione endoscopica di calcoli dal dotto pancreatico"
      }, {
        "code": "5295",
        "display": "Altra riparazione del pancreas"
      }, {
        "code": "5296",
        "display": "Anastomosi del pancreas"
      }, {
        "code": "5297",
        "display": "Inserzione endoscopica di tubo per drenaggio nasopancreatico"
      }, {
        "code": "5298",
        "display": "Dilatazione endoscopica del dotto pancreatico"
      }, {
        "code": "5299",
        "display": "Altri interventi sul pancreas per via chirurgica"
      }, {
        "code": "53",
        "display": "Riparazione di ernia"
      } ]
    } ]
  }
}