{
  "resourceType": "ValueSet",
  "url": "http://hl7.org/fhir/sid/icd-9-cm-1522",
  "version": "1.0",
  "name": "Procedure-Altri interventi sull' apparato urinario",
  "title": "Altri interventi sull' apparato urinario",
  "status": "active",
  "compose": {
    "include": [ {
      "system": "http://hl7.org/fhir/sid/icd-9-cm",
      "concept": [ {
        "code": "5991",
        "display": "Asportazione di tessuti perirenali o perivescicali"
      }, {
        "code": "5992",
        "display": "Altri interventi sul tessuto perirenale o perivescicale"
      }, {
        "code": "5993",
        "display": "Riposizionamento chirurgico di drenaggio ureterostomico, pig-tail"
      }, {
        "code": "5994",
        "display": "Riposizionamento chirurgico di drenaggio cistostomico"
      }, {
        "code": "5995",
        "display": "Litotrissia con ultrasuoni o elettroidraulica"
      }, {
        "code": "5999",
        "display": "Altri interventi sull' apparato urinario"
      }, {
        "code": "60",
        "display": "Interventi sulla prostata e sulle vescicole seminali"
      } ]
    } ]
  }
}