{
  "resourceType": "ValueSet",
  "url": "http://hl7.org/fhir/sid/icd-9-cm-1752",
  "version": "1.0",
  "name": "Procedure-Codici aggiuntivi per fissatori esterni",
  "title": "Codici aggiuntivi per fissatori esterni",
  "status": "active",
  "compose": {
    "include": [ {
      "system": "http://hl7.org/fhir/sid/icd-9-cm",
      "concept": [ {
        "code": "8471",
        "display": "Applicazione di fissatore esterno, sistema monoplanare"
      }, {
        "code": "8472",
        "display": "Applicazione di fissatore esterno, sistema ad anello"
      }, {
        "code": "8473",
        "display": "Applicazione di fissatore esterno ibrido"
      } ]
    } ]
  }
}