{
  "resourceType": "ValueSet",
  "url": "http://hl7.org/fhir/sid/icd-9-cm-1281",
  "version": "1.0",
  "name": "Procedure-Procedure diagnostiche sul polmone e sui bronchi",
  "title": "Procedure diagnostiche sul polmone e sui bronchi",
  "status": "active",
  "compose": {
    "include": [ {
      "system": "http://hl7.org/fhir/sid/icd-9-cm",
      "concept": [ {
        "code": "3321",
        "display": "Broncoscopia attraverso stoma artificiale"
      }, {
        "code": "3322",
        "display": "Broncoscopia con fibre ottiche"
      }, {
        "code": "3323",
        "display": "Altra broncoscopia"
      }, {
        "code": "3324",
        "display": "Biopsia bronchiale [endoscopica]"
      }, {
        "code": "3325",
        "display": "Biopsia a cielo aperto dei bronchi"
      }, {
        "code": "3326",
        "display": "Biopsia chiusa [percutanea] [agobiopsia] del polmone"
      }, {
        "code": "3327",
        "display": "Biopsia endoscopica del polmone"
      }, {
        "code": "3328",
        "display": "Biopsia a cielo aperto del polmone"
      }, {
        "code": "3329",
        "display": "Altre procedure diagnostiche sul polmone"
      } ]
    } ]
  }
}