{
  "resourceType": "ValueSet",
  "url": "http://hl7.org/fhir/sid/icd-9-cm-1806",
  "version": "1.0",
  "name": "Procedure-Radiochirurgia stereotassica",
  "title": "Radiochirurgia stereotassica",
  "status": "active",
  "compose": {
    "include": [ {
      "system": "http://hl7.org/fhir/sid/icd-9-cm",
      "concept": [ {
        "code": "9230",
        "display": "Radiochirurgia stereotassica SAI"
      }, {
        "code": "9231",
        "display": "Radiochirurgia fotonica a sorgente singola"
      }, {
        "code": "9232",
        "display": "Radiochirurgia fotonica multi-sorgente"
      }, {
        "code": "9233",
        "display": "Radiochirurgia particolata"
      }, {
        "code": "9239",
        "display": "Radiochirurgia stereotassica NIA"
      }, {
        "code": "93",
        "display": "Terapia fisica, terapia respiratoria, riabilitazione e procedure correlate"
      } ]
    } ]
  }
}