{
  "resourceType": "ValueSet",
  "url": "http://hl7.org/fhir/sid/icd-9-cm-1420",
  "version": "1.0",
  "name": "Procedure-Incisione o asportazione di fistola anale",
  "title": "Incisione o asportazione di fistola anale",
  "status": "active",
  "compose": {
    "include": [ {
      "system": "http://hl7.org/fhir/sid/icd-9-cm",
      "concept": [ {
        "code": "4911",
        "display": "Fistulotomia anale"
      }, {
        "code": "4912",
        "display": "Fistulectomia anale"
      } ]
    } ]
  }
}