{
  "resourceType": "ValueSet",
  "url": "http://hl7.org/fhir/sid/icd-9-cm-1400",
  "version": "1.0",
  "name": "Procedure-Chiusura di orifizio intestinale artificiale",
  "title": "Chiusura di orifizio intestinale artificiale",
  "status": "active",
  "compose": {
    "include": [ {
      "system": "http://hl7.org/fhir/sid/icd-9-cm",
      "concept": [ {
        "code": "4650",
        "display": "Chiusura di orifizio intestinale artificiale, SAI"
      }, {
        "code": "4651",
        "display": "Chiusura di orifizio artificiale dell' intestino tenue"
      }, {
        "code": "4652",
        "display": "Chiusura di orifizio artificiale dell' intestino crasso"
      } ]
    } ]
  }
}