{
  "resourceType": "ValueSet",
  "url": "http://hl7.org/fhir/sid/icd-9-cm-1520",
  "version": "1.0",
  "name": "Procedure-Altri interventi per incontinenza da stress",
  "title": "Altri interventi per incontinenza da stress",
  "status": "active",
  "compose": {
    "include": [ {
      "system": "http://hl7.org/fhir/sid/icd-9-cm",
      "concept": [ {
        "code": "5971",
        "display": "Intervento sul muscolo elevatore per sospensione uretrovescicale"
      }, {
        "code": "5972",
        "display": "Impianto per iniezione nell' uretra e/o nel collo vescicale"
      }, {
        "code": "5979",
        "display": "Altra riparazione per incontinenza urinaria da stress"
      } ]
    } ]
  }
}