{
  "resourceType": "ValueSet",
  "url": "http://hl7.org/fhir/sid/icd-9-cm-1710",
  "version": "1.0",
  "name": "Procedure-Asportazione o demolizione di disco intervertebrale",
  "title": "Asportazione o demolizione di disco intervertebrale",
  "status": "active",
  "compose": {
    "include": [ {
      "system": "http://hl7.org/fhir/sid/icd-9-cm",
      "concept": [ {
        "code": "8050",
        "display": "Asportazione o demolizione di disco intervertebrale, non specificata"
      }, {
        "code": "8051",
        "display": "Asportazione di disco intervertebrale"
      }, {
        "code": "8052",
        "display": "Chemionucleolisi intervertebrale"
      }, {
        "code": "8059",
        "display": "Altra distruzione di disco intervertebrale"
      } ]
    } ]
  }
}