{
  "resourceType": "ValueSet",
  "url": "http://hl7.org/fhir/sid/icd-9-cm-1851",
  "version": "1.0",
  "name": "Procedure-Iniezione o infusione di sostanze terapeutiche o profilattiche",
  "title": "Iniezione o infusione di sostanze terapeutiche o profilattiche",
  "status": "active",
  "compose": {
    "include": [ {
      "system": "http://hl7.org/fhir/sid/icd-9-cm",
      "concept": [ {
        "code": "9910",
        "display": "Iniezione o infusione di agente trombolitico"
      }, {
        "code": "9911",
        "display": "Iniezione di immunoglobuline anti Rh"
      }, {
        "code": "9912",
        "display": "Immunizzazione per allergia"
      }, {
        "code": "9913",
        "display": "Immunizzazione per malattia autoimmune"
      }, {
        "code": "9914",
        "display": "Iniezione di gamma globuline"
      }, {
        "code": "9915",
        "display": "Infusione parenterale di sostanze nutrizionali concentrate"
      }, {
        "code": "9916",
        "display": "Iniezione di antidoto"
      }, {
        "code": "9917",
        "display": "Iniezione di insulina"
      }, {
        "code": "9918",
        "display": "Iniezione o infusione di elettroliti"
      }, {
        "code": "9919",
        "display": "Iniezione di anticoagulanti"
      } ]
    } ]
  }
}