{
  "resourceType": "ValueSet",
  "url": "http://hl7.org/fhir/sid/icd-9-cm-1447",
  "version": "1.0",
  "name": "Procedure-Procedure diagnostiche sul pancreas",
  "title": "Procedure diagnostiche sul pancreas",
  "status": "active",
  "compose": {
    "include": [ {
      "system": "http://hl7.org/fhir/sid/icd-9-cm",
      "concept": [ {
        "code": "5211",
        "display": "Biopsia [agobiopsia] [percutanea] [aspirazione] del pancreas"
      }, {
        "code": "5212",
        "display": "Biopsia a cielo aperto del pancreas"
      }, {
        "code": "5213",
        "display": "Pancreatografia retrograda endoscopica [ERP]"
      }, {
        "code": "5214",
        "display": "Biopsia [endoscopica] del dotto pancreatico"
      }, {
        "code": "5219",
        "display": "Altre procedure diagnostiche sul pancreas"
      } ]
    } ]
  }
}