{
  "resourceType": "ValueSet",
  "url": "http://hl7.org/fhir/sid/icd-9-cm-1418",
  "version": "1.0",
  "name": "Procedure-Altri interventi sul retto e sui tessuti perirettali",
  "title": "Altri interventi sul retto e sui tessuti perirettali",
  "status": "active",
  "compose": {
    "include": [ {
      "system": "http://hl7.org/fhir/sid/icd-9-cm",
      "concept": [ {
        "code": "4891",
        "display": "Incisione di stenosi rettale"
      }, {
        "code": "4892",
        "display": "Miomectomia anorettale"
      }, {
        "code": "4893",
        "display": "Riparazione di fistola perirettale"
      }, {
        "code": "4899",
        "display": "Altri interventi sul retto e sui tessuti perirettali"
      }, {
        "code": "49",
        "display": "Interventi sull' ano"
      } ]
    } ]
  }
}