{
  "resourceType": "ValueSet",
  "url": "http://hl7.org/fhir/sid/icd-9-cm-1753",
  "version": "1.0",
  "name": "Procedure-Altri interventi sull' apparato muscoloscheletrico",
  "title": "Altri interventi sull' apparato muscoloscheletrico",
  "status": "active",
  "compose": {
    "include": [ {
      "system": "http://hl7.org/fhir/sid/icd-9-cm",
      "concept": [ {
        "code": "8491",
        "display": "Amputazione, SAI"
      }, {
        "code": "8492",
        "display": "Separazione di gemelli siamesi uguali"
      }, {
        "code": "8493",
        "display": "Separazione di gemelli siamesi diseguali"
      }, {
        "code": "8499",
        "display": "Altri interventi sull' apparato muscoloscheletrico"
      } ]
    } ]
  }
}