{
  "resourceType": "ValueSet",
  "url": "http://hl7.org/fhir/sid/icd-9-cm-1201",
  "version": "1.0",
  "name": "Procedure-Estrazione di dente con pinza",
  "title": "Estrazione di dente con pinza",
  "status": "active",
  "compose": {
    "include": [ {
      "system": "http://hl7.org/fhir/sid/icd-9-cm",
      "concept": [ {
        "code": "2301",
        "display": "Estrazione di dente deciduo"
      }, {
        "code": "2309",
        "display": "Estrazione di altro dente"
      } ]
    } ]
  }
}