{
  "resourceType": "ValueSet",
  "url": "http://hl7.org/fhir/sid/icd-9-cm-1320",
  "version": "1.0",
  "name": "Procedure-\"Inserzione, revisione, sostituzione, rimozione di elettrodi",
  "title": "\"Inserzione, revisione, sostituzione, rimozione di elettrodi",
  "status": "active",
  "compose": {
    "include": [ {
      "system": "http://hl7.org/fhir/sid/icd-9-cm",
      "concept": [ {
        "code": "3770",
        "display": "Inserzione iniziale di elettrodo non altrimenti specificato"
      }, {
        "code": "3771",
        "display": "Inserzione iniziale di elettrodo transvenoso nel ventricolo"
      }, {
        "code": "3772",
        "display": "Inserzione iniziale di elettrodi transvenosi nell' atrio e nel ventricolo"
      }, {
        "code": "3773",
        "display": "Inserzione iniziale di elettrodo transvenoso nell' atrio"
      }, {
        "code": "3774",
        "display": "Inserzione o riposizionamento di elettrodo epicardico nell' epicardio"
      }, {
        "code": "3775",
        "display": "Revisione di elettrodo"
      }, {
        "code": "3776",
        "display": "Riposizionamento di elettrodo transvenoso atriale e/o ventricolare"
      }, {
        "code": "3777",
        "display": "Rimozione di elettrodo senza riposizionamento"
      }, {
        "code": "3778",
        "display": "Inserzione di pace-maker transvenoso temporaneo"
      }, {
        "code": "3779",
        "display": "Revisione o riposizionamento di tasca di dispositivo cardiaco"
      } ]
    } ]
  }
}