{
  "resourceType": "ValueSet",
  "url": "http://hl7.org/fhir/sid/icd-9-cm-1408",
  "version": "1.0",
  "name": "Procedure-Altri interventi sull' appendice",
  "title": "Altri interventi sull' appendice",
  "status": "active",
  "compose": {
    "include": [ {
      "system": "http://hl7.org/fhir/sid/icd-9-cm",
      "concept": [ {
        "code": "4791",
        "display": "Appendicostomia"
      }, {
        "code": "4792",
        "display": "Chiusura di fistola dell' appendice"
      }, {
        "code": "4799",
        "display": "Altri interventi sull' appendice"
      }, {
        "code": "48",
        "display": "Interventi sul retto, sul rettosigmoide e sui tessuti perirettali"
      } ]
    } ]
  }
}