{
  "resourceType": "ValueSet",
  "url": "http://hl7.org/fhir/sid/icd-9-cm-1809",
  "version": "1.0",
  "name": "Procedure-Altra terapia fisica con manipolazioni muscoloscheletriche",
  "title": "Altra terapia fisica con manipolazioni muscoloscheletriche",
  "status": "active",
  "compose": {
    "include": [ {
      "system": "http://hl7.org/fhir/sid/icd-9-cm",
      "concept": [ {
        "code": "9321",
        "display": "Trazioni manuali e meccaniche"
      }, {
        "code": "9322",
        "display": "Training deambulatori e del passo"
      }, {
        "code": "9323",
        "display": "Messa a punto di apparecchio ortesico"
      }, {
        "code": "9324",
        "display": "Addestramento all' uso di protesi o apparecchi ortesici"
      }, {
        "code": "9325",
        "display": "Estensione forzata degli arti"
      }, {
        "code": "9326",
        "display": "Rottura manuale di aderenze articolari"
      }, {
        "code": "9327",
        "display": "Stretching di muscoli o tendini"
      }, {
        "code": "9328",
        "display": "Stretching di fascia"
      }, {
        "code": "9329",
        "display": "Altre correzioni forzate di deformita'"
      } ]
    } ]
  }
}