{
  "resourceType": "ValueSet",
  "url": "http://hl7.org/fhir/sid/icd-9-cm-1775",
  "version": "1.0",
  "name": "Procedure-Altra radiografia della faccia, del capo e del collo",
  "title": "Altra radiografia della faccia, del capo e del collo",
  "status": "active",
  "compose": {
    "include": [ {
      "system": "http://hl7.org/fhir/sid/icd-9-cm",
      "concept": [ {
        "code": "8711",
        "display": "Radiografia completa delle arcate dentarie"
      }, {
        "code": "8712",
        "display": "Altra radiografia dentaria"
      }, {
        "code": "8713",
        "display": "Artrografia temporomandibolare con contrasto"
      }, {
        "code": "8714",
        "display": "Radiografia orbitale con contrasto"
      }, {
        "code": "8715",
        "display": "Radiografia sinusale con contrasto"
      }, {
        "code": "8716",
        "display": "Altra radiografia di ossa della faccia"
      }, {
        "code": "8717",
        "display": "Altra radiografia del cranio"
      } ]
    } ]
  }
}