{
  "resourceType": "ValueSet",
  "url": "http://hl7.org/fhir/sid/icd-9-cm-1235",
  "version": "1.0",
  "name": "Procedure-Asportazione di lesione o tessuto del palato osseo",
  "title": "Asportazione di lesione o tessuto del palato osseo",
  "status": "active",
  "compose": {
    "include": [ {
      "system": "http://hl7.org/fhir/sid/icd-9-cm",
      "concept": [ {
        "code": "2731",
        "display": "Asportazione o demolizione locale di lesione o tessuto del palato osseo"
      }, {
        "code": "2732",
        "display": "Asportazione o demolizione ampia di lesione o tessuto del palato osseo"
      } ]
    } ]
  }
}