{
  "resourceType": "ValueSet",
  "url": "http://hl7.org/fhir/sid/icd-9-cm-1048",
  "version": "1.0",
  "name": "Procedure-Altri interventi su nervi o su gangli simpatici",
  "title": "Altri interventi su nervi o su gangli simpatici",
  "status": "active",
  "compose": {
    "include": [ {
      "system": "http://hl7.org/fhir/sid/icd-9-cm",
      "concept": [ {
        "code": "0581",
        "display": "Riparazione di nervi o gangli simpatici"
      }, {
        "code": "0589",
        "display": "Altri interventi su nervi simpatici"
      } ]
    } ]
  }
}