{
  "resourceType": "ValueSet",
  "url": "http://hl7.org/fhir/sid/icd-9-cm-1473",
  "version": "1.0",
  "name": "Procedure-Altra riparazione della parete addominale e del peritoneo",
  "title": "Altra riparazione della parete addominale e del peritoneo",
  "status": "active",
  "compose": {
    "include": [ {
      "system": "http://hl7.org/fhir/sid/icd-9-cm",
      "concept": [ {
        "code": "5471",
        "display": "Riparazione di gastroschisi"
      }, {
        "code": "5472",
        "display": "Altra riparazione della parete addominale"
      }, {
        "code": "5473",
        "display": "Altra riparazione del peritoneo"
      }, {
        "code": "5474",
        "display": "Altra riparazione dell' omento"
      }, {
        "code": "5475",
        "display": "Altra riparazione del mesentere"
      } ]
    } ]
  }
}