{
  "resourceType": "ValueSet",
  "url": "http://hl7.org/fhir/sid/icd-9-cm-1325",
  "version": "1.0",
  "name": "Procedure-Procedure diagnostiche sui vasi sanguigni",
  "title": "Procedure diagnostiche sui vasi sanguigni",
  "status": "active",
  "compose": {
    "include": [ {
      "system": "http://hl7.org/fhir/sid/icd-9-cm",
      "concept": [ {
        "code": "3821",
        "display": "Biopsia dei vasi sanguigni"
      }, {
        "code": "3822",
        "display": "Angioscopia percutanea"
      }, {
        "code": "3829",
        "display": "Altre procedure diagnostiche sui vasi sanguigni"
      } ]
    } ]
  }
}