{
  "resourceType": "ValueSet",
  "url": "http://hl7.org/fhir/sid/icd-9-cm-1271",
  "version": "1.0",
  "name": "Procedure-Asportazione o demolizione locale di lesione o tessuto dei bronchi",
  "title": "Asportazione o demolizione locale di lesione o tessuto dei bronchi",
  "status": "active",
  "compose": {
    "include": [ {
      "system": "http://hl7.org/fhir/sid/icd-9-cm",
      "concept": [ {
        "code": "3201",
        "display": "Asportazione o demolizione endoscopica di lesione o tessuto dei bronchi"
      }, {
        "code": "3209",
        "display": "Altra asportazione o demolizione locale di lesione o tessuto dei bronchi"
      } ]
    } ]
  }
}