{
  "resourceType": "ValueSet",
  "url": "http://hl7.org/fhir/sid/icd-9-cm-1156",
  "version": "1.0",
  "name": "Procedure-Procedure diagnostiche sull' orecchio esterno",
  "title": "Procedure diagnostiche sull' orecchio esterno",
  "status": "active",
  "compose": {
    "include": [ {
      "system": "http://hl7.org/fhir/sid/icd-9-cm",
      "concept": [ {
        "code": "1811",
        "display": "Otoscopia"
      }, {
        "code": "1812",
        "display": "Biopsia dell' orecchio esterno"
      }, {
        "code": "1819",
        "display": "Altre procedure diagnostiche sull' orecchio esterno (Microtimpanoscopia)"
      } ]
    } ]
  }
}