{
  "resourceType": "ValueSet",
  "url": "http://hl7.org/fhir/sid/icd-9-cm-1448",
  "version": "1.0",
  "name": "Procedure-Asportazione o demolizione locale del pancreas e del dotto pancreatico",
  "title": "Asportazione o demolizione locale del pancreas e del dotto pancreatico",
  "status": "active",
  "compose": {
    "include": [ {
      "system": "http://hl7.org/fhir/sid/icd-9-cm",
      "concept": [ {
        "code": "5221",
        "display": "Asportazione o demolizione endoscopica di lesione o tessuto del dotto pancreatico"
      }, {
        "code": "5222",
        "display": "Altra escissione o demolizione di lesione o tessuto del pancreas o del dotto pancreatico"
      } ]
    } ]
  }
}