{
  "resourceType": "ValueSet",
  "url": "http://hl7.org/fhir/sid/icd-9-cm-1610",
  "version": "1.0",
  "name": "Procedure-Altri interventi sull' utero, sulla cervice e sulle strutture di sostegno",
  "title": "Altri interventi sull' utero, sulla cervice e sulle strutture di sostegno",
  "status": "active",
  "compose": {
    "include": [ {
      "system": "http://hl7.org/fhir/sid/icd-9-cm",
      "concept": [ {
        "code": "6991",
        "display": "Inserzione di dispositivo terapeutico interno all' utero"
      }, {
        "code": "6992",
        "display": "Inseminazione artificiale"
      }, {
        "code": "6993",
        "display": "Inserzione di laminaria"
      }, {
        "code": "6994",
        "display": "Riposizionamento manuale di utero invertito"
      }, {
        "code": "6995",
        "display": "Incisione della cervice"
      }, {
        "code": "6996",
        "display": "Rimozione del materiale di cerchiaggio dalla cervice"
      }, {
        "code": "6997",
        "display": "Rimozione dalla cervice di corpo estraneo"
      }, {
        "code": "6998",
        "display": "Altri interventi sulle strutture di supporto dell' utero"
      }, {
        "code": "6999",
        "display": "Altri interventi sulla cervice e sull' utero"
      }, {
        "code": "70",
        "display": "Interventi sulla vagina e sul cul-de-sac"
      } ]
    } ]
  }
}