{
  "resourceType": "ValueSet",
  "url": "http://hl7.org/fhir/sid/icd-9-cm-1384",
  "version": "1.0",
  "name": "Procedure-Altri interventi sullo stomaco",
  "title": "Altri interventi sullo stomaco",
  "status": "active",
  "compose": {
    "include": [ {
      "system": "http://hl7.org/fhir/sid/icd-9-cm",
      "concept": [ {
        "code": "4491",
        "display": "Legatura di varici gastriche"
      }, {
        "code": "4492",
        "display": "Manipolazione intraoperatoria dello stomaco"
      }, {
        "code": "4493",
        "display": "Inserzione di bolla gastrica (palloncino)"
      }, {
        "code": "4494",
        "display": "Rimozione di bolla gastrica (palloncino)"
      }, {
        "code": "4495",
        "display": "Procedura laparoscopica di restrizione gastrica"
      }, {
        "code": "4496",
        "display": "Revisione laparoscopica della procedura gastrica restrittiva"
      }, {
        "code": "4497",
        "display": "Rimozione laparoscopica di dispositivo/ i di restrizione gastrica"
      }, {
        "code": "4498",
        "display": "Regolazione di misura (laparoscopica) del dispositivo di restrizione gastrica regolabile"
      }, {
        "code": "4499",
        "display": "Altri interventi sullo stomaco"
      }, {
        "code": "45",
        "display": "Incisione, asportazione e anastomosi dell' intestino"
      } ]
    } ]
  }
}