{
  "resourceType": "ValueSet",
  "url": "http://hl7.org/fhir/sid/icd-9-cm-1070",
  "version": "1.0",
  "name": "Procedure-Incisione della palpebra",
  "title": "Incisione della palpebra",
  "status": "active",
  "compose": {
    "include": [ {
      "system": "http://hl7.org/fhir/sid/icd-9-cm",
      "concept": [ {
        "code": "0801",
        "display": "Incisione del margine palpebrale"
      }, {
        "code": "0802",
        "display": "Apertura di blefarorrafia"
      }, {
        "code": "0809",
        "display": "Altra incisione della palpebra"
      } ]
    } ]
  }
}