{
  "resourceType": "ValueSet",
  "url": "http://hl7.org/fhir/sid/icd-9-cm-1435",
  "version": "1.0",
  "name": "Procedure-Altri interventi sul fegato",
  "title": "Altri interventi sul fegato",
  "status": "active",
  "compose": {
    "include": [ {
      "system": "http://hl7.org/fhir/sid/icd-9-cm",
      "concept": [ {
        "code": "5091",
        "display": "Aspirazione percutanea del fegato"
      }, {
        "code": "5092",
        "display": "Assistenza epatica extracorporea"
      }, {
        "code": "5093",
        "display": "Perfusione localizzata del fegato"
      }, {
        "code": "5094",
        "display": "Altra iniezione dl sostanza terapeutica nel fegato"
      }, {
        "code": "5099",
        "display": "Altri interventi sul fegato"
      }, {
        "code": "51",
        "display": "Interventi sulla colecisti e sulle vie biliari"
      } ]
    } ]
  }
}