{
  "resourceType": "ValueSet",
  "url": "http://hl7.org/fhir/sid/icd-9-cm-1403",
  "version": "1.0",
  "name": "Procedure-Dilatazione e manipolazione intraaddominale dell' intestino",
  "title": "Dilatazione e manipolazione intraaddominale dell' intestino",
  "status": "active",
  "compose": {
    "include": [ {
      "system": "http://hl7.org/fhir/sid/icd-9-cm",
      "concept": [ {
        "code": "4680",
        "display": "Manipolazione intraaddominale dell' intestino, non altrimenti specificato"
      }, {
        "code": "4681",
        "display": "Manipolazione intraaddominale dell' intestino tenue"
      }, {
        "code": "4682",
        "display": "Manipolazione intraaddominale dell' intestino crasso"
      }, {
        "code": "4685",
        "display": "Dilatazione dell' intestino"
      } ]
    } ]
  }
}