{
  "resourceType": "ValueSet",
  "url": "http://hl7.org/fhir/sid/icd-9-cm-1821",
  "version": "1.0",
  "name": "Procedure-Altra psicoterapia e consulenze",
  "title": "Altra psicoterapia e consulenze",
  "status": "active",
  "compose": {
    "include": [ {
      "system": "http://hl7.org/fhir/sid/icd-9-cm",
      "concept": [ {
        "code": "9441",
        "display": "Terapia di gruppo per disfunzione psicosessuale"
      }, {
        "code": "9442",
        "display": "Terapia familiare"
      }, {
        "code": "9443",
        "display": "Psicodramma"
      }, {
        "code": "9444",
        "display": "Altra terapia di gruppo"
      }, {
        "code": "9445",
        "display": "Consulenza per tossicomania"
      }, {
        "code": "9446",
        "display": "Consulenza per alcoolismo"
      }, {
        "code": "9449",
        "display": "Altra consulenza"
      } ]
    } ]
  }
}