{
  "resourceType": "ValueSet",
  "url": "http://hl7.org/fhir/sid/icd-9-cm-1573",
  "version": "1.0",
  "name": "Procedure-Lisi di aderenze delle ovaie e delle tube",
  "title": "Lisi di aderenze delle ovaie e delle tube",
  "status": "active",
  "compose": {
    "include": [ {
      "system": "http://hl7.org/fhir/sid/icd-9-cm",
      "concept": [ {
        "code": "6581",
        "display": "Lisi laparoscopica di aderenze delle ovaie e delle tube"
      }, {
        "code": "6589",
        "display": "Altra lisi di aderenze delle ovaie e delle tube"
      } ]
    } ]
  }
}