{
  "resourceType": "ValueSet",
  "url": "http://hl7.org/fhir/sid/icd-9-cm-1659",
  "version": "1.0",
  "name": "Procedure-Altri interventi intrauterini sul feto e sull' amnios",
  "title": "Altri interventi intrauterini sul feto e sull' amnios",
  "status": "active",
  "compose": {
    "include": [ {
      "system": "http://hl7.org/fhir/sid/icd-9-cm",
      "concept": [ {
        "code": "7531",
        "display": "Amnioscopia"
      }, {
        "code": "7532",
        "display": "ECG fetale (cuoio capelluto)"
      }, {
        "code": "7533",
        "display": "Prelievo di sangue fetale e biopsia"
      }, {
        "code": "7534",
        "display": "Altro monitoraggio fetale"
      }, {
        "code": "7535",
        "display": "Altre procedure diagnostiche sul feto e sull' amnios"
      }, {
        "code": "7536",
        "display": "Correzione di difetto fetale"
      }, {
        "code": "7537",
        "display": "Amnioinfusione"
      }, {
        "code": "7538",
        "display": "Ossimetria fetale"
      } ]
    } ]
  }
}