{
  "resourceType": "ValueSet",
  "url": "http://hl7.org/fhir/sid/icd-9-cm-1242",
  "version": "1.0",
  "name": "Procedure-Procedure diagnostiche su tonsille e adenoidi",
  "title": "Procedure diagnostiche su tonsille e adenoidi",
  "status": "active",
  "compose": {
    "include": [ {
      "system": "http://hl7.org/fhir/sid/icd-9-cm",
      "concept": [ {
        "code": "2811",
        "display": "Biopsia di tonsille e adenoidi"
      }, {
        "code": "2819",
        "display": "Altri interventi diagnostici su tonsille e adenoidi"
      } ]
    } ]
  }
}