{
  "resourceType": "ValueSet",
  "url": "http://hl7.org/fhir/sid/icd-9-cm-1367",
  "version": "1.0",
  "name": "Procedure-Altri interventi sull' esofago",
  "title": "Altri interventi sull' esofago",
  "status": "active",
  "compose": {
    "include": [ {
      "system": "http://hl7.org/fhir/sid/icd-9-cm",
      "concept": [ {
        "code": "4291",
        "display": "Legatura di varici esofagee"
      }, {
        "code": "4292",
        "display": "Dilatazione dell' esofago"
      }, {
        "code": "4299",
        "display": "Altri interventi sull' esofago"
      }, {
        "code": "43",
        "display": "Incisione ed asportazione dello stomaco"
      } ]
    } ]
  }
}