{
  "resourceType": "ValueSet",
  "url": "http://hl7.org/fhir/sid/icd-9-cm-1757",
  "version": "1.0",
  "name": "Procedure-Mammoplastica riduttiva e mammectomia sottocutanea",
  "title": "Mammoplastica riduttiva e mammectomia sottocutanea",
  "status": "active",
  "compose": {
    "include": [ {
      "system": "http://hl7.org/fhir/sid/icd-9-cm",
      "concept": [ {
        "code": "8531",
        "display": "Mammoplastica riduttiva monolaterale"
      }, {
        "code": "8532",
        "display": "Mammoplastica riduttiva bilaterale"
      }, {
        "code": "8533",
        "display": "Mammectomia sottocutanea monolaterale con contemporaneo impianto di protesi"
      }, {
        "code": "8534",
        "display": "Altra mammectomia sottocutanea monolaterale"
      }, {
        "code": "8535",
        "display": "Mammectomia sottocutanea bilaterale con contemporaneo impianto di protesi"
      }, {
        "code": "8536",
        "display": "Altra mammectomia sottocutanea bilaterale"
      } ]
    } ]
  }
}