{
  "resourceType": "ValueSet",
  "url": "http://hl7.org/fhir/sid/icd-9-cm-1100",
  "version": "1.0",
  "name": "Procedure-Procedure diagnostiche sulla cornea",
  "title": "Procedure diagnostiche sulla cornea",
  "status": "active",
  "compose": {
    "include": [ {
      "system": "http://hl7.org/fhir/sid/icd-9-cm",
      "concept": [ {
        "code": "1121",
        "display": "Curettage della cornea per striscio o coltura"
      }, {
        "code": "1122",
        "display": "Biopsia della cornea"
      }, {
        "code": "1129",
        "display": "Altra procedura diagnostica sulla cornea"
      } ]
    } ]
  }
}