{
  "resourceType": "ValueSet",
  "url": "http://hl7.org/fhir/sid/icd-9-cm-1307",
  "version": "1.0",
  "name": "Procedure-Altri interventi su valvole e setti del cuore",
  "title": "Altri interventi su valvole e setti del cuore",
  "status": "active",
  "compose": {
    "include": [ {
      "system": "http://hl7.org/fhir/sid/icd-9-cm",
      "concept": [ {
        "code": "3591",
        "display": "Trasposizione interatriale del ritorno venoso"
      }, {
        "code": "3592",
        "display": "Creazione di condotto fra ventricolo destro e arteria polmonare"
      }, {
        "code": "3593",
        "display": "Creazione di condotto fra il ventricolo sinistro e l' aorta"
      }, {
        "code": "3594",
        "display": "Creazione di condotto fra atrio e arteria polmonare"
      }, {
        "code": "3595",
        "display": "Revisione di procedure correttive del cuore"
      }, {
        "code": "3596",
        "display": "Valvuloplastica percutanea"
      }, {
        "code": "3598",
        "display": "Altri interventi sui setti del cuore"
      }, {
        "code": "3599",
        "display": "Altri interventi sulle valvole del cuore"
      }, {
        "code": "36",
        "display": "Interventi sui vasi del cuore"
      } ]
    } ]
  }
}