{
  "resourceType": "ValueSet",
  "url": "http://hl7.org/fhir/sid/icd-9-cm-1077",
  "version": "1.0",
  "name": "Procedure-Altra ricostruzione della palpebra",
  "title": "Altra ricostruzione della palpebra",
  "status": "active",
  "compose": {
    "include": [ {
      "system": "http://hl7.org/fhir/sid/icd-9-cm",
      "concept": [ {
        "code": "0870",
        "display": "Ricostruzione della palpebra, SAI"
      }, {
        "code": "0871",
        "display": "Ricostruzione della palpebra interessante il margine palpebrale, non a tutto spessore"
      }, {
        "code": "0872",
        "display": "Altra ricostruzione della palpebra, non a tutto spessore"
      }, {
        "code": "0873",
        "display": "Ricostruzione della palpebra interessante il margine palpebrale, a tutto spessore"
      }, {
        "code": "0874",
        "display": "Altra ricostruzione della palpebra, a tutto spessore"
      } ]
    } ]
  }
}