{
  "resourceType": "ValueSet",
  "url": "http://hl7.org/fhir/sid/icd-9-cm-1249",
  "version": "1.0",
  "name": "Procedure-Altri interventi su tonsille e adenoidi",
  "title": "Altri interventi su tonsille e adenoidi",
  "status": "active",
  "compose": {
    "include": [ {
      "system": "http://hl7.org/fhir/sid/icd-9-cm",
      "concept": [ {
        "code": "2891",
        "display": "Rimozione di corpo estraneo da tonsille e adenoidi mediante incisione"
      }, {
        "code": "2892",
        "display": "Asportazione di lesione di tonsille e adenoidi"
      }, {
        "code": "2899",
        "display": "Altri interventi su tonsille e adenoidi"
      }, {
        "code": "29",
        "display": "Interventi sul faringe"
      } ]
    } ]
  }
}