{
  "resourceType": "ValueSet",
  "url": "http://hl7.org/fhir/sid/icd-9-cm-1050",
  "version": "1.0",
  "name": "Procedure-Incisione della regione tiroidea",
  "title": "Incisione della regione tiroidea",
  "status": "active",
  "compose": {
    "include": [ {
      "system": "http://hl7.org/fhir/sid/icd-9-cm",
      "concept": [ {
        "code": "0601",
        "display": "Aspirazione nella regione tiroidea"
      }, {
        "code": "0602",
        "display": "Riapertura di ferita della regione tiroidea"
      }, {
        "code": "0609",
        "display": "Altra incisione della regione tiroidea"
      } ]
    } ]
  }
}