{
  "resourceType": "ValueSet",
  "url": "http://hl7.org/fhir/sid/icd-9-cm-1719",
  "version": "1.0",
  "name": "Procedure-Altra riparazione di articolazione delle estremita' inferiori",
  "title": "Altra riparazione di articolazione delle estremita' inferiori",
  "status": "active",
  "compose": {
    "include": [ {
      "system": "http://hl7.org/fhir/sid/icd-9-cm",
      "concept": [ {
        "code": "8140",
        "display": "Riparazione dell' anca, non classificata altrove"
      }, {
        "code": "8142",
        "display": "Riparazione del ginocchio five-in-one"
      }, {
        "code": "8143",
        "display": "Riparazione della triade del ginocchio"
      }, {
        "code": "8144",
        "display": "Stabilizzazione della rotula"
      }, {
        "code": "8145",
        "display": "Altra riparazione dei legamenti crociati"
      }, {
        "code": "8146",
        "display": "Altra riparazione dei legamenti collaterali"
      }, {
        "code": "8147",
        "display": "Altra riparazione del ginocchio"
      }, {
        "code": "8149",
        "display": "Altra riparazione della caviglia"
      } ]
    } ]
  }
}