{
  "resourceType": "ValueSet",
  "url": "http://hl7.org/fhir/sid/icd-9-cm-1777",
  "version": "1.0",
  "name": "Procedure-Radiografia dei tessuti molli del torace",
  "title": "Radiografia dei tessuti molli del torace",
  "status": "active",
  "compose": {
    "include": [ {
      "system": "http://hl7.org/fhir/sid/icd-9-cm",
      "concept": [ {
        "code": "8731",
        "display": "Broncografia endotracheale"
      }, {
        "code": "8732",
        "display": "Altra broncografia con contrasto"
      }, {
        "code": "8733",
        "display": "Pneumomediastino"
      }, {
        "code": "8734",
        "display": "Linfangiografia intratoracica"
      }, {
        "code": "8735",
        "display": "Radiografia con contrasto dei dotti mammari"
      }, {
        "code": "8736",
        "display": "Xerografia della mammella"
      }, {
        "code": "8737",
        "display": "Altra mammografia"
      }, {
        "code": "8738",
        "display": "Sinografia della parete toracica"
      }, {
        "code": "8739",
        "display": "Altra radiografia dei tessuti molli della parete toracica"
      } ]
    } ]
  }
}