{
  "resourceType": "ValueSet",
  "url": "http://hl7.org/fhir/sid/icd-9-cm-1257",
  "version": "1.0",
  "name": "Procedure-Asportazione o demolizione di lesioni o tessuti laringei",
  "title": "Asportazione o demolizione di lesioni o tessuti laringei",
  "status": "active",
  "compose": {
    "include": [ {
      "system": "http://hl7.org/fhir/sid/icd-9-cm",
      "concept": [ {
        "code": "3001",
        "display": "Marsupializzazione di cisti laringea"
      }, {
        "code": "3009",
        "display": "Altra asportazione o demolizione di lesione o tessuto della laringe"
      } ]
    } ]
  }
}