{
  "resourceType": "ValueSet",
  "url": "http://hl7.org/fhir/sid/icd-9-cm-1288",
  "version": "1.0",
  "name": "Procedure-Incisione della parete toracica e della pleura",
  "title": "Incisione della parete toracica e della pleura",
  "status": "active",
  "compose": {
    "include": [ {
      "system": "http://hl7.org/fhir/sid/icd-9-cm",
      "concept": [ {
        "code": "3401",
        "display": "Incisione della parete toracica"
      }, {
        "code": "3402",
        "display": "Toracotomia esplorativa"
      }, {
        "code": "3403",
        "display": "Riapertura della sede di toracotomia recente"
      }, {
        "code": "3404",
        "display": "Inserzione di drenaggio intercostale"
      }, {
        "code": "3405",
        "display": "Creazione di anastomosi pleuroperitoneale"
      }, {
        "code": "3409",
        "display": "Altra incisione della pleura"
      } ]
    } ]
  }
}