{
  "resourceType": "ValueSet",
  "url": "http://hl7.org/fhir/sid/icd-9-cm-1679",
  "version": "1.0",
  "name": "Procedure-Biopsia dell' osso",
  "title": "Biopsia dell' osso",
  "status": "active",
  "compose": {
    "include": [ {
      "system": "http://hl7.org/fhir/sid/icd-9-cm",
      "concept": [ {
        "code": "7740",
        "display": "Biopsia dell' osso, sede non specificata"
      }, {
        "code": "7741",
        "display": "Biopsia della scapola, clavicola e torace (coste e sterno)"
      }, {
        "code": "7742",
        "display": "Biopsia dell' omero"
      }, {
        "code": "7743",
        "display": "Biopsia del radio e dell' ulna"
      }, {
        "code": "7744",
        "display": "Biopsia del carpo e metacarpo"
      }, {
        "code": "7745",
        "display": "Biopsia del femore"
      }, {
        "code": "7746",
        "display": "Biopsia della rotula"
      }, {
        "code": "7747",
        "display": "Biopsia della tibia e fibula"
      }, {
        "code": "7748",
        "display": "Biopsia del tarso e metatarso"
      }, {
        "code": "7749",
        "display": "Biopsia di altre ossa, ad eccezione di quelle facciali"
      } ]
    } ]
  }
}