{
  "resourceType": "ValueSet",
  "url": "http://hl7.org/fhir/sid/icd-9-cm-1776",
  "version": "1.0",
  "name": "Procedure-Radiografia della colonna",
  "title": "Radiografia della colonna",
  "status": "active",
  "compose": {
    "include": [ {
      "system": "http://hl7.org/fhir/sid/icd-9-cm",
      "concept": [ {
        "code": "8721",
        "display": "Mielografia con contrasto"
      }, {
        "code": "8722",
        "display": "Altra radiografia della colonna cervicale"
      }, {
        "code": "8723",
        "display": "Altra radiografia della colonna toracica"
      }, {
        "code": "8724",
        "display": "Altra radiografia della colonna lombosacrale"
      }, {
        "code": "8729",
        "display": "Altra radiografia della colonna"
      } ]
    } ]
  }
}