{
  "resourceType": "ValueSet",
  "url": "http://hl7.org/fhir/sid/icd-9-cm-1623",
  "version": "1.0",
  "name": "Procedure-Interventi sulla ghiandola del Bartolino",
  "title": "Interventi sulla ghiandola del Bartolino",
  "status": "active",
  "compose": {
    "include": [ {
      "system": "http://hl7.org/fhir/sid/icd-9-cm",
      "concept": [ {
        "code": "7121",
        "display": "Aspirazione percutanea di cisti nella ghiandola del Bartolino"
      }, {
        "code": "7122",
        "display": "Incisione di cisti della ghiandola del Bartolino"
      }, {
        "code": "7123",
        "display": "Marsupializzazione di cisti della ghiandola del Bartolino"
      }, {
        "code": "7124",
        "display": "Asportazione o altra demolizione di cisti della ghiandola del Bartolino"
      }, {
        "code": "7129",
        "display": "Altri interventi sulla ghiandola del Bartolino (cisti)"
      } ]
    } ]
  }
}