{
  "resourceType": "ValueSet",
  "url": "http://hl7.org/fhir/sid/icd-9-cm-1478",
  "version": "1.0",
  "name": "Procedure-Asportazione di parte di parenchima renale",
  "title": "Asportazione di parte di parenchima renale",
  "status": "active",
  "compose": {
    "include": [ {
      "system": "http://hl7.org/fhir/sid/icd-9-cm",
      "concept": [ {
        "code": "5531",
        "display": "Marsupializzazione di lesioni renali"
      }, {
        "code": "5532",
        "display": "Ablazione aperta di tessuto o lesione renali"
      }, {
        "code": "5533",
        "display": "Ablazione percutanea di tessuto o lesione renali"
      }, {
        "code": "5534",
        "display": "Ablazione laparoscopica di tessuto o lesione renali"
      }, {
        "code": "5535",
        "display": "Altre e non specificate ablazioni di tessuto o lesione renali"
      }, {
        "code": "5539",
        "display": "Altra asportazione di lesione di parenchima renale"
      } ]
    } ]
  }
}