{
  "resourceType": "ValueSet",
  "url": "http://hl7.org/fhir/sid/icd-9-cm-1073",
  "version": "1.0",
  "name": "Procedure-Correzione di blefaroptosi e retrazione palpebrale",
  "title": "Correzione di blefaroptosi e retrazione palpebrale",
  "status": "active",
  "compose": {
    "include": [ {
      "system": "http://hl7.org/fhir/sid/icd-9-cm",
      "concept": [ {
        "code": "0831",
        "display": "Correzione di blefaroptosi con intervento sui muscoli frontali, con sutura"
      }, {
        "code": "0832",
        "display": "Correzione di blefaroptosi con anastomosi del muscolo frontale mediante fascia lata"
      }, {
        "code": "0833",
        "display": "Correzione di blefaroptosi con resezione o avanzamento del muscolo elevatore o sua aponeurosi"
      }, {
        "code": "0834",
        "display": "Correzione di blefaroptosi con altre tecniche che utilizzano il muscolo elevatore"
      }, {
        "code": "0835",
        "display": "Correzione di blefaroptosi con tecnica tarsale"
      }, {
        "code": "0836",
        "display": "Correzione di blefaroptosi con altre tecniche"
      }, {
        "code": "0837",
        "display": "Riduzione di sovracorrezione di blefaroptosi"
      }, {
        "code": "0838",
        "display": "Correzione di retrazione della palpebra"
      } ]
    } ]
  }
}