{
  "resourceType": "ValueSet",
  "url": "http://hl7.org/fhir/sid/icd-9-cm-1331",
  "version": "1.0",
  "name": "Procedure-Altra occlusione chirurgica di vasi",
  "title": "Altra occlusione chirurgica di vasi",
  "status": "active",
  "compose": {
    "include": [ {
      "system": "http://hl7.org/fhir/sid/icd-9-cm",
      "concept": [ {
        "code": "3880",
        "display": "Altra occlusione chirurgica di vasi, sede non specificata"
      }, {
        "code": "3881",
        "display": "Altra occlusione chirurgica di vasi intracranici"
      }, {
        "code": "3882",
        "display": "Altra occlusione chirurgica di altri vasi del capo e del collo"
      }, {
        "code": "3883",
        "display": "Altra occlusione chirurgica di vasi dell' arto superiore"
      }, {
        "code": "3884",
        "display": "Altra occlusione chirurgica dell' aorta, addominale"
      }, {
        "code": "3885",
        "display": "Altra occlusione chirurgica di altri vasi toracici"
      }, {
        "code": "3886",
        "display": "Altra occlusione chirurgica di arterie addominali"
      }, {
        "code": "3887",
        "display": "Altra occlusione chirurgica di vene addominali iliaca, portale, renale, splenica, vena cava inferiore"
      }, {
        "code": "3888",
        "display": "Altra occlusione chirurgica di arterie arto inferiore"
      }, {
        "code": "3889",
        "display": "Altra occlusione chirurgica di vene arto inferiore"
      } ]
    } ]
  }
}