{
  "resourceType": "ValueSet",
  "url": "http://hl7.org/fhir/sid/icd-9-cm-1707",
  "version": "1.0",
  "name": "Procedure-Artroscopia",
  "title": "Artroscopia",
  "status": "active",
  "compose": {
    "include": [ {
      "system": "http://hl7.org/fhir/sid/icd-9-cm",
      "concept": [ {
        "code": "8020",
        "display": "Artroscopia, sede non specificata"
      }, {
        "code": "8021",
        "display": "Artroscopia della spalla"
      }, {
        "code": "8022",
        "display": "Artroscopia del gomito"
      }, {
        "code": "8023",
        "display": "Artroscopia del polso"
      }, {
        "code": "8024",
        "display": "Artroscopia della mano e delle dita della mano"
      }, {
        "code": "8025",
        "display": "Artroscopia dell' anca"
      }, {
        "code": "8026",
        "display": "Artroscopia del ginocchio"
      }, {
        "code": "8027",
        "display": "Artroscopia della caviglia"
      }, {
        "code": "8028",
        "display": "Artroscopia del piede e delle dita del piede"
      }, {
        "code": "8029",
        "display": "Artroscopia di altra sede specificata"
      } ]
    } ]
  }
}