{
  "resourceType": "ValueSet",
  "url": "http://hl7.org/fhir/sid/icd-9-cm-1584",
  "version": "1.0",
  "name": "Procedure-Altri interventi sulle tube",
  "title": "Altri interventi sulle tube",
  "status": "active",
  "compose": {
    "include": [ {
      "system": "http://hl7.org/fhir/sid/icd-9-cm",
      "concept": [ {
        "code": "6691",
        "display": "Aspirazione delle tube"
      }, {
        "code": "6692",
        "display": "Demolizione od occlusione monolaterale della tuba"
      }, {
        "code": "6693",
        "display": "Impianto o sostituzione di protesi della tuba"
      }, {
        "code": "6694",
        "display": "Rimozione di protesi della tuba"
      }, {
        "code": "6695",
        "display": "Insufflazione di sostanze terapeutiche nelle tube"
      }, {
        "code": "6696",
        "display": "Dilatazione delle tube"
      }, {
        "code": "6697",
        "display": "Innesto delle fimbrie nella parete uterina"
      }, {
        "code": "6699",
        "display": "Altri interventi sulle tube"
      }, {
        "code": "67",
        "display": "Interventi sulla cervice uterina"
      } ]
    } ]
  }
}