{
  "resourceType": "ValueSet",
  "url": "http://hl7.org/fhir/sid/icd-9-cm-1329",
  "version": "1.0",
  "name": "Procedure-Altra asportazione di vasi",
  "title": "Altra asportazione di vasi",
  "status": "active",
  "compose": {
    "include": [ {
      "system": "http://hl7.org/fhir/sid/icd-9-cm",
      "concept": [ {
        "code": "3860",
        "display": "Altra asportazione di vasi, sede non specificata"
      }, {
        "code": "3861",
        "display": "Altra asportazione di vasi intracranici"
      }, {
        "code": "3862",
        "display": "Altra asportazione di altri vasi del capo e del collo"
      }, {
        "code": "3863",
        "display": "Altra asportazione di vasi dell' arto superiore"
      }, {
        "code": "3864",
        "display": "Altra asportazione dell' aorta, addominale"
      }, {
        "code": "3865",
        "display": "Altra asportazione di altri vasi toracici"
      }, {
        "code": "3866",
        "display": "Altra asportazione di arterie addominali"
      }, {
        "code": "3867",
        "display": "Altra asportazione di vene addominali"
      }, {
        "code": "3868",
        "display": "Altra asportazione di arterie dell' arto inferiore"
      }, {
        "code": "3869",
        "display": "Altra asportazione di vene dell' arto inferiore"
      } ]
    } ]
  }
}