{
  "resourceType": "ValueSet",
  "url": "http://hl7.org/fhir/sid/icd-9-cm-1151",
  "version": "1.0",
  "name": "Procedure-Interventi secondari dopo rimozione del bulbo oculare",
  "title": "Interventi secondari dopo rimozione del bulbo oculare",
  "status": "active",
  "compose": {
    "include": [ {
      "system": "http://hl7.org/fhir/sid/icd-9-cm",
      "concept": [ {
        "code": "1661",
        "display": "Inserzione secondaria di impianto oculare"
      }, {
        "code": "1662",
        "display": "Revisione e reinserzione di impianto oculare"
      }, {
        "code": "1663",
        "display": "Revisione di enucleazione di orbita con innesto"
      }, {
        "code": "1664",
        "display": "Altra revisione di enucleazione di orbita"
      }, {
        "code": "1665",
        "display": "Innesto secondario ad eviscerazione della cavita' oculare"
      }, {
        "code": "1666",
        "display": "Altra revisione di eviscerazione della cavita' oculare"
      }, {
        "code": "1669",
        "display": "Altri interventi secondari dopo rimozione di bulbo oculare"
      } ]
    } ]
  }
}