{
  "resourceType": "ValueSet",
  "url": "http://hl7.org/fhir/sid/icd-9-cm-1515",
  "version": "1.0",
  "name": "Procedure-Procedure diagnostiche sul tessuto perirenale e perivescicale",
  "title": "Procedure diagnostiche sul tessuto perirenale e perivescicale",
  "status": "active",
  "compose": {
    "include": [ {
      "system": "http://hl7.org/fhir/sid/icd-9-cm",
      "concept": [ {
        "code": "5921",
        "display": "Biopsia del tessuto perirenale o perivescicale"
      }, {
        "code": "5929",
        "display": "Altre procedure diagnostiche sul tessuto perirenale, perivescicale e sul retroperitoneo"
      } ]
    } ]
  }
}