{
  "resourceType": "ValueSet",
  "url": "http://hl7.org/fhir/sid/icd-9-cm-1205",
  "version": "1.0",
  "name": "Procedure-Altra riparazione dentaria",
  "title": "Altra riparazione dentaria",
  "status": "active",
  "compose": {
    "include": [ {
      "system": "http://hl7.org/fhir/sid/icd-9-cm",
      "concept": [ {
        "code": "2341",
        "display": "Applicazione di corona"
      }, {
        "code": "2342",
        "display": "Inserzione di ponte fisso"
      }, {
        "code": "2343",
        "display": "Inserzione di ponte rimovibile"
      }, {
        "code": "2349",
        "display": "Altra riparazione dentaria"
      } ]
    } ]
  }
}