{
  "resourceType": "ValueSet",
  "url": "http://hl7.org/fhir/sid/icd-9-cm-1089",
  "version": "1.0",
  "name": "Procedure-Altri interventi sull' apparato lacrimale",
  "title": "Altri interventi sull' apparato lacrimale",
  "status": "active",
  "compose": {
    "include": [ {
      "system": "http://hl7.org/fhir/sid/icd-9-cm",
      "concept": [ {
        "code": "0991",
        "display": "Obliterazione del punto lacrimale"
      }, {
        "code": "0999",
        "display": "Altri interventi sull' apparato lacrimale"
      }, {
        "code": "10",
        "display": "Interventi sulla congiuntiva"
      } ]
    } ]
  }
}