{
  "resourceType": "ValueSet",
  "url": "http://hl7.org/fhir/sid/icd-9-cm-1780",
  "version": "1.0",
  "name": "Procedure-Altra radiografia dell' apparato digerente",
  "title": "Altra radiografia dell' apparato digerente",
  "status": "active",
  "compose": {
    "include": [ {
      "system": "http://hl7.org/fhir/sid/icd-9-cm",
      "concept": [ {
        "code": "8761",
        "display": "Pasto baritato"
      }, {
        "code": "8762",
        "display": "Serigrafia del tratto gastrointestinale superiore"
      }, {
        "code": "8763",
        "display": "Serigrafia dell' intestino tenue"
      }, {
        "code": "8764",
        "display": "Serigrafia del tratto gastrointestinale inferiore"
      }, {
        "code": "8765",
        "display": "Altra radiografia dell' intestino"
      }, {
        "code": "8766",
        "display": "Radiografia del pancreas con contrasto"
      }, {
        "code": "8769",
        "display": "Altra radiografia dell' apparato digerente"
      } ]
    } ]
  }
}