{
  "resourceType": "ValueSet",
  "url": "http://hl7.org/fhir/sid/icd-9-cm-1755",
  "version": "1.0",
  "name": "Procedure-Procedure diagnostiche sulla mammella",
  "title": "Procedure diagnostiche sulla mammella",
  "status": "active",
  "compose": {
    "include": [ {
      "system": "http://hl7.org/fhir/sid/icd-9-cm",
      "concept": [ {
        "code": "8511",
        "display": "Biopsia [percutanea] [agobiopsia] della mammella"
      }, {
        "code": "8512",
        "display": "Biopsia a cielo aperto della mammella"
      }, {
        "code": "8519",
        "display": "Altre procedure diagnostiche sulla mammella"
      } ]
    } ]
  }
}