{
  "resourceType": "ValueSet",
  "url": "http://hl7.org/fhir/sid/icd-9-cm-1197",
  "version": "1.0",
  "name": "Procedure-Altra senotomia nasale",
  "title": "Altra senotomia nasale",
  "status": "active",
  "compose": {
    "include": [ {
      "system": "http://hl7.org/fhir/sid/icd-9-cm",
      "concept": [ {
        "code": "2250",
        "display": "Senotomia, SAI"
      }, {
        "code": "2251",
        "display": "Etmoidotomia"
      }, {
        "code": "2252",
        "display": "Sfenoidotomia"
      }, {
        "code": "2253",
        "display": "Incisione dei seni multipli"
      } ]
    } ]
  }
}