{
  "resourceType": "ValueSet",
  "url": "http://hl7.org/fhir/sid/icd-9-cm-1529",
  "version": "1.0",
  "name": "Procedure-Altra prostatectomia",
  "title": "Altra prostatectomia",
  "status": "active",
  "compose": {
    "include": [ {
      "system": "http://hl7.org/fhir/sid/icd-9-cm",
      "concept": [ {
        "code": "6061",
        "display": "Asportazione di lesione prostatica"
      }, {
        "code": "6062",
        "display": "Prostatectomia perineale"
      }, {
        "code": "6069",
        "display": "Altra prostatectomia"
      } ]
    } ]
  }
}