{
  "resourceType": "ValueSet",
  "url": "http://hl7.org/fhir/sid/icd-9-cm-1176",
  "version": "1.0",
  "name": "Procedure-Mastoidectomia",
  "title": "Mastoidectomia",
  "status": "active",
  "compose": {
    "include": [ {
      "system": "http://hl7.org/fhir/sid/icd-9-cm",
      "concept": [ {
        "code": "2041",
        "display": "Mastoidectomia semplice"
      }, {
        "code": "2042",
        "display": "Mastoidectomia radicale"
      }, {
        "code": "2049",
        "display": "Altra mastoidectomia"
      } ]
    } ]
  }
}