{
  "resourceType": "ValueSet",
  "url": "http://hl7.org/fhir/sid/icd-9-cm-1363",
  "version": "1.0",
  "name": "Procedure-Anastomosi intratoracica dell' esofago",
  "title": "Anastomosi intratoracica dell' esofago",
  "status": "active",
  "compose": {
    "include": [ {
      "system": "http://hl7.org/fhir/sid/icd-9-cm",
      "concept": [ {
        "code": "4251",
        "display": "Esofago-esofagostomia intratoracica"
      }, {
        "code": "4252",
        "display": "Esofago-gastrostomia intratoracica"
      }, {
        "code": "4253",
        "display": "Anastomosi esofagea intratoracica con interposizione di intestino tenue"
      }, {
        "code": "4254",
        "display": "Altra esofago-enteranastomosi intratoracica"
      }, {
        "code": "4255",
        "display": "Anastomosi esofagea intratoracica con interposizione di colon"
      }, {
        "code": "4256",
        "display": "Altra esofagocolostomia intratoracica"
      }, {
        "code": "4258",
        "display": "Anastomosi esofagea intratoracica con altra interposizione"
      }, {
        "code": "4259",
        "display": "Altra anastomosi esofagea intratoracica"
      } ]
    } ]
  }
}