{
  "resourceType": "ValueSet",
  "url": "http://hl7.org/fhir/sid/icd-9-cm-1411",
  "version": "1.0",
  "name": "Procedure-Procedure diagnostiche sul retto e sui tessuti perirettali",
  "title": "Procedure diagnostiche sul retto e sui tessuti perirettali",
  "status": "active",
  "compose": {
    "include": [ {
      "system": "http://hl7.org/fhir/sid/icd-9-cm",
      "concept": [ {
        "code": "4821",
        "display": "Proctosigmoidoscopia transaddominale"
      }, {
        "code": "4822",
        "display": "Proctosigmoidoscopia attraverso orifizio artificiale"
      }, {
        "code": "4823",
        "display": "Altra proctosigmoidoscopia con endoscopio rigido"
      }, {
        "code": "4824",
        "display": "Biopsia [endoscopica] del retto"
      }, {
        "code": "4825",
        "display": "Biopsia a cielo aperto del retto"
      }, {
        "code": "4826",
        "display": "Biopsia di tessuti perirettali"
      }, {
        "code": "4829",
        "display": "Altre procedure diagnostiche sul retto, rettosigmoide e tessuti perirettali"
      } ]
    } ]
  }
}