{
  "resourceType": "ValueSet",
  "url": "http://hl7.org/fhir/sid/icd-9-cm-1059",
  "version": "1.0",
  "name": "Procedure-Altri interventi sulle regioni tiroidea e paratiroidea",
  "title": "Altri interventi sulle regioni tiroidea e paratiroidea",
  "status": "active",
  "compose": {
    "include": [ {
      "system": "http://hl7.org/fhir/sid/icd-9-cm",
      "concept": [ {
        "code": "0691",
        "display": "Sezione dell' istmo tiroideo"
      }, {
        "code": "0692",
        "display": "Legatura dei vasi tiroidei"
      }, {
        "code": "0693",
        "display": "Sutura della tiroide"
      }, {
        "code": "0694",
        "display": "Reimpianto di tessuto tiroideo"
      }, {
        "code": "0695",
        "display": "Reimpianto di tessuto paratiroideo"
      }, {
        "code": "0698",
        "display": "Altri interventi sulla tiroide"
      }, {
        "code": "0699",
        "display": "Altri interventi sulle paratiroidi"
      }, {
        "code": "07",
        "display": "Interventi su altre ghiandole endocrine"
      } ]
    } ]
  }
}