{
  "resourceType": "ValueSet",
  "url": "http://hl7.org/fhir/sid/icd-9-cm-1787",
  "version": "1.0",
  "name": "Procedure-Altre radiografie",
  "title": "Altre radiografie",
  "status": "active",
  "compose": {
    "include": [ {
      "system": "http://hl7.org/fhir/sid/icd-9-cm",
      "concept": [ {
        "code": "8831",
        "display": "Segmenti scheletrici"
      }, {
        "code": "8832",
        "display": "Artrografia con contrasto"
      }, {
        "code": "8833",
        "display": "Altre radiografie dello scheletro"
      }, {
        "code": "8834",
        "display": "Linfografia arto superiore"
      }, {
        "code": "8835",
        "display": "Altra radiografia del tessuti molli dell' arto superiore"
      }, {
        "code": "8836",
        "display": "Linfografia arto inferiore"
      }, {
        "code": "8837",
        "display": "Altra radiografia dei tessuti molli dell' arto inferiore"
      }, {
        "code": "8838",
        "display": "Altra tomografia assiale computerizzata"
      }, {
        "code": "8839",
        "display": "Altra radiografia non specificata"
      } ]
    } ]
  }
}