{
  "resourceType": "ValueSet",
  "url": "http://hl7.org/fhir/sid/icd-9-cm-1034",
  "version": "1.0",
  "name": "Procedure-Incisione, sezione ed asportazione dei nervi cranici e periferici",
  "title": "Incisione, sezione ed asportazione dei nervi cranici e periferici",
  "status": "active",
  "compose": {
    "include": [ {
      "system": "http://hl7.org/fhir/sid/icd-9-cm",
      "concept": [ {
        "code": "0401",
        "display": "Asportazione di neuroma acustico"
      }, {
        "code": "0402",
        "display": "Sezione del nervo trigemino"
      }, {
        "code": "0403",
        "display": "Sezione o schiacciamento di altri nervi cranici e periferici"
      }, {
        "code": "0404",
        "display": "Altra incisione dei nervi cranici e periferici"
      }, {
        "code": "0405",
        "display": "Gangliectomia del ganglio di Gasser"
      }, {
        "code": "0406",
        "display": "Altre gangliectomie di nervi cranici o periferici"
      }, {
        "code": "0407",
        "display": "Altra resezione o asportazione dei nervi cranici e periferici"
      } ]
    } ]
  }
}