{
  "resourceType": "ValueSet",
  "url": "http://hl7.org/fhir/sid/icd-9-cm-1845",
  "version": "1.0",
  "name": "Procedure-Altra rimozione non operatoria di dispositivi terapeutici",
  "title": "Altra rimozione non operatoria di dispositivi terapeutici",
  "status": "active",
  "compose": {
    "include": [ {
      "system": "http://hl7.org/fhir/sid/icd-9-cm",
      "concept": [ {
        "code": "9781",
        "display": "Rimozione di dispositivo di drenaggio retroperitoneale"
      }, {
        "code": "9782",
        "display": "Rimozione di dispositivo di drenaggio peritoneale"
      }, {
        "code": "9783",
        "display": "Rimozione di sutura dalla parete addominale"
      }, {
        "code": "9784",
        "display": "Rimozione di sutura dal tronco, non classificata altrove"
      }, {
        "code": "9785",
        "display": "Rimozione di zaffatura dal tronco, non classificata altrove"
      }, {
        "code": "9786",
        "display": "Rimozione di altro dispositivo dall' addome"
      }, {
        "code": "9787",
        "display": "Rimozione di altro dispositivo dal tronco"
      }, {
        "code": "9788",
        "display": "Rimozione di dispositivo esterno di immobilizzazione"
      }, {
        "code": "9789",
        "display": "Rimozione di altro dispositivo terapeutico"
      }, {
        "code": "98",
        "display": "Rimozione non operatoria di corpo estraneo o calcolo"
      } ]
    } ]
  }
}