{
  "resourceType": "ValueSet",
  "url": "http://hl7.org/fhir/sid/icd-9-cm-1064",
  "version": "1.0",
  "name": "Procedure-Altri interventi su nervi, vasi e ghiandole surrenali",
  "title": "Altri interventi su nervi, vasi e ghiandole surrenali",
  "status": "active",
  "compose": {
    "include": [ {
      "system": "http://hl7.org/fhir/sid/icd-9-cm",
      "concept": [ {
        "code": "0741",
        "display": "Incisione delle ghiandole surrenali"
      }, {
        "code": "0742",
        "display": "Sezione di nervi afferenti alle ghiandole surrenaliche"
      }, {
        "code": "0743",
        "display": "Legatura di vasi delle ghiandole surrenali"
      }, {
        "code": "0744",
        "display": "Riparazione delle ghiandole surrenali"
      }, {
        "code": "0745",
        "display": "Reimpianto delle ghiandole surrenali"
      }, {
        "code": "0749",
        "display": "Altri interventi su nervi, vasi e ghiandole surrenali"
      } ]
    } ]
  }
}