{
  "resourceType": "ValueSet",
  "url": "http://hl7.org/fhir/sid/icd-9-cm-1430",
  "version": "1.0",
  "name": "Procedure-Asportazione o demolizione locale di tessuti o lesioni del fegato",
  "title": "Asportazione o demolizione locale di tessuti o lesioni del fegato",
  "status": "active",
  "compose": {
    "include": [ {
      "system": "http://hl7.org/fhir/sid/icd-9-cm",
      "concept": [ {
        "code": "5021",
        "display": "Marsupializzazione di lesione del fegato"
      }, {
        "code": "5022",
        "display": "Epatectomia parziale"
      }, {
        "code": "5023",
        "display": "Ablazione aperta di tessuto o lesione epatici"
      }, {
        "code": "5024",
        "display": "Ablazione percutanea di tessuto o lesione epatici"
      }, {
        "code": "5025",
        "display": "Ablazione laparoscopica di tessuto o lesione epatici"
      }, {
        "code": "5026",
        "display": "Altre e non specificate ablazioni di tessuto o lesione epatici"
      }, {
        "code": "5029",
        "display": "Altra demolizione di lesione del fegato"
      } ]
    } ]
  }
}