{
  "resourceType": "ValueSet",
  "url": "http://hl7.org/fhir/sid/icd-9-cm-1548",
  "version": "1.0",
  "name": "Procedure-Procedure diagnostiche sul cordone spermatico, sull' epididimo e sui dotti deferenti",
  "title": "Procedure diagnostiche sul cordone spermatico, sull' epididimo e sui dotti deferenti",
  "status": "active",
  "compose": {
    "include": [ {
      "system": "http://hl7.org/fhir/sid/icd-9-cm",
      "concept": [ {
        "code": "6301",
        "display": "Biopsia del cordone spermatico, dell' epididimo o dei dotti deferenti"
      }, {
        "code": "6309",
        "display": "Altre procedure diagnostiche sul cordone spermatico, sull' epididimo e sui dotti deferenti"
      } ]
    } ]
  }
}