{
  "resourceType": "ValueSet",
  "url": "http://hl7.org/fhir/sid/icd-9-cm-1318",
  "version": "1.0",
  "name": "Procedure-Procedure di sostituzione cardiaca",
  "title": "Procedure di sostituzione cardiaca",
  "status": "active",
  "compose": {
    "include": [ {
      "system": "http://hl7.org/fhir/sid/icd-9-cm",
      "concept": [ {
        "code": "3751",
        "display": "Trapianto di cuore"
      }, {
        "code": "3752",
        "display": "Impianto di sistema di sostituzione cardiaca totale"
      }, {
        "code": "3753",
        "display": "Riparazione o sostituzione di un' unita' toracica di sistema di sostituzione cardiaca totale"
      }, {
        "code": "3754",
        "display": "Riparazione o sostituzione di altro componente impiantabile di sistema di sostituzione cardiaca totale"
      } ]
    } ]
  }
}