{
  "resourceType": "ValueSet",
  "url": "http://hl7.org/fhir/sid/icd-9-cm-1773",
  "version": "1.0",
  "name": "Procedure-Altri interventi sulla cute e sul tessuto sottocutaneo",
  "title": "Altri interventi sulla cute e sul tessuto sottocutaneo",
  "status": "active",
  "compose": {
    "include": [ {
      "system": "http://hl7.org/fhir/sid/icd-9-cm",
      "concept": [ {
        "code": "8691",
        "display": "Asportazione di cute per innesto"
      }, {
        "code": "8692",
        "display": "Elettrolisi e altra depilazione cutanea"
      }, {
        "code": "8693",
        "display": "Inserzione di espansore tessutale"
      }, {
        "code": "8694",
        "display": "Inserzione o riposizionamento di generatore di impulsi di neurostimolatore a canale singolo, non specificato se ricaricabile"
      }, {
        "code": "8695",
        "display": "Inserzione o riposizionamento di generatore di impulsi di neurostimolatore a canale doppio, non specificato se ricaricabile"
      }, {
        "code": "8696",
        "display": "Inserzione o sostituzione di altro generatore di impulsi di neurostimolatore"
      }, {
        "code": "8697",
        "display": "Inserzione o sostituzione di generatore di impulsi di neurostimolatore a canale singolo ricaricabile"
      }, {
        "code": "8698",
        "display": "Inserzione o sostituzione di generatore di impulsi di neurostimolatore a canale doppio ricaricabile"
      }, {
        "code": "8699",
        "display": "Altri interventi sulla cute e sul tessuto sottocutaneo"
      }, {
        "code": "87",
        "display": "Radiologia diagnostica"
      } ]
    } ]
  }
}