{
  "resourceType": "ValueSet",
  "url": "http://hl7.org/fhir/sid/icd-9-cm-1445",
  "version": "1.0",
  "name": "Procedure-Altri interventi sulle vie biliari",
  "title": "Altri interventi sulle vie biliari",
  "status": "active",
  "compose": {
    "include": [ {
      "system": "http://hl7.org/fhir/sid/icd-9-cm",
      "concept": [ {
        "code": "5191",
        "display": "Riparazione di lacerazione della colecisti"
      }, {
        "code": "5192",
        "display": "Chiusura di colecistostomia"
      }, {
        "code": "5193",
        "display": "Chiusura di altra fistola biliare"
      }, {
        "code": "5194",
        "display": "Revisione di anastomosi delle vie biliari"
      }, {
        "code": "5195",
        "display": "Rimozioni di protesi dal dotto biliare"
      }, {
        "code": "5196",
        "display": "Estrazione percutanea di calcoli dal dotto comune"
      }, {
        "code": "5198",
        "display": "Altri interventi percutanei sul tratto biliare"
      }, {
        "code": "5199",
        "display": "Altri interventi sulle vie biliari"
      }, {
        "code": "52",
        "display": "Interventi sul pancreas"
      } ]
    } ]
  }
}