{
  "resourceType": "ValueSet",
  "url": "http://hl7.org/fhir/sid/icd-9-cm-1069",
  "version": "1.0",
  "name": "Procedure-Altri interventi sul timo",
  "title": "Altri interventi sul timo",
  "status": "active",
  "compose": {
    "include": [ {
      "system": "http://hl7.org/fhir/sid/icd-9-cm",
      "concept": [ {
        "code": "0791",
        "display": "Esplorazione dell' area timica"
      }, {
        "code": "0792",
        "display": "Incisione del timo"
      }, {
        "code": "0793",
        "display": "Riparazione del timo"
      }, {
        "code": "0794",
        "display": "Trapianto del timo"
      }, {
        "code": "0799",
        "display": "Altri interventi sul timo"
      }, {
        "code": "08",
        "display": "Interventi sulla palpebra"
      } ]
    } ]
  }
}