{
  "resourceType": "ValueSet",
  "url": "http://hl7.org/fhir/sid/icd-9-cm-1825",
  "version": "1.0",
  "name": "Procedure-Esame della forma e della struttura dell' occhio",
  "title": "Esame della forma e della struttura dell' occhio",
  "status": "active",
  "compose": {
    "include": [ {
      "system": "http://hl7.org/fhir/sid/icd-9-cm",
      "concept": [ {
        "code": "9511",
        "display": "Fotografia del fundus"
      }, {
        "code": "9512",
        "display": "Angiografia con fluoresceina o angioscopia oculare"
      }, {
        "code": "9513",
        "display": "Ecografia oculare"
      }, {
        "code": "9514",
        "display": "Studio radiologico dell' occhio"
      }, {
        "code": "9515",
        "display": "Studio della motilita' oculare"
      }, {
        "code": "9516",
        "display": "Studio dell' occhio con P32 o altri traccianti"
      } ]
    } ]
  }
}