{
  "resourceType": "ValueSet",
  "url": "http://hl7.org/fhir/sid/icd-9-cm-1617",
  "version": "1.0",
  "name": "Procedure-Costruzione e ricostruzione della vagina",
  "title": "Costruzione e ricostruzione della vagina",
  "status": "active",
  "compose": {
    "include": [ {
      "system": "http://hl7.org/fhir/sid/icd-9-cm",
      "concept": [ {
        "code": "7061",
        "display": "Costruzione della vagina"
      }, {
        "code": "7062",
        "display": "Ricostruzione della vagina"
      } ]
    } ]
  }
}