{
  "resourceType": "ValueSet",
  "url": "http://hl7.org/fhir/sid/icd-9-cm-1322",
  "version": "1.0",
  "name": "Procedure-Altri interventi sul cuore e sul pericardio",
  "title": "Altri interventi sul cuore e sul pericardio",
  "status": "active",
  "compose": {
    "include": [ {
      "system": "http://hl7.org/fhir/sid/icd-9-cm",
      "concept": [ {
        "code": "3790",
        "display": "Inserzione di dispositivo nell' appendice atriale sinistra"
      }, {
        "code": "3791",
        "display": "Massaggio cardiaco a torace aperto"
      }, {
        "code": "3792",
        "display": "Iniezione intracardiaca di sostanze terapeutiche"
      }, {
        "code": "3793",
        "display": "Iniezione di sostanze terapeutiche nel pericardio"
      }, {
        "code": "3794",
        "display": "Impianto o sostituzione di defibrillatore automatico, sistema totale [AICD]"
      }, {
        "code": "3795",
        "display": "Impianto di soli elettrodi di defribillatore automatico"
      }, {
        "code": "3796",
        "display": "Impianto di solo generatore di impulsi di defibrillatore automatico"
      }, {
        "code": "3797",
        "display": "Sostituzione del solo elettrodo del defibrillatore automatico"
      }, {
        "code": "3798",
        "display": "Sostituzione di solo generatore di impulsi di cardiovertore/defibrillatore automatico"
      }, {
        "code": "3799",
        "display": "Altri interventi sul cuore e sul pericardio"
      }, {
        "code": "38",
        "display": "Incisione, asportazione ed occlusione di vasi"
      } ]
    } ]
  }
}