{
  "resourceType": "ValueSet",
  "url": "http://hl7.org/fhir/sid/icd-9-cm-1150",
  "version": "1.0",
  "name": "Procedure-Eviscerazione dei contenuti dell' orbita",
  "title": "Eviscerazione dei contenuti dell' orbita",
  "status": "active",
  "compose": {
    "include": [ {
      "system": "http://hl7.org/fhir/sid/icd-9-cm",
      "concept": [ {
        "code": "1651",
        "display": "Eviscerazione dell' orbita con rimozione di strutture adiacenti"
      }, {
        "code": "1652",
        "display": "Eviscerazione dell' orbita con rimozione terapeutica dell' osso orbitale"
      }, {
        "code": "1659",
        "display": "Altra eviscerazione dei contenuti dell' orbita"
      } ]
    } ]
  }
}