{
  "resourceType": "ValueSet",
  "url": "http://hl7.org/fhir/sid/icd-9-cm-1389",
  "version": "1.0",
  "name": "Procedure-Asportazione o demolizione locale di lesione o tessuto dell' intestino crasso",
  "title": "Asportazione o demolizione locale di lesione o tessuto dell' intestino crasso",
  "status": "active",
  "compose": {
    "include": [ {
      "system": "http://hl7.org/fhir/sid/icd-9-cm",
      "concept": [ {
        "code": "4541",
        "display": "Asportazione locale di lesione o tessuto dell' intestino crasso"
      }, {
        "code": "4542",
        "display": "Polipectomia endoscopica dell' intestino crasso"
      }, {
        "code": "4543",
        "display": "Demolizione endoscopica di altra lesione o tessuto dell' intestino crasso"
      }, {
        "code": "4549",
        "display": "Altra asportazione di lesione dell' intestino crasso"
      } ]
    } ]
  }
}