{
  "resourceType": "ValueSet",
  "url": "http://hl7.org/fhir/sid/icd-9-cm-1012",
  "version": "1.0",
  "name": "Procedure-Procedure diagnostiche sul cranio, sul cervello e sulle meningi cerebrali",
  "title": "Procedure diagnostiche sul cranio, sul cervello e sulle meningi cerebrali",
  "status": "active",
  "compose": {
    "include": [ {
      "system": "http://hl7.org/fhir/sid/icd-9-cm",
      "concept": [ {
        "code": "0111",
        "display": "Biopsia [percutanea] [agobiopsia] delle meningi cerebrali"
      }, {
        "code": "0112",
        "display": "Biopsia a cielo aperto delle meningi cerebrali"
      }, {
        "code": "0113",
        "display": "Biopsia [percutanea] [agobiopsia] di lesione cerebrale"
      }, {
        "code": "0114",
        "display": "Biopsia a cielo aperto di lesione cerebrale"
      }, {
        "code": "0115",
        "display": "Biopsia delle ossa craniche"
      }, {
        "code": "0118",
        "display": "Altre procedure diagnostiche sul cervello e sulle meningi cerebrali"
      }, {
        "code": "0119",
        "display": "Altre procedure diagnostiche sul cranio"
      } ]
    } ]
  }
}