{
  "resourceType": "ValueSet",
  "url": "http://hl7.org/fhir/sid/icd-9-cm-1759",
  "version": "1.0",
  "name": "Procedure-Mammoplastica di ingrandimento",
  "title": "Mammoplastica di ingrandimento",
  "status": "active",
  "compose": {
    "include": [ {
      "system": "http://hl7.org/fhir/sid/icd-9-cm",
      "concept": [ {
        "code": "8550",
        "display": "Mammoplastica di ingrandimento, SAI"
      }, {
        "code": "8551",
        "display": "Iniezione mammoplastica di ingrandimento monolaterale"
      }, {
        "code": "8552",
        "display": "Iniezione mammoplastica di ingrandimento bilaterale"
      }, {
        "code": "8553",
        "display": "Impianto di protesi monolaterale"
      }, {
        "code": "8554",
        "display": "Impianto di protesi bilaterale"
      } ]
    } ]
  }
}