{
  "resourceType": "ValueSet",
  "url": "http://hl7.org/fhir/sid/icd-9-cm-1202",
  "version": "1.0",
  "name": "Procedure-Estrazione chirurgica di dente",
  "title": "Estrazione chirurgica di dente",
  "status": "active",
  "compose": {
    "include": [ {
      "system": "http://hl7.org/fhir/sid/icd-9-cm",
      "concept": [ {
        "code": "2311",
        "display": "Estrazione di radice residua"
      }, {
        "code": "2319",
        "display": "Altra estrazione chirurgica di dente"
      } ]
    } ]
  }
}