{
  "resourceType": "ValueSet",
  "url": "http://hl7.org/fhir/sid/icd-9-cm-1184",
  "version": "1.0",
  "name": "Procedure-Procedure diagnostiche sul naso",
  "title": "Procedure diagnostiche sul naso",
  "status": "active",
  "compose": {
    "include": [ {
      "system": "http://hl7.org/fhir/sid/icd-9-cm",
      "concept": [ {
        "code": "2121",
        "display": "Rinoscopia"
      }, {
        "code": "2122",
        "display": "Biopsia del naso"
      }, {
        "code": "2129",
        "display": "Altre procedure diagnostiche sul naso"
      } ]
    } ]
  }
}