{
  "resourceType": "ValueSet",
  "url": "http://hl7.org/fhir/sid/icd-9-cm-1706",
  "version": "1.0",
  "name": "Procedure-Altra artrotomia",
  "title": "Altra artrotomia",
  "status": "active",
  "compose": {
    "include": [ {
      "system": "http://hl7.org/fhir/sid/icd-9-cm",
      "concept": [ {
        "code": "8010",
        "display": "Altra artrotomia, sede non specificata"
      }, {
        "code": "8011",
        "display": "Altra artrotomia della spalla"
      }, {
        "code": "8012",
        "display": "Altra artrotomia del gomito"
      }, {
        "code": "8013",
        "display": "Altra artrotomia del polso"
      }, {
        "code": "8014",
        "display": "Altra artrotomia della mano e delle dita della mano"
      }, {
        "code": "8015",
        "display": "Altra artrotomia dell' anca"
      }, {
        "code": "8016",
        "display": "Altra artrotomia del ginocchio"
      }, {
        "code": "8017",
        "display": "Altra artrotomia della caviglia"
      }, {
        "code": "8018",
        "display": "Altra artrotomia del piede e delle dita del piede"
      }, {
        "code": "8019",
        "display": "Altra artrotomia di altra sede specificata"
      } ]
    } ]
  }
}