{
  "resourceType": "ValueSet",
  "url": "http://hl7.org/fhir/sid/icd-9-cm-1321",
  "version": "1.0",
  "name": "Procedure-Inserzione, sostituzione, revisione e rimozione di pace-maker cardiaco",
  "title": "Inserzione, sostituzione, revisione e rimozione di pace-maker cardiaco",
  "status": "active",
  "compose": {
    "include": [ {
      "system": "http://hl7.org/fhir/sid/icd-9-cm",
      "concept": [ {
        "code": "3780",
        "display": "Inserzione di pace-maker permanente, iniziale o sostituzione, tipo di strumento non specificato"
      }, {
        "code": "3781",
        "display": "Inserzione iniziale di apparecchio a camera singola, non specificato come frequenza di risposta"
      }, {
        "code": "3782",
        "display": "Inserzione iniziale di apparecchio a camera singola, frequenza di risposta"
      }, {
        "code": "3783",
        "display": "Inserzione iniziale di apparecchio a camera doppia, apparecchio sequenziale atrio-ventricolo"
      }, {
        "code": "3785",
        "display": "Sostituzione di un eventuale pace-maker con apparecchio a camera singola non specificato come frequenza di risposta"
      }, {
        "code": "3786",
        "display": "Sostituzione di eventuale pacemaker con apparecchio a camera singola, frequenza di risposta"
      }, {
        "code": "3787",
        "display": "Sostituzione di eventuale apparecchio di pace-maker con camera doppia"
      }, {
        "code": "3789",
        "display": "Revisione o rimozione di pace-maker"
      } ]
    } ]
  }
}