{
  "resourceType": "ValueSet",
  "url": "http://hl7.org/fhir/sid/icd-9-cm-1007",
  "version": "1.0",
  "name": "Procedure-Procedure sui vasi sanguigni",
  "title": "Procedure sui vasi sanguigni",
  "status": "active",
  "compose": {
    "include": [ {
      "system": "http://hl7.org/fhir/sid/icd-9-cm",
      "concept": [ {
        "code": "0061",
        "display": "Angioplastica percutanea o aterectomia di vasi precerebrali extracranici"
      }, {
        "code": "0062",
        "display": "Angioplastica percutanea o aterectomia dei vasi intracranici"
      }, {
        "code": "0063",
        "display": "Inserzione percutanea di stent nell'  arteria carotidea"
      }, {
        "code": "0064",
        "display": "Inserzione percutanea di stent in altre arterie precerebrali (extracraniche)"
      }, {
        "code": "0065",
        "display": "Inserzione percutanea di stent vascolari intracranici"
      }, {
        "code": "0066",
        "display": "Angioplastica percutanea coronarica transluminale (PTCA) o aterectomia coronarica"
      } ]
    } ]
  }
}