{
  "resourceType": "ValueSet",
  "url": "http://hl7.org/fhir/sid/icd-9-cm-1256",
  "version": "1.0",
  "name": "Procedure-Altri interventi sul faringe",
  "title": "Altri interventi sul faringe",
  "status": "active",
  "compose": {
    "include": [ {
      "system": "http://hl7.org/fhir/sid/icd-9-cm",
      "concept": [ {
        "code": "2991",
        "display": "Dilatazione del faringe"
      }, {
        "code": "2992",
        "display": "Sezione del nervo glossofaringeo"
      }, {
        "code": "2999",
        "display": "Altri interventi sul faringe"
      }, {
        "code": "30",
        "display": "Asportazione della laringe"
      } ]
    } ]
  }
}