{
  "resourceType": "ValueSet",
  "url": "http://hl7.org/fhir/sid/icd-9-cm-1649",
  "version": "1.0",
  "name": "Procedure-Altri interventi di assistenza al parto",
  "title": "Altri interventi di assistenza al parto",
  "status": "active",
  "compose": {
    "include": [ {
      "system": "http://hl7.org/fhir/sid/icd-9-cm",
      "concept": [ {
        "code": "7391",
        "display": "Rivolgimento esterno"
      }, {
        "code": "7392",
        "display": "Riposizionamento di cordone ombelicale prolassato"
      }, {
        "code": "7393",
        "display": "Incisione della cervice per facilitare il parto"
      }, {
        "code": "7394",
        "display": "Pubiotomia per facilitare il parto"
      }, {
        "code": "7399",
        "display": "Altri interventi di assistenza al parto"
      }, {
        "code": "74",
        "display": "Taglio cesareo ed estrazione del feto"
      } ]
    } ]
  }
}