{
  "resourceType": "ValueSet",
  "url": "http://hl7.org/fhir/sid/icd-9-cm-1078",
  "version": "1.0",
  "name": "Procedure-Altra riparazione della palpebra",
  "title": "Altra riparazione della palpebra",
  "status": "active",
  "compose": {
    "include": [ {
      "system": "http://hl7.org/fhir/sid/icd-9-cm",
      "concept": [ {
        "code": "0881",
        "display": "Riparazione lineare di lacerazione della palpebra e delle sopracciglia"
      }, {
        "code": "0882",
        "display": "Riparazione di lacerazione della palpebra interessante il margine palpebrale, non a tutto spessore"
      }, {
        "code": "0883",
        "display": "Altra riparazione di lacerazione della palpebra, non a tutto spessore"
      }, {
        "code": "0884",
        "display": "Riparazione di lacerazione della palpebra interessante il margine palpebrale, a tutto spessore"
      }, {
        "code": "0885",
        "display": "Altra ricostruzione di lacerazione della palpebra, a tutto spessore"
      }, {
        "code": "0886",
        "display": "Plastica anti-rughe della palpebra inferiore"
      }, {
        "code": "0887",
        "display": "Plastica anti-rughe della palpebra superiore"
      }, {
        "code": "0889",
        "display": "Altra riparazione della palpebra"
      } ]
    } ]
  }
}