{
  "resourceType": "ValueSet",
  "url": "http://hl7.org/fhir/sid/icd-9-cm-1694",
  "version": "1.0",
  "name": "Procedure-Inserzione di stimolatore di crescita ossea",
  "title": "Inserzione di stimolatore di crescita ossea",
  "status": "active",
  "compose": {
    "include": [ {
      "system": "http://hl7.org/fhir/sid/icd-9-cm",
      "concept": [ {
        "code": "7890",
        "display": "Inserzione di stimolatore di crescita ossea, sede non specificata"
      }, {
        "code": "7891",
        "display": "Inserzione di stimolatore di crescita ossea su clavicola e torace (coste e sterno)"
      }, {
        "code": "7892",
        "display": "Inserzione di stimolatore di crescita ossea sull' omero"
      }, {
        "code": "7893",
        "display": "Inserzione di stimolatore di crescita ossea su radio e ulna"
      }, {
        "code": "7894",
        "display": "Inserzione di stimolatore di crescita ossea su carpo e metacarpo"
      }, {
        "code": "7895",
        "display": "Inserzione di stimolatore di crescita ossea sul femore"
      }, {
        "code": "7896",
        "display": "Inserzione di stimolatore di crescita ossea sulla rotula"
      }, {
        "code": "7897",
        "display": "Inserzione di stimolatore di crescita ossea sulla tibia e fibula"
      }, {
        "code": "7898",
        "display": "Inserzione di stimolatore di crescita ossea sul tarso e metatarso"
      }, {
        "code": "7899",
        "display": "Inserzione di stimolatore di crescita ossea su altre ossa"
      }, {
        "code": "79",
        "display": "Riduzione di frattura e di lussazione"
      } ]
    } ]
  }
}