{
  "resourceType": "ValueSet",
  "url": "http://hl7.org/fhir/sid/icd-9-cm-1323",
  "version": "1.0",
  "name": "Procedure-Incisione di vasi",
  "title": "Incisione di vasi",
  "status": "active",
  "compose": {
    "include": [ {
      "system": "http://hl7.org/fhir/sid/icd-9-cm",
      "concept": [ {
        "code": "3800",
        "display": "Incisione di vasi, sede non specificata"
      }, {
        "code": "3801",
        "display": "Incisione di vasi intracranici"
      }, {
        "code": "3802",
        "display": "Incisione di altri vasi del capo e del collo"
      }, {
        "code": "3803",
        "display": "Incisione di altri vasi dell' arto superiore"
      }, {
        "code": "3804",
        "display": "Incisione dell' aorta"
      }, {
        "code": "3805",
        "display": "Incisione di altri vasi toracici"
      }, {
        "code": "3806",
        "display": "Incisione di arterie addominali"
      }, {
        "code": "3807",
        "display": "Incisione di vene addominali"
      }, {
        "code": "3808",
        "display": "Incisione di arterie dell' arto inferiore"
      }, {
        "code": "3809",
        "display": "Incisione di vene dell' arto inferiore"
      } ]
    } ]
  }
}