{
  "resourceType": "ValueSet",
  "url": "http://hl7.org/fhir/sid/icd-9-cm-1045",
  "version": "1.0",
  "name": "Procedure-Procedure diagnostiche sui nervi o sui gangli simpatici",
  "title": "Procedure diagnostiche sui nervi o sui gangli simpatici",
  "status": "active",
  "compose": {
    "include": [ {
      "system": "http://hl7.org/fhir/sid/icd-9-cm",
      "concept": [ {
        "code": "0511",
        "display": "Biopsia di nervi o di gangli simpatici"
      }, {
        "code": "0519",
        "display": "Altre procedure diagnostiche sui nervi o sui gangli simpatici"
      } ]
    } ]
  }
}