{
  "resourceType": "ValueSet",
  "url": "http://hl7.org/fhir/sid/icd-9-cm-1441",
  "version": "1.0",
  "name": "Procedure-Altra incisione del dotto biliare",
  "title": "Altra incisione del dotto biliare",
  "status": "active",
  "compose": {
    "include": [ {
      "system": "http://hl7.org/fhir/sid/icd-9-cm",
      "concept": [ {
        "code": "5151",
        "display": "Esplorazione del dotto biliare comune"
      }, {
        "code": "5159",
        "display": "Incisione di altro dotto biliare"
      } ]
    } ]
  }
}