{
  "resourceType": "ValueSet",
  "url": "http://hl7.org/fhir/sid/icd-9-cm-1492",
  "version": "1.0",
  "name": "Procedure-Altre anastomosi ureterali",
  "title": "Altre anastomosi ureterali",
  "status": "active",
  "compose": {
    "include": [ {
      "system": "http://hl7.org/fhir/sid/icd-9-cm",
      "concept": [ {
        "code": "5671",
        "display": "Anastomosi uretero-intestinale"
      }, {
        "code": "5672",
        "display": "Revisione di anastomosi ureterointestinale"
      }, {
        "code": "5673",
        "display": "Nefrocistoanastomosi SAI"
      }, {
        "code": "5674",
        "display": "Uretero-neocistostomia diretta, con plastica antireflusso o con flap vescicale"
      }, {
        "code": "5675",
        "display": "Uretero-trans-ureteroanastomosi"
      }, {
        "code": "5679",
        "display": "Altra anastomosi o bypass dell' uretere"
      } ]
    } ]
  }
}