{
  "resourceType": "ValueSet",
  "url": "http://hl7.org/fhir/sid/icd-9-cm-1597",
  "version": "1.0",
  "name": "Procedure-Isterectomia vaginale",
  "title": "Isterectomia vaginale",
  "status": "active",
  "compose": {
    "include": [ {
      "system": "http://hl7.org/fhir/sid/icd-9-cm",
      "concept": [ {
        "code": "6851",
        "display": "Isterectomia vaginale assistita laparoscopicamente (LAVH)"
      }, {
        "code": "6859",
        "display": "Altra e non specificata isterectomia vaginale"
      } ]
    } ]
  }
}