{
  "resourceType": "ValueSet",
  "url": "http://hl7.org/fhir/sid/icd-9-cm-1586",
  "version": "1.0",
  "name": "Procedure-Procedure diagnostiche sulla cervice",
  "title": "Procedure diagnostiche sulla cervice",
  "status": "active",
  "compose": {
    "include": [ {
      "system": "http://hl7.org/fhir/sid/icd-9-cm",
      "concept": [ {
        "code": "6711",
        "display": "Biopsia endocervicale"
      }, {
        "code": "6712",
        "display": "Altra biopsia cervicale"
      }, {
        "code": "6719",
        "display": "Altre procedure diagnostiche sulla cervice"
      } ]
    } ]
  }
}