{
  "resourceType": "ValueSet",
  "url": "http://hl7.org/fhir/sid/icd-9-cm-1344",
  "version": "1.0",
  "name": "Procedure-Procedure diagnostiche su strutture linfatiche",
  "title": "Procedure diagnostiche su strutture linfatiche",
  "status": "active",
  "compose": {
    "include": [ {
      "system": "http://hl7.org/fhir/sid/icd-9-cm",
      "concept": [ {
        "code": "4011",
        "display": "Biopsia di strutture linfatiche"
      }, {
        "code": "4019",
        "display": "Altre procedure diagnostiche sulle strutture linfatiche"
      } ]
    } ]
  }
}