{
  "resourceType": "ValueSet",
  "url": "http://hl7.org/fhir/sid/icd-9-cm-1849",
  "version": "1.0",
  "name": "Procedure-Litotripsia extracorporea per onda d' urto (ESWL)",
  "title": "Litotripsia extracorporea per onda d' urto (ESWL)",
  "status": "active",
  "compose": {
    "include": [ {
      "system": "http://hl7.org/fhir/sid/icd-9-cm",
      "concept": [ {
        "code": "9851",
        "display": "Litotripsia extracorporea del rene, uretere e/o vescica"
      }, {
        "code": "9852",
        "display": "Litotripsia extracorporea della colecisti e/o dotto biliari"
      }, {
        "code": "9859",
        "display": "Litotripsia extracorporea di altre sedi"
      }, {
        "code": "99",
        "display": "Altre procedure non operatorie"
      } ]
    } ]
  }
}