{
  "resourceType": "ValueSet",
  "url": "http://hl7.org/fhir/sid/icd-9-cm-1108",
  "version": "1.0",
  "name": "Procedure-Iridotomia ed iridectomia semplice",
  "title": "Iridotomia ed iridectomia semplice",
  "status": "active",
  "compose": {
    "include": [ {
      "system": "http://hl7.org/fhir/sid/icd-9-cm",
      "concept": [ {
        "code": "1211",
        "display": "Iridotomia mediante trasfissione"
      }, {
        "code": "1212",
        "display": "Altra iridotomia"
      }, {
        "code": "1213",
        "display": "Escissione di iride prolassata"
      }, {
        "code": "1214",
        "display": "Altra iridectomia"
      } ]
    } ]
  }
}