{
  "resourceType": "ValueSet",
  "url": "http://hl7.org/fhir/sid/icd-9-cm-1179",
  "version": "1.0",
  "name": "Procedure-Incisione, asportazione e demolizione dell' orecchio interno",
  "title": "Incisione, asportazione e demolizione dell' orecchio interno",
  "status": "active",
  "compose": {
    "include": [ {
      "system": "http://hl7.org/fhir/sid/icd-9-cm",
      "concept": [ {
        "code": "2071",
        "display": "Anastomosi endolinfatico (Decompressione del sacco endolinfatico)"
      }, {
        "code": "2072",
        "display": "Iniezione nell' orecchio interno"
      }, {
        "code": "2079",
        "display": "Altra incisione, asportazione e demolizione dell' orecchio interno"
      } ]
    } ]
  }
}