{
  "resourceType": "ValueSet",
  "url": "http://hl7.org/fhir/sid/icd-9-cm-1782",
  "version": "1.0",
  "name": "Procedure-Radiografia degli organi genitali femminili",
  "title": "Radiografia degli organi genitali femminili",
  "status": "active",
  "compose": {
    "include": [ {
      "system": "http://hl7.org/fhir/sid/icd-9-cm",
      "concept": [ {
        "code": "8781",
        "display": "Radiografia dell' utero gravido"
      }, {
        "code": "8782",
        "display": "Isterosalpingografia con contrasto gassoso"
      }, {
        "code": "8783",
        "display": "Isterosalpingografia con contrasto opaco"
      }, {
        "code": "8784",
        "display": "Isterografia percutanea"
      }, {
        "code": "8785",
        "display": "Altra radiografia delle tube di Falloppio e dell' utero"
      }, {
        "code": "8789",
        "display": "Altra radiografia degli organi genitali femminili"
      } ]
    } ]
  }
}