{
  "resourceType": "ValueSet",
  "url": "http://hl7.org/fhir/sid/icd-9-cm-1475",
  "version": "1.0",
  "name": "Procedure-Interventi sul parenchima renale (nefrotomia e nefrostomia)",
  "title": "Interventi sul parenchima renale (nefrotomia e nefrostomia)",
  "status": "active",
  "compose": {
    "include": [ {
      "system": "http://hl7.org/fhir/sid/icd-9-cm",
      "concept": [ {
        "code": "5501",
        "display": "Nefrotomia"
      }, {
        "code": "5502",
        "display": "Nefrostomia"
      }, {
        "code": "5503",
        "display": "Nefrostomia percutanea senza frammentazione"
      }, {
        "code": "5504",
        "display": "Nefrostomia percutanea con frammentazione"
      } ]
    } ]
  }
}