{
  "resourceType": "ValueSet",
  "url": "http://hl7.org/fhir/sid/icd-9-cm-1722",
  "version": "1.0",
  "name": "Procedure-Artroplastica e riparazione della mano, delle dita e del polso",
  "title": "Artroplastica e riparazione della mano, delle dita e del polso",
  "status": "active",
  "compose": {
    "include": [ {
      "system": "http://hl7.org/fhir/sid/icd-9-cm",
      "concept": [ {
        "code": "8171",
        "display": "Artroplastica della articolazione metacarpofalangea e interfalangea con impianto"
      }, {
        "code": "8172",
        "display": "Artroplastica della articolazione metacarpofalangea e interfalangea senza impianto"
      }, {
        "code": "8173",
        "display": "Sostituzione totale del polso"
      }, {
        "code": "8174",
        "display": "Artroplastica della articolazione carpocarpale o carpometacarpale con impianto"
      }, {
        "code": "8175",
        "display": "Artroplastica della articolazione carpocarpale o carpometacarpale senza impianto"
      }, {
        "code": "8179",
        "display": "Altra riparazione della mano, delle dita e del polso"
      } ]
    } ]
  }
}