{
  "resourceType": "ValueSet",
  "url": "http://hl7.org/fhir/sid/icd-9-cm-1376",
  "version": "1.0",
  "name": "Procedure-Gastrectomia totale",
  "title": "Gastrectomia totale",
  "status": "active",
  "compose": {
    "include": [ {
      "system": "http://hl7.org/fhir/sid/icd-9-cm",
      "concept": [ {
        "code": "4391",
        "display": "Gastrectomia totale con interposizione intestinale"
      }, {
        "code": "4399",
        "display": "Altra gastrectomia totale"
      }, {
        "code": "44",
        "display": "Altri interventi sullo stomaco"
      } ]
    } ]
  }
}