{
  "resourceType": "ValueSet",
  "url": "http://hl7.org/fhir/sid/icd-9-cm-1290",
  "version": "1.0",
  "name": "Procedure-Procedure diagnostiche su parete toracica, pleura, mediastino e diaframma",
  "title": "Procedure diagnostiche su parete toracica, pleura, mediastino e diaframma",
  "status": "active",
  "compose": {
    "include": [ {
      "system": "http://hl7.org/fhir/sid/icd-9-cm",
      "concept": [ {
        "code": "3421",
        "display": "Toracoscopia transpleurica"
      }, {
        "code": "3422",
        "display": "Mediastinoscopia"
      }, {
        "code": "3423",
        "display": "Biopsia della parete toracica"
      }, {
        "code": "3424",
        "display": "Biopsia della pleura"
      }, {
        "code": "3425",
        "display": "Biopsia [percutanea] [agobiopsia] del mediastino"
      }, {
        "code": "3426",
        "display": "Biopsia mediastinica a cielo aperto"
      }, {
        "code": "3427",
        "display": "Biopsia del diaframma"
      }, {
        "code": "3428",
        "display": "Altra procedura diagnostica sul torace, pleura e diaframma"
      }, {
        "code": "3429",
        "display": "Altre procedure diagnostiche sul mediastino"
      } ]
    } ]
  }
}