{
  "resourceType": "ValueSet",
  "url": "http://hl7.org/fhir/sid/icd-9-cm-1685",
  "version": "1.0",
  "name": "Procedure-Innesto osseo",
  "title": "Innesto osseo",
  "status": "active",
  "compose": {
    "include": [ {
      "system": "http://hl7.org/fhir/sid/icd-9-cm",
      "concept": [ {
        "code": "7800",
        "display": "Innesto osseo, sede non specificata"
      }, {
        "code": "7801",
        "display": "Innesto osseo di scapola, clavicola e torace (coste e sterno)"
      }, {
        "code": "7802",
        "display": "Innesto osseo dell' omero"
      }, {
        "code": "7803",
        "display": "Innesto osseo del radio e dell' ulna"
      }, {
        "code": "7804",
        "display": "Innesto osseo del carpo e del metacarpo"
      }, {
        "code": "7805",
        "display": "Innesto osseo del femore"
      }, {
        "code": "7806",
        "display": "Innesto osseo della rotula"
      }, {
        "code": "7807",
        "display": "Innesto osseo della tibia e fibula"
      }, {
        "code": "7808",
        "display": "Innesto osseo del tarso e del metatarso"
      }, {
        "code": "7809",
        "display": "Innesto osseo di altre ossa"
      } ]
    } ]
  }
}