{
  "resourceType": "ValueSet",
  "url": "http://hl7.org/fhir/sid/icd-9-cm-1081",
  "version": "1.0",
  "name": "Procedure-Procedure diagnostiche sull' apparato lacrimale",
  "title": "Procedure diagnostiche sull' apparato lacrimale",
  "status": "active",
  "compose": {
    "include": [ {
      "system": "http://hl7.org/fhir/sid/icd-9-cm",
      "concept": [ {
        "code": "0911",
        "display": "Biopsia della ghiandola lacrimale"
      }, {
        "code": "0912",
        "display": "Biopsia del sacco lacrimale"
      }, {
        "code": "0919",
        "display": "Altre procedure diagnostiche sull' apparato lacrimale"
      } ]
    } ]
  }
}