{
  "resourceType": "ValueSet",
  "url": "http://hl7.org/fhir/sid/icd-9-cm-1810",
  "version": "1.0",
  "name": "Procedure-Altre procedure di terapia fisica terapeutica",
  "title": "Altre procedure di terapia fisica terapeutica",
  "status": "active",
  "compose": {
    "include": [ {
      "system": "http://hl7.org/fhir/sid/icd-9-cm",
      "concept": [ {
        "code": "9331",
        "display": "Esercizi assistiti in piscina"
      }, {
        "code": "9332",
        "display": "Trattamento a vortice"
      }, {
        "code": "9333",
        "display": "Altra idroterapia"
      }, {
        "code": "9334",
        "display": "Diatermia"
      }, {
        "code": "9335",
        "display": "Altra terapia con calore"
      }, {
        "code": "9336",
        "display": "Riabilitazione cardiologica"
      }, {
        "code": "9337",
        "display": "Training prenatale"
      }, {
        "code": "9338",
        "display": "Terapia fisica combinata senza menzione dei componenti"
      }, {
        "code": "9339",
        "display": "Altra terapia fisica"
      } ]
    } ]
  }
}