{
  "resourceType": "ValueSet",
  "url": "http://hl7.org/fhir/sid/icd-9-cm-1134",
  "version": "1.0",
  "name": "Procedure-Interventi sul corpo vitreo",
  "title": "Interventi sul corpo vitreo",
  "status": "active",
  "compose": {
    "include": [ {
      "system": "http://hl7.org/fhir/sid/icd-9-cm",
      "concept": [ {
        "code": "1471",
        "display": "Vitrectomia per via anteriore (limbare)"
      }, {
        "code": "1472",
        "display": "Altra rimozione del corpo vitreo"
      }, {
        "code": "1473",
        "display": "Vitrectomia meccanica per via anteriore"
      }, {
        "code": "1474",
        "display": "Altra vitrectomia meccanica"
      }, {
        "code": "1475",
        "display": "Iniezione di sostituti vitreali (sostanze con effetto tamponante ab interno: aria, gas, olio di silicone, perfluorocarbonati, ecc.)"
      }, {
        "code": "1479",
        "display": "Altri interventi sul corpo vitreo"
      } ]
    } ]
  }
}