{
  "resourceType": "ValueSet",
  "url": "http://hl7.org/fhir/sid/icd-9-cm-1715",
  "version": "1.0",
  "name": "Procedure-Artrodesi vertebrale",
  "title": "Artrodesi vertebrale",
  "status": "active",
  "compose": {
    "include": [ {
      "system": "http://hl7.org/fhir/sid/icd-9-cm",
      "concept": [ {
        "code": "8100",
        "display": "Artrodesi vertebrale, SAI"
      }, {
        "code": "8101",
        "display": "Artrodesi atlanto-epistrofea"
      }, {
        "code": "8102",
        "display": "Altra artrodesi cervicale, con approccio anteriore"
      }, {
        "code": "8103",
        "display": "Altra artrodesi cervicale, con approccio posteriore"
      }, {
        "code": "8104",
        "display": "Artrodesi dorsale e dorsolombare, approccio anteriore"
      }, {
        "code": "8105",
        "display": "Artrodesi dorsale e dorsolombare, approccio posteriore"
      }, {
        "code": "8106",
        "display": "Artrodesi delle vertebre lombari e lombosacrali, approccio anteriore"
      }, {
        "code": "8107",
        "display": "Artrodesi lombare e lombosacrale, approccio ai processi laterali trasversi"
      }, {
        "code": "8108",
        "display": "Artrodesi lombare e lombosacrale, con approccio posteriore"
      } ]
    } ]
  }
}