{
  "resourceType": "ValueSet",
  "url": "http://hl7.org/fhir/sid/icd-9-cm-1319",
  "version": "1.0",
  "name": "Procedure-Impianto di sistemi di assistenza cardiaca e di circolazione assistita",
  "title": "Impianto di sistemi di assistenza cardiaca e di circolazione assistita",
  "status": "active",
  "compose": {
    "include": [ {
      "system": "http://hl7.org/fhir/sid/icd-9-cm",
      "concept": [ {
        "code": "3761",
        "display": "Impianto di contropulsatore aortico"
      }, {
        "code": "3762",
        "display": "Inserzione di sistemi di assistenza cardiaca non impiantabili"
      }, {
        "code": "3763",
        "display": "Riparazione di sistema di assistenza cardiaca"
      }, {
        "code": "3764",
        "display": "Rimozione di sistemi di circolazione assistita"
      }, {
        "code": "3765",
        "display": "Impianto di sistema di assistenza cardiaca esterno"
      }, {
        "code": "3766",
        "display": "Inserzione di sistema di assistenza cardiaca impiantabile"
      }, {
        "code": "3767",
        "display": "Impianto di sistema di cardiostimolazione"
      }, {
        "code": "3768",
        "display": "Inserzione di dispositivo di assistenza cardiaca esterno percutaneo"
      } ]
    } ]
  }
}