{
  "resourceType": "ValueSet",
  "url": "http://hl7.org/fhir/sid/icd-9-cm-1084",
  "version": "1.0",
  "name": "Procedure-Interventi sulle vie lacrimali",
  "title": "Interventi sulle vie lacrimali",
  "status": "active",
  "compose": {
    "include": [ {
      "system": "http://hl7.org/fhir/sid/icd-9-cm",
      "concept": [ {
        "code": "0941",
        "display": "Specillazione del punto lacrimale"
      }, {
        "code": "0942",
        "display": "Specillazione dei canalicoli lacrimali"
      }, {
        "code": "0943",
        "display": "Specillazione del dotto naso-lacrimale"
      }, {
        "code": "0944",
        "display": "Intubazione del dotto naso-lacrimale"
      }, {
        "code": "0949",
        "display": "Altre manipolazioni delle vie lacrimali"
      } ]
    } ]
  }
}