{
  "resourceType": "ValueSet",
  "url": "http://hl7.org/fhir/sid/icd-9-cm-1834",
  "version": "1.0",
  "name": "Procedure-Altra irrigazione e pulizia non operatoria",
  "title": "Altra irrigazione e pulizia non operatoria",
  "status": "active",
  "compose": {
    "include": [ {
      "system": "http://hl7.org/fhir/sid/icd-9-cm",
      "concept": [ {
        "code": "9651",
        "display": "Irrigazione dell' occhio"
      }, {
        "code": "9652",
        "display": "Irrigazione dell' orecchio"
      }, {
        "code": "9653",
        "display": "Irrigazione delle narici"
      }, {
        "code": "9654",
        "display": "Rimozione del tartaro dentario, lucidatura e ripulitura"
      }, {
        "code": "9655",
        "display": "Toilette di tracheostomia"
      }, {
        "code": "9656",
        "display": "Altro lavaggio di bronchi e trachea"
      }, {
        "code": "9657",
        "display": "Irrigazione di catetere vascolare"
      }, {
        "code": "9658",
        "display": "Irrigazione di catetere in ferita"
      }, {
        "code": "9659",
        "display": "Altra irrigazione di ferita"
      } ]
    } ]
  }
}