{
  "resourceType": "ValueSet",
  "url": "http://hl7.org/fhir/sid/icd-9-cm-1047",
  "version": "1.0",
  "name": "Procedure-Iniezione in nervi o gangli simpatici",
  "title": "Iniezione in nervi o gangli simpatici",
  "status": "active",
  "compose": {
    "include": [ {
      "system": "http://hl7.org/fhir/sid/icd-9-cm",
      "concept": [ {
        "code": "0531",
        "display": "Iniezione di anestetico nei nervi simpatici per analgesia"
      }, {
        "code": "0532",
        "display": "Iniezione di agenti neurolitici nei nervi simpatici"
      }, {
        "code": "0539",
        "display": "Altra iniezione in nervi o gangli simpatici"
      } ]
    } ]
  }
}