{
  "resourceType": "ValueSet",
  "url": "http://hl7.org/fhir/sid/icd-9-cm-1115",
  "version": "1.0",
  "name": "Procedure-Interventi sulla sclera",
  "title": "Interventi sulla sclera",
  "status": "active",
  "compose": {
    "include": [ {
      "system": "http://hl7.org/fhir/sid/icd-9-cm",
      "concept": [ {
        "code": "1281",
        "display": "Sutura di ferita sclerale"
      }, {
        "code": "1282",
        "display": "Riparazione di fistola sclerale"
      }, {
        "code": "1283",
        "display": "Revisione di ferita operatoria del segmento anteriore dell' occhio non classificata altrove"
      }, {
        "code": "1284",
        "display": "Asportazione o demolizione di lesione della sclera"
      }, {
        "code": "1285",
        "display": "Riparazione di stafiloma della sclera con innesto"
      }, {
        "code": "1286",
        "display": "Altra riparazione di stafiloma della sclera"
      }, {
        "code": "1287",
        "display": "Rinforzo di sclera mediante innesto"
      }, {
        "code": "1288",
        "display": "Altro rinforzo della sclera"
      }, {
        "code": "1289",
        "display": "Altri interventi sulla sclera"
      } ]
    } ]
  }
}