{
  "resourceType": "ValueSet",
  "url": "http://hl7.org/fhir/sid/icd-9-cm-1747",
  "version": "1.0",
  "name": "Procedure-Reimpianto di arti staccati",
  "title": "Reimpianto di arti staccati",
  "status": "active",
  "compose": {
    "include": [ {
      "system": "http://hl7.org/fhir/sid/icd-9-cm",
      "concept": [ {
        "code": "8421",
        "display": "Reimpianto del pollice della mano"
      }, {
        "code": "8422",
        "display": "Reimpianto di dita della mano"
      }, {
        "code": "8423",
        "display": "Reimpianto di avambraccio, polso o mano"
      }, {
        "code": "8424",
        "display": "Reimpianto dell' arto superiore"
      }, {
        "code": "8425",
        "display": "Reimpianto di dito del piede"
      }, {
        "code": "8426",
        "display": "Reimpianto del piede"
      }, {
        "code": "8427",
        "display": "Reimpianto della gamba o della caviglia"
      }, {
        "code": "8428",
        "display": "Reimpianto della coscia"
      }, {
        "code": "8429",
        "display": "Altro reimpianto"
      } ]
    } ]
  }
}