{
  "resourceType": "ValueSet",
  "url": "http://hl7.org/fhir/sid/icd-9-cm-1391",
  "version": "1.0",
  "name": "Procedure-Altra asportazione dell' intestino tenue",
  "title": "Altra asportazione dell' intestino tenue",
  "status": "active",
  "compose": {
    "include": [ {
      "system": "http://hl7.org/fhir/sid/icd-9-cm",
      "concept": [ {
        "code": "4561",
        "display": "Resezione segmentaria multipla dell' intestino tenue"
      }, {
        "code": "4562",
        "display": "Altra resezione parziale dell' intestino tenue"
      }, {
        "code": "4563",
        "display": "Rimozione totale dell' intestino tenue"
      } ]
    } ]
  }
}