{
  "resourceType": "ValueSet",
  "url": "http://hl7.org/fhir/sid/icd-9-cm-1053",
  "version": "1.0",
  "name": "Procedure-Altra tiroidectomia parziale",
  "title": "Altra tiroidectomia parziale",
  "status": "active",
  "compose": {
    "include": [ {
      "system": "http://hl7.org/fhir/sid/icd-9-cm",
      "concept": [ {
        "code": "0631",
        "display": "Asportazione di lesione della tiroide"
      }, {
        "code": "0639",
        "display": "Altra tiroidectomia parziale"
      } ]
    } ]
  }
}