{
  "resourceType": "ValueSet",
  "url": "http://hl7.org/fhir/sid/icd-9-cm-1018",
  "version": "1.0",
  "name": "Procedure-Cranioplastica",
  "title": "Cranioplastica",
  "status": "active",
  "compose": {
    "include": [ {
      "system": "http://hl7.org/fhir/sid/icd-9-cm",
      "concept": [ {
        "code": "0201",
        "display": "Apertura di suture del cranio"
      }, {
        "code": "0202",
        "display": "Riposizionamento di frammenti di frattura affossata del cranio"
      }, {
        "code": "0203",
        "display": "Formazione di lembi cranici"
      }, {
        "code": "0204",
        "display": "Innesto osseo sul cranio"
      }, {
        "code": "0205",
        "display": "Inserzione di placca cranica Sostituzione di placca del cranio"
      }, {
        "code": "0206",
        "display": "Altri tipi di osteoplastica del cranio"
      }, {
        "code": "0207",
        "display": "Rimozione di placca del cranio"
      } ]
    } ]
  }
}