{
  "resourceType": "ValueSet",
  "url": "http://hl7.org/fhir/sid/icd-9-cm-1602",
  "version": "1.0",
  "name": "Procedure-Dilatazione e raschiamento dell' utero",
  "title": "Dilatazione e raschiamento dell' utero",
  "status": "active",
  "compose": {
    "include": [ {
      "system": "http://hl7.org/fhir/sid/icd-9-cm",
      "concept": [ {
        "code": "6901",
        "display": "Dilatazione o raschiamento per interruzione di gravidanza"
      }, {
        "code": "6902",
        "display": "Dilatazione e raschiamento a seguito di parto o aborto"
      }, {
        "code": "6909",
        "display": "Altra dilatazione o raschiamento dell' utero"
      } ]
    } ]
  }
}