{
  "resourceType": "ValueSet",
  "url": "http://hl7.org/fhir/sid/icd-9-cm-1386",
  "version": "1.0",
  "name": "Procedure-Procedure diagnostiche sull' intestino tenue",
  "title": "Procedure diagnostiche sull' intestino tenue",
  "status": "active",
  "compose": {
    "include": [ {
      "system": "http://hl7.org/fhir/sid/icd-9-cm",
      "concept": [ {
        "code": "4511",
        "display": "Endoscopia transaddominale dell' intestino tenue"
      }, {
        "code": "4512",
        "display": "Endoscopia dell' intestino tenue attraverso stoma artificiale"
      }, {
        "code": "4513",
        "display": "Altra endoscopia dell' intestino tenue"
      }, {
        "code": "4514",
        "display": "Biopsia [endoscopica] dell' intestino tenue"
      }, {
        "code": "4515",
        "display": "Biopsia a cielo aperto dell' intestino tenue"
      }, {
        "code": "4516",
        "display": "Esofagogastroduodenoscopia [EGD] con biopsia"
      }, {
        "code": "4519",
        "display": "Altre procedure diagnostiche sull' intestino tenue"
      } ]
    } ]
  }
}