{
  "resourceType": "ValueSet",
  "url": "http://hl7.org/fhir/sid/icd-9-cm-1253",
  "version": "1.0",
  "name": "Procedure-Asportazione o demolizione di lesione o tessuto del faringe",
  "title": "Asportazione o demolizione di lesione o tessuto del faringe",
  "status": "active",
  "compose": {
    "include": [ {
      "system": "http://hl7.org/fhir/sid/icd-9-cm",
      "concept": [ {
        "code": "2931",
        "display": "Miotomia cricofaringea"
      }, {
        "code": "2932",
        "display": "Divertivulectomia faringea"
      }, {
        "code": "2933",
        "display": "Faringectomia (parziale)"
      }, {
        "code": "2939",
        "display": "Asportazione o demolizione di lesione o tessuto del faringe"
      } ]
    } ]
  }
}