{
  "resourceType": "ValueSet",
  "url": "http://hl7.org/fhir/sid/icd-9-cm-1781",
  "version": "1.0",
  "name": "Procedure-Radiografia diretta dell' apparato urinario",
  "title": "Radiografia diretta dell' apparato urinario",
  "status": "active",
  "compose": {
    "include": [ {
      "system": "http://hl7.org/fhir/sid/icd-9-cm",
      "concept": [ {
        "code": "8771",
        "display": "Tomografia assiale computerizzata (TAC) del rene"
      }, {
        "code": "8772",
        "display": "Altra tomografia renale"
      }, {
        "code": "8773",
        "display": "Urografia endovenosa"
      }, {
        "code": "8774",
        "display": "Pielografia retrograda"
      }, {
        "code": "8775",
        "display": "Pielografia percutanea"
      }, {
        "code": "8776",
        "display": "Cistouretrografia retrograda"
      }, {
        "code": "8777",
        "display": "Altra cistografia"
      }, {
        "code": "8778",
        "display": "Radiografia di vescica ileale"
      }, {
        "code": "8779",
        "display": "Altra radiografia dell' apparato urinario"
      } ]
    } ]
  }
}