{
  "resourceType": "ValueSet",
  "url": "http://hl7.org/fhir/sid/icd-9-cm-1795",
  "version": "1.0",
  "name": "Procedure-Misure anatomiche e fisiologiche ed esami manuali - sistema nervoso e organi di senso",
  "title": "Misure anatomiche e fisiologiche ed esami manuali - sistema nervoso e organi di senso",
  "status": "active",
  "compose": {
    "include": [ {
      "system": "http://hl7.org/fhir/sid/icd-9-cm",
      "concept": [ {
        "code": "8910",
        "display": "Test intracarotideo con amobarbitale"
      }, {
        "code": "8911",
        "display": "Tonometria"
      }, {
        "code": "8912",
        "display": "Studio della funzione nasale"
      }, {
        "code": "8913",
        "display": "Visita neurologica"
      }, {
        "code": "8914",
        "display": "Elettroencefalogramma"
      }, {
        "code": "8915",
        "display": "Altri test funzionali neurologici non invasivi"
      }, {
        "code": "8916",
        "display": "Transilluminazione di cranio di neonato"
      }, {
        "code": "8917",
        "display": "Polisonnogramma"
      }, {
        "code": "8918",
        "display": "Altri test funzionali di disordini del sonno"
      }, {
        "code": "8919",
        "display": "Monitoraggio elettroencefalografico video e radio telemetrico"
      } ]
    } ]
  }
}