{
  "resourceType": "ValueSet",
  "url": "http://hl7.org/fhir/sid/icd-9-cm-1437",
  "version": "1.0",
  "name": "Procedure-Procedure diagnostiche sulle vie biliari",
  "title": "Procedure diagnostiche sulle vie biliari",
  "status": "active",
  "compose": {
    "include": [ {
      "system": "http://hl7.org/fhir/sid/icd-9-cm",
      "concept": [ {
        "code": "5110",
        "display": "Colangiopancreatografia retrograda endoscopica [ERCP]"
      }, {
        "code": "5111",
        "display": "Colangiografia retrograda endoscopica [ERC]"
      }, {
        "code": "5112",
        "display": "Biopsia percutanea della colecisti e dei dotti biliari"
      }, {
        "code": "5113",
        "display": "Biopsia a cielo aperto della colecisti e dei dotti biliari"
      }, {
        "code": "5114",
        "display": "Altra biopsia [endoscopica] del tratto biliare o dello sfintere di Oddi"
      }, {
        "code": "5115",
        "display": "Misurazione di pressione dello sfintere di Oddi"
      }, {
        "code": "5119",
        "display": "Altre procedure diagnostiche sulle vie biliari"
      } ]
    } ]
  }
}