{
  "resourceType": "ValueSet",
  "url": "http://hl7.org/fhir/sid/icd-9-cm-1429",
  "version": "1.0",
  "name": "Procedure-Procedure diagnostiche sul fegato",
  "title": "Procedure diagnostiche sul fegato",
  "status": "active",
  "compose": {
    "include": [ {
      "system": "http://hl7.org/fhir/sid/icd-9-cm",
      "concept": [ {
        "code": "5011",
        "display": "Biopsia [percutanea] [agobiopsia] del fegato"
      }, {
        "code": "5012",
        "display": "Biopsia a cielo aperto del fegato"
      }, {
        "code": "5019",
        "display": "Altre procedure diagnostiche sul fegato"
      } ]
    } ]
  }
}