{
  "resourceType": "ValueSet",
  "url": "http://hl7.org/fhir/sid/icd-9-cm-1191",
  "version": "1.0",
  "name": "Procedure-Altri interventi sul naso",
  "title": "Altri interventi sul naso",
  "status": "active",
  "compose": {
    "include": [ {
      "system": "http://hl7.org/fhir/sid/icd-9-cm",
      "concept": [ {
        "code": "2191",
        "display": "Lisi di aderenze del naso"
      }, {
        "code": "2199",
        "display": "Altri interventi sul naso"
      }, {
        "code": "22",
        "display": "Interventi sui seni nasali"
      } ]
    } ]
  }
}