{
  "resourceType": "ValueSet",
  "url": "http://hl7.org/fhir/sid/icd-9-cm-1238",
  "version": "1.0",
  "name": "Procedure-Palatoplastica",
  "title": "Palatoplastica",
  "status": "active",
  "compose": {
    "include": [ {
      "system": "http://hl7.org/fhir/sid/icd-9-cm",
      "concept": [ {
        "code": "2761",
        "display": "Sutura di lacerazione del palato"
      }, {
        "code": "2762",
        "display": "Correzione di palatoschisi"
      }, {
        "code": "2763",
        "display": "Revisione di correzione di palatoschisi"
      }, {
        "code": "2764",
        "display": "Inserzione di impianto palatale"
      }, {
        "code": "2769",
        "display": "Altra riparazione plastica del palato"
      } ]
    } ]
  }
}