{
  "resourceType": "ValueSet",
  "url": "http://hl7.org/fhir/sid/icd-9-cm-1175",
  "version": "1.0",
  "name": "Procedure-Procedure diagnostiche sull' orecchio medio e sull' orecchio interno",
  "title": "Procedure diagnostiche sull' orecchio medio e sull' orecchio interno",
  "status": "active",
  "compose": {
    "include": [ {
      "system": "http://hl7.org/fhir/sid/icd-9-cm",
      "concept": [ {
        "code": "2031",
        "display": "Elettrococleografia"
      }, {
        "code": "2032",
        "display": "Biopsia dell' orecchio interno e dell' orecchio medio"
      }, {
        "code": "2039",
        "display": "Altre procedure diagnostiche sull' orecchio medio e sull' orecchio interno"
      } ]
    } ]
  }
}