{
  "resourceType": "ValueSet",
  "url": "http://hl7.org/fhir/sid/icd-9-cm-1717",
  "version": "1.0",
  "name": "Procedure-Artrodesi di altra articolazione",
  "title": "Artrodesi di altra articolazione",
  "status": "active",
  "compose": {
    "include": [ {
      "system": "http://hl7.org/fhir/sid/icd-9-cm",
      "concept": [ {
        "code": "8120",
        "display": "Artrodesi di articolazioni non specificate"
      }, {
        "code": "8121",
        "display": "Artrodesi dell' anca"
      }, {
        "code": "8122",
        "display": "Artrodesi del ginocchio"
      }, {
        "code": "8123",
        "display": "Artrodesi della spalla"
      }, {
        "code": "8124",
        "display": "Artrodesi del gomito"
      }, {
        "code": "8125",
        "display": "Fusione carporadiale"
      }, {
        "code": "8126",
        "display": "Fusione metacarpocarpale"
      }, {
        "code": "8127",
        "display": "Fusione metacarpofalangea"
      }, {
        "code": "8128",
        "display": "Fusione interfalangea"
      }, {
        "code": "8129",
        "display": "Artrodesi di altra articolazione specificata"
      } ]
    } ]
  }
}