{
  "resourceType": "ValueSet",
  "url": "http://hl7.org/fhir/sid/icd-9-cm-1744",
  "version": "1.0",
  "name": "Procedure-Altri interventi su muscoli, tendini, fasce e borse",
  "title": "Altri interventi su muscoli, tendini, fasce e borse",
  "status": "active",
  "compose": {
    "include": [ {
      "system": "http://hl7.org/fhir/sid/icd-9-cm",
      "concept": [ {
        "code": "8391",
        "display": "Lisi di aderenze di muscoli, tendini, fasce e borse"
      }, {
        "code": "8392",
        "display": "Inserzione o sostituzione di stimolatore dei muscoli scheletrici"
      }, {
        "code": "8393",
        "display": "Rimozione di stimolatore dei muscoli scheletrici"
      }, {
        "code": "8394",
        "display": "Aspirazione di borse"
      }, {
        "code": "8395",
        "display": "Aspirazione di altri tessuti molli"
      }, {
        "code": "8396",
        "display": "Iniezione di sostanze terapeutiche all' interno delle borse"
      }, {
        "code": "8397",
        "display": "Iniezione di sostanze terapeutiche all' interno dei tendini"
      }, {
        "code": "8398",
        "display": "Iniezione di sostanze terapeutiche ad azione locale all' interno di altri tessuti molli"
      }, {
        "code": "8399",
        "display": "Altri interventi su muscoli, tendini, fasce e borse"
      }, {
        "code": "84",
        "display": "Altri interventi sull' apparato muscoloscheletrico"
      } ]
    } ]
  }
}