{
  "resourceType": "ValueSet",
  "url": "http://hl7.org/fhir/sid/icd-9-cm-1493",
  "version": "1.0",
  "name": "Procedure-Plastiche ureterali",
  "title": "Plastiche ureterali",
  "status": "active",
  "compose": {
    "include": [ {
      "system": "http://hl7.org/fhir/sid/icd-9-cm",
      "concept": [ {
        "code": "5681",
        "display": "Ureterotomia endoscopica"
      }, {
        "code": "5682",
        "display": "Riparazione di lesioni ureterali"
      }, {
        "code": "5683",
        "display": "Sutura di ureterostomia"
      }, {
        "code": "5684",
        "display": "Riparazione di fistola ureterale"
      }, {
        "code": "5685",
        "display": "Ureteropessia"
      }, {
        "code": "5686",
        "display": "Rimozione di legatura dell' uretere"
      }, {
        "code": "5689",
        "display": "Altra riparazione dell' uretere"
      } ]
    } ]
  }
}