{
  "resourceType": "ValueSet",
  "url": "http://hl7.org/fhir/sid/icd-9-cm-1158",
  "version": "1.0",
  "name": "Procedure-Altra asportazione dell' orecchio esterno",
  "title": "Altra asportazione dell' orecchio esterno",
  "status": "active",
  "compose": {
    "include": [ {
      "system": "http://hl7.org/fhir/sid/icd-9-cm",
      "concept": [ {
        "code": "1831",
        "display": "Asportazione radicale di lesione dell' orecchio esterno"
      }, {
        "code": "1839",
        "display": "Altra asportazione dell' orecchio esterno"
      } ]
    } ]
  }
}