{
  "resourceType": "ValueSet",
  "url": "http://hl7.org/fhir/sid/icd-9-cm-1788",
  "version": "1.0",
  "name": "Procedure-Arteriografia con mezzo di contrasto",
  "title": "Arteriografia con mezzo di contrasto",
  "status": "active",
  "compose": {
    "include": [ {
      "system": "http://hl7.org/fhir/sid/icd-9-cm",
      "concept": [ {
        "code": "8840",
        "display": "Arteriografia con mezzo di contrasto, sede non specificata"
      }, {
        "code": "8841",
        "display": "Arteriografia di arterie cerebrali"
      }, {
        "code": "8842",
        "display": "Aortografia"
      }, {
        "code": "8843",
        "display": "Arteriografia delle arterie polmonari"
      }, {
        "code": "8844",
        "display": "Arteriografia di altri vasi intratoracici"
      }, {
        "code": "8845",
        "display": "Arteriografia delle arterie renali"
      }, {
        "code": "8846",
        "display": "Arteriografia della placenta (Placentografia con mezzo di contrasto)"
      }, {
        "code": "8847",
        "display": "Arteriografia di altre arterie intraaddominali (angiografia del tripode)"
      }, {
        "code": "8848",
        "display": "Arteriografia delle femorali e di altre arterie dell' arto inferiore"
      }, {
        "code": "8849",
        "display": "Arteriografia di altre sedi specificate"
      } ]
    } ]
  }
}