{
  "resourceType": "ValueSet",
  "url": "http://hl7.org/fhir/sid/icd-9-cm-1364",
  "version": "1.0",
  "name": "Procedure-Anastomosi presternale dell' esofago",
  "title": "Anastomosi presternale dell' esofago",
  "status": "active",
  "compose": {
    "include": [ {
      "system": "http://hl7.org/fhir/sid/icd-9-cm",
      "concept": [ {
        "code": "4261",
        "display": "Esofago-esofagostomia presternale"
      }, {
        "code": "4262",
        "display": "Esofago-gastrostomia presternale"
      }, {
        "code": "4263",
        "display": "Anastomosi esofagea presternale con interposizione di intestino tenue"
      }, {
        "code": "4264",
        "display": "Altra esofagoenterostomia presternale"
      }, {
        "code": "4265",
        "display": "Anastomosi esofagea presternale con interposizione di colon"
      }, {
        "code": "4266",
        "display": "Altra esofagocolostomia presternale"
      }, {
        "code": "4268",
        "display": "Altra anastomosi esofagea presternale con interposizione"
      }, {
        "code": "4269",
        "display": "Altra anastomosi presternale dell' esofago"
      } ]
    } ]
  }
}