{
  "resourceType": "ValueSet",
  "url": "http://hl7.org/fhir/sid/icd-9-cm-1829",
  "version": "1.0",
  "name": "Procedure-Intubazioni gastrointestinali e del tratto respiratorio non operatorie",
  "title": "Intubazioni gastrointestinali e del tratto respiratorio non operatorie",
  "status": "active",
  "compose": {
    "include": [ {
      "system": "http://hl7.org/fhir/sid/icd-9-cm",
      "concept": [ {
        "code": "9601",
        "display": "Inserzione di via respiratoria nasofaringea"
      }, {
        "code": "9602",
        "display": "Inserzione di via respiratoria orofaringea"
      }, {
        "code": "9603",
        "display": "Inserzione di via aerea esofagea otturatoria"
      }, {
        "code": "9604",
        "display": "Inserzione di tubo endotracheale"
      }, {
        "code": "9605",
        "display": "Altra intubazione del tratto respiratorio"
      }, {
        "code": "9606",
        "display": "Inserzione del tubo di Sengstaken"
      }, {
        "code": "9607",
        "display": "Inserzione di altro tubo nasogastrico (per decompressione)"
      }, {
        "code": "9608",
        "display": "Inserzione di tubo nasointestinale"
      }, {
        "code": "9609",
        "display": "Inserzione di tubo rettale"
      } ]
    } ]
  }
}