{
  "resourceType": "ValueSet",
  "url": "http://hl7.org/fhir/sid/icd-9-cm-1800",
  "version": "1.0",
  "name": "Procedure-Monitoraggio circolatorio",
  "title": "Monitoraggio circolatorio",
  "status": "active",
  "compose": {
    "include": [ {
      "system": "http://hl7.org/fhir/sid/icd-9-cm",
      "concept": [ {
        "code": "8960",
        "display": "Emogasanalisi continua intra-arteriosa"
      }, {
        "code": "8961",
        "display": "Monitoraggio della pressione arteriosa sistemica"
      }, {
        "code": "8962",
        "display": "Monitoraggio della pressione venosa centrale"
      }, {
        "code": "8963",
        "display": "Monitoraggio della pressione dell' arteria polmonare"
      }, {
        "code": "8964",
        "display": "Monitoraggio della pressione in arteria polmonare"
      }, {
        "code": "8965",
        "display": "Emogasanalisi arteriosa sistemica"
      }, {
        "code": "8966",
        "display": "Emogasanalisi di sangue misto venoso"
      }, {
        "code": "8967",
        "display": "Monitoraggio della gettata cardiaca mediante la tecnica del consumo di ossigeno (metodo di Fick)"
      }, {
        "code": "8968",
        "display": "Monitoraggio della gettata cardiaca mediante altre tecniche"
      }, {
        "code": "8969",
        "display": "Monitoraggio del flusso ematico coronarico"
      } ]
    } ]
  }
}