{
  "resourceType": "ValueSet",
  "url": "http://hl7.org/fhir/sid/icd-9-cm-1540",
  "version": "1.0",
  "name": "Procedure-Procedure diagnostiche sui testicoli",
  "title": "Procedure diagnostiche sui testicoli",
  "status": "active",
  "compose": {
    "include": [ {
      "system": "http://hl7.org/fhir/sid/icd-9-cm",
      "concept": [ {
        "code": "6211",
        "display": "Biopsia [percutanea] [agobiopsia] del testicolo"
      }, {
        "code": "6212",
        "display": "Biopsia a cielo aperto del testicolo"
      }, {
        "code": "6219",
        "display": "Altre procedure diagnostiche sui testicoli"
      } ]
    } ]
  }
}