{
  "resourceType": "ValueSet",
  "url": "http://hl7.org/fhir/sid/icd-9-cm-1852",
  "version": "1.0",
  "name": "Procedure-Iniezione o infusione di altre sostanze terapeutiche o profilattiche",
  "title": "Iniezione o infusione di altre sostanze terapeutiche o profilattiche",
  "status": "active",
  "compose": {
    "include": [ {
      "system": "http://hl7.org/fhir/sid/icd-9-cm",
      "concept": [ {
        "code": "9920",
        "display": "Iniezione o infusione di inibitore piastrinico"
      }, {
        "code": "9921",
        "display": "Iniezione di antibiotici"
      }, {
        "code": "9922",
        "display": "Iniezione di altri antinfettivi"
      }, {
        "code": "9923",
        "display": "Iniezione di steroidi"
      }, {
        "code": "9924",
        "display": "Iniezione di altri ormoni"
      }, {
        "code": "9925",
        "display": "Iniezione o infusione di sostanze chemioterapiche per tumore"
      }, {
        "code": "9926",
        "display": "Iniezione di tranquillanti"
      }, {
        "code": "9927",
        "display": "Ionoforesi"
      }, {
        "code": "9928",
        "display": "Iniezione o infusione di agenti modificatori della risposta biologica (BRM) come agenti antineoplastici"
      }, {
        "code": "9929",
        "display": "Iniezione o infusione di altre sostanze terapeutiche o profilattiche"
      } ]
    } ]
  }
}