{
  "resourceType": "ValueSet",
  "url": "http://hl7.org/fhir/sid/icd-9-cm-1240",
  "version": "1.0",
  "name": "Procedure-Altri interventi su bocca e faccia",
  "title": "Altri interventi su bocca e faccia",
  "status": "active",
  "compose": {
    "include": [ {
      "system": "http://hl7.org/fhir/sid/icd-9-cm",
      "concept": [ {
        "code": "2791",
        "display": "Frenulotomia labiale"
      }, {
        "code": "2792",
        "display": "Incisione della bocca, struttura non specificata"
      }, {
        "code": "2799",
        "display": "Altri interventi sulla cavita' orale"
      }, {
        "code": "28",
        "display": "Interventi sulle tonsille e sulle adenoidi"
      } ]
    } ]
  }
}