{
  "resourceType": "ValueSet",
  "url": "http://hl7.org/fhir/sid/icd-9-cm-1181",
  "version": "1.0",
  "name": "Procedure-Altri interventi sull' orecchio medio e interno",
  "title": "Altri interventi sull' orecchio medio e interno",
  "status": "active",
  "compose": {
    "include": [ {
      "system": "http://hl7.org/fhir/sid/icd-9-cm",
      "concept": [ {
        "code": "2091",
        "display": "Timpanosimpatectomia"
      }, {
        "code": "2092",
        "display": "Revisione di mastoidectomia"
      }, {
        "code": "2093",
        "display": "Riparazione delle finestre ovale e rotonda"
      }, {
        "code": "2094",
        "display": "Iniezione del timpano"
      }, {
        "code": "2095",
        "display": "Impianto di apparecchio acustico elettromagnetico"
      }, {
        "code": "2096",
        "display": "Impianto o sostituzione di apparecchio protesico cocleare, SAI"
      }, {
        "code": "2097",
        "display": "Impianto o sostituzione di apparecchio protesico cocleare, singolo canale"
      }, {
        "code": "2098",
        "display": "Impianto o sostituzione di apparecchio protesico cocleare, canale multiplo"
      }, {
        "code": "2099",
        "display": "Altri interventi sull' orecchio medio e interno"
      }, {
        "code": "21",
        "display": "Interventi sul naso"
      } ]
    } ]
  }
}