{
  "resourceType": "ValueSet",
  "url": "http://hl7.org/fhir/sid/icd-9-cm-1195",
  "version": "1.0",
  "name": "Procedure-Antrotomia mascellare esterna",
  "title": "Antrotomia mascellare esterna",
  "status": "active",
  "compose": {
    "include": [ {
      "system": "http://hl7.org/fhir/sid/icd-9-cm",
      "concept": [ {
        "code": "2231",
        "display": "Antrotomia mascellare radicale"
      }, {
        "code": "2239",
        "display": "Altra antrotomia mascellare esterna"
      } ]
    } ]
  }
}