{
  "resourceType": "ValueSet",
  "url": "http://hl7.org/fhir/sid/icd-9-cm-1687",
  "version": "1.0",
  "name": "Procedure-Interventi di accorciamento delle ossa degli arti",
  "title": "Interventi di accorciamento delle ossa degli arti",
  "status": "active",
  "compose": {
    "include": [ {
      "system": "http://hl7.org/fhir/sid/icd-9-cm",
      "concept": [ {
        "code": "7820",
        "display": "Accorciamento in sede non specificata"
      }, {
        "code": "7822",
        "display": "Accorciamento dell' omero"
      }, {
        "code": "7823",
        "display": "Accorciamento di radio e ulna"
      }, {
        "code": "7824",
        "display": "Accorciamento di carpo e metacarpo"
      }, {
        "code": "7825",
        "display": "Accorciamento del femore"
      }, {
        "code": "7827",
        "display": "Accorciamento di tibia e fibula"
      }, {
        "code": "7828",
        "display": "Accorciamento di tarso e metatarso"
      }, {
        "code": "7829",
        "display": "Accorciamento di altro osso"
      } ]
    } ]
  }
}