{
  "resourceType": "ValueSet",
  "url": "http://hl7.org/fhir/sid/icd-9-cm-1737",
  "version": "1.0",
  "name": "Procedure-Procedure diagnostiche su muscoli, tendini, fasce e borse, incluse quelle della mano",
  "title": "Procedure diagnostiche su muscoli, tendini, fasce e borse, incluse quelle della mano",
  "status": "active",
  "compose": {
    "include": [ {
      "system": "http://hl7.org/fhir/sid/icd-9-cm",
      "concept": [ {
        "code": "8321",
        "display": "Biopsia dei tessuti molli"
      }, {
        "code": "8329",
        "display": "Altre procedure diagnostiche su muscoli, tendini, fasce e borse, incluse quelle della mano"
      } ]
    } ]
  }
}