{
  "resourceType": "ValueSet",
  "url": "http://hl7.org/fhir/sid/icd-9-cm-1342",
  "version": "1.0",
  "name": "Procedure-Altri interventi sui vasi",
  "title": "Altri interventi sui vasi",
  "status": "active",
  "compose": {
    "include": [ {
      "system": "http://hl7.org/fhir/sid/icd-9-cm",
      "concept": [ {
        "code": "3990",
        "display": "Inserzione di stent non medicato in vaso periferico"
      }, {
        "code": "3991",
        "display": "Sbrigliamento dei vasi"
      }, {
        "code": "3992",
        "display": "Iniezione intravenosa di sostanze sclerosanti"
      }, {
        "code": "3993",
        "display": "Inserzione di cannula intervasale"
      }, {
        "code": "3994",
        "display": "Sostituzione di cannula intervasale"
      }, {
        "code": "3995",
        "display": "Emodialisi"
      }, {
        "code": "3996",
        "display": "Perfusione totale del corpo"
      }, {
        "code": "3997",
        "display": "Altra perfusione"
      }, {
        "code": "3998",
        "display": "Controllo di emorragia, SAI"
      }, {
        "code": "3999",
        "display": "Altri interventi sui vasi"
      }, {
        "code": "40",
        "display": "Interventi sul sistema linfatico"
      } ]
    } ]
  }
}