{
  "resourceType": "ValueSet",
  "url": "http://hl7.org/fhir/sid/icd-9-cm-1124",
  "version": "1.0",
  "name": "Procedure-Inserzione di protesi endoculare",
  "title": "Inserzione di protesi endoculare",
  "status": "active",
  "compose": {
    "include": [ {
      "system": "http://hl7.org/fhir/sid/icd-9-cm",
      "concept": [ {
        "code": "1370",
        "display": "Inserzione di cristallino artificiale, SAI"
      }, {
        "code": "1371",
        "display": "Inserzione di cristallino artificiale intraoculare al momento della estrazione di cataratta, eseguiti in contemporanea"
      }, {
        "code": "1372",
        "display": "Impianto secondario di cristallino artificiale"
      } ]
    } ]
  }
}