{
  "resourceType": "ValueSet",
  "url": "http://hl7.org/fhir/sid/icd-9-cm-1002",
  "version": "1.0",
  "name": "Altri codici",
  "title": "Altri codici",
  "status": "active",
  "compose": {
    "include": [ {
      "system": "http://hl7.org/fhir/sid/icd-9-cm",
      "concept": [ {
        "code": "024",
        "display": "Diagnosi-Morva"
      }, {
        "code": "025",
        "display": "Diagnosi-Melioidosi"
      }, {
        "code": "035",
        "display": "Diagnosi-Erisipela"
      }, {
        "code": "037",
        "display": "Diagnosi-Tetano"
      }, {
        "code": "042",
        "display": "Diagnosi-Infezione da virus della immunodeficienza umana (HIV)"
      }, {
        "code": "048",
        "display": "Diagnosi-Altre malattie da Enterovirus del sistema nervoso centrale"
      }, {
        "code": "061",
        "display": "Diagnosi-Dengue"
      }, {
        "code": "064",
        "display": "Diagnosi-Encefalite virale trasmessa da altri e non specificati artropodi"
      }, {
        "code": "071",
        "display": "Diagnosi-Rabbia"
      }, {
        "code": "075",
        "display": "Diagnosi-Mononucleosi infettiva"
      }, {
        "code": "080",
        "display": "Diagnosi-Tifo [epidemico] da pidocchi"
      }, {
        "code": "096",
        "display": "Diagnosi-Sifilide tardiva latente"
      }, {
        "code": "101",
        "display": "Diagnosi-Angina di Vincent"
      }, {
        "code": "118",
        "display": "Diagnosi-Micosi da patogeni facoltativi"
      }, {
        "code": "124",
        "display": "Diagnosi-Trichinosi"
      }, {
        "code": "129",
        "display": "Diagnosi-Parassitismo intestinale, non specificato"
      }, {
        "code": "135",
        "display": "Diagnosi-Sarcoidosi"
      }, {
        "code": "138",
        "display": "Diagnosi-Postumi della poliomielite acuta"
      }, {
        "code": "179",
        "display": "Diagnosi-Tumori maligni dell' utero, parte non specificata"
      }, {
        "code": "181",
        "display": "Diagnosi-Tumori maligni della placenta"
      }, {
        "code": "185",
        "display": "Diagnosi-Tumori maligni della prostata"
      }, {
        "code": "193",
        "display": "Diagnosi-Tumori maligni della ghiandola tiroide"
      }, {
        "code": "217",
        "display": "Diagnosi-Tumori benigni della mammella"
      }, {
        "code": "220",
        "display": "Diagnosi-Tumori benigni dell' ovaio"
      }, {
        "code": "226",
        "display": "Diagnosi-Tumori benigni della ghiandola tiroide"
      }, {
        "code": "243",
        "display": "Diagnosi-Ipotiroidismo congenito"
      }, {
        "code": "260",
        "display": "Diagnosi-Kwashiorkor"
      }, {
        "code": "261",
        "display": "Diagnosi-Marasma da denutrizione"
      }, {
        "code": "262",
        "display": "Diagnosi-Altra grave malnutrizione proteico-calorica"
      }, {
        "code": "267",
        "display": "Diagnosi-Carenza di acido ascorbico"
      }, {
        "code": "311",
        "display": "Diagnosi-Disturbo depressivo, non classificato altrove"
      }, {
        "code": "316",
        "display": "Diagnosi-Fattori psichici associati a malattie classificate altrove"
      }, {
        "code": "317",
        "display": "Diagnosi-Ritardo mentale lieve"
      }, {
        "code": "319",
        "display": "Diagnosi-Ritardo mentale non specificato"
      }, {
        "code": "325",
        "display": "Diagnosi-Flebite e tromboflebite dei seni venosi intracranici"
      }, {
        "code": "326",
        "display": "Diagnosi-Postumi di ascesso intracranico o di infezione da piogeni"
      }, {
        "code": "340",
        "display": "Diagnosi-Sclerosi multipla"
      }, {
        "code": "390",
        "display": "Diagnosi-Febbre reumatica senza menzione di interessamento cardiaco"
      }, {
        "code": "393",
        "display": "Diagnosi-Pericardite reumatica cronica"
      }, {
        "code": "412",
        "display": "Diagnosi-Infarto miocardico pregresso"
      }, {
        "code": "430",
        "display": "Diagnosi-Emorragia subaracnoidea"
      }, {
        "code": "431",
        "display": "Diagnosi-Emorragia cerebrale"
      }, {
        "code": "436",
        "display": "Diagnosi-Vasculopatie cerebrali acute, mal definite"
      }, {
        "code": "452",
        "display": "Diagnosi-Trombosi della vena porta"
      }, {
        "code": "460",
        "display": "Diagnosi-Rinofaringite acuta (raffreddore comune)"
      }, {
        "code": "462",
        "display": "Diagnosi-Faringite acuta"
      }, {
        "code": "463",
        "display": "Diagnosi-Tonsillite acuta"
      }, {
        "code": "470",
        "display": "Diagnosi-Deviazione del setto nasale"
      }, {
        "code": "475",
        "display": "Diagnosi-Ascesso peritonsillare"
      }, {
        "code": "481",
        "display": "Diagnosi-Polmonite pneumococcica (polmonite da Streptococco pneumoniae)"
      }, {
        "code": "485",
        "display": "Diagnosi-Broncopolmonite, agente non specificato"
      }, {
        "code": "486",
        "display": "Diagnosi-Polmonite, agente non specificato"
      }, {
        "code": "490",
        "display": "Diagnosi-Bronchite, non specificata se acuta o cronica"
      }, {
        "code": "496",
        "display": "Diagnosi-Ostruzioni croniche delle vie respiratorie, non classificate altrove"
      }, {
        "code": "500",
        "display": "Diagnosi-Pneumoconiosi dei lavoratori del carbone"
      }, {
        "code": "501",
        "display": "Diagnosi-Asbestosi"
      }, {
        "code": "502",
        "display": "Diagnosi-Altre pneumoconiosi da silice e silicati"
      }, {
        "code": "503",
        "display": "Diagnosi-Pneumoconiosi da altre polveri inorganiche"
      }, {
        "code": "504",
        "display": "Diagnosi-Pneumoconiosi da inalazione di altre polveri"
      }, {
        "code": "505",
        "display": "Diagnosi-Pneumoconiosi, non specificata"
      }, {
        "code": "514",
        "display": "Diagnosi-Congestione ed ipostasi polmonare"
      }, {
        "code": "515",
        "display": "Diagnosi-Fibrosi polmonare postinfiammatoria"
      }, {
        "code": "538",
        "display": "Diagnosi-Mucosite gastrointestinale (ulcerativa)"
      }, {
        "code": "541",
        "display": "Diagnosi-Appendicite, non precisata"
      }, {
        "code": "542",
        "display": "Diagnosi-Altre forme di appendicite"
      }, {
        "code": "566",
        "display": "Diagnosi-Ascesso anale e rettale"
      }, {
        "code": "570",
        "display": "Diagnosi-Necrosi acuta e subacuta del fegato"
      }, {
        "code": "586",
        "display": "Diagnosi-Insufficienza renale, non specificata"
      }, {
        "code": "587",
        "display": "Diagnosi-Sclerosi renale, non specificata"
      }, {
        "code": "591",
        "display": "Diagnosi-Idronefrosi"
      }, {
        "code": "605",
        "display": "Diagnosi-Prepuzio esuberante e fimosi"
      }, {
        "code": "630",
        "display": "Diagnosi-Mola idatiforme"
      }, {
        "code": "631",
        "display": "Diagnosi-Altri prodotti del concepimento anomali"
      }, {
        "code": "632",
        "display": "Diagnosi-Aborto ritenuto"
      }, {
        "code": "650",
        "display": "Diagnosi-Parto normale"
      }, {
        "code": "677",
        "display": "Diagnosi-Effetto tardivo della complicazione della gravidanza, del parto, del puerperio"
      }, {
        "code": "683",
        "display": "Diagnosi-Linfadenite acuta"
      }, {
        "code": "684",
        "display": "Diagnosi-Impetigine"
      }, {
        "code": "700",
        "display": "Diagnosi-Calli e callosita'"
      }, {
        "code": "725",
        "display": "Diagnosi-Polimialgia reumatica"
      }, {
        "code": "734",
        "display": "Diagnosi-Piede piatto"
      }, {
        "code": "769",
        "display": "Diagnosi-Sindrome da distress respiratorio neonatale"
      }, {
        "code": "797",
        "display": "Diagnosi-Senilita' senza menzione di psicosi"
      }, {
        "code": "920",
        "display": "Diagnosi-Contusione della faccia, del cuoio capelluto e del collo escluso l'occhio"
      }, {
        "code": "931",
        "display": "Diagnosi-Corpo estraneo nell'orecchio"
      }, {
        "code": "932",
        "display": "Diagnosi-Corpo estraneo nel naso"
      }, {
        "code": "936",
        "display": "Diagnosi-Corpo estraneo nell'intestino tenue e nel colon"
      }, {
        "code": "937",
        "display": "Diagnosi-Corpo estraneo nell'ano e nel retto"
      }, {
        "code": "938",
        "display": "Diagnosi-Corpo estraneo nell'apparato digerente, sede non specificata"
      }, {
        "code": "981",
        "display": "Diagnosi-Effetti tossici dei derivati del petrolio"
      }, {
        "code": "986",
        "display": "Diagnosi-Effetti tossici dell' ossido di carbonio"
      }, {
        "code": "990",
        "display": "Diagnosi-Effetti delle radiazioni, non specificati"
      }, {
        "code": "V08",
        "display": "Diagnosi-Stato infettivo asintomatico da virus da immunodeficienza umana (HIV)"
      }, {
        "code": "V51",
        "display": "Diagnosi-Trattamento dopo intervento che richiede l'impiego di chirurgia plastica"
      } ]
    } ]
  }
}