{
  "resourceType": "ValueSet",
  "url": "http://hl7.org/fhir/sid/icd-9-cm-491",
  "version": "1.0",
  "name": "Diagnosi-Altra ernia della cavita' addominale, con gangrena",
  "title": "Altra ernia della cavita' addominale, con gangrena",
  "status": "active",
  "compose": {
    "include": [ {
      "system": "http://hl7.org/fhir/sid/icd-9-cm",
      "concept": [ {
        "code": "5510",
        "display": "Ernia femorale, con gangrena"
      }, {
        "code": "55100",
        "display": "Ernia femorale monolaterale o non specificata, con gangrena"
      }, {
        "code": "55101",
        "display": "Ernia femorale monolaterale o non specificata, ricorrente, con gangrena"
      }, {
        "code": "55102",
        "display": "Ernia femorale bilaterale, con gangrena"
      }, {
        "code": "55103",
        "display": "Ernia femorale bilaterale, ricorrente, con gangrena"
      }, {
        "code": "5511",
        "display": "Ernia ombelicale, con gangrena"
      }, {
        "code": "5512",
        "display": "Laparocele, con gangrena"
      }, {
        "code": "55120",
        "display": "Laparocele, non specificato, con gangrena"
      }, {
        "code": "55121",
        "display": "Laparocele post-incisione, con gangrena"
      }, {
        "code": "55129",
        "display": "Altro laparocele, con gangrena"
      }, {
        "code": "5513",
        "display": "Ernia diaframmatica con gangrena"
      }, {
        "code": "5518",
        "display": "Ernia di altri siti specificati, con gangrena"
      }, {
        "code": "5519",
        "display": "Ernia di siti non specificati, con gangrena"
      } ]
    } ]
  }
}