{
  "resourceType": "ValueSet",
  "url": "http://hl7.org/fhir/sid/icd-9-cm-266",
  "version": "1.0",
  "name": "Diagnosi-Disturbi mentali persistenti da condizioni patologiche classificate altrove",
  "title": "Disturbi mentali persistenti da condizioni patologiche classificate altrove",
  "status": "active",
  "compose": {
    "include": [ {
      "system": "http://hl7.org/fhir/sid/icd-9-cm",
      "concept": [ {
        "code": "2940",
        "display": "Disturbo amnesico in condizioni patologiche classificate altrove"
      }, {
        "code": "2941",
        "display": "Demenza in condizioni patologiche classificate altrove"
      }, {
        "code": "29410",
        "display": "Demenza in condizioni patologiche classificate altrove, senza disturbi comportamentali"
      }, {
        "code": "29411",
        "display": "Demenza in condizioni patologiche classificate altrove, con disturbi comportamentali"
      }, {
        "code": "2948",
        "display": "Altri disturbi psichici persistenti da condizioni patologiche classificate altrove"
      }, {
        "code": "2949",
        "display": "Disturbi psichici persistenti non specificati da condizioni patologiche classificate altrove"
      } ]
    } ]
  }
}