{
  "resourceType": "ValueSet",
  "url": "http://hl7.org/fhir/sid/icd-9-cm-932",
  "version": "1.0",
  "name": "Diagnosi-Anamnesi familiare di tumore maligno",
  "title": "Anamnesi familiare di tumore maligno",
  "status": "active",
  "compose": {
    "include": [ {
      "system": "http://hl7.org/fhir/sid/icd-9-cm",
      "concept": [ {
        "code": "V160",
        "display": "Anamnesi familiare di tumore maligno del tratto gastrointestinale"
      }, {
        "code": "V161",
        "display": "Anamnesi familiare di tumore maligno di trachea, bronchi e polmoni"
      }, {
        "code": "V162",
        "display": "Anamnesi familiare di tumore maligno di altri organi respiratori e intratoracici"
      }, {
        "code": "V163",
        "display": "Anamnesi familiare di tumore maligno della mammella"
      }, {
        "code": "V164",
        "display": "Anamnesi familiare di tumore maligno degli organi genitali"
      }, {
        "code": "V1640",
        "display": "Anamnesi familiare di tumore maligno di organo genitale, non specificato"
      }, {
        "code": "V1641",
        "display": "Anamnesi familiare di tumore maligno dell' ovaio"
      }, {
        "code": "V1642",
        "display": "Anamnesi familiare di tumore maligno della prostata"
      }, {
        "code": "V1643",
        "display": "Anamnesi familiare di tumore maligno dei testicoli"
      }, {
        "code": "V1649",
        "display": "Anamnesi familiare di altro tumore maligno degli organi genitali"
      }, {
        "code": "V165",
        "display": "Anamnesi familiare di tumore maligno degli organi urinari"
      }, {
        "code": "V1651",
        "display": "Anamnesi familiare di tumore maligno del rene"
      }, {
        "code": "V1659",
        "display": "Anamnesi familiare di altro tumore maligno degli organi urinari"
      }, {
        "code": "V166",
        "display": "Anamnesi familiare di leucemia"
      }, {
        "code": "V167",
        "display": "Anamnesi familiare di altri tumori linfatici e degli organi ematopoietici"
      }, {
        "code": "V168",
        "display": "Anamnesi familiare di altro tumore maligno specificato"
      }, {
        "code": "V169",
        "display": "Anamnesi familiare di tumore maligno non specificato"
      } ]
    } ]
  }
}