{
  "resourceType": "ValueSet",
  "url": "http://hl7.org/fhir/sid/icd-9-cm-606",
  "version": "1.0",
  "name": "Diagnosi-Embolia polmonare ostetrica",
  "title": "Embolia polmonare ostetrica",
  "status": "active",
  "compose": {
    "include": [ {
      "system": "http://hl7.org/fhir/sid/icd-9-cm",
      "concept": [ {
        "code": "6730",
        "display": "Embolia gassosa ostetrica"
      }, {
        "code": "67300",
        "display": "Embolia gassosa ostetrica, episodio di assistenza non specificato"
      }, {
        "code": "67301",
        "display": "Embolia gassosa ostetrica, parto, con o senza menzione della condizione antepartum"
      }, {
        "code": "67302",
        "display": "Embolia gassosa ostetrica, parto, con menzione delle complicazioni postpartum"
      }, {
        "code": "67303",
        "display": "Embolia gassosa ostetrica, condizione o complicazione antepartum"
      }, {
        "code": "67304",
        "display": "Embolia gassosa ostetrica, condizione o complicazione postpartum"
      }, {
        "code": "6731",
        "display": "Embolia da liquido amniotico"
      }, {
        "code": "67310",
        "display": "Embolia da liquido amniotico, episodio di assistenza non specificato"
      }, {
        "code": "67311",
        "display": "Embolia da liquido amniotico, parto, con o senza menzione della condizione antepartum"
      }, {
        "code": "67312",
        "display": "Embolia da liquido amniotico, parto, con menzione delle complicazioni postpartum"
      }, {
        "code": "67313",
        "display": "Embolia da liquido amniotico, condizione o complicazione antepartum"
      }, {
        "code": "67314",
        "display": "Embolia da liquido amniotico, condizione o complicazione postpartum"
      }, {
        "code": "6732",
        "display": "Embolia ostetrica da coagulo sanguigno"
      }, {
        "code": "67320",
        "display": "Embolia ostetrica da coagulo sanguigno, episodio di assistenza non specificato"
      }, {
        "code": "67321",
        "display": "Embolia ostetrica da coagulo sanguigno, parto, con o senza menzione della condizione antepartum"
      }, {
        "code": "67322",
        "display": "Embolia ostetrica da coagulo sanguigno, parto, con menzione delle complicazioni postpartum"
      }, {
        "code": "67323",
        "display": "Embolia ostetrica da coagulo sanguigno, condizione o complicazione antepartum"
      }, {
        "code": "67324",
        "display": "Embolia ostetrica da coagulo sanguigno, condizione o complicazione postpartum"
      }, {
        "code": "6733",
        "display": "Piemia ostetrica ed embolia settica"
      }, {
        "code": "67330",
        "display": "Piemia ostetrica ed embolia settica, episodio di assistenza non specificato"
      }, {
        "code": "67331",
        "display": "Piemia ostetrica ed embolia settica, parto, con o senza menzione della condizione antepartum"
      }, {
        "code": "67332",
        "display": "Piemia ostetrica ed embolia settica, parto, con menzione delle complicazioni postpartum"
      }, {
        "code": "67333",
        "display": "Piemia ostetrica ed embolia settica, condizione o complicazione antepartum"
      }, {
        "code": "67334",
        "display": "Piemia ostetrica ed embolia settica, condizione o complicazione postpartum"
      }, {
        "code": "6738",
        "display": "Altra embolia polmonare"
      }, {
        "code": "67380",
        "display": "Altra embolia polmonare, episodio di assistenza non specificato"
      }, {
        "code": "67381",
        "display": "Altra embolia polmonare, parto, con o senza menzione della condizione antepartum"
      }, {
        "code": "67382",
        "display": "Altra embolia polmonare, parto, con menzione delle complicazioni postpartum"
      }, {
        "code": "67383",
        "display": "Altra embolia polmonare, condizione o complicazione antepartum"
      }, {
        "code": "67384",
        "display": "Altra embolia polmonare, condizione o complicazione postpartum"
      } ]
    } ]
  }
}