{
  "resourceType": "ValueSet",
  "url": "http://hl7.org/fhir/sid/icd-9-cm-318",
  "version": "1.0",
  "name": "Diagnosi-Altri e non specificati disturbi del sistema nervoso",
  "title": "Altri e non specificati disturbi del sistema nervoso",
  "status": "active",
  "compose": {
    "include": [ {
      "system": "http://hl7.org/fhir/sid/icd-9-cm",
      "concept": [ {
        "code": "3490",
        "display": "Reazione alla puntura lombare o spinale"
      }, {
        "code": "3491",
        "display": "Complicazioni del sistema nervoso da dispositivi impiantati chirurgicamente"
      }, {
        "code": "3492",
        "display": "Disturbi delle meningi, non classificati altrove"
      }, {
        "code": "3498",
        "display": "Altri specificati disturbi del sistema nervoso"
      }, {
        "code": "34981",
        "display": "Rinorrea del liquido cerebrospinale"
      }, {
        "code": "34982",
        "display": "Encefalopatia tossica"
      }, {
        "code": "34989",
        "display": "Altri specificati disturbi del sistema nervoso"
      }, {
        "code": "3499",
        "display": "Disturbi del sistema nervoso non specificati"
      } ]
    } ]
  }
}