{
  "resourceType": "ValueSet",
  "url": "http://hl7.org/fhir/sid/icd-9-cm-382",
  "version": "1.0",
  "name": "Diagnosi-Endocardite acuta e subacuta",
  "title": "Endocardite acuta e subacuta",
  "status": "active",
  "compose": {
    "include": [ {
      "system": "http://hl7.org/fhir/sid/icd-9-cm",
      "concept": [ {
        "code": "4210",
        "display": "Endocardite batterica acuta e subacuta"
      }, {
        "code": "4211",
        "display": "Endocardite infettiva acuta e subacuta in malattie classificate altrove"
      }, {
        "code": "4219",
        "display": "Endocardite acuta non specificata"
      } ]
    } ]
  }
}