{
  "resourceType": "ValueSet",
  "url": "http://hl7.org/fhir/sid/icd-9-cm-446",
  "version": "1.0",
  "name": "Diagnosi-Alveolite allergica estrinseca",
  "title": "Alveolite allergica estrinseca",
  "status": "active",
  "compose": {
    "include": [ {
      "system": "http://hl7.org/fhir/sid/icd-9-cm",
      "concept": [ {
        "code": "4950",
        "display": "Polmone del contadino"
      }, {
        "code": "4951",
        "display": "Bagassosi"
      }, {
        "code": "4952",
        "display": "Polmone dell' allevatore o dell' amatore di uccelli"
      }, {
        "code": "4953",
        "display": "Sugherosi"
      }, {
        "code": "4954",
        "display": "Polmone dei lavoratori del malto"
      }, {
        "code": "4955",
        "display": "Polmone dei lavoratori dei funghi"
      }, {
        "code": "4956",
        "display": "Polmone degli scortecciatori dell' acero"
      }, {
        "code": "4957",
        "display": "Polmonite da condizionatore"
      }, {
        "code": "4958",
        "display": "Altre alveoliti e polmoniti allergiche specificate"
      }, {
        "code": "4959",
        "display": "Alveolite e polmonite allergica non specificata"
      } ]
    } ]
  }
}