{
  "resourceType": "ValueSet",
  "url": "http://hl7.org/fhir/sid/icd-9-cm-183",
  "version": "1.0",
  "name": "Diagnosi-Altre leucemie specifiche",
  "title": "Altre leucemie specifiche",
  "status": "active",
  "compose": {
    "include": [ {
      "system": "http://hl7.org/fhir/sid/icd-9-cm",
      "concept": [ {
        "code": "2070",
        "display": "Eritremia acuta ed eritroleucemia"
      }, {
        "code": "20700",
        "display": "Eritremia acuta ed eritroleucemia, senza menzione di remissione"
      }, {
        "code": "20701",
        "display": "Eritremia acuta ed eritroleucemia, in remissione"
      }, {
        "code": "2071",
        "display": "Eritremia cronica"
      }, {
        "code": "20710",
        "display": "Eritremia cronica, senza menzione di remissione"
      }, {
        "code": "20711",
        "display": "Eritremia cronica, in remissione"
      }, {
        "code": "2072",
        "display": "Leucemia megacariocitica"
      }, {
        "code": "20720",
        "display": "Leucemia megacariocitica, senza menzione di remissione"
      }, {
        "code": "20721",
        "display": "Leucemia megacariocitica, in remissione"
      }, {
        "code": "2078",
        "display": "Altre leucemie specifiche"
      }, {
        "code": "20780",
        "display": "Altre leucemie specifiche, senza menzione di remissione"
      }, {
        "code": "20781",
        "display": "Altre leucemie specifiche, in remissione"
      } ]
    } ]
  }
}