{
  "resourceType": "ValueSet",
  "url": "http://hl7.org/fhir/sid/icd-9-cm-88",
  "version": "1.0",
  "name": "Diagnosi-Altre malattie veneree",
  "title": "Altre malattie veneree",
  "status": "active",
  "compose": {
    "include": [ {
      "system": "http://hl7.org/fhir/sid/icd-9-cm",
      "concept": [ {
        "code": "0990",
        "display": "Ulcera venerea"
      }, {
        "code": "0991",
        "display": "Linfogranuloma venereo"
      }, {
        "code": "0992",
        "display": "Granuloma inguinale"
      }, {
        "code": "0993",
        "display": "Malattia di Reiter"
      }, {
        "code": "0994",
        "display": "Altre uretriti non gonococciche"
      }, {
        "code": "09940",
        "display": "Altre uretriti non gonococciche, non specificate"
      }, {
        "code": "09941",
        "display": "Altre uretriti non gonococciche, Chlamydia trachomatis"
      }, {
        "code": "09949",
        "display": "Altre uretriti non gonococciche, altro organismo specificato"
      }, {
        "code": "0995",
        "display": "Altre malattie veneree da Chlamydia trachomatis"
      }, {
        "code": "09950",
        "display": "Altre malattie veneree da Chlamydia trachomatis, sede non specificata"
      }, {
        "code": "09951",
        "display": "Altre malattie veneree da Chlamydia trachomatis, faringe"
      }, {
        "code": "09952",
        "display": "Altre malattie veneree da Chlamydia trachomatis, ano e retto"
      }, {
        "code": "09953",
        "display": "Altre malattie veneree da Chlamydia trachomatis, sedi genitourinarie inferiori"
      }, {
        "code": "09954",
        "display": "Altre malattie veneree da Chlamydia trachomatis, altre sedi genitourinarie"
      }, {
        "code": "09955",
        "display": "Altre malattie veneree da Chlamydia trachomatis, sede genitourinaria non specificata"
      }, {
        "code": "09956",
        "display": "Altre malattie veneree da Chlamydia trachomatis, peritoneo"
      }, {
        "code": "09959",
        "display": "Altre malattie veneree da Chlamydia trachomatis, altre sedi specificate"
      }, {
        "code": "0998",
        "display": "Altre malattie veneree specificate"
      }, {
        "code": "0999",
        "display": "Malattie veneree non specificate"
      } ]
    } ]
  }
}