{
  "resourceType": "ValueSet",
  "url": "http://hl7.org/fhir/sid/icd-9-cm-500",
  "version": "1.0",
  "name": "Diagnosi-Disturbi digestivi funzionali, non classificati altrove",
  "title": "Disturbi digestivi funzionali, non classificati altrove",
  "status": "active",
  "compose": {
    "include": [ {
      "system": "http://hl7.org/fhir/sid/icd-9-cm",
      "concept": [ {
        "code": "5640",
        "display": "Stipsi"
      }, {
        "code": "56400",
        "display": "Stipsi, non specificata"
      }, {
        "code": "56401",
        "display": "Stipsi da transito intestinale rallentato"
      }, {
        "code": "56402",
        "display": "Stipsi da disfunzione del retto"
      }, {
        "code": "56409",
        "display": "Altra stipsi"
      }, {
        "code": "5641",
        "display": "Sindrome del colon irritabile"
      }, {
        "code": "5642",
        "display": "Sindromi post-gastrectomia"
      }, {
        "code": "5643",
        "display": "Vomito secondario a chirurgia gastrointestinale"
      }, {
        "code": "5644",
        "display": "Altri disturbi funzionali post-chirurgici"
      }, {
        "code": "5645",
        "display": "Diarrea funzionale"
      }, {
        "code": "5646",
        "display": "Spasmo anale"
      }, {
        "code": "5647",
        "display": "Megacolon, diverso damalattia di Hirschprung"
      }, {
        "code": "5648",
        "display": "Altri disturbi funzionali specificati dell' intestino"
      }, {
        "code": "56481",
        "display": "Colon neurogenico"
      }, {
        "code": "56489",
        "display": "Altri disturbi funzionali specificati dell' intestino"
      }, {
        "code": "5649",
        "display": "Disturbo funzionale non specificato dell' intestino"
      } ]
    } ]
  }
}