{
  "resourceType": "ValueSet",
  "url": "http://hl7.org/fhir/sid/icd-9-cm-464",
  "version": "1.0",
  "name": "Diagnosi-Complicazioni polmonari in manifestazioni morbose classificate altrove",
  "title": "Complicazioni polmonari in manifestazioni morbose classificate altrove",
  "status": "active",
  "compose": {
    "include": [ {
      "system": "http://hl7.org/fhir/sid/icd-9-cm",
      "concept": [ {
        "code": "5171",
        "display": "Polmonite reumatica"
      }, {
        "code": "5172",
        "display": "Complicazioni polmonari in sclerosi sistemica"
      }, {
        "code": "5173",
        "display": "Sindrome polmonare acuta"
      }, {
        "code": "5178",
        "display": "Complicazioni polmonari in altre malattie classificate altrove"
      } ]
    } ]
  }
}