{
  "resourceType": "ValueSet",
  "url": "http://hl7.org/fhir/sid/icd-9-cm-107",
  "version": "1.0",
  "name": "Diagnosi-Filariasi e dracontiasi",
  "title": "Filariasi e dracontiasi",
  "status": "active",
  "compose": {
    "include": [ {
      "system": "http://hl7.org/fhir/sid/icd-9-cm",
      "concept": [ {
        "code": "1250",
        "display": "Filariasi da Wuchereria bancrofti"
      }, {
        "code": "1251",
        "display": "Filariasi da Wuchereria malayi"
      }, {
        "code": "1252",
        "display": "Loiasi"
      }, {
        "code": "1253",
        "display": "Oncocerchiasi"
      }, {
        "code": "1254",
        "display": "Filariasi e dracontiasi da Acanthocheilonema perstans e Dipetalonema perstans"
      }, {
        "code": "1255",
        "display": "Filariasi e dracontiasi da Mansonella ozzardi"
      }, {
        "code": "1256",
        "display": "Altre filariasi specificate"
      }, {
        "code": "1257",
        "display": "Dracontiasi"
      }, {
        "code": "1259",
        "display": "Filariasi non specificata"
      } ]
    } ]
  }
}