{
  "resourceType": "ValueSet",
  "url": "http://hl7.org/fhir/sid/icd-9-cm-755",
  "version": "1.0",
  "name": "Diagnosi-Fratture multiple interessanti ambedue gli arti inferiori, l'arto inferiore con quello superiore e l'arto inferiore con le costole e lo sterno",
  "title": "Fratture multiple interessanti ambedue gli arti inferiori, l'arto inferiore con quello superiore e l'arto inferiore con le costole e lo sterno",
  "status": "active",
  "compose": {
    "include": [ {
      "system": "http://hl7.org/fhir/sid/icd-9-cm",
      "concept": [ {
        "code": "8280",
        "display": "Fratture multiple interessanti ambedue gli arti inferiori, l'arto inferiore con quello superiore e l'arto inferiore con le costole e lo sterno, chiusa"
      }, {
        "code": "8281",
        "display": "Fratture multiple interessanti ambedue gli arti inferiori, l'arto inferiore con quello superiore e l'arto inferiore con le costole e lo sterno, esposta"
      } ]
    } ]
  }
}