{
  "resourceType": "ValueSet",
  "url": "http://hl7.org/fhir/sid/icd-9-cm-223",
  "version": "1.0",
  "name": "Diagnosi-Altri disordini della secrezione endocrina del pancreas",
  "title": "Altri disordini della secrezione endocrina del pancreas",
  "status": "active",
  "compose": {
    "include": [ {
      "system": "http://hl7.org/fhir/sid/icd-9-cm",
      "concept": [ {
        "code": "2510",
        "display": "Coma ipoglicemico"
      }, {
        "code": "2511",
        "display": "Altre manifestazioni di iperinsulinismo"
      }, {
        "code": "2512",
        "display": "Ipoglicemia non specificata"
      }, {
        "code": "2513",
        "display": "Ipoinsulinemia post-chirurgica"
      }, {
        "code": "2514",
        "display": "Alterazioni della secrezione del glucagone"
      }, {
        "code": "2515",
        "display": "Alterazioni della secrezione di gastrina"
      }, {
        "code": "2518",
        "display": "Altri disturbi della secrezione insulare"
      }, {
        "code": "2519",
        "display": "Altri disordini non specificati della secrezione insulare"
      } ]
    } ]
  }
}