{
  "resourceType": "ValueSet",
  "url": "http://hl7.org/fhir/sid/icd-9-cm-316",
  "version": "1.0",
  "name": "Diagnosi-Cataplessia e narcolessia",
  "title": "Cataplessia e narcolessia",
  "status": "active",
  "compose": {
    "include": [ {
      "system": "http://hl7.org/fhir/sid/icd-9-cm",
      "concept": [ {
        "code": "3470",
        "display": "Narcolessia"
      }, {
        "code": "34700",
        "display": "Senza cataplessia"
      }, {
        "code": "34701",
        "display": "Con cataplessia"
      }, {
        "code": "3471",
        "display": "Narcolessia in manifestazioni classificate altrove"
      }, {
        "code": "34710",
        "display": "Senza cataplessia"
      }, {
        "code": "34711",
        "display": "Con cataplessia"
      } ]
    } ]
  }
}