{
  "resourceType": "ValueSet",
  "url": "http://hl7.org/fhir/sid/icd-9-cm-684",
  "version": "1.0",
  "name": "Diagnosi-Anomalie congenite del tegumento",
  "title": "Anomalie congenite del tegumento",
  "status": "active",
  "compose": {
    "include": [ {
      "system": "http://hl7.org/fhir/sid/icd-9-cm",
      "concept": [ {
        "code": "7570",
        "display": "Edema ereditario delle gambe"
      }, {
        "code": "7571",
        "display": "Ittiosi congenita"
      }, {
        "code": "7572",
        "display": "Anomalie dermatoglifiche"
      }, {
        "code": "7573",
        "display": "Altre anomalie specificate della cute"
      }, {
        "code": "75731",
        "display": "Displasia ectodermica congenita"
      }, {
        "code": "75732",
        "display": "Amartomi vascolari"
      }, {
        "code": "75733",
        "display": "Anomalie cutanee del pigmento, congenite"
      }, {
        "code": "75739",
        "display": "Altro"
      }, {
        "code": "7574",
        "display": "Anomalie specificate dei capelli"
      }, {
        "code": "7575",
        "display": "Anomalie specificate delle unghie"
      }, {
        "code": "7576",
        "display": "Anomalie specificate della mammella"
      }, {
        "code": "7578",
        "display": "Altre anomalie specificate del tegumento"
      }, {
        "code": "7579",
        "display": "Anomalie non specificate del tegumento"
      } ]
    } ]
  }
}