{
  "resourceType": "ValueSet",
  "url": "http://hl7.org/fhir/sid/icd-9-cm-915",
  "version": "1.0",
  "name": "Diagnosi-Altre complicazioni di interventi, non classificati altrove",
  "title": "Altre complicazioni di interventi, non classificati altrove",
  "status": "active",
  "compose": {
    "include": [ {
      "system": "http://hl7.org/fhir/sid/icd-9-cm",
      "concept": [ {
        "code": "9980",
        "display": "Shock postoperatorio, non classificato altrove"
      }, {
        "code": "9981",
        "display": "Emorragia o ematoma complicante un intervento, non classificati altrove"
      }, {
        "code": "99811",
        "display": "Emorragia complicante un intervento"
      }, {
        "code": "99812",
        "display": "Ematoma complicante un intervento"
      }, {
        "code": "99813",
        "display": "Sieroma complicante un intervento"
      }, {
        "code": "9982",
        "display": "Puntura o lacerazione accidentale durante un intervento, non classificate altrove"
      }, {
        "code": "9983",
        "display": "Rottura di ferita chirurgica, non classificata altrove"
      }, {
        "code": "99831",
        "display": "Rottura di ferita chirurgica interna"
      }, {
        "code": "99832",
        "display": "Rottura di ferita chirurgica esterna"
      }, {
        "code": "9984",
        "display": "Corpo estraneo lasciato accidentalmente durante un intervento, non classificato altrove"
      }, {
        "code": "9985",
        "display": "Infezione postoperatoria, non classificata altrove"
      }, {
        "code": "99851",
        "display": "Sieroma infetto postoperatorio"
      }, {
        "code": "99859",
        "display": "Altra infezione postoperatoria"
      }, {
        "code": "9986",
        "display": "Fistola postoperatoria persistente, non classificata altrove"
      }, {
        "code": "9987",
        "display": "Reazione acuta a sostanza estranea lasciata accidentalmente durante un intervento, non classificata altrove"
      }, {
        "code": "9988",
        "display": "Altre complicazioni specificate di interventi, non classificate altrove"
      }, {
        "code": "99881",
        "display": "Enfisema (sottocutaneo) (chirurgico) dovuto ad intervento"
      }, {
        "code": "99882",
        "display": "Frammenti intraoculari di cateratta durante un intervento chirurgico di cateratta"
      }, {
        "code": "99883",
        "display": "Ferita chirurgica non cicatrizzata"
      }, {
        "code": "99889",
        "display": "Altre complicazioni specificate di interventi non classificate altrove"
      }, {
        "code": "9989",
        "display": "Complicazioni non specificate di interventi, non classificate altrove"
      } ]
    } ]
  }
}