{
  "resourceType": "ValueSet",
  "url": "http://hl7.org/fhir/sid/icd-9-cm-969",
  "version": "1.0",
  "name": "Diagnosi-Altro trattamento ortopedico ulteriore",
  "title": "Altro trattamento ortopedico ulteriore",
  "status": "active",
  "compose": {
    "include": [ {
      "system": "http://hl7.org/fhir/sid/icd-9-cm",
      "concept": [ {
        "code": "V540",
        "display": "Trattamento ulteriore per dispositivo di fissazione interna"
      }, {
        "code": "V5401",
        "display": "Trattamento per rimozione di dispositivo di fissazione interna"
      }, {
        "code": "V5402",
        "display": "Trattamento per l'allungamento/sistemazione di barra di Harrington"
      }, {
        "code": "V5409",
        "display": "Altro trattamento ulteriore relativo a dispositivo di fissazione interna"
      }, {
        "code": "V541",
        "display": "Trattamento ulteriore per la cura di frattura traumatica"
      }, {
        "code": "V5410",
        "display": "Trattamento ulteriore per la cura di frattura traumatica dell' arto superiore, non specificato"
      }, {
        "code": "V5411",
        "display": "Trattamento ulteriore per la cura di frattura traumatica della parte superiore dell' arto superiore"
      }, {
        "code": "V5412",
        "display": "Trattamento ulteriore per la cura di frattura traumatica della parte inferiore dell' arto superiore"
      }, {
        "code": "V5413",
        "display": "Trattamento ulteriore per la cura di frattura traumatica dell' anca"
      }, {
        "code": "V5414",
        "display": "Trattamento ulteriore per la cura di frattura traumatica dell' arto inferiore, non specificato"
      }, {
        "code": "V5415",
        "display": "Trattamento ulteriore per la cura di frattura traumatica della parte superiore dell' arto inferiore"
      }, {
        "code": "V5416",
        "display": "Trattamento ulteriore per la cura di frattura traumatica della parte inferiore dell' arto inferiore"
      }, {
        "code": "V5417",
        "display": "Trattamento ulteriore per la cura di frattura traumatica di vertebra"
      }, {
        "code": "V5419",
        "display": "Trattamento ulteriore per la cura di frattura traumatica di altre ossa"
      }, {
        "code": "V542",
        "display": "Trattamento ulteriore per la cura di frattura patologica"
      }, {
        "code": "V5420",
        "display": "Trattamento ulteriore per la cura di frattura patologica dell' arto superiore, non specificato"
      }, {
        "code": "V5421",
        "display": "Trattamento ulteriore per la cura di frattura patologica della parte superiore dell' arto superiore"
      }, {
        "code": "V5422",
        "display": "Trattamento ulteriore per la cura di frattura patologica della parte inferiore dell' arto superiore"
      }, {
        "code": "V5423",
        "display": "Trattamento ulteriore per la cura di frattura patologica dell' anca"
      }, {
        "code": "V5424",
        "display": "Trattamento ulteriore per la cura di frattura patologica dell' arto inferiore, non specificato"
      }, {
        "code": "V5425",
        "display": "Trattamento ulteriore per la cura di frattura patologica della parte superiore dell' arto inferiore"
      }, {
        "code": "V5426",
        "display": "Trattamento ulteriore per la cura di frattura patologica della parte inferiore dell' arto inferiore"
      }, {
        "code": "V5427",
        "display": "Trattamento ulteriore per la cura di frattura patologica di vertebra"
      }, {
        "code": "V5429",
        "display": "Trattamento ulteriore per la cura di frattura patologica di altre ossa"
      }, {
        "code": "V548",
        "display": "Altro trattamento ortopedico ulteriore"
      }, {
        "code": "V5481",
        "display": "Trattamento ulteriore successivo a sostituzione articolare"
      }, {
        "code": "V5489",
        "display": "Altri trattamenti ortopedici ulteriori"
      }, {
        "code": "V549",
        "display": "Trattamento ortopedico ulteriore non specificato"
      } ]
    } ]
  }
}