{
  "resourceType": "ValueSet",
  "url": "http://hl7.org/fhir/sid/icd-9-cm-951",
  "version": "1.0",
  "name": "Diagnosi-Altro parto multiplo (tre o piu' ), tutti nati morti",
  "title": "Altro parto multiplo (tre o piu' ), tutti nati morti",
  "status": "active",
  "compose": {
    "include": [ {
      "system": "http://hl7.org/fhir/sid/icd-9-cm",
      "concept": [ {
        "code": "V350",
        "display": "Altro parto multiplo (tre o piu' ), tutti nati morti, nati in ospedale"
      }, {
        "code": "V3500",
        "display": "Altro parto multiplo (tre o piu' ), tutti nati morti, nati in ospedale, senza menzione di taglio cesareo"
      }, {
        "code": "V3501",
        "display": "Altro parto multiplo (tre o piu' ), tutti nati morti, nati in ospedale, con taglio cesareo"
      }, {
        "code": "V351",
        "display": "Altro parto multiplo (tre o piu' ), tutti nati morti, nati prima dell' ammissione in ospedale"
      }, {
        "code": "V352",
        "display": "Altro parto multiplo (tre o piu' ), tutti nati morti, nati fuori dall'ospedale e non ricoverati"
      } ]
    } ]
  }
}