{
  "resourceType": "ValueSet",
  "url": "http://hl7.org/fhir/sid/icd-9-cm-791",
  "version": "1.0",
  "name": "Diagnosi-Ferita degli annessi oculari",
  "title": "Ferita degli annessi oculari",
  "status": "active",
  "compose": {
    "include": [ {
      "system": "http://hl7.org/fhir/sid/icd-9-cm",
      "concept": [ {
        "code": "8700",
        "display": "Lacerazione della pelle delle palpebre e della regione perioculare"
      }, {
        "code": "8701",
        "display": "Lacerazione completa delle palpebre senza lesione delle vie lacrimali"
      }, {
        "code": "8702",
        "display": "Lacerazione delle palpebre con lesione delle vie lacrimali"
      }, {
        "code": "8703",
        "display": "Ferita penetrante dell' orbita senza menzione di corpo estraneo"
      }, {
        "code": "8704",
        "display": "Ferita penetrante dell' orbita con corpo estraneo"
      }, {
        "code": "8708",
        "display": "Altre ferite degli annessi oculari"
      }, {
        "code": "8709",
        "display": "Ferita non specificata degli annessi oculari"
      } ]
    } ]
  }
}