{
  "resourceType": "ValueSet",
  "url": "http://hl7.org/fhir/sid/icd-9-cm-769",
  "version": "1.0",
  "name": "Diagnosi-Distorsione e distrazione del polso e della mano",
  "title": "Distorsione e distrazione del polso e della mano",
  "status": "active",
  "compose": {
    "include": [ {
      "system": "http://hl7.org/fhir/sid/icd-9-cm",
      "concept": [ {
        "code": "8420",
        "display": "Distorsione e distrazione del polso"
      }, {
        "code": "84200",
        "display": "Distorsione e distrazione di sito non specificato del polso e della mano"
      }, {
        "code": "84201",
        "display": "Distorsione e distrazione carpale (articolazione)"
      }, {
        "code": "84202",
        "display": "Distorsione e distrazione radiocarpale (articolazione) (legamento)"
      }, {
        "code": "84209",
        "display": "Distorsione e distrazione di altro sito del polso"
      }, {
        "code": "8421",
        "display": "Distorsione e distrazione della mano"
      }, {
        "code": "84210",
        "display": "Distorsione e distrazione di sito non specificato della mano"
      }, {
        "code": "84211",
        "display": "Distorsione e distrazione carpometacarpale (articolazione)"
      }, {
        "code": "84212",
        "display": "Distorsione e distrazione metacarpofalangea (articolazione)"
      }, {
        "code": "84213",
        "display": "Distorsione e distrazione interfalangea (articolazione)"
      }, {
        "code": "84219",
        "display": "Distorsione e distrazione di altro sito della mano"
      } ]
    } ]
  }
}