{
  "resourceType": "ValueSet",
  "url": "http://hl7.org/fhir/sid/icd-9-cm-60",
  "version": "1.0",
  "name": "Diagnosi-Epatite virale",
  "title": "Epatite virale",
  "status": "active",
  "compose": {
    "include": [ {
      "system": "http://hl7.org/fhir/sid/icd-9-cm",
      "concept": [ {
        "code": "0700",
        "display": "Epatite virale A con coma epatico"
      }, {
        "code": "0701",
        "display": "Epatite virale A senza menzione di coma epatico"
      }, {
        "code": "0702",
        "display": "Epatite virale B con coma epatico"
      }, {
        "code": "07020",
        "display": "Epatite virale B con coma epatico, acuta o non specificata, senza menzione di epatite delta"
      }, {
        "code": "07021",
        "display": "Epatite virale B con coma epatico, acuta o non specificata, con epatite delta"
      }, {
        "code": "07022",
        "display": "Epatite virale B cronica con coma epatico senza epatite delta"
      }, {
        "code": "07023",
        "display": "Epatite virale B cronica con coma epatico con epatite delta"
      }, {
        "code": "0703",
        "display": "Epatite virale B senza menzione di coma epatico"
      }, {
        "code": "07030",
        "display": "Epatite virale B senza menzione di coma epatico, acuta o non specificata, senza menzione di epatite delta"
      }, {
        "code": "07031",
        "display": "Epatite virale B senza menzione di coma epatico, acuta o non specificata, con epatite delta"
      }, {
        "code": "07032",
        "display": "Epatite virale B cronica senza menzione di coma epatico, senza menzione di epatite delta"
      }, {
        "code": "07033",
        "display": "Epatite virale B cronica senza menzione di coma epatico, con epatite delta"
      }, {
        "code": "0704",
        "display": "Altre epatiti virali specificate con coma epatico"
      }, {
        "code": "07041",
        "display": "Epatite C acuta con coma epatico"
      }, {
        "code": "07042",
        "display": "Epatite delta senza menzione di epatite B attiva, con coma epatico, epatite delta in portatore di epatite B"
      }, {
        "code": "07043",
        "display": "Epatite E con coma epatico"
      }, {
        "code": "07044",
        "display": "Epatite C cronica con coma epatico"
      }, {
        "code": "07049",
        "display": "Altre epatiti virali specificate con coma epatico"
      }, {
        "code": "0705",
        "display": "Altre epatiti virali specificate senza menzione di coma epatico"
      }, {
        "code": "07051",
        "display": "Epatite C acuta senza menzione di coma epatico"
      }, {
        "code": "07052",
        "display": "Epatite delta senza menzione di epatite B attiva o coma epatico"
      }, {
        "code": "07053",
        "display": "Epatite E senza menzione di coma epatico"
      }, {
        "code": "07054",
        "display": "Epatite C cronica senza menzione di coma epatico"
      }, {
        "code": "07059",
        "display": "Altre epatiti virali specificate senza menzione di coma epatico"
      }, {
        "code": "0706",
        "display": "Epatite virale non specificata con coma epatico"
      }, {
        "code": "0707",
        "display": "Epatite virale C non specificata"
      }, {
        "code": "07070",
        "display": "Epatite virale C non specificata senza menzione di coma epatico"
      }, {
        "code": "07071",
        "display": "Epatite virale C non specificata con coma epatico"
      }, {
        "code": "0709",
        "display": "Epatite virale non specificata senza menzione di coma epatico"
      } ]
    } ]
  }
}