{
  "resourceType": "ValueSet",
  "url": "http://hl7.org/fhir/sid/icd-9-cm-660",
  "version": "1.0",
  "name": "Diagnosi-Altri disturbi delle ossa e delle cartilagini",
  "title": "Altri disturbi delle ossa e delle cartilagini",
  "status": "active",
  "compose": {
    "include": [ {
      "system": "http://hl7.org/fhir/sid/icd-9-cm",
      "concept": [ {
        "code": "7330",
        "display": "Osteoporosi"
      }, {
        "code": "73300",
        "display": "Osteoporosi non specificata"
      }, {
        "code": "73301",
        "display": "Osteoporosi senile"
      }, {
        "code": "73302",
        "display": "Osteoporosi idiopatica"
      }, {
        "code": "73303",
        "display": "Osteoporosi da non uso"
      }, {
        "code": "73309",
        "display": "Altre osteoporosi"
      }, {
        "code": "7331",
        "display": "Frattura patologica"
      }, {
        "code": "73310",
        "display": "Frattura patologica, sede non specificata"
      }, {
        "code": "73311",
        "display": "Frattura patologica dell' omero"
      }, {
        "code": "73312",
        "display": "Frattura patologica della parte distale di radio e ulna"
      }, {
        "code": "73313",
        "display": "Frattura patologica delle vertebre"
      }, {
        "code": "73314",
        "display": "Frattura patologica del collo del femore"
      }, {
        "code": "73315",
        "display": "Frattura patologica di altre parti specificate del femore"
      }, {
        "code": "73316",
        "display": "Frattura patologica di tibia o perone"
      }, {
        "code": "73319",
        "display": "Frattura patologica di altre sedi specificate"
      }, {
        "code": "7332",
        "display": "Cisti ossee"
      }, {
        "code": "73320",
        "display": "Cisti ossea localizzata, non specificata"
      }, {
        "code": "73321",
        "display": "Cisti ossea solitaria"
      }, {
        "code": "73322",
        "display": "Cisti aneurismatica dell' osso"
      }, {
        "code": "73329",
        "display": "Altre cisti ossee"
      }, {
        "code": "7333",
        "display": "Iperostosi del cranio"
      }, {
        "code": "7334",
        "display": "Necrosi asettica delle ossa"
      }, {
        "code": "73340",
        "display": "Necrosi asettica delle ossa, sede non specificata"
      }, {
        "code": "73341",
        "display": "Necrosi asettica della testa dell' omero"
      }, {
        "code": "73342",
        "display": "Necrosi asettica della testa e del collo del femore"
      }, {
        "code": "73343",
        "display": "Necrosi asettica del condilo femorale mediale"
      }, {
        "code": "73344",
        "display": "Necrosi asettica dell' astragalo"
      }, {
        "code": "73349",
        "display": "Necrosi asettica delle ossa, altre sedi"
      }, {
        "code": "7335",
        "display": "Osteite addensante"
      }, {
        "code": "7336",
        "display": "Malattia di Tietze"
      }, {
        "code": "7337",
        "display": "Algoneurodistrofia"
      }, {
        "code": "7338",
        "display": "Mancata e viziosa saldatura di frattura"
      }, {
        "code": "73381",
        "display": "Viziosa saldatura di frattura"
      }, {
        "code": "73382",
        "display": "Mancata saldatura di frattura"
      }, {
        "code": "7339",
        "display": "Altri e non specificati disturbi dell' osso e della cartilagine"
      }, {
        "code": "73390",
        "display": "Disturbi dell' osso e della cartilagine non specificati"
      }, {
        "code": "73391",
        "display": "Arresto di sviluppo o di crescita dell' osso"
      }, {
        "code": "73392",
        "display": "Condromalacia"
      }, {
        "code": "73393",
        "display": "Frattura da stress della tibia o perone"
      }, {
        "code": "73394",
        "display": "Frattura da stress del metatarso"
      }, {
        "code": "73395",
        "display": "Frattura da stress di altro osso"
      }, {
        "code": "73399",
        "display": "Altri disturbi delle ossa e delle cartilagini"
      } ]
    } ]
  }
}