{
  "resourceType": "ValueSet",
  "url": "http://hl7.org/fhir/sid/icd-9-cm-884",
  "version": "1.0",
  "name": "Diagnosi-Avvelenamento da sedativi e ipnotici",
  "title": "Avvelenamento da sedativi e ipnotici",
  "status": "active",
  "compose": {
    "include": [ {
      "system": "http://hl7.org/fhir/sid/icd-9-cm",
      "concept": [ {
        "code": "9670",
        "display": "Avvelenamento da barbiturici"
      }, {
        "code": "9671",
        "display": "Avvelenamento dal gruppo dell' idrato di cloralio"
      }, {
        "code": "9672",
        "display": "Avvelenamento da paraldeide"
      }, {
        "code": "9673",
        "display": "Avvelenamento da composti del bromo"
      }, {
        "code": "9674",
        "display": "Avvelenamento da composti del metaqualone"
      }, {
        "code": "9675",
        "display": "Avvelenamento dal gruppo della glutetimide"
      }, {
        "code": "9676",
        "display": "Avvelenamento da sedativi misti, non classificati altrove"
      }, {
        "code": "9678",
        "display": "Avvelenamento da altri sedativi e ipnotici"
      }, {
        "code": "9679",
        "display": "Avvelenamento da sedativi o ipnotici non specificati"
      } ]
    } ]
  }
}