{
  "resourceType": "ValueSet",
  "url": "http://hl7.org/fhir/sid/icd-9-cm-669",
  "version": "1.0",
  "name": "Diagnosi-Altre anomalie congenite del sistema nervoso",
  "title": "Altre anomalie congenite del sistema nervoso",
  "status": "active",
  "compose": {
    "include": [ {
      "system": "http://hl7.org/fhir/sid/icd-9-cm",
      "concept": [ {
        "code": "7420",
        "display": "Encefalocele"
      }, {
        "code": "7421",
        "display": "Microcefalia"
      }, {
        "code": "7422",
        "display": "Deformita' congenite con riduzione del cervello"
      }, {
        "code": "7423",
        "display": "Idrocefalo congenito"
      }, {
        "code": "7424",
        "display": "Altre anomalie cerebrali specificate"
      }, {
        "code": "7425",
        "display": "Altre anomalie del midollo spinale specificate"
      }, {
        "code": "74251",
        "display": "Diastematomielia"
      }, {
        "code": "74253",
        "display": "Idromielia"
      }, {
        "code": "74259",
        "display": "Altro"
      }, {
        "code": "7428",
        "display": "Altre anomalie specificate del sistema nervoso"
      }, {
        "code": "7429",
        "display": "Anomalie non specificate del cervello, del midollo spinale e del sistema nervoso"
      } ]
    } ]
  }
}