{
  "resourceType": "ValueSet",
  "url": "http://hl7.org/fhir/sid/icd-9-cm-109",
  "version": "1.0",
  "name": "Diagnosi-Altre elmintiasi intestinali",
  "title": "Altre elmintiasi intestinali",
  "status": "active",
  "compose": {
    "include": [ {
      "system": "http://hl7.org/fhir/sid/icd-9-cm",
      "concept": [ {
        "code": "1270",
        "display": "Ascariasi"
      }, {
        "code": "1271",
        "display": "Anisachiasi"
      }, {
        "code": "1272",
        "display": "Strongiloidiasi"
      }, {
        "code": "1273",
        "display": "Tricuriasi"
      }, {
        "code": "1274",
        "display": "Enterobiasi"
      }, {
        "code": "1275",
        "display": "Capillariasi"
      }, {
        "code": "1276",
        "display": "Tricostrongilias"
      }, {
        "code": "1277",
        "display": "Altre elmintiasi intestinali specificate"
      }, {
        "code": "1278",
        "display": "Elmintiasi intestinale mista"
      }, {
        "code": "1279",
        "display": "Elmintiasi intestinale, non specificata"
      } ]
    } ]
  }
}