{
  "resourceType": "ValueSet",
  "url": "http://hl7.org/fhir/sid/icd-9-cm-343",
  "version": "1.0",
  "name": "Diagnosi-Altre affezioni delle palpebre",
  "title": "Altre affezioni delle palpebre",
  "status": "active",
  "compose": {
    "include": [ {
      "system": "http://hl7.org/fhir/sid/icd-9-cm",
      "concept": [ {
        "code": "3740",
        "display": "Entropion e trichiasi della palpebra"
      }, {
        "code": "37400",
        "display": "Entropion, non specificato"
      }, {
        "code": "37401",
        "display": "Entropion senile"
      }, {
        "code": "37402",
        "display": "Entropion meccanico"
      }, {
        "code": "37403",
        "display": "Entropion spastico"
      }, {
        "code": "37404",
        "display": "Entropion cicatriziale"
      }, {
        "code": "37405",
        "display": "Trichiasi della palpebra senza entropion"
      }, {
        "code": "3741",
        "display": "Ectropion"
      }, {
        "code": "37410",
        "display": "Ectropion, non specificato"
      }, {
        "code": "37411",
        "display": "Ectropion senile"
      }, {
        "code": "37412",
        "display": "Ectropion meccanico"
      }, {
        "code": "37413",
        "display": "Ectropion spastico"
      }, {
        "code": "37414",
        "display": "Ectropion cicatriziale"
      }, {
        "code": "3742",
        "display": "Lagoftalmo"
      }, {
        "code": "37420",
        "display": "Lagoftalmo, non specificato"
      }, {
        "code": "37421",
        "display": "Lagoftalmo paralitico"
      }, {
        "code": "37422",
        "display": "Lagoftalmo meccanico"
      }, {
        "code": "37423",
        "display": "Lagoftalmo cicatriziale"
      }, {
        "code": "3743",
        "display": "Ptosi della palpebra"
      }, {
        "code": "37430",
        "display": "Ptosi della palpebra, non specificata"
      }, {
        "code": "37431",
        "display": "Ptosi paralitica"
      }, {
        "code": "37432",
        "display": "Ptosi miogena"
      }, {
        "code": "37433",
        "display": "Ptosi meccanica"
      }, {
        "code": "37434",
        "display": "Blefarocalasi"
      }, {
        "code": "3744",
        "display": "Altri disturbi funzionali della palpebra"
      }, {
        "code": "37441",
        "display": "Retrazione o arretramento della palpebra"
      }, {
        "code": "37443",
        "display": "Sindrome da innervazione anomala della palpebra"
      }, {
        "code": "37444",
        "display": "Disturbi sensitivi della palpebra"
      }, {
        "code": "37445",
        "display": "Altri disturbi sensitivomotori della palpebra"
      }, {
        "code": "37446",
        "display": "Blefarofimosi"
      }, {
        "code": "3745",
        "display": "Affezioni degenerative della palpebra e della zona perioculare"
      }, {
        "code": "37450",
        "display": "Affezione degenerativa della palpebra, non specificata"
      }, {
        "code": "37451",
        "display": "Xantelasma"
      }, {
        "code": "37452",
        "display": "Iperpigmentazione della palpebra"
      }, {
        "code": "37453",
        "display": "Ipopigmentazione della palpebra"
      }, {
        "code": "37454",
        "display": "Ipertricosi della palpebra"
      }, {
        "code": "37455",
        "display": "Ipotricosi della palpebra"
      }, {
        "code": "37456",
        "display": "Altre affezioni degenerative della cute palpebrale"
      }, {
        "code": "3748",
        "display": "Altre affezioni delle palpebre"
      }, {
        "code": "37481",
        "display": "Emorragia della palpebra"
      }, {
        "code": "37482",
        "display": "Edema delle palpebre"
      }, {
        "code": "37483",
        "display": "Elefantiasi della palpebra"
      }, {
        "code": "37484",
        "display": "Cisti delle palpebre"
      }, {
        "code": "37485",
        "display": "Anomalie vascolari della palpebra"
      }, {
        "code": "37486",
        "display": "Corpo estraneo ritenuto della palpebra"
      }, {
        "code": "37487",
        "display": "Dermatocalasi"
      }, {
        "code": "37489",
        "display": "Altre affezioni della palpebra"
      }, {
        "code": "3749",
        "display": "Affezione della palpebra non specificata"
      } ]
    } ]
  }
}