{
  "resourceType": "ValueSet",
  "url": "http://hl7.org/fhir/sid/icd-9-cm-973",
  "version": "1.0",
  "name": "Diagnosi-Altri e non specificati procedimenti e trattamenti ulteriori",
  "title": "Altri e non specificati procedimenti e trattamenti ulteriori",
  "status": "active",
  "compose": {
    "include": [ {
      "system": "http://hl7.org/fhir/sid/icd-9-cm",
      "concept": [ {
        "code": "V580",
        "display": "Sessione di radioterapia"
      }, {
        "code": "V581",
        "display": "Chemioterapia e immunoterapia antineoplastiche"
      }, {
        "code": "V5811",
        "display": "Chemioterapia antineoplastica"
      }, {
        "code": "V5812",
        "display": "Immunoterapia antineoplastica"
      }, {
        "code": "V582",
        "display": "Trasfusione di sangue senza indicazione della diagnosi"
      }, {
        "code": "V583",
        "display": "Controllo di fasciature e suture"
      }, {
        "code": "V5830",
        "display": "Sostituzione o rimozione di ferita non chirurgica"
      }, {
        "code": "V5831",
        "display": "Sostituzione o rimozione di fasciatura di ferita chirurgica"
      }, {
        "code": "V5832",
        "display": "Rimozione di suture"
      }, {
        "code": "V584",
        "display": "Altro trattamento ulteriore postoperatorio"
      }, {
        "code": "V5841",
        "display": "Chiusura programmata di ferita postoperatoria"
      }, {
        "code": "V5842",
        "display": "Trattamento ulteriore successivo a chirurgia per neoplasia"
      }, {
        "code": "V5843",
        "display": "Trattamento ulteriore successivo a chirurgia per trauma o incidente"
      }, {
        "code": "V5844",
        "display": "Trattamento ulteriore successivo a trapianto d'organo"
      }, {
        "code": "V5849",
        "display": "Altro trattamento ulteriore postoperatorio specificato"
      }, {
        "code": "V585",
        "display": "Trattamento ulteriore di ortodonzia"
      }, {
        "code": "V586",
        "display": "Uso a lungo termine (in corso) di farmaci"
      }, {
        "code": "V5861",
        "display": "Uso a lungo termine (in corso) di anticoaugulanti"
      }, {
        "code": "V5862",
        "display": "Uso a lungo termine (in corso) di antibiotici"
      }, {
        "code": "V5863",
        "display": "Uso a lungo termine (in corso) di antitrombotici/antipiastrinici"
      }, {
        "code": "V5864",
        "display": "Uso a lungo termine (in corso) di antinfiammatori non steroidei (NSAID)"
      }, {
        "code": "V5865",
        "display": "Uso a lungo termine (in corso) di steroidi"
      }, {
        "code": "V5866",
        "display": "Uso a lungo termine (in corso) di aspirina"
      }, {
        "code": "V5867",
        "display": "Uso a lungo termine (in corso) di insulina"
      }, {
        "code": "V5869",
        "display": "Uso a lungo termine (in corso) di altre cure"
      }, {
        "code": "V587",
        "display": "Trattamento ulteriore non classificato altrove successivo a chirurgia di specifici apparati"
      }, {
        "code": "V5871",
        "display": "Trattamento ulteriore successivo a chirurgia degli organi di senso NIA"
      }, {
        "code": "V5872",
        "display": "Trattamento ulteriore successivo a chirurgia del sistema nervoso NIA"
      }, {
        "code": "V5873",
        "display": "Trattamento ulteriore successivo a chirurgia del sistema circolatorio NIA"
      }, {
        "code": "V5874",
        "display": "Trattamento ulteriore successivo a chirurgia del sistema respiratorio"
      }, {
        "code": "V5875",
        "display": "Trattamento ulteriore successivo a chirurgia dei denti, della cavita' orale e del sistema digerente NIA"
      }, {
        "code": "V5876",
        "display": "Trattamento ulteriore successivo a chirurgia del sistema genitourinario"
      }, {
        "code": "V5877",
        "display": "Trattamento ulteriore successivo a chirurgia della cute e del tessuto sottocutaneo"
      }, {
        "code": "V5878",
        "display": "Trattamento ulteriore successivo a chirurgia del sistema muscoloscheletrico"
      }, {
        "code": "V588",
        "display": "Altro trattamento ulteriore specificato"
      }, {
        "code": "V5881",
        "display": "Collocazione e sistemazione di catetere vascolare"
      }, {
        "code": "V5882",
        "display": "Collocazione e sistemazione di catetere non vascolare, non classificato altrove"
      }, {
        "code": "V5883",
        "display": "Trattamento per il monitoraggio di farmaci terapeutici"
      }, {
        "code": "V5889",
        "display": "Altro trattamento ulteriore specificato"
      }, {
        "code": "V589",
        "display": "Trattamento ulteriore non specificato"
      } ]
    } ]
  }
}