{
  "resourceType": "ValueSet",
  "url": "http://hl7.org/fhir/sid/icd-9-cm-735",
  "version": "1.0",
  "name": "Diagnosi-Frattura del bacino",
  "title": "Frattura del bacino",
  "status": "active",
  "compose": {
    "include": [ {
      "system": "http://hl7.org/fhir/sid/icd-9-cm",
      "concept": [ {
        "code": "8080",
        "display": "Frattura chiusa dell' acetabolo"
      }, {
        "code": "8081",
        "display": "Frattura esposta dell' acetabolo"
      }, {
        "code": "8082",
        "display": "Frattura chiusa del pube"
      }, {
        "code": "8083",
        "display": "Frattura esposta del pube"
      }, {
        "code": "8084",
        "display": "Frattura chiusa di altra parte specificata della pelvi"
      }, {
        "code": "80841",
        "display": "Frattura chiusa dell' ileo"
      }, {
        "code": "80842",
        "display": "Frattura chiusa dell' ischio"
      }, {
        "code": "80843",
        "display": "Fratture chiuse multiple della pelvi con interruzione del cingolo pelvico"
      }, {
        "code": "80849",
        "display": "Frattura chiusa di altra parta specificata della pelvi"
      }, {
        "code": "8085",
        "display": "Frattura esposta di altra parte specificata della pelvi"
      }, {
        "code": "80851",
        "display": "Frattura esposta dell' ileo"
      }, {
        "code": "80852",
        "display": "Frattura esposta dell' ischio"
      }, {
        "code": "80853",
        "display": "Fratture esposte multiple della pelvi con interruzione del cingolo pelvico"
      }, {
        "code": "80859",
        "display": "Fratture esposte di altre parti specificate della pelvi"
      }, {
        "code": "8088",
        "display": "Fratture chiuse non specificata della pelvi"
      }, {
        "code": "8089",
        "display": "Fratture esposte non specificate della pelvi"
      } ]
    } ]
  }
}