{
  "resourceType": "ValueSet",
  "url": "http://hl7.org/fhir/sid/icd-9-cm-494",
  "version": "1.0",
  "name": "Diagnosi-Enterite regionale",
  "title": "Enterite regionale",
  "status": "active",
  "compose": {
    "include": [ {
      "system": "http://hl7.org/fhir/sid/icd-9-cm",
      "concept": [ {
        "code": "5550",
        "display": "Enterite regionale dell' intestino tenue"
      }, {
        "code": "5551",
        "display": "Enterite regionale del grosso intestino"
      }, {
        "code": "5552",
        "display": "Enterite regionale dell' intestino tenue e del grosso intestino"
      }, {
        "code": "5559",
        "display": "Enterite regionale, sito non specificato"
      } ]
    } ]
  }
}