{
  "resourceType": "ValueSet",
  "url": "http://hl7.org/fhir/sid/icd-9-cm-552",
  "version": "1.0",
  "name": "Diagnosi-Fistola che interessa il tratto genitale femminile",
  "title": "Fistola che interessa il tratto genitale femminile",
  "status": "active",
  "compose": {
    "include": [ {
      "system": "http://hl7.org/fhir/sid/icd-9-cm",
      "concept": [ {
        "code": "6190",
        "display": "Fistola urogenitale, femminile"
      }, {
        "code": "6191",
        "display": "Fistola del tratto entero-genitale femminile"
      }, {
        "code": "6192",
        "display": "Fistola del tratto genito-cutaneo femminile"
      }, {
        "code": "6198",
        "display": "Altre fistole specificate che comprendono il tratto genitale femminile"
      }, {
        "code": "6199",
        "display": "Fistola non specificata che comprende il tratto genitale femminile"
      } ]
    } ]
  }
}