{
  "resourceType": "ValueSet",
  "url": "http://hl7.org/fhir/sid/icd-9-cm-608",
  "version": "1.0",
  "name": "Diagnosi-Infezioni della mammella e del capezzolo associate alla nascita",
  "title": "Infezioni della mammella e del capezzolo associate alla nascita",
  "status": "active",
  "compose": {
    "include": [ {
      "system": "http://hl7.org/fhir/sid/icd-9-cm",
      "concept": [ {
        "code": "6750",
        "display": "Infezioni del capezzolo"
      }, {
        "code": "67500",
        "display": "Infezioni del capezzolo, episodio di assistenza non specificato"
      }, {
        "code": "67501",
        "display": "Infezioni del capezzolo, parto, con o senza menzione della condizione antepartum"
      }, {
        "code": "67502",
        "display": "Infezioni del capezzolo, parto, con menzione delle complicazioni postpartum"
      }, {
        "code": "67503",
        "display": "Infezioni del capezzolo, condizione o complicazione antepartum"
      }, {
        "code": "67504",
        "display": "Infezioni del capezzolo, condizione o complicazione postpartum"
      }, {
        "code": "6751",
        "display": "Ascesso della mammella"
      }, {
        "code": "67510",
        "display": "Ascesso della mammella, episodio di assistenza non specificato"
      }, {
        "code": "67511",
        "display": "Ascesso della mammella, parto, con o senza menzione della condizione antepartum"
      }, {
        "code": "67512",
        "display": "Ascesso della mammella, parto, con menzione delle complicazioni postpartum"
      }, {
        "code": "67513",
        "display": "Ascesso della mammella, condizione o complicazione antepartum"
      }, {
        "code": "67514",
        "display": "Ascesso della mammella, condizione o complicazione postpartum"
      }, {
        "code": "6752",
        "display": "Mastite non purulenta"
      }, {
        "code": "67520",
        "display": "Mastite non purulenta, episodio di assistenza non specificato"
      }, {
        "code": "67521",
        "display": "Mastite non purulenta, parto, con o senza menzione della condizione antepartum"
      }, {
        "code": "67522",
        "display": "Mastite non purulenta, parto, con menzione delle complicazioni postpartum"
      }, {
        "code": "67523",
        "display": "Mastite non purulenta, condizione o complicazione antepartum"
      }, {
        "code": "67524",
        "display": "Mastite non purulenta, condizione o complicazione postpartum"
      }, {
        "code": "6758",
        "display": "Altre infezioni specificatamente del seno e del capezzolo"
      }, {
        "code": "67580",
        "display": "Altre infezioni specificatamente del seno e del capezzolo, episodio di assistenza non specificato"
      }, {
        "code": "67581",
        "display": "Altre infezioni specificatamente del seno e del capezzolo, parto, con o senza menzione della condizione antepartum"
      }, {
        "code": "67582",
        "display": "Altre infezioni specificatamente del seno e del capezzolo, parto, con menzione delle complicazioni postpartum"
      }, {
        "code": "67583",
        "display": "Altre infezioni specificatamente del seno e del capezzolo, condizione o complicazione antepartum"
      }, {
        "code": "67584",
        "display": "Altre infezioni specificatamente del seno e del capezzolo, condizione o complicazione postpartum"
      }, {
        "code": "6759",
        "display": "Infezione non specificata del seno e del capezzolo"
      }, {
        "code": "67590",
        "display": "Infezione non specificata del seno e del capezzolo, episodio di assistenza non specificato"
      }, {
        "code": "67591",
        "display": "Infezione non specificata del seno e del capezzolo, parto, con o senza menzione della condizione antepartum"
      }, {
        "code": "67592",
        "display": "Infezione non specificata del seno e del capezzolo, parto, con menzione delle complicazioni postpartum"
      }, {
        "code": "67593",
        "display": "Infezione non specificata del seno e del capezzolo, condizione o complicazione antepartum"
      }, {
        "code": "67594",
        "display": "Infezione non specificata del seno e del capezzolo, condizione o complicazione postpartum"
      } ]
    } ]
  }
}