{
  "resourceType": "ValueSet",
  "url": "http://hl7.org/fhir/sid/icd-9-cm-282",
  "version": "1.0",
  "name": "Diagnosi-Disturbi psichici specifici non psicotici dovuti a danno cerebrale",
  "title": "Disturbi psichici specifici non psicotici dovuti a danno cerebrale",
  "status": "active",
  "compose": {
    "include": [ {
      "system": "http://hl7.org/fhir/sid/icd-9-cm",
      "concept": [ {
        "code": "3100",
        "display": "Sindrome del lobo frontale"
      }, {
        "code": "3101",
        "display": "Modificazione della personalita' dovuta a condizioni patologiche classificate altrove"
      }, {
        "code": "3102",
        "display": "Sindrome post-commotiva"
      }, {
        "code": "3108",
        "display": "Altri disturbi non psicotici specificati successivi a danno organico cerebrale"
      }, {
        "code": "3109",
        "display": "Disturbi mentali non psicotici non specificati successivi a danno organico cerebrale"
      } ]
    } ]
  }
}