{
  "resourceType": "ValueSet",
  "url": "http://hl7.org/fhir/sid/icd-9-cm-913",
  "version": "1.0",
  "name": "Diagnosi-Complicazioni peculiari di alcuni interventi specificati",
  "title": "Complicazioni peculiari di alcuni interventi specificati",
  "status": "active",
  "compose": {
    "include": [ {
      "system": "http://hl7.org/fhir/sid/icd-9-cm",
      "concept": [ {
        "code": "9960",
        "display": "Complicazioni meccaniche di dispositivi, impianti e innesti cardiaci"
      }, {
        "code": "99600",
        "display": "Complicazioni meccaniche di dispositivi, impianti e innesti cardiaci non specificati"
      }, {
        "code": "99601",
        "display": "Complicazioni meccaniche da pacemaker cardiaco (elettrodo)"
      }, {
        "code": "99602",
        "display": "Complicazioni meccaniche da protesi valvolare cardiaca"
      }, {
        "code": "99603",
        "display": "Complicazioni meccaniche da innesto di by-pass coronarico"
      }, {
        "code": "99604",
        "display": "Complicazioni meccaniche del defibrillatore cardiaco automatico impiantabile"
      }, {
        "code": "99609",
        "display": "Altre complicazioni meccaniche di dispositivi, impianti e innesti cardiaci"
      }, {
        "code": "9961",
        "display": "Complicazioni meccaniche di altri dispositivi, impianti e innesti vascolari"
      }, {
        "code": "9962",
        "display": "Complicazioni meccaniche di dispositivi, impianti e innesti del sistema nervoso"
      }, {
        "code": "9963",
        "display": "Complicazioni meccaniche di dispositivi, impianti e innesti dell' apparato genitourinario"
      }, {
        "code": "99630",
        "display": "Complicazioni meccaniche di dispositivi, impianti e innesti dell' apparato genitourinario non specificati"
      }, {
        "code": "99631",
        "display": "Complicazioni meccaniche da catetere uretrale (permanente)"
      }, {
        "code": "99632",
        "display": "Complicazioni meccaniche da dispositivo contraccettivo intrauterino"
      }, {
        "code": "99639",
        "display": "Altre complicazioni meccaniche di dispositivi, impianti e innesti dell' apparato genitourinario"
      }, {
        "code": "9964",
        "display": "Complicazioni meccaniche di dispositivi, impianti e innesti ortopedici interni"
      }, {
        "code": "99640",
        "display": "Complicazioni meccaniche non specificate di dispositivi, impianti e innesti ortopedici interni"
      }, {
        "code": "99641",
        "display": "Allentamento meccanico della protesi articolare"
      }, {
        "code": "99642",
        "display": "Dislocazione della protesi articolare"
      }, {
        "code": "99643",
        "display": "Fallimento dell'  impianto della protesi articolare"
      }, {
        "code": "99644",
        "display": "Frattura peri-protesica intorno alla protesi articolare"
      }, {
        "code": "99645",
        "display": "Osteolisi peri-protesica"
      }, {
        "code": "99646",
        "display": "Usura della superficie articolare della protesi"
      }, {
        "code": "99647",
        "display": "Altre complicazioni meccaniche dell' impianto della protesi articolare"
      }, {
        "code": "99649",
        "display": "Altre complicazioni meccaniche di altri dispositivi ortopedici interni, impianti e innesti"
      }, {
        "code": "9965",
        "display": "Complicazioni meccaniche di altri impianti, protesi e innesti specificati"
      }, {
        "code": "99651",
        "display": "Complicazioni meccaniche di innesti protesici corneali"
      }, {
        "code": "99652",
        "display": "Complicazioni meccaniche di innesti protesici di altri tessuti non classificati altrove"
      }, {
        "code": "99653",
        "display": "Complicazioni meccaniche di lenti oculari protesiche"
      }, {
        "code": "99654",
        "display": "Complicazioni meccaniche di protesi mammarie"
      }, {
        "code": "99655",
        "display": "Complicazioni meccaniche da innesto cutaneo artificiale e da alloderma decellularizzato"
      }, {
        "code": "99656",
        "display": "Complicazioni meccaniche da catetere per dialisi peritoneale"
      }, {
        "code": "99657",
        "display": "Complicazioni meccaniche dovute alla pompa insulinica"
      }, {
        "code": "99659",
        "display": "Complicazioni meccaniche di altri impianti e dispositivi interni non classificati altrove"
      }, {
        "code": "9966",
        "display": "Infezione e reazione infiammatoria da protesi, impianti e innesti interni"
      }, {
        "code": "99660",
        "display": "Infezione e reazione infiammatoria da protesi, impianti e innesti non specificati"
      }, {
        "code": "99661",
        "display": "Infezione e reazione infiammatoria da protesi, impianti e innesti cardiaci"
      }, {
        "code": "99662",
        "display": "Infezione e reazione infiammatoria da altre protesi, impianti e innesti vascolari"
      }, {
        "code": "99663",
        "display": "Infezione e reazione infiammatoria da protesi, impianti e innesti del sistema nervoso"
      }, {
        "code": "99664",
        "display": "Infezione e reazione infiammatoria da catetere urinario a permanenza"
      }, {
        "code": "99665",
        "display": "Infezione e reazione infiammatoria da altre protesi, impianti e innesti dell' apparato genitourinario"
      }, {
        "code": "99666",
        "display": "Infezione e reazione infiammatoria da protesi articolari interne"
      }, {
        "code": "99667",
        "display": "Infezione e reazione infiammatoria da altre protesi, impianti e innesti ortopedici interni"
      }, {
        "code": "99668",
        "display": "Infezione e reazione infiammatoria da catetere per dialisi peritoneale"
      }, {
        "code": "99669",
        "display": "Infezione e reazione infiammatoria da altre protesi, impianti e innesti interni"
      }, {
        "code": "9967",
        "display": "Altre complicazioni di protesi, impianti e innesti interni (biologici) (sintetici)"
      }, {
        "code": "99670",
        "display": "Altre complicazioni da protesi, impianti e innesti non specificati"
      }, {
        "code": "99671",
        "display": "Altre complicazioni da protesi valvolari cardiache"
      }, {
        "code": "99672",
        "display": "Altre complicazioni da altre protesi, impianti e innesti cardiaci"
      }, {
        "code": "99673",
        "display": "Altre complicazioni da protesi, impianti e innesti per dialisi renale"
      }, {
        "code": "99674",
        "display": "Altre complicazioni da altre protesi, impianti e innesti vascolari"
      }, {
        "code": "99675",
        "display": "Altre complicazioni da protesi, impianti e innesti del sistema nervoso"
      }, {
        "code": "99676",
        "display": "Altre complicazioni da protesi, impianti e innesti dell' apparato genitourinario"
      }, {
        "code": "99677",
        "display": "Altre complicazioni da protesi articolari interne"
      }, {
        "code": "99678",
        "display": "Altre complicazioni da altre protesi, impianti e innesti interni ortopedici"
      }, {
        "code": "99679",
        "display": "Altre complicazioni da altre protesi, impianti e innesti interni"
      }, {
        "code": "9968",
        "display": "Complicazioni di trapianto di organo"
      }, {
        "code": "99680",
        "display": "Complicazioni di trapianto d'organo non specificate"
      }, {
        "code": "99681",
        "display": "Complicazioni di trapianto di rene"
      }, {
        "code": "99682",
        "display": "Complicazioni di trapianto di fegato"
      }, {
        "code": "99683",
        "display": "Complicazioni di trapianto di cuore"
      }, {
        "code": "99684",
        "display": "Complicazioni di trapianto di polmone"
      }, {
        "code": "99685",
        "display": "Complicazioni di trapianto di midollo osseo"
      }, {
        "code": "99686",
        "display": "Complicazioni di trapianto di pancreas"
      }, {
        "code": "99687",
        "display": "Complicazioni di trapianto di intestino"
      }, {
        "code": "99689",
        "display": "Complicazioni di altri trapianti d'organo specificati"
      }, {
        "code": "9969",
        "display": "Complicazioni di riattaccamento di estremita' o parti del corpo amputate"
      }, {
        "code": "99690",
        "display": "Complicazioni di riattaccamento di estremita' non specificate"
      }, {
        "code": "99691",
        "display": "Complicazioni di riattaccamento dell' avambraccio"
      }, {
        "code": "99692",
        "display": "Complicazioni di riattaccamento della mano"
      }, {
        "code": "99693",
        "display": "Complicazioni di riattaccamento di un dito (o piu' dita)"
      }, {
        "code": "99694",
        "display": "Complicazioni di riattaccamento di estremita' superiori, altre e non specificate"
      }, {
        "code": "99695",
        "display": "Complicazioni di riattaccamento del piede e delle dita del piede"
      }, {
        "code": "99696",
        "display": "Complicazioni di riattaccamento di estremita' inferiori, altre e non specificate"
      }, {
        "code": "99699",
        "display": "Complicazioni di riattaccamento di altre specificate parti del corpo"
      } ]
    } ]
  }
}