{
  "resourceType": "ValueSet",
  "url": "http://hl7.org/fhir/sid/icd-9-cm-37",
  "version": "1.0",
  "name": "Diagnosi-Altre malattie batteriche",
  "title": "Altre malattie batteriche",
  "status": "active",
  "compose": {
    "include": [ {
      "system": "http://hl7.org/fhir/sid/icd-9-cm",
      "concept": [ {
        "code": "0400",
        "display": "Gangrena gassosa"
      }, {
        "code": "0401",
        "display": "Rinoscleroma"
      }, {
        "code": "0402",
        "display": "Malattia di Whipple"
      }, {
        "code": "0403",
        "display": "Necrobacillosi"
      }, {
        "code": "0408",
        "display": "Altre malattie batteriche specificate"
      }, {
        "code": "04081",
        "display": "Piomiosite tropicale"
      }, {
        "code": "04082",
        "display": "Sindrome dello shock tossico"
      }, {
        "code": "04089",
        "display": "Altre malattie batteriche specificate"
      } ]
    } ]
  }
}