{
  "resourceType": "ValueSet",
  "url": "http://hl7.org/fhir/sid/icd-9-cm-746",
  "version": "1.0",
  "name": "Diagnosi-Fratture multiple di ambedue gli arti superiori e dell' arto superiore con le costole e lo sterno",
  "title": "Fratture multiple di ambedue gli arti superiori e dell' arto superiore con le costole e lo sterno",
  "status": "active",
  "compose": {
    "include": [ {
      "system": "http://hl7.org/fhir/sid/icd-9-cm",
      "concept": [ {
        "code": "8190",
        "display": "Fratture multiple chiuse di ambedue gli arti superiori e dell' arto superiore con le costole e lo sterno"
      }, {
        "code": "8191",
        "display": "Fratture multiple esposte di ambedue gli arti superiori e dell' arto superiore con le costole e lo sterno"
      } ]
    } ]
  }
}