{
  "resourceType": "ValueSet",
  "url": "http://hl7.org/fhir/sid/icd-9-cm-731",
  "version": "1.0",
  "name": "Diagnosi-Fratture multiple relative al cranio o alla faccia unitamente con altre ossa",
  "title": "Fratture multiple relative al cranio o alla faccia unitamente con altre ossa",
  "status": "active",
  "compose": {
    "include": [ {
      "system": "http://hl7.org/fhir/sid/icd-9-cm",
      "concept": [ {
        "code": "8040",
        "display": "Fratture chiuse relative al cranio o alla faccia unitamente con altre ossa, senza menzione di traumatismo intracranico"
      }, {
        "code": "80400",
        "display": "Fratture chiuse relative al cranio o alla faccia unitamente con altre ossa, senza menzione di traumatismo intracranico, stato di coscienza non specificato"
      }, {
        "code": "80401",
        "display": "Fratture chiuse relative al cranio o alla faccia unitamente con altre ossa, senza menzione di traumatismo intracranico, senza perdita di coscienza"
      }, {
        "code": "80402",
        "display": "Fratture chiuse relative al cranio o alla faccia unitamente con altre ossa, senza menzione di traumatismo intracranico, con perdita di coscienza di durata inferiore a 1 ora"
      }, {
        "code": "80403",
        "display": "Fratture chiuse relative al cranio o alla faccia unitamente con altre ossa, senza menzione di traumatismo intracranico, con perdita di coscienza di durata compresa tra 1 e 24 ore"
      }, {
        "code": "80404",
        "display": "Fratture chiuse relative al cranio o alla faccia unitamente con altre ossa, senza menzione di traumatismo intracranico, con perdita di coscienza di durata superiore a 24 ore e ritorno allo stato di coscienza preesistente"
      }, {
        "code": "80405",
        "display": "Fratture chiuse relative al cranio o alla faccia unitamente con altre ossa, senza menzione di traumatismo intracranico, con perdita di coscienza di durata superiore a 24 ore senza ritorno allo stato di coscienza preesistente"
      }, {
        "code": "80406",
        "display": "Fratture chiuse relative al cranio o alla faccia unitamente con altre ossa, senza menzione di traumatismo intracranico, con perdita di coscienza di durata non specificata"
      }, {
        "code": "80409",
        "display": "Fratture chiuse relative al cranio o alla faccia unitamente con altre ossa, senza menzione di traumatismo intracranico, con commozione cerebrale, non specificata"
      }, {
        "code": "8041",
        "display": "Fratture chiuse relative al cranio o alla faccia unitamente con altre ossa, con lacerazione e contusione cerebrale"
      }, {
        "code": "80410",
        "display": "Fratture chiuse relative al cranio o alla faccia unitamente con altre ossa, con lacerazione e contusione cerebrale, stato di coscienza non specificato"
      }, {
        "code": "80411",
        "display": "Fratture chiuse relative al cranio o alla faccia unitamente con altre ossa, con lacerazione e contusione cerebrale, senza perdita di coscienza"
      }, {
        "code": "80412",
        "display": "Fratture chiuse relative al cranio o alla faccia unitamente con altre ossa, con lacerazione e contusione cerebrale, con perdita di coscienza di durata inferiore a 1 ora"
      }, {
        "code": "80413",
        "display": "Fratture chiuse relative al cranio o alla faccia unitamente con altre ossa, con lacerazione e contusione cerebrale, con perdita di coscienza di durata compresa tra 1 e 24 ore"
      }, {
        "code": "80414",
        "display": "Fratture chiuse relative al cranio o alla faccia unitamente con altre ossa, con lacerazione e contusione cerebrale, con perdita di coscienza di durata superiore a 24 ore e ritorno allo stato di coscienza preesistente"
      }, {
        "code": "80415",
        "display": "Fratture chiuse relative al cranio o alla faccia unitamente con altre ossa, con lacerazione e contusione cerebrale, con perdita di coscienza di durata superiore a 24 ore senza ritorno allo stato di coscienza preesistente"
      }, {
        "code": "80416",
        "display": "Fratture chiuse relative al cranio o alla faccia unitamente con altre ossa, con lacerazione e contusione cerebrale, con perdita di coscienza di durata non specificata"
      }, {
        "code": "80419",
        "display": "Fratture chiuse relative al cranio o alla faccia unitamente con altre ossa, con lacerazione e contusione cerebrale, con commozione cerebrale, non specificata"
      }, {
        "code": "8042",
        "display": "Fratture chiuse relative al cranio o alla faccia unitamente con altre ossa, con emorragia subaracnoidea, subdurale e extradurale"
      }, {
        "code": "80420",
        "display": "Fratture chiuse relative al cranio o alla faccia unitamente con altre ossa, con emorragia subaracnoidea, subdurale e extradurale, stato di coscienza non specificato"
      }, {
        "code": "80421",
        "display": "Fratture chiuse relative al cranio o alla faccia unitamente con altre ossa, con emorragia subaracnoidea, subdurale e extradurale, senza perdita di coscienza"
      }, {
        "code": "80422",
        "display": "Fratture chiuse relative al cranio o alla faccia unitamente con altre ossa, con emorragia subaracnoidea, subdurale e extradurale, con perdita di coscienza di durata inferiore a 1 ora"
      }, {
        "code": "80423",
        "display": "Fratture chiuse relative al cranio o alla faccia unitamente con altre ossa, con emorragia subaracnoidea, subdurale e extradurale, con perdita di coscienza di durata compresa tra 1 e 24 ore"
      }, {
        "code": "80424",
        "display": "Fratture chiuse relative al cranio o alla faccia unitamente con altre ossa, con emorragia subaracnoidea, subdurale e extradurale, con perdita di coscienza di durata superiore a 24 ore e ritorno allo stato di coscienza preesistente"
      }, {
        "code": "80425",
        "display": "Fratture chiuse relative al cranio o alla faccia unitamente con altre ossa, con emorragia subaracnoidea, subdurale e extradurale, con perdita di coscienza di durata superiore a 24 ore senza ritorno allo stato di coscienza preesistente"
      }, {
        "code": "80426",
        "display": "Fratture chiuse relative al cranio o alla faccia unitamente con altre ossa, con emorragia subaracnoidea, subdurale e extradurale, con perdita di coscienza di durata non specificata"
      }, {
        "code": "80429",
        "display": "Fratture chiuse relative al cranio o alla faccia unitamente con altre ossa, con emorragia subaracnoidea, subdurale e extradurale, con commozione cerebrale, non specificata"
      }, {
        "code": "8043",
        "display": "Fratture chiuse relative al cranio o alla faccia unitamente con altre ossa, con altra e non specificata emorragia intracranica"
      }, {
        "code": "80430",
        "display": "Fratture chiuse relative al cranio o alla faccia unitamente con altre ossa, con altra e non specificata emorragia intracranica, stato di coscienza non specificato"
      }, {
        "code": "80431",
        "display": "Fratture chiuse relative al cranio o alla faccia unitamente con altre ossa, con altra e non specificata emorragia intracranica, senza perdita di coscienza"
      }, {
        "code": "80432",
        "display": "Fratture chiuse relative al cranio o alla faccia unitamente con altre ossa, con altra e non specificata emorragia intracranica, con perdita di coscienza di durata inferiore a 1 ora"
      }, {
        "code": "80433",
        "display": "Fratture chiuse relative al cranio o alla faccia unitamente con altre ossa, con altra e non specificata emorragia intracranica, con perdita di coscienza di durata compresa tra 1 e 24 ore"
      }, {
        "code": "80434",
        "display": "Fratture chiuse relative al cranio o alla faccia unitamente con altre ossa, con altra e non specificata emorragia intracranica, con perdita di coscienza di durata superiore a 24 ore e ritorno allo stato di coscienza preesistente"
      }, {
        "code": "80435",
        "display": "Fratture chiuse relative al cranio o alla faccia unitamente con altre ossa, con altra e non specificata emorragia intracranica, con perdita di coscienza di durata superiore a 24 ore senza ritorno allo stato di coscienza preesistente"
      }, {
        "code": "80436",
        "display": "Fratture chiuse relative al cranio o alla faccia unitamente con altre ossa, con altra e non specificata emorragia intracranica, con perdita di coscienza di durata non specificata"
      }, {
        "code": "80439",
        "display": "Fratture chiuse relative al cranio o alla faccia unitamente con altre ossa, con altra e non specificata emorragia intracranica, con commozione cerebrale, non specificata"
      }, {
        "code": "8044",
        "display": "Fratture chiuse relative al cranio o alla faccia unitamente con altre ossa, con traumatismo intracranico di altra e non specificata natura"
      }, {
        "code": "80440",
        "display": "Fratture chiuse relative al cranio o alla faccia unitamente con altre ossa, con traumatismo intracranico di altra e non specificata natura, stato di coscienza non specificato"
      }, {
        "code": "80441",
        "display": "Fratture chiuse relative al cranio o alla faccia unitamente con altre ossa, con traumatismo intracranico di altra e non specificata natura, senza perdita di coscienza"
      }, {
        "code": "80442",
        "display": "Fratture chiuse relative al cranio o alla faccia unitamente con altre ossa, con traumatismo intracranico di altra e non specificata natura, con perdita di coscienza di durata inferiore a 1 ora"
      }, {
        "code": "80443",
        "display": "Fratture chiuse relative al cranio o alla faccia unitamente con altre ossa, con traumatismo intracranico di altra e non specificata natura, con perdita di coscienza di durata compresa tra 1 e 24 ore"
      }, {
        "code": "80444",
        "display": "Fratture chiuse relative al cranio o alla faccia unitamente con altre ossa, con traumatismo intracranico di altra e non specificata natura, con perdita di coscienza di durata superiore a 24 ore e ritorno allo stato di coscienza preesistente"
      }, {
        "code": "80445",
        "display": "Fratture chiuse relative al cranio o alla faccia unitamente con altre ossa, con traumatismo intracranico di altra e non specificata natura, con perdita di coscienza di durata superiore a 24 ore senza ritorno allo stato di coscienza preesistente"
      }, {
        "code": "80446",
        "display": "Fratture chiuse relative al cranio o alla faccia unitamente con altre ossa, con traumatismo intracranico di altra e non specificata natura, con perdita di coscienza di durata non specificata"
      }, {
        "code": "80449",
        "display": "Fratture chiuse relative al cranio o alla faccia unitamente con altre ossa, con traumatismo intracranico di altra e non specificata natura, con commozione cerebrale, non specificata"
      }, {
        "code": "8045",
        "display": "Fratture esposte relative al cranio o alla faccia unitamente con altre ossa, senza menzione di traumatismo intracranico"
      }, {
        "code": "80450",
        "display": "Fratture esposte relative al cranio o alla faccia unitamente con altre ossa, senza menzione di traumatismo intracranico, stato di coscienza non specificato"
      }, {
        "code": "80451",
        "display": "Fratture esposte relative al cranio o alla faccia unitamente con altre ossa, senza menzione di traumatismo intracranico, senza perdita di coscienza"
      }, {
        "code": "80452",
        "display": "Fratture esposte relative al cranio o alla faccia unitamente con altre ossa, senza menzione di traumatismo intracranico, con perdita di coscienza di durata inferiore a 1 ora"
      }, {
        "code": "80453",
        "display": "Fratture esposte relative al cranio o alla faccia unitamente con altre ossa, senza menzione di traumatismo intracranico, con perdita di coscienza di durata compresa tra 1 e 24 ore"
      }, {
        "code": "80454",
        "display": "Fratture esposte relative al cranio o alla faccia unitamente con altre ossa, senza menzione di traumatismo intracranico, con perdita di coscienza di durata superiore a 24 ore e ritorno allo stato di coscienza preesistente"
      }, {
        "code": "80455",
        "display": "Fratture esposte relative al cranio o alla faccia unitamente con altre ossa, senza menzione di traumatismo intracranico, con perdita di coscienza di durata superiore a 24 ore senza ritorno allo stato di coscienza preesistente"
      }, {
        "code": "80456",
        "display": "Fratture esposte relative al cranio o alla faccia unitamente con altre ossa, senza menzione di traumatismo intracranico, con perdita di coscienza di durata non specificata"
      }, {
        "code": "80459",
        "display": "Fratture esposte relative al cranio o alla faccia unitamente con altre ossa, senza menzione di traumatismo intracranico, con commozione cerebrale, non specificata"
      }, {
        "code": "8046",
        "display": "Fratture esposte relative al cranio o alla faccia unitamente con altre ossa, con lacerazione e contusione cerebrale"
      }, {
        "code": "80460",
        "display": "Fratture esposte relative al cranio o alla faccia unitamente con altre ossa, con lacerazione e contusione cerebrale, stato di coscienza non specificato"
      }, {
        "code": "80461",
        "display": "Fratture esposte relative al cranio o alla faccia unitamente con altre ossa, con lacerazione e contusione cerebrale, senza perdita di coscienza"
      }, {
        "code": "80462",
        "display": "Fratture esposte relative al cranio o alla faccia unitamente con altre ossa, con lacerazione e contusione cerebrale, con perdita di coscienza di durata inferiore a 1 ora"
      }, {
        "code": "80463",
        "display": "Fratture esposte relative al cranio o alla faccia unitamente con altre ossa, con lacerazione e contusione cerebrale, con perdita di coscienza di durata compresa tra 1 e 24 ore"
      }, {
        "code": "80464",
        "display": "Fratture esposte relative al cranio o alla faccia unitamente con altre ossa, con lacerazione e contusione cerebrale, con perdita di coscienza di durata superiore a 24 ore e ritorno allo stato di coscienza preesistente"
      }, {
        "code": "80465",
        "display": "Fratture esposte relative al cranio o alla faccia unitamente con altre ossa, con lacerazione e contusione cerebrale, con perdita di coscienza di durata superiore a 24 ore senza ritorno allo stato di coscienza preesistente"
      }, {
        "code": "80466",
        "display": "Fratture esposte relative al cranio o alla faccia unitamente con altre ossa, con lacerazione e contusione cerebrale, con perdita di coscienza di durata non specificata"
      }, {
        "code": "80469",
        "display": "Fratture esposte relative al cranio o alla faccia unitamente con altre ossa, con lacerazione e contusione cerebrale, con commozione cerebrale, non specificata"
      }, {
        "code": "8047",
        "display": "Fratture esposte relative al cranio o alla faccia unitamente con altre ossa, con emorragia subaracnoidea, subdurale ed extradurale"
      }, {
        "code": "80470",
        "display": "Fratture esposte relative al cranio o alla faccia unitamente con altre ossa, con emorragia subaracnoidea, subdurale ed extradurale, stato di coscienza non specificato"
      }, {
        "code": "80471",
        "display": "Fratture esposte relative al cranio o alla faccia unitamente con altre ossa, con emorragia subaracnoidea, subdurale ed extradurale, senza perdita di coscienza"
      }, {
        "code": "80472",
        "display": "Fratture esposte relative al cranio o alla faccia unitamente con altre ossa, con emorragia subaracnoidea, subdurale ed extradurale, con perdita di coscienza di durata inferiore a 1 ora"
      }, {
        "code": "80473",
        "display": "Fratture esposte relative al cranio o alla faccia unitamente con altre ossa, con emorragia subaracnoidea, subdurale ed extradurale, con perdita di coscienza di durata compresa tra 1 e 24 ore"
      }, {
        "code": "80474",
        "display": "Fratture esposte relative al cranio o alla faccia unitamente con altre ossa, con emorragia subaracnoidea, subdurale ed extradurale, con perdita di coscienza di durata superiore a 24 ore e ritorno allo stato di coscienza preesistente"
      }, {
        "code": "80475",
        "display": "Fratture esposte relative al cranio o alla faccia unitamente con altre ossa, con emorragia subaracnoidea, subdurale ed extradurale, con perdita di coscienza di durata superiore a 24 ore senza ritorno allo stato di coscienza preesistente"
      }, {
        "code": "80476",
        "display": "Fratture esposte relative al cranio o alla faccia unitamente con altre ossa, con emorragia subaracnoidea, subdurale ed extradurale, con perdita di coscienza di durata non specificata"
      }, {
        "code": "80479",
        "display": "Fratture esposte relative al cranio o alla faccia unitamente con altre ossa, con emorragia subaracnoidea, subdurale ed extradurale, con commozione cerebrale, non specificata"
      }, {
        "code": "8048",
        "display": "Fratture esposte relative al cranio o alla faccia unitamente con altre ossa, con altra e non specificata emorragia intracranica"
      }, {
        "code": "80480",
        "display": "Fratture esposte relative al cranio o alla faccia unitamente con altre ossa, con altra e non specificata emorragia intracranica, stato di coscienza non specificato"
      }, {
        "code": "80481",
        "display": "Fratture esposte relative al cranio o alla faccia unitamente con altre ossa, con altra e non specificata emorragia intracranica, senza perdita di coscienza"
      }, {
        "code": "80482",
        "display": "Fratture esposte relative al cranio o alla faccia unitamente con altre ossa, con altra e non specificata emorragia intracranica, con perdita di coscienza di durata inferiore a 1 ora"
      }, {
        "code": "80483",
        "display": "Fratture esposte relative al cranio o alla faccia unitamente con altre ossa, con altra e non specificata emorragia intracranica, con perdita di coscienza di durata compresa tra 1 e 24 ore"
      }, {
        "code": "80484",
        "display": "Fratture esposte relative al cranio o alla faccia unitamente con altre ossa, con altra e non specificata emorragia intracranica, con perdita di coscienza di durata superiore a 24 ore e ritorno allo stato di coscienza preesistente"
      }, {
        "code": "80485",
        "display": "Fratture esposte relative al cranio o alla faccia unitamente con altre ossa, con altra e non specificata emorragia intracranica, con perdita di coscienza di durata superiore a 24 ore senza ritorno allo stato di coscienza preesistente"
      }, {
        "code": "80486",
        "display": "Fratture esposte relative al cranio o alla faccia unitamente con altre ossa, con altra e non specificata emorragia intracranica, con perdita di coscienza di durata non specificata"
      }, {
        "code": "80489",
        "display": "Fratture esposte relative al cranio o alla faccia unitamente con altre ossa, con altra e non specificata emorragia intracranica, con commozione cerebrale, non specificata"
      }, {
        "code": "8049",
        "display": "Fratture esposte relative al cranio o alla faccia unitamente con altre ossa, con traumatismo intracranico di altra e non specificata natura"
      }, {
        "code": "80490",
        "display": "Fratture esposte relative al cranio o alla faccia unitamente con altre ossa, con traumatismo intracranico di altra e non specificata natura, stato di coscienza non specificato"
      }, {
        "code": "80491",
        "display": "Fratture esposte relative al cranio o alla faccia unitamente con altre ossa, con traumatismo intracranico di altra e non specificata natura, senza perdita di coscienza"
      }, {
        "code": "80492",
        "display": "Fratture esposte relative al cranio o alla faccia unitamente con altre ossa, con traumatismo intracranico di altra e non specificata natura, con perdita di coscienza di durata inferiore a 1 ora"
      }, {
        "code": "80493",
        "display": "Fratture esposte relative al cranio o alla faccia unitamente con altre ossa, con traumatismo intracranico di altra e non specificata natura, con perdita di coscienza di durata compresa tra 1 e 24 ore"
      }, {
        "code": "80494",
        "display": "Fratture esposte relative al cranio o alla faccia unitamente con altre ossa, con traumatismo intracranico di altra e non specificata natura, con perdita di coscienza di durata superiore a 24 ore e ritorno allo stato di coscienza preesistente"
      }, {
        "code": "80495",
        "display": "Fratture esposte relative al cranio o alla faccia unitamente con altre ossa, con traumatismo intracranico di altra e non specificata natura, con perdita di coscienza di durata superiore a 24 ore senza ritorno allo stato di coscienza preesistente"
      }, {
        "code": "80496",
        "display": "Fratture esposte relative al cranio o alla faccia unitamente con altre ossa, con traumatismo intracranico di altra e non specificata natura, con perdita di coscienza di durata non specificata"
      }, {
        "code": "80499",
        "display": "Fratture esposte relative al cranio o alla faccia unitamente con altre ossa, con traumatismo intracranico di altra e non specificata natura, con commozione cerebrale, non specificata"
      } ]
    } ]
  }
}