{
  "resourceType": "ValueSet",
  "url": "http://hl7.org/fhir/sid/icd-9-cm-801",
  "version": "1.0",
  "name": "Diagnosi-Ferita della spalla e del braccio",
  "title": "Ferita della spalla e del braccio",
  "status": "active",
  "compose": {
    "include": [ {
      "system": "http://hl7.org/fhir/sid/icd-9-cm",
      "concept": [ {
        "code": "8800",
        "display": "Ferita della spalla e del braccio, senza menzione di complicazione"
      }, {
        "code": "88000",
        "display": "Ferita della regione della spalla, senza menzione di complicazione"
      }, {
        "code": "88001",
        "display": "Ferita della regione della scapola, senza menzione di complicazione"
      }, {
        "code": "88002",
        "display": "Ferita della regione ascellare, senza menzione di complicazione"
      }, {
        "code": "88003",
        "display": "Ferita del braccio superiore, senza menzione di complicazione"
      }, {
        "code": "88009",
        "display": "Ferita della siti multipli della spalla e del braccio, senza menzione di complicazione"
      }, {
        "code": "8801",
        "display": "Ferita della spalla e del braccio, con complicazione"
      }, {
        "code": "88010",
        "display": "Ferita della regione della spalla, con complicazione"
      }, {
        "code": "88011",
        "display": "Ferita della regione della scapola, con complicazione"
      }, {
        "code": "88012",
        "display": "Ferita della regione ascellare, con complicazione"
      }, {
        "code": "88013",
        "display": "Ferita del braccio superiore, con complicazione"
      }, {
        "code": "88019",
        "display": "Ferita di siti multipli della spalla e del braccio, con complicazione"
      }, {
        "code": "8802",
        "display": "Ferita della spalla e del braccio, con interessamento dei tendini"
      }, {
        "code": "88020",
        "display": "Ferita della regione della spalla, con interessamento dei tendini"
      }, {
        "code": "88021",
        "display": "Ferita della regione della scapola, con interessamento dei tendini"
      }, {
        "code": "88022",
        "display": "Ferita della regione ascellare, con interessamento dei tendini"
      }, {
        "code": "88023",
        "display": "Ferita del braccio superiore, con interessamento dei tendini"
      }, {
        "code": "88029",
        "display": "Ferita di siti multipli, con interessamento dei tendini"
      } ]
    } ]
  }
}