{
  "resourceType": "ValueSet",
  "url": "http://hl7.org/fhir/sid/icd-9-cm-601",
  "version": "1.0",
  "name": "Diagnosi-Complicazioni da somministrazione di anestetici o altri sedativi nel corso del travaglio e del parto",
  "title": "Complicazioni da somministrazione di anestetici o altri sedativi nel corso del travaglio e del parto",
  "status": "active",
  "compose": {
    "include": [ {
      "system": "http://hl7.org/fhir/sid/icd-9-cm",
      "concept": [ {
        "code": "6680",
        "display": "Complicazioni polmonari"
      }, {
        "code": "66800",
        "display": "Complicazioni polmonari, episodio di cura non specificato"
      }, {
        "code": "66801",
        "display": "Complicazioni polmonari, parto, con o senza menzione delle manifestazioni antepartum"
      }, {
        "code": "66802",
        "display": "Complicazioni polmonari, parto, con menzione delle complicazioni postpartum"
      }, {
        "code": "66803",
        "display": "Complicazioni polmonari, condizione o complicazione antepartum"
      }, {
        "code": "66804",
        "display": "Complicazioni polmonari, condizione o complicazione postpartum"
      }, {
        "code": "6681",
        "display": "Complicazioni cardiache"
      }, {
        "code": "66810",
        "display": "Complicazioni cardiache, episodio di cura non specificato"
      }, {
        "code": "66811",
        "display": "Complicazioni cardiache, parto, con o senza menzione delle manifestazioni antepartum"
      }, {
        "code": "66812",
        "display": "Complicazioni cardiache, parto, con menzione delle complicazioni postpartum"
      }, {
        "code": "66813",
        "display": "Complicazioni cardiache, condizione o complicazione antepartum"
      }, {
        "code": "66814",
        "display": "Complicazioni cardiache, condizione o complicazione postpartum"
      }, {
        "code": "6682",
        "display": "Complicazioni del sistema nervoso centrale"
      }, {
        "code": "66820",
        "display": "Complicazioni del sistema nervoso centrale, episodio di cura non specificato"
      }, {
        "code": "66821",
        "display": "Complicazioni del sistema nervoso centrale, parto, con o senza menzione delle manifestazioni antepartum"
      }, {
        "code": "66822",
        "display": "Complicazioni del sistema nervoso centrale, parto, con menzione delle complicazioni postpartum"
      }, {
        "code": "66823",
        "display": "Complicazioni del sistema nervoso centrale, condizione o complicazione antepartum"
      }, {
        "code": "66824",
        "display": "Complicazioni del sistema nervoso centrale, condizione o complicazione postpartum"
      }, {
        "code": "6688",
        "display": "Altre complicazioni da anestesia o altri sedativi nel corso del travaglio e del parto"
      }, {
        "code": "66880",
        "display": "Altre complicazioni da anestesia o altri sedativi nel corso del travaglio e del parto, episodio di cura non specificato"
      }, {
        "code": "66881",
        "display": "Altre complicazioni da anestesia o altri sedativi nel corso del travaglio e del parto, parto, con o senza menzione delle manifestazioni antepartum"
      }, {
        "code": "66882",
        "display": "Altre complicazioni da anestesia o altri sedativi nel corso del travaglio e del parto, parto, con menzione delle complicazioni postpartum"
      }, {
        "code": "66883",
        "display": "Altre complicazioni da anestesia o altri sedativi nel corso del travaglio e del parto, condizione o complicazione antepartum"
      }, {
        "code": "66884",
        "display": "Altre complicazioni da anestesia o altri sedativi nel corso del travaglio e del parto, condizione o complicazione postpartum"
      }, {
        "code": "6689",
        "display": "Complicazione non specificata da anestesia o da altre sedazioni"
      }, {
        "code": "66890",
        "display": "Complicazione non specificata da anestesia o da altre sedazioni, episodio di cura non specificato"
      }, {
        "code": "66891",
        "display": "Complicazione non specificata da anestesia o da altre sedazioni, parto, con o senza menzione delle manifestazioni antepartum"
      }, {
        "code": "66892",
        "display": "Complicazione non specificata da anestesia o da altre sedazioni, parto, con menzione delle complicazioni postpartum"
      }, {
        "code": "66893",
        "display": "Complicazione non specificata da anestesia o da altre sedazioni, condizione o complicazione antepartum"
      }, {
        "code": "66894",
        "display": "Complicazione non specificata da anestesia o da altre sedazioni, condizione o complicazione postpartum"
      } ]
    } ]
  }
}