{
  "resourceType": "ValueSet",
  "url": "http://hl7.org/fhir/sid/icd-9-cm-925",
  "version": "1.0",
  "name": "Diagnosi-Infezione da microrganismi resistenti ai farmaci",
  "title": "Infezione da microrganismi resistenti ai farmaci",
  "status": "active",
  "compose": {
    "include": [ {
      "system": "http://hl7.org/fhir/sid/icd-9-cm",
      "concept": [ {
        "code": "V090",
        "display": "Infezione da microrganismi resistenti alla penicillina"
      }, {
        "code": "V091",
        "display": "Infezione da microrganismi resistenti alle cefalosporine e ad altri antibiotici"
      }, {
        "code": "V092",
        "display": "Infezione da microrganismi resistenti ai macrolidi"
      }, {
        "code": "V093",
        "display": "Infezione da microrganismi resistenti alle tetracicline"
      }, {
        "code": "V094",
        "display": "Infezione da microrganismi resistenti agli aminoglicosidi"
      }, {
        "code": "V095",
        "display": "Infezione da microorganismi resistenti a chinoloni e fluorochinoloni"
      }, {
        "code": "V0950",
        "display": "Senza menzione di resistenza a chinoloni e fluorochinoloni multipli"
      }, {
        "code": "V0951",
        "display": "Con resistenza a chinoloni e fluorochinoloni multipli"
      }, {
        "code": "V096",
        "display": "Infezione da microorganismi resistenti a sulfamidici"
      }, {
        "code": "V097",
        "display": "Infezione da microorganismi resistenti ad altri agenti antimicobatterici specifici"
      }, {
        "code": "V0970",
        "display": "Infezione da microorganismi resistenti ad altri agenti antimicobatterici specifici senza menzione di resistenza ad agenti antimicobatterici multipli"
      }, {
        "code": "V0971",
        "display": "Infezione da microorganismi resistenti ad altri agenti antimicobatterici specifici con resistenza ad agenti antimicobatterici multipli"
      }, {
        "code": "V098",
        "display": "Infezione da microorganismi resistenti ad altri farmaci specificati"
      }, {
        "code": "V0980",
        "display": "Infezione da microorganismi resistenti ad altri farmaci specificati senza menzione di resistenza a farmaci multipli"
      }, {
        "code": "V0981",
        "display": "Infezione da microorganismi resistenti ad altri farmaci specificati con resistenza a farmaci multipli"
      }, {
        "code": "V099",
        "display": "Infezione da microorganismi resistenti ai farmaci, non specificata"
      }, {
        "code": "V0990",
        "display": "Infezione da microorganismi resistenti ai farmaci, non specificata, senza menzione di resistenza a farmaci multipli"
      }, {
        "code": "V0991",
        "display": "Infezione da microorganismi resistenti ai farmaci, non specificata, con resistenza a farmaci multipli"
      } ]
    } ]
  }
}