{
  "resourceType": "ValueSet",
  "url": "http://hl7.org/fhir/sid/icd-9-cm-268",
  "version": "1.0",
  "name": "Diagnosi-Disturbi episodici dell' umore",
  "title": "Disturbi episodici dell' umore",
  "status": "active",
  "compose": {
    "include": [ {
      "system": "http://hl7.org/fhir/sid/icd-9-cm",
      "concept": [ {
        "code": "2960",
        "display": "Disturbo bipolare I, episodiomaniacale singolo"
      }, {
        "code": "29600",
        "display": "Disturbo bipolare I, episodio maniacale singolo, non specificato"
      }, {
        "code": "29601",
        "display": "Disturbo bipolare I, episodio maniacale singolo, lieve"
      }, {
        "code": "29602",
        "display": "Disturbo bipolare I, episodio maniacale singolo, moderato"
      }, {
        "code": "29603",
        "display": "Disturbo bipolare I, episodio maniacale singolo, grave, senza menzione di comportamento psicotico"
      }, {
        "code": "29604",
        "display": "Disturbo bipolare I, episodio maniacale singolo, grave, con comportamento psicotico"
      }, {
        "code": "29605",
        "display": "Disturbo bipolare I, episodio maniacale singolo, in remissione parziale o non specificata"
      }, {
        "code": "29606",
        "display": "Disturbo bipolare I, episodio maniacale singolo, in remissione completa"
      }, {
        "code": "2961",
        "display": "Mania, episodio ricorrente"
      }, {
        "code": "29610",
        "display": "Mania, episodio ricorrente, non specificato"
      }, {
        "code": "29611",
        "display": "Mania, episodio ricorrente, lieve"
      }, {
        "code": "29612",
        "display": "Mania, episodio ricorrente, moderato"
      }, {
        "code": "29613",
        "display": "Mania, episodio ricorrente, grave, senza menzione di comportamento psicotico"
      }, {
        "code": "29614",
        "display": "Mania, episodio ricorrente, grave, con comportamento psicotico"
      }, {
        "code": "29615",
        "display": "Mania, episodio ricorrente, in remissione parziale o non specificata"
      }, {
        "code": "29616",
        "display": "Mania, episodio ricorrente, in remissione completa"
      }, {
        "code": "2962",
        "display": "Depressione maggiore, episodio singolo"
      }, {
        "code": "29620",
        "display": "Depressione maggiore, episodio singolo, non specificato"
      }, {
        "code": "29621",
        "display": "Depressione maggiore, episodio singolo, lieve"
      }, {
        "code": "29622",
        "display": "Depressione maggiore, episodio singolo, moderato"
      }, {
        "code": "29623",
        "display": "Depressione maggiore, episodio singolo, grave, senza menzione di comportamento psicotico"
      }, {
        "code": "29624",
        "display": "Depressione maggiore, episodio singolo, grave, con comportamento psicotico"
      }, {
        "code": "29625",
        "display": "Depressione maggiore, episodio singolo, in remissione parziale o non specificata"
      }, {
        "code": "29626",
        "display": "Depressione maggiore, episodio singolo, in remissione completa"
      }, {
        "code": "2963",
        "display": "Depressione maggiore, episodio ricorrente"
      }, {
        "code": "29630",
        "display": "Depressione maggiore, episodio ricorrente, non specificato"
      }, {
        "code": "29631",
        "display": "Depressione maggiore, episodio ricorrente, lieve"
      }, {
        "code": "29632",
        "display": "Depressione maggiore, episodio ricorrente, moderato"
      }, {
        "code": "29633",
        "display": "Depressione maggiore, episodio ricorrente, grave, senza menzione di comportamento psicotico"
      }, {
        "code": "29634",
        "display": "Depressione maggiore, episodio ricorrente, grave, con comportamento psicotico"
      }, {
        "code": "29635",
        "display": "Depressione maggiore, episodio ricorrente, in remissione parziale o non specificata"
      }, {
        "code": "29636",
        "display": "Depressione maggiore, episodio ricorrente, in remissione completa"
      }, {
        "code": "2964",
        "display": "Disturbo bipolare I, piu' recente (o corrente) episodio maniacale"
      }, {
        "code": "29640",
        "display": "Disturbo bipolare, episodio maniacale, non specificato"
      }, {
        "code": "29641",
        "display": "Disturbo bipolare, episodio maniacale, lieve"
      }, {
        "code": "29642",
        "display": "Disturbo bipolare, episodio maniacale, moderato"
      }, {
        "code": "29643",
        "display": "Disturbo bipolare, episodio maniacale, grave, senza menzione di comportamento psicotico"
      }, {
        "code": "29644",
        "display": "Disturbo bipolare, episodio maniacale, grave, con comportamento psicotico"
      }, {
        "code": "29645",
        "display": "Disturbo bipolare, episodio maniacale, in remissione parziale o non specificata"
      }, {
        "code": "29646",
        "display": "Disturbo bipolare, episodio maniacale, in remissione completa"
      }, {
        "code": "2965",
        "display": "Disturbo bipolare di I tipo, piu' recente (o corrente) episodio depressivo"
      }, {
        "code": "29650",
        "display": "Disturbo bipolare, episodio depressivo, non specificato"
      }, {
        "code": "29651",
        "display": "Disturbo bipolare, episodio depressivo, lieve"
      }, {
        "code": "29652",
        "display": "Disturbo bipolare, episodio depressivo, moderato"
      }, {
        "code": "29653",
        "display": "Disturbo bipolare, episodio depressivo, grave, senza menzione di comportamento psicotico"
      }, {
        "code": "29654",
        "display": "Disturbo bipolare, episodio depressivo, grave, con comportamento psicotico"
      }, {
        "code": "29655",
        "display": "Disturbo bipolare, episodio depressivo, in remissione parziale o non specificata"
      }, {
        "code": "29656",
        "display": "Disturbo bipolare, episodio depressivo, in remissione completa"
      }, {
        "code": "2966",
        "display": "Disturbo bipolare I, piu' recente (o corrente) episodio misto"
      }, {
        "code": "29660",
        "display": "Disturbo bipolare, episodio misto, non specificato"
      }, {
        "code": "29661",
        "display": "Disturbo bipolare, episodio misto, lieve"
      }, {
        "code": "29662",
        "display": "Disturbo bipolare, episodio misto, moderato"
      }, {
        "code": "29663",
        "display": "Disturbo bipolare, episodio misto, grave, senza menzione di comportamento psicotico"
      }, {
        "code": "29664",
        "display": "Disturbo bipolare, episodio misto, grave, con comportamento psicotico"
      }, {
        "code": "29665",
        "display": "Disturbo bipolare, episodio misto, in remissione parziale o non specificata"
      }, {
        "code": "29666",
        "display": "Disturbo bipolare, episodio misto, in remissione completa"
      }, {
        "code": "2967",
        "display": "Disturbo bipolare di I tipo, piu' recente (o corrente) episodio non specificato"
      }, {
        "code": "2968",
        "display": "Altri e non specificati disturbi bipolari"
      }, {
        "code": "29680",
        "display": "Disturbo bipolare non specificato"
      }, {
        "code": "29681",
        "display": "Disturbo maniacale atipico"
      }, {
        "code": "29682",
        "display": "Disturbo depressivo atipico"
      }, {
        "code": "29689",
        "display": "Altri"
      }, {
        "code": "2969",
        "display": "Altri e non specificati disturbi episodici dell' umore"
      }, {
        "code": "29690",
        "display": "Disturbo episodico dell' umore non specificato"
      }, {
        "code": "29699",
        "display": "Altri disturbi episodici dell' umore specificati"
      } ]
    } ]
  }
}