{
  "resourceType": "ValueSet",
  "url": "http://hl7.org/fhir/sid/icd-9-cm-495",
  "version": "1.0",
  "name": "Diagnosi-Colite ulcerosa",
  "title": "Colite ulcerosa",
  "status": "active",
  "compose": {
    "include": [ {
      "system": "http://hl7.org/fhir/sid/icd-9-cm",
      "concept": [ {
        "code": "5560",
        "display": "Enterocolite ulcerosa (cronica)"
      }, {
        "code": "5561",
        "display": "Ileocolite ulcerosa (cronica)"
      }, {
        "code": "5562",
        "display": "Proctite ulcerosa (cronica)"
      }, {
        "code": "5563",
        "display": "Proctosigmoidite ulcerosa (cronica)"
      }, {
        "code": "5564",
        "display": "Pseudopoliposi del colon"
      }, {
        "code": "5565",
        "display": "Colite ulcerosa localizzata al colon sinistro (cronica)"
      }, {
        "code": "5566",
        "display": "Pancolite ulcerosa"
      }, {
        "code": "5568",
        "display": "Altra colite ulcerosa"
      }, {
        "code": "5569",
        "display": "Colite ulcerosa, non specificata"
      } ]
    } ]
  }
}