{
  "resourceType": "ValueSet",
  "url": "http://hl7.org/fhir/sid/icd-9-cm-331",
  "version": "1.0",
  "name": "Diagnosi-Altre malattie della retina",
  "title": "Altre malattie della retina",
  "status": "active",
  "compose": {
    "include": [ {
      "system": "http://hl7.org/fhir/sid/icd-9-cm",
      "concept": [ {
        "code": "3620",
        "display": "Retinopatia diabetica"
      }, {
        "code": "36201",
        "display": "Retinopatia diabetica semplice"
      }, {
        "code": "36202",
        "display": "Retinopatia diabetica proliferativa"
      }, {
        "code": "36203",
        "display": "Retinopatia diabetica non proliferativi"
      }, {
        "code": "36204",
        "display": "Retinopatia diabetica non proliferativa lieve"
      }, {
        "code": "36205",
        "display": "Retinopatia diabetica non proliferativa moderata"
      }, {
        "code": "36206",
        "display": "Retinopatia diabetica non proliferativa severa"
      }, {
        "code": "36207",
        "display": "Edema maculare diabetico"
      }, {
        "code": "3621",
        "display": "Altre retinopatie semplici e alterazioni vascolari della retina"
      }, {
        "code": "36210",
        "display": "Retinopatia semplice non specificata"
      }, {
        "code": "36211",
        "display": "Retinopatia ipertensiva"
      }, {
        "code": "36212",
        "display": "Retinopatia essudativa"
      }, {
        "code": "36213",
        "display": "Modificazioni della conformazione vascolare della retina"
      }, {
        "code": "36214",
        "display": "Microaneurismi retinici non altrimenti specificati"
      }, {
        "code": "36215",
        "display": "Teleangectasia retinica"
      }, {
        "code": "36216",
        "display": "Neovascolarizzazione della retina non altrimenti specificata"
      }, {
        "code": "36217",
        "display": "Altre anomalie microvascolari intraretiniche"
      }, {
        "code": "36218",
        "display": "Vasculite retinica"
      }, {
        "code": "3622",
        "display": "Altra retinopatia proliferativa"
      }, {
        "code": "36221",
        "display": "Fibroplasia retrolenticolare"
      }, {
        "code": "36229",
        "display": "Altra retinopatia proliferativa non diabetica"
      }, {
        "code": "3623",
        "display": "Occlusione vascolare della retina"
      }, {
        "code": "36230",
        "display": "Occlusione vascolare della retina, non specificata"
      }, {
        "code": "36231",
        "display": "Occlusione dell' arteria centrale della retina"
      }, {
        "code": "36232",
        "display": "Occlusione arteriosa di branca"
      }, {
        "code": "36233",
        "display": "Occlusione arteriosa parziale della retina"
      }, {
        "code": "36234",
        "display": "Occlusione transitoria dell' arteria della retina"
      }, {
        "code": "36235",
        "display": "Occlusione della vena centrale della retina"
      }, {
        "code": "36236",
        "display": "Occlusione venosa tributaria (di branca) della retina"
      }, {
        "code": "36237",
        "display": "Ingorgo venoso della retina"
      }, {
        "code": "3624",
        "display": "Separazione degli strati della retina"
      }, {
        "code": "36240",
        "display": "Separazione degli strati della retina, non specificata"
      }, {
        "code": "36241",
        "display": "Retinopatia sierosa centrale"
      }, {
        "code": "36242",
        "display": "Distacco sieroso dell' epitelio pigmentato della retina"
      }, {
        "code": "36243",
        "display": "Distacco emorragico dell' epitelio pigmentato della retina"
      }, {
        "code": "3625",
        "display": "Degenerazione della macula e del polo posteriore della retina"
      }, {
        "code": "36250",
        "display": "Degenerazione maculare (senile) della retina, non specificata"
      }, {
        "code": "36251",
        "display": "Degenerazione maculare senile della retina non essudativa"
      }, {
        "code": "36252",
        "display": "Degenerazione maculare senile essudativa della retina"
      }, {
        "code": "36253",
        "display": "Degenerazione maculare cistoide della retina"
      }, {
        "code": "36254",
        "display": "Cisti maculare, foro o pseudoforo"
      }, {
        "code": "36255",
        "display": "Maculopatia tossica della retina"
      }, {
        "code": "36256",
        "display": "Raggrinzimento (pucker) maculare"
      }, {
        "code": "36257",
        "display": "Druse (degenerative)"
      }, {
        "code": "3626",
        "display": "Degenerazioni retiniche periferiche"
      }, {
        "code": "36260",
        "display": "Degenerazione periferica della retina, non specificata"
      }, {
        "code": "36261",
        "display": "Degenerazione della retina ad acciottolato"
      }, {
        "code": "36262",
        "display": "Degenerazione microcistica della retina"
      }, {
        "code": "36263",
        "display": "Degenerazione della retina a graticciata"
      }, {
        "code": "36264",
        "display": "Degenerazione reticolare senile della retina"
      }, {
        "code": "36265",
        "display": "Degenerazione pigmentaria secondaria della retina"
      }, {
        "code": "36266",
        "display": "Degenerazioni secondarie vitreoretiniche"
      }, {
        "code": "3627",
        "display": "Distrofie retiniche ereditarie"
      }, {
        "code": "36270",
        "display": "Distrofia retinica ereditaria, non specificata"
      }, {
        "code": "36271",
        "display": "Distrofia retinica nelle lipidosi sistemiche o cerebroretiniche"
      }, {
        "code": "36272",
        "display": "Distrofia retinica in altre affezioni e sindromi sistemiche"
      }, {
        "code": "36273",
        "display": "Distrofie vitreoretiniche"
      }, {
        "code": "36274",
        "display": "Distrofia retinica pigmentaria"
      }, {
        "code": "36275",
        "display": "Altre distrofie primitive della retina sensoriale"
      }, {
        "code": "36276",
        "display": "Distrofie primitive dell' epitelio pigmentato retinico"
      }, {
        "code": "36277",
        "display": "Distrofie primitive della membrana di Bruch"
      }, {
        "code": "3628",
        "display": "Altre affezioni retiniche"
      }, {
        "code": "36281",
        "display": "Emorragia retinica"
      }, {
        "code": "36282",
        "display": "Essudati e depositi retinici"
      }, {
        "code": "36283",
        "display": "Edema retinico"
      }, {
        "code": "36284",
        "display": "Ischemia retinica"
      }, {
        "code": "36285",
        "display": "Difetti fascicolari di fibre nervose retiniche"
      }, {
        "code": "36289",
        "display": "Altre affezioni della retina"
      }, {
        "code": "3629",
        "display": "Affezioni non specificate della retina"
      } ]
    } ]
  }
}