{
  "resourceType": "ValueSet",
  "url": "http://hl7.org/fhir/sid/icd-9-cm-805",
  "version": "1.0",
  "name": "Diagnosi-Ferite multiple e non specificate dell' arto superiore",
  "title": "Ferite multiple e non specificate dell' arto superiore",
  "status": "active",
  "compose": {
    "include": [ {
      "system": "http://hl7.org/fhir/sid/icd-9-cm",
      "concept": [ {
        "code": "8840",
        "display": "Ferite multiple e non specificate dell' arto superiore senza menzione di complicazioni"
      }, {
        "code": "8841",
        "display": "Ferite multiple e non specificate dell' arto superiore con complicazioni"
      }, {
        "code": "8842",
        "display": "Ferite multiple e non specificate dell' arto superiore con interessamento dei tendini"
      } ]
    } ]
  }
}