{
  "resourceType": "ValueSet",
  "url": "http://hl7.org/fhir/sid/icd-9-cm-385",
  "version": "1.0",
  "name": "Diagnosi-Altre malattie dell' endocardio",
  "title": "Altre malattie dell' endocardio",
  "status": "active",
  "compose": {
    "include": [ {
      "system": "http://hl7.org/fhir/sid/icd-9-cm",
      "concept": [ {
        "code": "4240",
        "display": "Disturbi della valvola mitrale"
      }, {
        "code": "4241",
        "display": "Disturbi della valvola aortica"
      }, {
        "code": "4242",
        "display": "Disturbi della valvola tricuspide, specificati come non reumatici"
      }, {
        "code": "4243",
        "display": "Disturbi della valvola polmonare"
      }, {
        "code": "4249",
        "display": "Endocardite, valvola non specificata"
      }, {
        "code": "42490",
        "display": "Endocardite, valvola non specificata, causa non specificata"
      }, {
        "code": "42491",
        "display": "Endocardite in malattie classificate altrove"
      }, {
        "code": "42499",
        "display": "Altre endocarditi, valvole non specificate"
      } ]
    } ]
  }
}