{
  "resourceType": "ValueSet",
  "url": "http://hl7.org/fhir/sid/icd-9-cm-680",
  "version": "1.0",
  "name": "Diagnosi-Anomalie congenite del sistema urinario",
  "title": "Anomalie congenite del sistema urinario",
  "status": "active",
  "compose": {
    "include": [ {
      "system": "http://hl7.org/fhir/sid/icd-9-cm",
      "concept": [ {
        "code": "7530",
        "display": "Agenesia e disgenesia del rene"
      }, {
        "code": "7531",
        "display": "Malattia cistica del rene"
      }, {
        "code": "75310",
        "display": "Malattia cistica del rene, non specificata"
      }, {
        "code": "75311",
        "display": "Cisti renale congenita, singola"
      }, {
        "code": "75312",
        "display": "Rene policistico, tipo non specificato"
      }, {
        "code": "75313",
        "display": "Rene policistico, autosomico dominante"
      }, {
        "code": "75314",
        "display": "Rene policistico, autosomico recessivo"
      }, {
        "code": "75315",
        "display": "Displasia renale"
      }, {
        "code": "75316",
        "display": "Rene midollare cistico"
      }, {
        "code": "75317",
        "display": "Rene con midollare a spugna"
      }, {
        "code": "75319",
        "display": "Altre malattie cistiche del rene specificate"
      }, {
        "code": "7532",
        "display": "Difetti ostruttivi della pelvi renale e dell' uretere"
      }, {
        "code": "75320",
        "display": "Difetto ostruttivo non specificato della pelvi del rene e dell' uretere"
      }, {
        "code": "75321",
        "display": "Ostruzione congenita della giunzione ureteropelvica"
      }, {
        "code": "75322",
        "display": "Ostruzione congenita della giunzione uretero-vescicale"
      }, {
        "code": "75323",
        "display": "Ureterocele congenito"
      }, {
        "code": "75329",
        "display": "Altro"
      }, {
        "code": "7533",
        "display": "Altre anomalie specificate del rene"
      }, {
        "code": "7534",
        "display": "Altre anomalie specificate dell' uretere"
      }, {
        "code": "7535",
        "display": "Estrofia della vescica urinaria"
      }, {
        "code": "7536",
        "display": "Atresia e stenosi dell' uretra e del collo vescicale"
      }, {
        "code": "7537",
        "display": "Anomalie dell' uraco"
      }, {
        "code": "7538",
        "display": "Altre anomalie specificate della vescica e dell' uretra"
      }, {
        "code": "7539",
        "display": "Anomalie non specificate del sistema urinario"
      } ]
    } ]
  }
}