{
  "resourceType": "ValueSet",
  "url": "http://hl7.org/fhir/sid/icd-9-cm-911",
  "version": "1.0",
  "name": "Diagnosi-Effetti di altre cause esterne",
  "title": "Effetti di altre cause esterne",
  "status": "active",
  "compose": {
    "include": [ {
      "system": "http://hl7.org/fhir/sid/icd-9-cm",
      "concept": [ {
        "code": "9940",
        "display": "Effetti del fulmine"
      }, {
        "code": "9941",
        "display": "Annegamento e sommersione non mortali"
      }, {
        "code": "9942",
        "display": "Effetti della fame"
      }, {
        "code": "9943",
        "display": "Effetti della sete"
      }, {
        "code": "9944",
        "display": "Esaurimento da esposizione all'ambiente"
      }, {
        "code": "9945",
        "display": "Esaurimento da sforzo eccessivo"
      }, {
        "code": "9946",
        "display": "Cinetosi"
      }, {
        "code": "9947",
        "display": "Asfissia e strangolamento"
      }, {
        "code": "9948",
        "display": "Elettrocuzione e effetti non mortali della corrente elettrica"
      }, {
        "code": "9949",
        "display": "Altri effetti di cause esterne"
      } ]
    } ]
  }
}