{
  "resourceType": "ValueSet",
  "url": "http://hl7.org/fhir/sid/icd-9-cm-729",
  "version": "1.0",
  "name": "Diagnosi-Frattura delle ossa della faccia",
  "title": "Frattura delle ossa della faccia",
  "status": "active",
  "compose": {
    "include": [ {
      "system": "http://hl7.org/fhir/sid/icd-9-cm",
      "concept": [ {
        "code": "8020",
        "display": "Frattura chiusa delle ossa nasali"
      }, {
        "code": "8021",
        "display": "Frattura esposta delle ossa nasali"
      }, {
        "code": "8022",
        "display": "Frattura chiusa della mandibola"
      }, {
        "code": "80220",
        "display": "Frattura chiusa della mandibola, sede non specificata"
      }, {
        "code": "80221",
        "display": "Frattura chiusa della mandibola, processo condiloideo"
      }, {
        "code": "80222",
        "display": "Frattura chiusa della mandibola, processo sottocondiloideo"
      }, {
        "code": "80223",
        "display": "Frattura chiusa della mandibola, processo coronoideo"
      }, {
        "code": "80224",
        "display": "Frattura chiusa di parte non specificata della branca mandibolare"
      }, {
        "code": "80225",
        "display": "Frattura chiusa dell' angolo mandibolare"
      }, {
        "code": "80226",
        "display": "Frattura chiusa della sinfisi del corpo mandibolare"
      }, {
        "code": "80227",
        "display": "Frattura chiusa del bordo alveolare del corpo della mandibola"
      }, {
        "code": "80228",
        "display": "Frattura chiusa di altre e non specificate parti del corpo mandibolare"
      }, {
        "code": "80229",
        "display": "Frattura chiusa della mandibola, sedi multiple"
      }, {
        "code": "8023",
        "display": "Frattura esposta della mandibola"
      }, {
        "code": "80230",
        "display": "Frattura esposta della mandibola, sede non specificata"
      }, {
        "code": "80231",
        "display": "Frattura esposta del processo condiloideo della mandibola"
      }, {
        "code": "80232",
        "display": "Frattura esposta del processo sottocondiloideo della mandibola"
      }, {
        "code": "80233",
        "display": "Frattura esposta del processo coronoideo della mandibola"
      }, {
        "code": "80234",
        "display": "Frattura esposta di parte non specificata del ramo della mandibola"
      }, {
        "code": "80235",
        "display": "Frattura esposta dell' angolo mandibolare"
      }, {
        "code": "80236",
        "display": "Frattura esposta della sinfisi del corpo mandibolare"
      }, {
        "code": "80237",
        "display": "Frattura esposta del processo alveolare del corpo mandibolare"
      }, {
        "code": "80238",
        "display": "Altra e non specificata frattura esposta del corpo della mandibola"
      }, {
        "code": "80239",
        "display": "Frattura esposta del corpo della mandibola, sedi multiple"
      }, {
        "code": "8024",
        "display": "Frattura chiusa delle ossa malare e mascellare superiore"
      }, {
        "code": "8025",
        "display": "Frattura esposta delle ossa malare e mascellare superiore"
      }, {
        "code": "8026",
        "display": "Frattura chiusa della parete inferiore dell' orbita"
      }, {
        "code": "8027",
        "display": "Frattura esposta della parete inferiore dell' orbita"
      }, {
        "code": "8028",
        "display": "Frattura chiusa di altre ossa della faccia"
      }, {
        "code": "8029",
        "display": "Frattura esposta di altre ossa della faccia"
      } ]
    } ]
  }
}