{
  "resourceType": "ValueSet",
  "url": "http://hl7.org/fhir/sid/icd-9-cm-744",
  "version": "1.0",
  "name": "Diagnosi-Fratture multiple delle ossa della mano",
  "title": "Fratture multiple delle ossa della mano",
  "status": "active",
  "compose": {
    "include": [ {
      "system": "http://hl7.org/fhir/sid/icd-9-cm",
      "concept": [ {
        "code": "8170",
        "display": "Fratture multiple chiuse delle ossa della mano"
      }, {
        "code": "8171",
        "display": "Fratture multiple esposte delle ossa della mano"
      } ]
    } ]
  }
}