{
  "resourceType": "ValueSet",
  "url": "http://hl7.org/fhir/sid/icd-9-cm-592",
  "version": "1.0",
  "name": "Diagnosi-Altre indicazioni per l'assistenza o l'intervento relative al travaglio e al parto, non classificate altrove",
  "title": "Altre indicazioni per l'assistenza o l'intervento relative al travaglio e al parto, non classificate altrove",
  "status": "active",
  "compose": {
    "include": [ {
      "system": "http://hl7.org/fhir/sid/icd-9-cm",
      "concept": [ {
        "code": "6590",
        "display": "Mancata induzione meccanica"
      }, {
        "code": "65900",
        "display": "Mancata induzione meccanica, ricovero non specificato"
      }, {
        "code": "65901",
        "display": "Mancata induzione meccanica, parto, con o senza menzione della condizione antepartum"
      }, {
        "code": "65903",
        "display": "Mancata induzione meccanica, condizione o complicazione antepartum"
      }, {
        "code": "6591",
        "display": "Mancata induzione medica o non specificata"
      }, {
        "code": "65910",
        "display": "Mancata induzione medica o non specificata, ricovero non specificato"
      }, {
        "code": "65911",
        "display": "Mancata induzione medica o non specificata, parto, con o senza menzione della condizione antepartum"
      }, {
        "code": "65913",
        "display": "Mancata induzione medica o non specificata, condizione o complicazione antepartum"
      }, {
        "code": "6592",
        "display": "Febbre materna non specificata durante il travaglio"
      }, {
        "code": "65920",
        "display": "Febbre materna non specificata durante il travaglio, ricovero non specificato"
      }, {
        "code": "65921",
        "display": "Febbre materna non specificata durante il travaglio, parto, con o senza menzione della condizione antepartum"
      }, {
        "code": "65923",
        "display": "Febbre materna non specificata durante il travaglio, condizione o complicazione antepartum"
      }, {
        "code": "6593",
        "display": "Infezione generalizzata durante il travaglio"
      }, {
        "code": "65930",
        "display": "Infezione generalizzata durante il travaglio, ricovero non specificato"
      }, {
        "code": "65931",
        "display": "Infezione generalizzata durante il travaglio, parto, con o senza menzione della condizione antepartum"
      }, {
        "code": "65933",
        "display": "Infezione generalizzata durante il travaglio, condizione o complicazione antepartum"
      }, {
        "code": "6594",
        "display": "Grande multiparita'"
      }, {
        "code": "65940",
        "display": "Grande multiparita' , ricovero non specificato"
      }, {
        "code": "65941",
        "display": "Grande multiparita', parto, con o senza menzione della condizione antepartum"
      }, {
        "code": "65943",
        "display": "Grande multiparita' , condizione o complicazione antepartum"
      }, {
        "code": "6595",
        "display": "Primipara attempata"
      }, {
        "code": "65950",
        "display": "Primipara attempata, ricovero non specificato"
      }, {
        "code": "65951",
        "display": "Primipara attempata, parto, con o senza menzione della condizione antepartum"
      }, {
        "code": "65953",
        "display": "Primipara attempata, condizione o complicazione antepartum"
      }, {
        "code": "6596",
        "display": "Multigravida in eta' materna avanzata"
      }, {
        "code": "65960",
        "display": "Multigravida in eta' materna avanzata, ricovero non specificato"
      }, {
        "code": "65961",
        "display": "Multigravida in eta' materna avanzata, parto, con o senza menzione della condizione antepartum"
      }, {
        "code": "65963",
        "display": "Multigravida in eta' materna avanzata, condizione o complicazione antepartum"
      }, {
        "code": "6597",
        "display": "Anomalie del battito o della frequenza cardiaca del feto"
      }, {
        "code": "65970",
        "display": "Anomalie del battito o della frequenza cardiaca del feto, ricovero non specificato"
      }, {
        "code": "65971",
        "display": "Anomalie del battito o della frequenza cardiaca del feto, parto, con o senza menzione della condizione antepartum"
      }, {
        "code": "65973",
        "display": "Anomalie del battito o della frequenza cardiaca del feto, condizione o complicazione antepartum"
      }, {
        "code": "6598",
        "display": "Altre specifiche indicazioni per l'assistenza o l'intervento relative al travaglio e al parto"
      }, {
        "code": "65980",
        "display": "Altre specifiche indicazioni per l'assistenza o l'intervento relative al travaglio e al parto, ricovero non specificato"
      }, {
        "code": "65981",
        "display": "Altre specifiche indicazioni per l'assistenza o l'intervento relative al travaglio e al parto, parto, con o senza menzione della condizione antepartum"
      }, {
        "code": "65983",
        "display": "Altre specifiche indicazioni per l'assistenza o l'intervento relative al travaglio e al parto, condizione o complicazione antepartum"
      }, {
        "code": "6599",
        "display": "Indicazione non specificata per l'assistenza o l'intervento relative al travaglio e al parto"
      }, {
        "code": "65990",
        "display": "Indicazione non specificata per l'assistenza o l'intervento relative al travaglio e al parto, ricovero non specificato"
      }, {
        "code": "65991",
        "display": "Indicazione non specificata per l'assistenza o l'intervento relative al travaglio e al parto, parto, con o senza menzione della condizione antepartum"
      }, {
        "code": "65993",
        "display": "Indicazione non specificata per l'assistenza o l'intervento relative al travaglio e al parto, condizione o complicazione antepartum"
      } ]
    } ]
  }
}