{
  "resourceType": "ValueSet",
  "url": "http://hl7.org/fhir/sid/icd-9-cm-410",
  "version": "1.0",
  "name": "Diagnosi-Embolia e trombosi di altre vene",
  "title": "Embolia e trombosi di altre vene",
  "status": "active",
  "compose": {
    "include": [ {
      "system": "http://hl7.org/fhir/sid/icd-9-cm",
      "concept": [ {
        "code": "4530",
        "display": "Sindrome di Budd-Chiari"
      }, {
        "code": "4531",
        "display": "Tromboflebite migrante"
      }, {
        "code": "4532",
        "display": "Embolia e trombosi della vena cava"
      }, {
        "code": "4533",
        "display": "Embolia e trombosi della vena renale"
      }, {
        "code": "4534",
        "display": "Embolia venosa e trombosi dei vasi profondi degli arti inferiori"
      }, {
        "code": "45340",
        "display": "Embolia venosa e trombosi di vasi profondi non specificati degli arti inferiori"
      }, {
        "code": "45341",
        "display": "Embolia venosa e trombosi dei vasi profondi delle parti prossimali degli arti inferiori"
      }, {
        "code": "45342",
        "display": "Embolia venosa e trombosi dei vasi profondi delle parti distali degli arti inferiori"
      }, {
        "code": "4538",
        "display": "Embolia e trombosi di altre vene specificate"
      }, {
        "code": "4539",
        "display": "Embolia e trombosi di sede non specificata"
      } ]
    } ]
  }
}