{
  "resourceType": "ValueSet",
  "url": "http://hl7.org/fhir/sid/icd-9-cm-682",
  "version": "1.0",
  "name": "Diagnosi-Altre anomalie congenite degli arti",
  "title": "Altre anomalie congenite degli arti",
  "status": "active",
  "compose": {
    "include": [ {
      "system": "http://hl7.org/fhir/sid/icd-9-cm",
      "concept": [ {
        "code": "7550",
        "display": "Polidattilia"
      }, {
        "code": "75500",
        "display": "Polidattilia, dita non specificate"
      }, {
        "code": "75501",
        "display": "Di dita della mano"
      }, {
        "code": "75502",
        "display": "Di dita del piede"
      }, {
        "code": "7551",
        "display": "Sindattilia"
      }, {
        "code": "75510",
        "display": "Di siti multipli e non specificati"
      }, {
        "code": "75511",
        "display": "Di dita della mano senza fusione dell' osso"
      }, {
        "code": "75512",
        "display": "Di dita della mano con fusione dell' osso"
      }, {
        "code": "75513",
        "display": "Di dita del piede senza fusione dell' osso"
      }, {
        "code": "75514",
        "display": "Di dita del piede con fusione dell' osso"
      }, {
        "code": "7552",
        "display": "Difetto in riduzione dell' arto superiore"
      }, {
        "code": "75520",
        "display": "Difetto in riduzione non specificata dell' arto superiore"
      }, {
        "code": "75521",
        "display": "Difetto in riduzione trasverso dell' arto superiore"
      }, {
        "code": "75522",
        "display": "Difetto longitudinale dell' arto superiore, non classificato altrove"
      }, {
        "code": "75523",
        "display": "Difetto longitudinale, combinata, comprendente l'omero, il radio e l'ulna (completo o incompleto)"
      }, {
        "code": "75524",
        "display": "Difetto longitudinale, dell' omero completo o parziale (con o senza difetto distale, incompleto)"
      }, {
        "code": "75525",
        "display": "Difetto longitudinale, radioulnare, completo o parziale (con o senza difetto distale, incompleto)"
      }, {
        "code": "75526",
        "display": "Difetto longitudinale, del radio, completo o parziale (con o senza difetto distale, incompleto)"
      }, {
        "code": "75527",
        "display": "Difetto longitudinale, ulnare, completo o parziale (con o senza difetto distale, incompleto)"
      }, {
        "code": "75528",
        "display": "Difetto longitudinale, carpale o metacarpale, completo o parziale (con o senza difetto incompleto delle falangi)"
      }, {
        "code": "75529",
        "display": "Difetto longitudinale delle falangi, completo o parziale"
      }, {
        "code": "7553",
        "display": "Difetto in riduzione di malformazioni dell' arto inferiore"
      }, {
        "code": "75530",
        "display": "Difetto in riduzione di malformazioni dell' arto inferiore, non specificato"
      }, {
        "code": "75531",
        "display": "Mancanza trasversa dell' arto inferiore"
      }, {
        "code": "75532",
        "display": "Difetto longitudinale dell' arto inferiore, non classificato altrove"
      }, {
        "code": "75533",
        "display": "Difetto longitudinale combinato comprendente il femore, la tibia e il perone (completo o incompleto)"
      }, {
        "code": "75534",
        "display": "Difetto longitudinale, del femore completo o parziale (con o senza difetti distali, incompleto)"
      }, {
        "code": "75535",
        "display": "Difetto longitudinale, tibio-peroneale, completo o parziale (con o senza difetti distali, incompleto)"
      }, {
        "code": "75536",
        "display": "Difetto longitudinale, della tibia, completo o parziale (con o senza mancanze distali, incompleto)"
      }, {
        "code": "75537",
        "display": "Difetto longitudinale, di perone, completo o parziale (con o senza difetti distali, incompleto)"
      }, {
        "code": "75538",
        "display": "Difetto longitudinale, del tarso o metatarso, completo o parziale (con o senza difetto incompleto delle falangi)"
      }, {
        "code": "75539",
        "display": "Difetto longitudinale, delle falangi, completo o parziale"
      }, {
        "code": "7554",
        "display": "Difetto in riduzione, arto non specificato"
      }, {
        "code": "7555",
        "display": "Altre anomalie dell' arto superiore, comprendenti il cingolo scapolare"
      }, {
        "code": "75550",
        "display": "Anomalie dell' arto superiore, non specificate"
      }, {
        "code": "75551",
        "display": "Malformazione congenita della clavicola"
      }, {
        "code": "75552",
        "display": "Elevazione congenita della scapola"
      }, {
        "code": "75553",
        "display": "Sinostosi radioulnare"
      }, {
        "code": "75554",
        "display": "Deformita' di Madelung"
      }, {
        "code": "75555",
        "display": "Acrocefalosindattilia"
      }, {
        "code": "75556",
        "display": "Ossa carpali accessorie"
      }, {
        "code": "75557",
        "display": "Macrodattilia (dita)"
      }, {
        "code": "75558",
        "display": "Ectrodattilia, congenita"
      }, {
        "code": "75559",
        "display": "Altro"
      }, {
        "code": "7556",
        "display": "Altre anomalie dell' arto inferiore, comprendenti il cingolo pelvico"
      }, {
        "code": "75560",
        "display": "Anomalie non specificate dell' arto inferiore"
      }, {
        "code": "75561",
        "display": "Coxa valga, congenita"
      }, {
        "code": "75562",
        "display": "Coxa vara, congenita"
      }, {
        "code": "75563",
        "display": "Altre malformazioni congenite dell' anca (articolazione)"
      }, {
        "code": "75564",
        "display": "Malformazione congenita del ginocchio (articolazione)"
      }, {
        "code": "75565",
        "display": "Macrodattilia delle dita del piede"
      }, {
        "code": "75566",
        "display": "Altre anomalie delle dita del piede"
      }, {
        "code": "75567",
        "display": "Anomalie del piede, non classificate altrove"
      }, {
        "code": "75569",
        "display": "Altro"
      }, {
        "code": "7558",
        "display": "Altre anomalie specificate di arto non specificato"
      }, {
        "code": "7559",
        "display": "Anomalie non specificate di arto non specificato"
      } ]
    } ]
  }
}