{
  "resourceType": "ValueSet",
  "url": "http://hl7.org/fhir/sid/icd-9-cm-679",
  "version": "1.0",
  "name": "Diagnosi-Anomalie congenite degli organi genitali",
  "title": "Anomalie congenite degli organi genitali",
  "status": "active",
  "compose": {
    "include": [ {
      "system": "http://hl7.org/fhir/sid/icd-9-cm",
      "concept": [ {
        "code": "7520",
        "display": "Anomalie ovariche"
      }, {
        "code": "7521",
        "display": "Anomalie delle tube di Falloppio e dei legamenti larghi"
      }, {
        "code": "75210",
        "display": "Anomalie non specificate delle tube di Falloppio e dei legamenti larghi"
      }, {
        "code": "75211",
        "display": "Cisti embrionale delle tube di Falloppio e dei legamenti larghi"
      }, {
        "code": "75219",
        "display": "Altro"
      }, {
        "code": "7522",
        "display": "Duplicazione dell' utero"
      }, {
        "code": "7523",
        "display": "Altre anomalie dell' utero"
      }, {
        "code": "7524",
        "display": "Anomalie della cervice, della vagina e dei genitali esterni femminili"
      }, {
        "code": "75240",
        "display": "Anomalie non specificate della cervice, della vagina e dei genitali esterni femminili"
      }, {
        "code": "75241",
        "display": "Cisti embrionale della cervice, della vagina e dei genitali esterni femminili"
      }, {
        "code": "75242",
        "display": "Imene imperforato"
      }, {
        "code": "75249",
        "display": "Altre anomalie della cervice, della vagina e dei genitali esterni femminili"
      }, {
        "code": "7525",
        "display": "Testicolo non disceso e retrattile"
      }, {
        "code": "75251",
        "display": "Testicolo non disceso"
      }, {
        "code": "75252",
        "display": "Testicolo retrattile"
      }, {
        "code": "7526",
        "display": "Ipospadia ed epispadia e altre anomalie del pene"
      }, {
        "code": "75261",
        "display": "Ipospadia"
      }, {
        "code": "75262",
        "display": "Epispadia"
      }, {
        "code": "75263",
        "display": "Curvatura anomale, congenita del pene"
      }, {
        "code": "75264",
        "display": "Micropene"
      }, {
        "code": "75265",
        "display": "Pene nascosto"
      }, {
        "code": "75269",
        "display": "Altre anomalie del pene"
      }, {
        "code": "7527",
        "display": "Sesso indeterminato e pseudoermafroditismo"
      }, {
        "code": "7528",
        "display": "Altre anomalie specificate degli organi genitali"
      }, {
        "code": "75281",
        "display": "Trasposizione dello scroto"
      }, {
        "code": "75289",
        "display": "Altre anomalie specificate degli organi genitali"
      }, {
        "code": "7529",
        "display": "Anomalie non specificate degli organi genitali"
      } ]
    } ]
  }
}