{
  "resourceType": "ValueSet",
  "url": "http://hl7.org/fhir/sid/icd-9-cm-349",
  "version": "1.0",
  "name": "Diagnosi-Disturbi dell' orecchio esterno",
  "title": "Disturbi dell' orecchio esterno",
  "status": "active",
  "compose": {
    "include": [ {
      "system": "http://hl7.org/fhir/sid/icd-9-cm",
      "concept": [ {
        "code": "3800",
        "display": "Pericondrite e condrite del padiglione auricolare"
      }, {
        "code": "38000",
        "display": "Pericondrite del padiglione auricolare, non specificata"
      }, {
        "code": "38001",
        "display": "Pericondrite acuta del padiglione auricolare"
      }, {
        "code": "38002",
        "display": "Pericondrite cronica del padiglione auricolare"
      }, {
        "code": "38003",
        "display": "Condrite del padiglione auricolare"
      }, {
        "code": "3801",
        "display": "Otite esterna infettiva"
      }, {
        "code": "38010",
        "display": "Otite esterna infettiva, non specificata"
      }, {
        "code": "38011",
        "display": "Infezione acuta del padiglione auricolari"
      }, {
        "code": "38012",
        "display": "Orecchio del nuotatore"
      }, {
        "code": "38013",
        "display": "Altre infezioni acute dell' orecchio esterno"
      }, {
        "code": "38014",
        "display": "Otite esterna maligna"
      }, {
        "code": "38015",
        "display": "Otite esterna cronica micotica"
      }, {
        "code": "38016",
        "display": "Altre otiti esterne croniche infettive"
      }, {
        "code": "3802",
        "display": "Altre otiti esterne"
      }, {
        "code": "38021",
        "display": "Colesteatoma dell' orecchio esterno"
      }, {
        "code": "38022",
        "display": "Altre otiti esterne acute"
      }, {
        "code": "38023",
        "display": "Altre otiti esterne croniche"
      }, {
        "code": "3803",
        "display": "Disturbi non infettivi del padiglione auricolari"
      }, {
        "code": "38030",
        "display": "Disturbi del padiglione auricolare, non specificati"
      }, {
        "code": "38031",
        "display": "Ematoma del padiglione auricolare"
      }, {
        "code": "38032",
        "display": "Deformita' acquisite del padiglione auricolare"
      }, {
        "code": "38039",
        "display": "Altri disturbi non infettivi del padiglione auricolare"
      }, {
        "code": "3804",
        "display": "Tappo di cerume"
      }, {
        "code": "3805",
        "display": "Stenosi acquisita del condotto uditivo esterno"
      }, {
        "code": "38050",
        "display": "Stenosi acquisita del condotto uditivo esterno, causa non specificata"
      }, {
        "code": "38051",
        "display": "Stenosi acquisita del condotto uditivo esterno secondaria a traumi"
      }, {
        "code": "38052",
        "display": "Stenosi acquisita del condotto uditivo esterno secondaria a interventi chirurgici"
      }, {
        "code": "38053",
        "display": "Stenosi acquisita del condotto uditivo esterno secondaria a infiammazioni"
      }, {
        "code": "3808",
        "display": "Altri disturbi dell' orecchio esterno"
      }, {
        "code": "38081",
        "display": "Esostosi del condotto uditivo esterno"
      }, {
        "code": "38089",
        "display": "Altri disturbi dell' orecchio esterno"
      }, {
        "code": "3809",
        "display": "Disturbi non specificati dell' orecchio esterno"
      } ]
    } ]
  }
}