{
  "resourceType": "ValueSet",
  "url": "http://hl7.org/fhir/sid/icd-9-cm-472",
  "version": "1.0",
  "name": "Diagnosi-Altre malattie e condizioni dei denti e delle strutture di supporto",
  "title": "Altre malattie e condizioni dei denti e delle strutture di supporto",
  "status": "active",
  "compose": {
    "include": [ {
      "system": "http://hl7.org/fhir/sid/icd-9-cm",
      "concept": [ {
        "code": "5250",
        "display": "Esfoliazione dei denti dovuta a cause sistemiche"
      }, {
        "code": "5251",
        "display": "Perdita dei denti per trauma, estrazione o malattia locale periodontale"
      }, {
        "code": "52510",
        "display": "Assenza acquisita dei denti, non specificata"
      }, {
        "code": "52511",
        "display": "Perdita dei denti successiva a trauma"
      }, {
        "code": "52512",
        "display": "Perdita dei denti successiva a malattia periodontale"
      }, {
        "code": "52513",
        "display": "Perdita di denti in seguito a carie"
      }, {
        "code": "52519",
        "display": "Altra perdita di denti"
      }, {
        "code": "5252",
        "display": "Atrofia della cresta alveolare edentula"
      }, {
        "code": "52520",
        "display": "Atrofia della cresta alveolare edentula non specificata"
      }, {
        "code": "52521",
        "display": "Atrofia minima della mandibola"
      }, {
        "code": "52522",
        "display": "Atrofia moderata della mandibola"
      }, {
        "code": "52523",
        "display": "Atrofia severa della mandibola"
      }, {
        "code": "52524",
        "display": "Atrofia minima della mascella"
      }, {
        "code": "52525",
        "display": "Atrofia moderata della mascella"
      }, {
        "code": "52526",
        "display": "Atrofia grave della mascella"
      }, {
        "code": "5253",
        "display": "Radice dentaria ritenuta"
      }, {
        "code": "5254",
        "display": "Edentulismo completo"
      }, {
        "code": "52540",
        "display": "Edentulismo completo, non specificato"
      }, {
        "code": "52541",
        "display": "Edentulismo completo, classe I"
      }, {
        "code": "52542",
        "display": "Edentulismo completo, classe II"
      }, {
        "code": "52543",
        "display": "Edentulismo completo, classe III"
      }, {
        "code": "52544",
        "display": "Edentulismo completo, classe IV"
      }, {
        "code": "5255",
        "display": "Edentulismo parziale"
      }, {
        "code": "52550",
        "display": "Edentulismo parziale, non specificato"
      }, {
        "code": "52551",
        "display": "Edentulismo parziale, classe I"
      }, {
        "code": "52552",
        "display": "Edentulismo parziale, classe II"
      }, {
        "code": "52553",
        "display": "Edentulismo parziale, classe III"
      }, {
        "code": "52554",
        "display": "Edentulismo parziale, classe IV"
      }, {
        "code": "5256",
        "display": "Ricostruzione insoddisfacente di un dente"
      }, {
        "code": "52560",
        "display": "Ricostruzione insoddisfacente di un dente non specificato"
      }, {
        "code": "52561",
        "display": "Margini di ricostruzione aperti"
      }, {
        "code": "52562",
        "display": "Sporgenza non riparabile dei materiali usati nella ricostruzione dentale"
      }, {
        "code": "52563",
        "display": "Materiale usato nella ricostruzione dentale fratturato senza perdita di materiale"
      }, {
        "code": "52564",
        "display": "Materiale usato nella ricostruzione dentale fratturato con perdita di materiale"
      }, {
        "code": "52565",
        "display": "Contorno di ricostruzione dentale esistente non compatibile biologicamente con la salute orale"
      }, {
        "code": "52566",
        "display": "Allergia al materiale utilizzato nella ricostruzione esistente"
      }, {
        "code": "52567",
        "display": "Livello estetico scadente della ricostruzione esistente"
      }, {
        "code": "52569",
        "display": "Altra ricostruzione insoddisfacente del dente"
      }, {
        "code": "5258",
        "display": "Altre malattie specificate dei denti e delle strutture di supporto"
      }, {
        "code": "5259",
        "display": "Malattia non specificata dei denti e delle strutture di supporto"
      } ]
    } ]
  }
}