{
  "resourceType": "ValueSet",
  "url": "http://hl7.org/fhir/sid/icd-9-cm-26",
  "version": "1.0",
  "name": "Diagnosi-Altre malattie batteriche trasmesse da animali",
  "title": "Altre malattie batteriche trasmesse da animali",
  "status": "active",
  "compose": {
    "include": [ {
      "system": "http://hl7.org/fhir/sid/icd-9-cm",
      "concept": [ {
        "code": "0270",
        "display": "Listeriosi"
      }, {
        "code": "0271",
        "display": "Infezione da Erysipelothrix"
      }, {
        "code": "0272",
        "display": "Pasteurellosi"
      }, {
        "code": "0278",
        "display": "Altre zoonosi batteriche"
      }, {
        "code": "0279",
        "display": "Zoonosi batteriche non specificate"
      } ]
    } ]
  }
}