{
  "resourceType": "ValueSet",
  "url": "http://hl7.org/fhir/sid/icd-9-cm-839",
  "version": "1.0",
  "name": "Diagnosi-Contusione del tronco",
  "title": "Contusione del tronco",
  "status": "active",
  "compose": {
    "include": [ {
      "system": "http://hl7.org/fhir/sid/icd-9-cm",
      "concept": [ {
        "code": "9220",
        "display": "Contusione della mammella"
      }, {
        "code": "9221",
        "display": "Contusione della parte toracica"
      }, {
        "code": "9222",
        "display": "Contusione della parete addominale"
      }, {
        "code": "9223",
        "display": "Contusione del dorso"
      }, {
        "code": "92231",
        "display": "Contusione del dorso"
      }, {
        "code": "92232",
        "display": "Contusione della natica"
      }, {
        "code": "92233",
        "display": "Contusione della regione interscapolare"
      }, {
        "code": "9224",
        "display": "Contusione degli organi genitali"
      }, {
        "code": "9228",
        "display": "Contusione di sedi multiple del tronco"
      }, {
        "code": "9229",
        "display": "Contusione di parte non specificata"
      } ]
    } ]
  }
}