{
  "resourceType": "ValueSet",
  "url": "http://hl7.org/fhir/sid/icd-9-cm-811",
  "version": "1.0",
  "name": "Diagnosi-Ferita del piede, escluse le dita da sole",
  "title": "Ferita del piede, escluse le dita da sole",
  "status": "active",
  "compose": {
    "include": [ {
      "system": "http://hl7.org/fhir/sid/icd-9-cm",
      "concept": [ {
        "code": "8920",
        "display": "Ferita del piede, escluse le dita da sole, senza menzione di complicazioni"
      }, {
        "code": "8921",
        "display": "Ferita del piede, escluse le dita da sole, con complicazioni"
      }, {
        "code": "8922",
        "display": "Ferita del piede, escluse le dita da sole, con interessamento dei tendini"
      } ]
    } ]
  }
}