{
  "resourceType": "ValueSet",
  "url": "http://hl7.org/fhir/sid/icd-9-cm-934",
  "version": "1.0",
  "name": "Diagnosi-Anamnesi familiare di alcune altre manifestazioni morbose definite",
  "title": "Anamnesi familiare di alcune altre manifestazioni morbose definite",
  "status": "active",
  "compose": {
    "include": [ {
      "system": "http://hl7.org/fhir/sid/icd-9-cm",
      "concept": [ {
        "code": "V180",
        "display": "Anamnesi familiare di diabete mellito"
      }, {
        "code": "V181",
        "display": "Anamnesi familiare di altre malattie endocrine e metaboliche"
      }, {
        "code": "V182",
        "display": "Anamnesi familiare di anemia"
      }, {
        "code": "V183",
        "display": "Anamnesi familiare di altri disturbi ematici"
      }, {
        "code": "V184",
        "display": "Anamnesi familiare di oligofrenia"
      }, {
        "code": "V185",
        "display": "Anamnesi familiare di disturbi digestivi"
      }, {
        "code": "V1851",
        "display": "Anamnesi familiare di polipi del colon"
      }, {
        "code": "V1859",
        "display": "Anamnesi familiare di altri disturbi digestivi"
      }, {
        "code": "V186",
        "display": "Anamnesi familiare di malattie renali"
      }, {
        "code": "V1861",
        "display": "Anamnesi familiare di rene policistico"
      }, {
        "code": "V1869",
        "display": "Anamnesi familiare di altre malattie renali"
      }, {
        "code": "V187",
        "display": "Anamnesi familiare di altre malattie genitourinarie"
      }, {
        "code": "V188",
        "display": "Anamnesi familiare di malattie infettive e parassitarie"
      }, {
        "code": "V189",
        "display": "Anamnesi familiare di portatore di malattia genetica"
      } ]
    } ]
  }
}