{
  "resourceType": "ValueSet",
  "url": "http://hl7.org/fhir/sid/icd-9-cm-310",
  "version": "1.0",
  "name": "Diagnosi-Altre malattie demielinizzanti del sistema nervoso centrale",
  "title": "Altre malattie demielinizzanti del sistema nervoso centrale",
  "status": "active",
  "compose": {
    "include": [ {
      "system": "http://hl7.org/fhir/sid/icd-9-cm",
      "concept": [ {
        "code": "3410",
        "display": "Neuromielite ottica"
      }, {
        "code": "3411",
        "display": "Malattia di Schilder"
      }, {
        "code": "3412",
        "display": "Mielite acuta (trasversa)"
      }, {
        "code": "34120",
        "display": "Mielite acuta (trasversa) SAI"
      }, {
        "code": "34121",
        "display": "Mielite acuta (trasversa) in condizioni patologiche classificate altrove"
      }, {
        "code": "34122",
        "display": "Mielite trasversa idiopatica"
      }, {
        "code": "3418",
        "display": "Altre malattie demielinizzanti del Sistema"
      }, {
        "code": "3419",
        "display": "Malattia demielinizzante del sistema nervoso centrale, non specificata"
      } ]
    } ]
  }
}