{
  "resourceType": "ValueSet",
  "url": "http://hl7.org/fhir/sid/icd-9-cm-581",
  "version": "1.0",
  "name": "Diagnosi-Altre manifestazioni morbose in atto della madre classificate altrove, ma complicanti la gravidanza, il parto o il puerperio",
  "title": "Altre manifestazioni morbose in atto della madre classificate altrove, ma complicanti la gravidanza, il parto o il puerperio",
  "status": "active",
  "compose": {
    "include": [ {
      "system": "http://hl7.org/fhir/sid/icd-9-cm",
      "concept": [ {
        "code": "6480",
        "display": "Diabete mellito"
      }, {
        "code": "64800",
        "display": "Diabete mellito, episodio di cura non specificato"
      }, {
        "code": "64801",
        "display": "Diabete mellito, parto, con o senza menzione della condizione antepartum"
      }, {
        "code": "64802",
        "display": "Diabete mellito, parto, con menzione della complicazione postpartum"
      }, {
        "code": "64803",
        "display": "Diabete mellito, condizione o complicazione antepartum"
      }, {
        "code": "64804",
        "display": "Diabete mellito, condizione o complicazione postpartum"
      }, {
        "code": "6481",
        "display": "Disfunzione della tiroide"
      }, {
        "code": "64810",
        "display": "Disfunzione della tiroide, episodio di cura non specificato"
      }, {
        "code": "64811",
        "display": "Disfunzione della tiroide, parto, con o senza menzione della condizione antepartum"
      }, {
        "code": "64812",
        "display": "Disfunzione della tiroide, parto, con menzione della complicazione postpartum"
      }, {
        "code": "64813",
        "display": "Disfunzione della tiroide, condizione o complicazione antepartum"
      }, {
        "code": "64814",
        "display": "Disfunzione della tiroide, condizione o complicazione postpartum"
      }, {
        "code": "6482",
        "display": "Anemia"
      }, {
        "code": "64820",
        "display": "Anemia, episodio di cura non specificato"
      }, {
        "code": "64821",
        "display": "Anemia, parto, con o senza menzione della condizione antepartum"
      }, {
        "code": "64822",
        "display": "Anemia, parto, con menzione della complicazione postpartum"
      }, {
        "code": "64823",
        "display": "Anemia, condizione o complicazione antepartum"
      }, {
        "code": "64824",
        "display": "Anemia, condizione o complicazione postpartum"
      }, {
        "code": "6483",
        "display": "Tossicodipendenza"
      }, {
        "code": "64830",
        "display": "Tossicodipendenza, episodio di cura non specificato"
      }, {
        "code": "64831",
        "display": "Tossicodipendenza, parto, con o senza menzione della condizione antepartum"
      }, {
        "code": "64832",
        "display": "Tossicodipendenza, parto, con menzione della complicazione postpartum"
      }, {
        "code": "64833",
        "display": "Tossicodipendenza, condizione o complicazione antepartum"
      }, {
        "code": "64834",
        "display": "Tossicodipendenza, condizione o complicazione postpartum"
      }, {
        "code": "6484",
        "display": "Disturbi mentali"
      }, {
        "code": "64840",
        "display": "Disturbi mentali, episodio di cura non specificato"
      }, {
        "code": "64841",
        "display": "Disturbi mentali, parto, con o senza menzione della condizione antepartum"
      }, {
        "code": "64842",
        "display": "Disturbi mentali, parto, con menzione della complicazione postpartum"
      }, {
        "code": "64843",
        "display": "Disturbi mentali, condizione o complicazione antepartum"
      }, {
        "code": "64844",
        "display": "Disturbi mentali, condizione o complicazione postpartum"
      }, {
        "code": "6485",
        "display": "Malattie cardiovascolari congenite"
      }, {
        "code": "64850",
        "display": "Malattie cardiovascolari congenite, episodio di cura non specificato"
      }, {
        "code": "64851",
        "display": "Malattie cardiovascolari congenite, parto, con o senza menzione della condizione antepartum"
      }, {
        "code": "64852",
        "display": "Malattie cardiovascolari congenite, parto, con menzione della complicazione postpartum"
      }, {
        "code": "64853",
        "display": "Malattie cardiovascolari congenite, condizione o complicazione antepartum"
      }, {
        "code": "64854",
        "display": "Malattie cardiovascolari congenite, condizione o complicazione postpartum"
      }, {
        "code": "6486",
        "display": "Altre malattie cardiovascolari"
      }, {
        "code": "64860",
        "display": "Altre malattie cardiovascolari, episodio di cura non specificato"
      }, {
        "code": "64861",
        "display": "Altre malattie cardiovascolari, parto, con o senza menzione della condizione antepartum"
      }, {
        "code": "64862",
        "display": "Altre malattie cardiovascolari, parto, con menzione della complicazione postpartum"
      }, {
        "code": "64863",
        "display": "Altre malattie cardiovascolari, condizione o complicazione antepartum"
      }, {
        "code": "64864",
        "display": "Altre malattie cardiovascolari, condizione o complicazione postpartum"
      }, {
        "code": "6487",
        "display": "Disturbi osteoarticolari del dorso, della pelvi e degli arti inferiori"
      }, {
        "code": "64870",
        "display": "Disturbi osteoarticolari del dorso, della pelvi e degli arti inferiori, episodio di cura non specificato"
      }, {
        "code": "64871",
        "display": "Disturbi osteoarticolari del dorso, della pelvi e degli arti inferiori, parto, con o senza menzione della condizione antepartum"
      }, {
        "code": "64872",
        "display": "Disturbi osteoarticolari del dorso, della pelvi e degli arti inferiori, parto, con menzione della complicazione postpartum"
      }, {
        "code": "64873",
        "display": "Disturbi osteoarticolari del dorso, della pelvi e degli arti inferiori, condizione o complicazione antepartum"
      }, {
        "code": "64874",
        "display": "Disturbi osteoarticolari del dorso, della pelvi e degli arti inferiori, condizione o complicazione postpartum"
      }, {
        "code": "6488",
        "display": "Alterata tolleranza al glucosio"
      }, {
        "code": "64880",
        "display": "Alterata tolleranza al glucosio, episodio di cura non specificato"
      }, {
        "code": "64881",
        "display": "Alterata tolleranza al glucosio, parto, con o senza menzione della condizione antepartum"
      }, {
        "code": "64882",
        "display": "Alterata tolleranza al glucosio, parto, con menzione della complicazione postpartum"
      }, {
        "code": "64883",
        "display": "Alterata tolleranza al glucosio, condizione o complicazione antepartum"
      }, {
        "code": "64884",
        "display": "Alterata tolleranza al glucosio, condizione o complicazione postpartum"
      }, {
        "code": "6489",
        "display": "Altre manifestazioni altrimenti classificabili"
      }, {
        "code": "64890",
        "display": "Altre manifestazioni altrimenti classificabili, episodio di cura non specificato"
      }, {
        "code": "64891",
        "display": "Altre manifestazioni altrimenti classificabili, parto, con o senza menzione della condizione antepartum"
      }, {
        "code": "64892",
        "display": "Altre manifestazioni altrimenti classificabili, parto, con menzione della complicazione postpartum"
      }, {
        "code": "64893",
        "display": "Altre manifestazioni altrimenti classificabili, condizione o complicazione antepartum"
      }, {
        "code": "64894",
        "display": "Altre manifestazioni altrimenti classificabili, condizione o complicazione postpartum"
      } ]
    } ]
  }
}