{
  "resourceType": "ValueSet",
  "url": "http://hl7.org/fhir/sid/icd-9-cm-376",
  "version": "1.0",
  "name": "Diagnosi-Angina pectoris",
  "title": "Angina pectoris",
  "status": "active",
  "compose": {
    "include": [ {
      "system": "http://hl7.org/fhir/sid/icd-9-cm",
      "concept": [ {
        "code": "4130",
        "display": "Angina da decubito"
      }, {
        "code": "4131",
        "display": "Angina di Prinzmetal"
      }, {
        "code": "4139",
        "display": "Altre e non specificate forme di angina pectoris"
      } ]
    } ]
  }
}