{
  "resourceType": "ValueSet",
  "url": "http://hl7.org/fhir/sid/icd-9-cm-328",
  "version": "1.0",
  "name": "Diagnosi-Distrofie muscolari e altre miopatie",
  "title": "Distrofie muscolari e altre miopatie",
  "status": "active",
  "compose": {
    "include": [ {
      "system": "http://hl7.org/fhir/sid/icd-9-cm",
      "concept": [ {
        "code": "3590",
        "display": "Distrofia muscolare congenita ereditaria"
      }, {
        "code": "3591",
        "display": "Distrofia muscolare progressiva ereditaria"
      }, {
        "code": "3592",
        "display": "Disturbi miotonici"
      }, {
        "code": "3593",
        "display": "Paralisi periodica familiare"
      }, {
        "code": "3594",
        "display": "Miopatia tossica"
      }, {
        "code": "3595",
        "display": "Miopatia in malattie endocrine classificate altrove"
      }, {
        "code": "3596",
        "display": "Miopatia infiammatoria sintomatica in malattie classificate altrove"
      }, {
        "code": "3598",
        "display": "Altre miopatie"
      }, {
        "code": "35981",
        "display": "Miopatia in malattia critica"
      }, {
        "code": "35989",
        "display": "Altre miopatie"
      }, {
        "code": "3599",
        "display": "Miopatia non specificata"
      } ]
    } ]
  }
}