{
  "resourceType": "ValueSet",
  "url": "http://hl7.org/fhir/sid/icd-9-cm-422",
  "version": "1.0",
  "name": "Diagnosi-Infezioni acute delle vie respiratorie superiori a localizzazioni multiple o non specificate",
  "title": "Infezioni acute delle vie respiratorie superiori a localizzazioni multiple o non specificate",
  "status": "active",
  "compose": {
    "include": [ {
      "system": "http://hl7.org/fhir/sid/icd-9-cm",
      "concept": [ {
        "code": "4650",
        "display": "Laringofaringite acuta"
      }, {
        "code": "4658",
        "display": "Infezioni acute delle vie respiratorie superiori, di altre localizzazioni multiple"
      }, {
        "code": "4659",
        "display": "Infezioni acute delle vie respiratorie superiori, sede non specificata"
      } ]
    } ]
  }
}