{
  "resourceType": "ValueSet",
  "url": "http://hl7.org/fhir/sid/icd-9-cm-926",
  "version": "1.0",
  "name": "Diagnosi-Anamnesi personale di tumore maligno",
  "title": "Anamnesi personale di tumore maligno",
  "status": "active",
  "compose": {
    "include": [ {
      "system": "http://hl7.org/fhir/sid/icd-9-cm",
      "concept": [ {
        "code": "V100",
        "display": "Anamnesi personale di tumore maligno del tratto gastrointestinale"
      }, {
        "code": "V1000",
        "display": "Anamnesi personale di tumore maligno di sede non specificata del tratto gastrointestinale"
      }, {
        "code": "V1001",
        "display": "Anamnesi personale di tumore maligno della lingua"
      }, {
        "code": "V1002",
        "display": "Anamnesi personale di tumore maligno di altre e non specificate sedi della cavita' orale e della faringe"
      }, {
        "code": "V1003",
        "display": "Anamnesi personale di tumore maligno dell' esofago"
      }, {
        "code": "V1004",
        "display": "Anamnesi personale di tumore maligno dello stomaco"
      }, {
        "code": "V1005",
        "display": "Anamnesi personale di tumore maligno dell' intestino crasso"
      }, {
        "code": "V1006",
        "display": "Anamnesi personale di tumore maligno di retto, giunzione rettosigmoidea e ano"
      }, {
        "code": "V1007",
        "display": "Anamnesi personale di tumore maligno del fegato"
      }, {
        "code": "V1009",
        "display": "Anamnesi personale di tumore maligno di altre sedi del tratto gastrointestinale"
      }, {
        "code": "V101",
        "display": "Anamnesi personale di tumore maligno di trachea, bronchi e polmoni"
      }, {
        "code": "V1011",
        "display": "Anamnesi personale di tumore maligno di bronchi e polmoni"
      }, {
        "code": "V1012",
        "display": "Anamnesi personale di tumore maligno della trachea"
      }, {
        "code": "V102",
        "display": "Anamnesi personale di tumore maligno di altri organi respiratori e intratoracici"
      }, {
        "code": "V1020",
        "display": "Anamnesi personale di tumore maligno di organo respiratorio non specificato"
      }, {
        "code": "V1021",
        "display": "Anamnesi personale di tumore maligno della laringe"
      }, {
        "code": "V1022",
        "display": "Anamnesi personale di tumore maligno della cavita' nasale, dell' orecchio medio e dei seni paranasali"
      }, {
        "code": "V1029",
        "display": "Anamnesi personale di tumore maligno di altri organi respiratori e intratoracici"
      }, {
        "code": "V103",
        "display": "Anamnesi personale di tumore maligno della mammella"
      }, {
        "code": "V104",
        "display": "Anamnesi personale di tumore maligno degli organi genitali"
      }, {
        "code": "V1040",
        "display": "Anamnesi personale di tumore maligno di organo genitale femminile non specificato"
      }, {
        "code": "V1041",
        "display": "Anamnesi personale di tumore maligno della cervice uterina"
      }, {
        "code": "V1042",
        "display": "Anamnesi personale di tumore maligno di altre parti dell' utero"
      }, {
        "code": "V1043",
        "display": "Anamnesi personale di tumore maligno dell' ovaio"
      }, {
        "code": "V1044",
        "display": "Anamnesi personale di tumore maligno di altri organi genitali femminili"
      }, {
        "code": "V1045",
        "display": "Anamnesi personale di tumore maligno di organo genitale maschile non specificato"
      }, {
        "code": "V1046",
        "display": "Anamnesi personale di tumore maligno della prostata"
      }, {
        "code": "V1047",
        "display": "Anamnesi personale di tumore maligno del testicolo"
      }, {
        "code": "V1048",
        "display": "Anamnesi personale di tumore maligno dell'  epididimo"
      }, {
        "code": "V1049",
        "display": "Anamnesi personale di tumore maligno di altri organi genitali maschili"
      }, {
        "code": "V105",
        "display": "Anamnesi personale di tumore maligno degli organi urinari"
      }, {
        "code": "V1050",
        "display": "Anamnesi personale di tumore maligno di organo urinario non specificato"
      }, {
        "code": "V1051",
        "display": "Anamnesi personale di tumore maligno della vescica"
      }, {
        "code": "V1052",
        "display": "Anamnesi personale di tumore maligno del rene"
      }, {
        "code": "V1053",
        "display": "Anamnesi personale di tumore maligno della pelvi renale"
      }, {
        "code": "V1059",
        "display": "Anamnesi personale di tumore maligno di altri organi urinari"
      }, {
        "code": "V106",
        "display": "Anamnesi personale di leucemia"
      }, {
        "code": "V1060",
        "display": "Anamnesi personale di leucemia non specificata"
      }, {
        "code": "V1061",
        "display": "Anamnesi personale di leucemia linfoide"
      }, {
        "code": "V1062",
        "display": "Anamnesi personale di leucemia mieloide"
      }, {
        "code": "V1063",
        "display": "Anamnesi personale di leucemia monocitica"
      }, {
        "code": "V1069",
        "display": "Anamnesi personale di altra leucemia"
      }, {
        "code": "V107",
        "display": "Anamnesi personale di altri tumori linfatici e degli organi ematopoietici"
      }, {
        "code": "V1071",
        "display": "Anamnesi personale di linfosarcoma e reticolosarcoma"
      }, {
        "code": "V1072",
        "display": "Anamnesi personale di malattia di Hodgkin"
      }, {
        "code": "V1079",
        "display": "Anamnesi personale di altri tumori linfatici e degli organi ematopoietici"
      }, {
        "code": "V108",
        "display": "Anamnesi personale di tumore maligno di altre sedi"
      }, {
        "code": "V1081",
        "display": "Anamnesi personale di tumore maligno dell' osso"
      }, {
        "code": "V1082",
        "display": "Anamnesi personale di melanoma maligno della pelle"
      }, {
        "code": "V1083",
        "display": "Anamnesi personale di altri tumori maligni della pelle"
      }, {
        "code": "V1084",
        "display": "Anamnesi personale di tumore maligno dell' occhio"
      }, {
        "code": "V1085",
        "display": "Anamnesi personale di tumore maligno del cervello"
      }, {
        "code": "V1086",
        "display": "Anamnesi personale di tumore maligno di altre parti del sistema nervoso"
      }, {
        "code": "V1087",
        "display": "Anamnesi personale di tumore maligno della tiroide"
      }, {
        "code": "V1088",
        "display": "Anamnesi personale di tumore maligno di altre ghiandole endocrine e delle strutture correlate"
      }, {
        "code": "V1089",
        "display": "Anamnesi personale di tumore maligno di altre sedi"
      }, {
        "code": "V109",
        "display": "Anamnesi personale di tumore maligno non specificato"
      } ]
    } ]
  }
}