{
  "resourceType": "ValueSet",
  "url": "http://hl7.org/fhir/sid/icd-9-cm-733",
  "version": "1.0",
  "name": "Diagnosi-Frattura della colonna vertebrale con lesione del midollo spinale",
  "title": "Frattura della colonna vertebrale con lesione del midollo spinale",
  "status": "active",
  "compose": {
    "include": [ {
      "system": "http://hl7.org/fhir/sid/icd-9-cm",
      "concept": [ {
        "code": "8060",
        "display": "Frattura chiusa della colonna vertebrale con lesione del midollo spinale"
      }, {
        "code": "80600",
        "display": "Frattura chiusa del tratto C1-C4 con lesione non specificata del midollo spinale"
      }, {
        "code": "80601",
        "display": "Frattura chiusa del tratto C1-C4 con lesione completa del midollo"
      }, {
        "code": "80602",
        "display": "Frattura chiusa del tratto C1-C4 con sindrome midollare anteriore"
      }, {
        "code": "80603",
        "display": "Frattura chiusa del tratto C1-C4 con sindrome midollare centrale"
      }, {
        "code": "80604",
        "display": "Frattura chiusa del tratto C1-C4 con altra lesione specificata del midollo"
      }, {
        "code": "80605",
        "display": "Frattura chiusa del tratto C5-C7 con lesione non specificata del midollo spinale"
      }, {
        "code": "80606",
        "display": "Frattura chiusa del tratto C5-C7 con lesione completa del midollo"
      }, {
        "code": "80607",
        "display": "Frattura chiusa del tratto C5-C7 con sindrome midollare anteriore"
      }, {
        "code": "80608",
        "display": "Frattura chiusa del tratto C5-C7 con sindrome midollare centrale"
      }, {
        "code": "80609",
        "display": "Frattura chiusa del tratto C5-C7 con altra lesione specificata del midollo spinale"
      }, {
        "code": "8061",
        "display": "Frattura esposta delle vertebre cervicali con lesione del midollo spinale"
      }, {
        "code": "80610",
        "display": "Frattura esposta del tratto C1-C4 con lesione non specificata del midollo spinale"
      }, {
        "code": "80611",
        "display": "Frattura esposta del tratto C1-C4 con lesione completa del midollo spinale"
      }, {
        "code": "80612",
        "display": "Frattura esposta del tratto C1-C4 con sindrome midollare anteriore"
      }, {
        "code": "80613",
        "display": "Frattura esposta del tratto C1-C4 con sindrome midollare centrale"
      }, {
        "code": "80614",
        "display": "Frattura esposta del tratto C1-C4 con altra lesione specificata del midollo"
      }, {
        "code": "80615",
        "display": "Frattura esposta del tratto C5-C7 con lesione non specificata del midollo spinale"
      }, {
        "code": "80616",
        "display": "Frattura esposta del tratto C5-C7 con lesione completa del midollo"
      }, {
        "code": "80617",
        "display": "Frattura esposta del tratto C5-C7 con sindrome midollare anteriore"
      }, {
        "code": "80618",
        "display": "Frattura esposta del tratto C5-C7 con sindrome midollare centrale"
      }, {
        "code": "80619",
        "display": "Frattura esposta del tratto C5-C7 con altra lesione specificata del midollo spinale"
      }, {
        "code": "8062",
        "display": "Frattura chiusa del tratto dorsale (toracico) della colonna con lesione del midollo spinale"
      }, {
        "code": "80620",
        "display": "Frattura chiusa del tratto T1-T6 con lesione non specificata del midollo spinale"
      }, {
        "code": "80621",
        "display": "Frattura chiusa del tratto T1-T6 con lesione completa del midollo"
      }, {
        "code": "80622",
        "display": "Frattura chiusa del tratto T1-T6 con sindrome midollare anteriore"
      }, {
        "code": "80623",
        "display": "Frattura chiusa del tratto T1-T6 con sindrome midollare centrale"
      }, {
        "code": "80624",
        "display": "Frattura chiusa del tratto T1-T6 con altra lesione specificata del midollo"
      }, {
        "code": "80625",
        "display": "Frattura chiusa del tratto T7-T12 con lesione non specificata del midollo spinale"
      }, {
        "code": "80626",
        "display": "Frattura chiusa del tratto T7-T12 con lesione completa del midollo"
      }, {
        "code": "80627",
        "display": "Frattura chiusa del tratto T7-T12 con sindrome midollare anteriore"
      }, {
        "code": "80628",
        "display": "Frattura chiusa del tratto T7-T12 con sindrome midollare centrale"
      }, {
        "code": "80629",
        "display": "Frattura chiusa del tratto T7-T12 con altra lesione specificata del midollo"
      }, {
        "code": "8063",
        "display": "Frattura esposta del tratto dorsale (toracico) della colonna vertebrale con lesione del midollo spinale"
      }, {
        "code": "80630",
        "display": "Frattura esposta di T1-T6 con lesione non specificata del midollo spinale"
      }, {
        "code": "80631",
        "display": "Frattura esposta di T1-T6 con lesione completa del midollo spinale"
      }, {
        "code": "80632",
        "display": "Frattura esposta di T1-T6 con sindrome midollare anteriore"
      }, {
        "code": "80633",
        "display": "Frattura esposta di T1-T6 con sindrome midollare centrale"
      }, {
        "code": "80634",
        "display": "Frattura esposta di T1-T6 con altra lesione non specificata del midollo spinale"
      }, {
        "code": "80635",
        "display": "Frattura esposta del tratto T7- T12 con lesione non specificata del midollo spinale"
      }, {
        "code": "80636",
        "display": "Frattura esposta del tratto T7- T12 con lesione completa del midollo"
      }, {
        "code": "80637",
        "display": "Frattura esposta del tratto T7- T12 con sindrome midollare anteriore"
      }, {
        "code": "80638",
        "display": "Frattura esposta del tratto T7- T12 con sindrome midollare centrale"
      }, {
        "code": "80639",
        "display": "Frattura esposta del tratto T7- T12 con altra lesione specificata del midollo spinale"
      }, {
        "code": "8064",
        "display": "Frattura chiusa del tratto lombare della colonna vertebrale con lesione del midollo spinale"
      }, {
        "code": "8065",
        "display": "Frattura esposta del tratto lombare della colonna vertebrale con lesione del midollo spinale"
      }, {
        "code": "8066",
        "display": "Frattura chiusa di sacro e coccige con lesione del midollo spinale"
      }, {
        "code": "80660",
        "display": "Frattura chiusa di sacro e coccige con lesione non specificata del midollo spinale"
      }, {
        "code": "80661",
        "display": "Frattura chiusa di sacro e coccige con lesione completa della cauda equina"
      }, {
        "code": "80662",
        "display": "Frattura chiusa di sacro e coccige con altra lesione della cauda equina"
      }, {
        "code": "80669",
        "display": "Frattura chiusa di sacro e coccige con altra lesione del midollo spinale"
      }, {
        "code": "8067",
        "display": "Frattura esposta di sacro e coccige con lesione del midollo spinale"
      }, {
        "code": "80670",
        "display": "Frattura esposta di sacro e coccige con lesione non specificata del midollo"
      }, {
        "code": "80671",
        "display": "Frattura esposta di sacro e coccige con lesione completa della cauda equina"
      }, {
        "code": "80672",
        "display": "Frattura esposta di sacro e coccige con altra lesione della cauda equina"
      }, {
        "code": "80679",
        "display": "Frattura esposta di sacro e coccige con altra lesione del midollo spinale"
      }, {
        "code": "8068",
        "display": "Frattura chiusa di vertebra non specificata con lesione del midollo spinale"
      }, {
        "code": "8069",
        "display": "Frattura esposta di vertebra non specificata con lesione del midollo spinale"
      } ]
    } ]
  }
}