{
  "resourceType": "ValueSet",
  "url": "http://hl7.org/fhir/sid/icd-9-cm-256",
  "version": "1.0",
  "name": "Diagnosi-Anemia aplastica e altre sindromi da insufficienza midollare",
  "title": "Anemia aplastica e altre sindromi da insufficienza midollare",
  "status": "active",
  "compose": {
    "include": [ {
      "system": "http://hl7.org/fhir/sid/icd-9-cm",
      "concept": [ {
        "code": "2840",
        "display": "Anemia aplastica costituzionale"
      }, {
        "code": "28401",
        "display": "Aplasia costituzionale dei globuli rossi"
      }, {
        "code": "28409",
        "display": "Altre anemie aplastiche costituzionali"
      }, {
        "code": "2841",
        "display": "Pancitopenia"
      }, {
        "code": "2842",
        "display": "Mieloftisi"
      }, {
        "code": "2848",
        "display": "Altre anemie aplastiche specificate"
      }, {
        "code": "2849",
        "display": "Anemia aplastica, non specificata"
      } ]
    } ]
  }
}