{
  "resourceType": "ValueSet",
  "url": "http://hl7.org/fhir/sid/icd-9-cm-611",
  "version": "1.0",
  "name": "Diagnosi-Foruncolo e favo",
  "title": "Foruncolo e favo",
  "status": "active",
  "compose": {
    "include": [ {
      "system": "http://hl7.org/fhir/sid/icd-9-cm",
      "concept": [ {
        "code": "6800",
        "display": "Foruncolo e favo della faccia"
      }, {
        "code": "6801",
        "display": "Foruncolo e favo del collo"
      }, {
        "code": "6802",
        "display": "Foruncolo e favo del tronco"
      }, {
        "code": "6803",
        "display": "Foruncolo e favo del braccio e avambraccio"
      }, {
        "code": "6804",
        "display": "Foruncolo e favo della mano"
      }, {
        "code": "6805",
        "display": "Foruncolo e favo dei glutei"
      }, {
        "code": "6806",
        "display": "Foruncolo e favo dell' arto inferiore, eccetto il piede"
      }, {
        "code": "6807",
        "display": "Foruncolo e favo del piede"
      }, {
        "code": "6808",
        "display": "Foruncolo e favo di altre sedi specificate"
      }, {
        "code": "6809",
        "display": "Foruncolo e favo di altre sedi non specificate"
      } ]
    } ]
  }
}