{
  "resourceType": "ValueSet",
  "url": "http://hl7.org/fhir/sid/icd-9-cm-912",
  "version": "1.0",
  "name": "Diagnosi-Alcuni effetti avversi non classificati altrove",
  "title": "Alcuni effetti avversi non classificati altrove",
  "status": "active",
  "compose": {
    "include": [ {
      "system": "http://hl7.org/fhir/sid/icd-9-cm",
      "concept": [ {
        "code": "9950",
        "display": "Altro shock anafilattico non classificato altrove da effetti avversi di Shock anafilattico sostanze medicinali"
      }, {
        "code": "9951",
        "display": "Edema angioneurotico non classificato altrove"
      }, {
        "code": "9952",
        "display": "Altri effetti avversi non specificati di farmaci, medicamenti e prodotti biologici"
      }, {
        "code": "99520",
        "display": "Altri e non specificati effetti avversi di farmaci, medicamenti e prodotti biologici non specificati"
      }, {
        "code": "99521",
        "display": "Fenomeno di Arthus"
      }, {
        "code": "99522",
        "display": "Effetti avversi dell' anestesia non specificati"
      }, {
        "code": "99523",
        "display": "Effetti avversi dell' insulina non specificati"
      }, {
        "code": "99527",
        "display": "Altra allergia ai farmaci"
      }, {
        "code": "99529",
        "display": "Altri effetti avversi non specificati di altri farmaci, medicamenti e prodotti biologici"
      }, {
        "code": "9953",
        "display": "Allergia, non specificata, non classificata altrove"
      }, {
        "code": "9954",
        "display": "Shock da anestesia non specificato altrove"
      }, {
        "code": "9955",
        "display": "Sindrome del bambino maltrattato"
      }, {
        "code": "99550",
        "display": "Abuso di minore non specificato"
      }, {
        "code": "99551",
        "display": "Abuso di minore emotivo/psicologico"
      }, {
        "code": "99552",
        "display": "Trascuratezza di minore (nutrizionale)"
      }, {
        "code": "99553",
        "display": "Abuso sessuale su minore"
      }, {
        "code": "99554",
        "display": "Abuso fisico di minore"
      }, {
        "code": "99555",
        "display": "Sindrome del bambino agitato"
      }, {
        "code": "99559",
        "display": "Altri abusi e trascuratezze di minori"
      }, {
        "code": "9956",
        "display": "Shock anafilattico da reazioni avverse all'alimento"
      }, {
        "code": "99560",
        "display": "Shock anafilattico da alimento non specificato"
      }, {
        "code": "99561",
        "display": "Shock anafilattico da arachidi"
      }, {
        "code": "99562",
        "display": "Shock anafilattico da crostacei"
      }, {
        "code": "99563",
        "display": "Shock anafilattico da frutti e vegetali"
      }, {
        "code": "99564",
        "display": "Shock anafilattico da noci (o nocciole) e da semi"
      }, {
        "code": "99565",
        "display": "Shock anafilattico da pesce"
      }, {
        "code": "99566",
        "display": "Shock anafilattico da additivi alimentari"
      }, {
        "code": "99567",
        "display": "Shock anafilattico da derivati del latte"
      }, {
        "code": "99568",
        "display": "Shock anafilattico da uova"
      }, {
        "code": "99569",
        "display": "Shock anafilattico da altro alimento specificato"
      }, {
        "code": "9957",
        "display": "Altre reazioni avverse all'alimento, non classificate altrove"
      }, {
        "code": "9958",
        "display": "Effetti avversi specificati non classificati altrove"
      }, {
        "code": "99580",
        "display": "Maltrattamento di adulto, non specificato"
      }, {
        "code": "99581",
        "display": "Sindrome dell' adulto maltrattato"
      }, {
        "code": "99582",
        "display": "Abuso emotivo/psicologico di adulto"
      }, {
        "code": "99583",
        "display": "Abuso sessuale di adulto"
      }, {
        "code": "99584",
        "display": "Trascuratezza di adulto (nutrizionale)"
      }, {
        "code": "99585",
        "display": "Altri abusi e trascuratezze di adulto"
      }, {
        "code": "99586",
        "display": "Ipertermia maligna"
      }, {
        "code": "99589",
        "display": "Altri effetti avversi specificati non classificati altrove"
      }, {
        "code": "9959",
        "display": "Sindrome da risposta infiammatoria sistemica (SIRS)"
      }, {
        "code": "99590",
        "display": "Sindrome da risposta infiammatoria sistemica, non specificata"
      }, {
        "code": "99591",
        "display": "Sepsi"
      }, {
        "code": "99592",
        "display": "Sepsi severa sepsi con disfunzione d'organo acuta sepsi con disfunzione d'organo multipla (MOD) sindrome da risposta infiammatoria sistemica data da un processo infettivo con disfunzione d'organo acuta"
      }, {
        "code": "99593",
        "display": "Sindrome da risposta infiammatoria sistemica dovuta a processo non infettivo senza disfunzione d'organo acuta"
      }, {
        "code": "99594",
        "display": "Sindrome da risposta infiammatoria sistemica dovuta a processo non infettivo con disfunzione d'organo acuta"
      } ]
    } ]
  }
}