{
  "resourceType": "ValueSet",
  "url": "http://hl7.org/fhir/sid/icd-9-cm-797",
  "version": "1.0",
  "name": "Diagnosi-Ferita del dorso",
  "title": "Ferita del dorso",
  "status": "active",
  "compose": {
    "include": [ {
      "system": "http://hl7.org/fhir/sid/icd-9-cm",
      "concept": [ {
        "code": "8760",
        "display": "Ferita del dorso senza menzione di complicazioni"
      }, {
        "code": "8761",
        "display": "Ferita del dorso con complicazioni"
      } ]
    } ]
  }
}