{
  "resourceType": "ValueSet",
  "url": "http://hl7.org/fhir/sid/icd-9-cm-809",
  "version": "1.0",
  "name": "Diagnosi-Ferita dell' anca e della coscia",
  "title": "Ferita dell' anca e della coscia",
  "status": "active",
  "compose": {
    "include": [ {
      "system": "http://hl7.org/fhir/sid/icd-9-cm",
      "concept": [ {
        "code": "8900",
        "display": "Ferita dell' anca e della coscia senza menzione di complicazioni"
      }, {
        "code": "8901",
        "display": "Ferita dell' anca e della coscia con complicazioni"
      }, {
        "code": "8902",
        "display": "Ferita dell' anca e della coscia con interessamento dei tendini"
      } ]
    } ]
  }
}