{
  "resourceType": "ValueSet",
  "url": "http://hl7.org/fhir/sid/icd-9-cm-928",
  "version": "1.0",
  "name": "Diagnosi-Anamnesi personale di alcune altre malattie",
  "title": "Anamnesi personale di alcune altre malattie",
  "status": "active",
  "compose": {
    "include": [ {
      "system": "http://hl7.org/fhir/sid/icd-9-cm",
      "concept": [ {
        "code": "V120",
        "display": "Anamnesi personale di malattia infettiva e parassitaria"
      }, {
        "code": "V1200",
        "display": "Anamnesi personale di malattia infettiva e parassitaria non specificata"
      }, {
        "code": "V1201",
        "display": "Anamnesi personale di tubercolosi"
      }, {
        "code": "V1202",
        "display": "Anamnesi personale di poliomielite"
      }, {
        "code": "V1203",
        "display": "Anamnesi personale di malaria"
      }, {
        "code": "V1209",
        "display": "Anamnesi personale di altra malattia infettiva e parassitaria specificata"
      }, {
        "code": "V121",
        "display": "Anamnesi personale di carenza nutritiva"
      }, {
        "code": "V122",
        "display": "Anamnesi personale di disturbi endocrini, metabolici e immunitari"
      }, {
        "code": "V123",
        "display": "Anamnesi personale di malattie del sangue e degli organi ematopoietici"
      }, {
        "code": "V124",
        "display": "Anamnesi personale di disturbi del sistema nervoso e degli organi di senso"
      }, {
        "code": "V1240",
        "display": "Anamnesi personale di disturbi, non specificati, del sistema nervoso e degli organi di senso"
      }, {
        "code": "V1241",
        "display": "Anamnesi personale di neoplasia benigna del cervello"
      }, {
        "code": "V1242",
        "display": "Anamnesi personale di infezioni del sistema nervoso centrale"
      }, {
        "code": "V1249",
        "display": "Anamnesi personale di altri disturbi del sistema nervoso e degli organi di senso"
      }, {
        "code": "V125",
        "display": "Anamnesi personale di malattie dell' apparato circolatorio"
      }, {
        "code": "V1250",
        "display": "Anamnesi personale di malattia dell' apparato circolatorio non specificata"
      }, {
        "code": "V1251",
        "display": "Anamnesi personale di trombosi venosa ed embolia"
      }, {
        "code": "V1252",
        "display": "Anamnesi personale di tromboflebite"
      }, {
        "code": "V1259",
        "display": "Anamnesi personale di altre malattie dell' apparato circolatorio, non classificate altrove"
      }, {
        "code": "V126",
        "display": "Anamnesi personale di malattie dell' apparato respiratorio"
      }, {
        "code": "V1260",
        "display": "Anamnesi personale di malattia non specificata del sistema respiratorio"
      }, {
        "code": "V1261",
        "display": "Anamnesi personale di polmonite (ricorrente)"
      }, {
        "code": "V1269",
        "display": "Anamnesi personale di altre patologie del sistema respiratorio"
      }, {
        "code": "V127",
        "display": "Anamnesi personale di malattie dell' apparato digerente"
      }, {
        "code": "V1270",
        "display": "Anamnesi personale di malattia non specificata dell' apparato digerente"
      }, {
        "code": "V1271",
        "display": "Anamnesi personale di ulcera peptica"
      }, {
        "code": "V1272",
        "display": "Anamnesi personale di polipi del colon"
      }, {
        "code": "V1279",
        "display": "Anamnesi personale di altre malattie specificate dell' apparato digerente"
      } ]
    } ]
  }
}