{
  "resourceType": "ValueSet",
  "url": "http://hl7.org/fhir/sid/icd-9-cm-95",
  "version": "1.0",
  "name": "Diagnosi-Altre e non specificate dermatomicosi",
  "title": "Altre e non specificate dermatomicosi",
  "status": "active",
  "compose": {
    "include": [ {
      "system": "http://hl7.org/fhir/sid/icd-9-cm",
      "concept": [ {
        "code": "1110",
        "display": "Pityriasis versicolor"
      }, {
        "code": "1111",
        "display": "Tinea nigra"
      }, {
        "code": "1112",
        "display": "Tinea blanca"
      }, {
        "code": "1113",
        "display": "Piedra nera"
      }, {
        "code": "1118",
        "display": "Altre dermatomicosi specificate"
      }, {
        "code": "1119",
        "display": "Dermatomicosi non specificate"
      } ]
    } ]
  }
}