{
  "resourceType": "ValueSet",
  "url": "http://hl7.org/fhir/sid/icd-9-cm-572",
  "version": "1.0",
  "name": "Diagnosi-Complicazioni successive ad aborto e gravidanze ectopiche e molari",
  "title": "Complicazioni successive ad aborto e gravidanze ectopiche e molari",
  "status": "active",
  "compose": {
    "include": [ {
      "system": "http://hl7.org/fhir/sid/icd-9-cm",
      "concept": [ {
        "code": "6390",
        "display": "Infezione del tratto genitale e della pelvi"
      }, {
        "code": "6391",
        "display": "Perdita ematica ritardata o eccessiva"
      }, {
        "code": "6392",
        "display": "Lesione degli organi e dei tessuti pelvici"
      }, {
        "code": "6393",
        "display": "Insufficienza renale"
      }, {
        "code": "6394",
        "display": "Disordini metabolici"
      }, {
        "code": "6395",
        "display": "Shock in seguito ad aborto e gravidanze ectopiche e molari"
      }, {
        "code": "6396",
        "display": "Embolia in seguito ad aborto e gravidanze ectopiche e molari"
      }, {
        "code": "6398",
        "display": "Altre complicazioni specificate in seguito ad aborto e gravidanze ectopiche e molari"
      }, {
        "code": "6399",
        "display": "Complicazione non specificata in seguito ad aborto e gravidanze ectopiche e molari"
      } ]
    } ]
  }
}