{
  "resourceType": "ValueSet",
  "url": "http://hl7.org/fhir/sid/icd-9-cm-847",
  "version": "1.0",
  "name": "Diagnosi-Corpo estraneo nella parte esterna dell' occhio",
  "title": "Corpo estraneo nella parte esterna dell' occhio",
  "status": "active",
  "compose": {
    "include": [ {
      "system": "http://hl7.org/fhir/sid/icd-9-cm",
      "concept": [ {
        "code": "9300",
        "display": "Corpo estraneo della cornea"
      }, {
        "code": "9301",
        "display": "Corpo estraneo del sacco congiuntivale"
      }, {
        "code": "9302",
        "display": "Corpo estraneo del punto lacrimale"
      }, {
        "code": "9308",
        "display": "Corpo estraneo di altre sedi e sedi combinate"
      }, {
        "code": "9309",
        "display": "Corpo estraneo in parte esterna dell' occhio non specificata"
      } ]
    } ]
  }
}