{
  "resourceType": "ValueSet",
  "url": "http://hl7.org/fhir/sid/icd-9-cm-793",
  "version": "1.0",
  "name": "Diagnosi-Ferita dell' orecchio",
  "title": "Ferita dell' orecchio",
  "status": "active",
  "compose": {
    "include": [ {
      "system": "http://hl7.org/fhir/sid/icd-9-cm",
      "concept": [ {
        "code": "8720",
        "display": "Ferita dell' orecchio esterno, senza menzione di complicazioni"
      }, {
        "code": "87200",
        "display": "Ferita dell' orecchio esterno, sito non specificato, senza menzione di complicazioni"
      }, {
        "code": "87201",
        "display": "Ferita di orecchietta, orecchio, senza menzione di complicazioni"
      }, {
        "code": "87202",
        "display": "Ferita del condotto uditivo, senza menzione di complicazioni"
      }, {
        "code": "8721",
        "display": "Ferita dell' orecchio esterno con complicazioni"
      }, {
        "code": "87210",
        "display": "Ferita dell' orecchio esterno, sito non specificato, con complicazioni"
      }, {
        "code": "87211",
        "display": "Ferita di orecchietta, orecchio, con complicazioni"
      }, {
        "code": "87212",
        "display": "Ferita del condotto uditivo, con complicazioni"
      }, {
        "code": "8726",
        "display": "Ferita di altre parti specificate dell' orecchio, senza menzione di complicazioni"
      }, {
        "code": "87261",
        "display": "Ferita dell' orecchio medio, senza menzione di complicazioni"
      }, {
        "code": "87262",
        "display": "Ferita degli ossicini, senza menzione di complicazioni"
      }, {
        "code": "87263",
        "display": "Ferita delle tube di Eustachio, senza menzione di complicazioni"
      }, {
        "code": "87264",
        "display": "Ferita della chiocciola, senza menzione di complicazioni"
      }, {
        "code": "87269",
        "display": "Ferita di altre parti specificate dell' orecchio, altro e siti multipli, senza menzione di complicazioni"
      }, {
        "code": "8727",
        "display": "Ferita di altre parti specificate dell' orecchio, con complicazioni"
      }, {
        "code": "87271",
        "display": "Ferita dell' orecchio medio con complicazioni"
      }, {
        "code": "87272",
        "display": "Ferita degli ossicini, con complicazioni"
      }, {
        "code": "87273",
        "display": "Ferita delle tube di Eustachio, con complicazioni"
      }, {
        "code": "87274",
        "display": "Ferita della chiocciola, con complicazioni"
      }, {
        "code": "87279",
        "display": "Ferita di altre parti specificate dell' orecchio, altro e siti multipli, con complicazioni"
      }, {
        "code": "8728",
        "display": "Ferita dell' orecchio, parte non specificata, senza menzione di complicazioni"
      }, {
        "code": "8729",
        "display": "Ferita dell' orecchio, parte non specificata, con complicazioni"
      } ]
    } ]
  }
}