{
  "resourceType": "ValueSet",
  "url": "http://hl7.org/fhir/sid/icd-9-cm-94",
  "version": "1.0",
  "name": "Diagnosi-Dermatofitosi",
  "title": "Dermatofitosi",
  "status": "active",
  "compose": {
    "include": [ {
      "system": "http://hl7.org/fhir/sid/icd-9-cm",
      "concept": [ {
        "code": "1100",
        "display": "Dermatofitosi del cuoio capelluto e della barba"
      }, {
        "code": "1101",
        "display": "Dermatofitosi dell' unghia"
      }, {
        "code": "1102",
        "display": "Dermatofitosi della mano"
      }, {
        "code": "1103",
        "display": "Dermatofitosi dell' inguine e dell' area perianale"
      }, {
        "code": "1104",
        "display": "Dermatofitosi del piede"
      }, {
        "code": "1105",
        "display": "Dermatofitosi del corpo"
      }, {
        "code": "1106",
        "display": "Dermatofitosi profonde"
      }, {
        "code": "1108",
        "display": "Dermatofitosi di altre sedi specificate"
      }, {
        "code": "1109",
        "display": "Dermatofitosi di sede non specificata"
      } ]
    } ]
  }
}