{
  "resourceType": "ValueSet",
  "url": "http://hl7.org/fhir/sid/icd-9-cm-678",
  "version": "1.0",
  "name": "Diagnosi-Altre anomalie congenite del sistema digestivo",
  "title": "Altre anomalie congenite del sistema digestivo",
  "status": "active",
  "compose": {
    "include": [ {
      "system": "http://hl7.org/fhir/sid/icd-9-cm",
      "concept": [ {
        "code": "7510",
        "display": "Diverticolo di Meckel"
      }, {
        "code": "7511",
        "display": "Atresia e stenosi dell' intestino tenue"
      }, {
        "code": "7512",
        "display": "Atresia e stenosi dell' intestino crasso, del retto e del canale anale"
      }, {
        "code": "7513",
        "display": "Malattia di Hirschsprung ed altri disturbi funzionali congeniti del colon"
      }, {
        "code": "7514",
        "display": "Anomalie di fissazione intestinale"
      }, {
        "code": "7515",
        "display": "Altre anomalie dell' intestino"
      }, {
        "code": "7516",
        "display": "Anomalie della colecisti, dei dotti biliari e del fegato"
      }, {
        "code": "75160",
        "display": "Anomalie non specificate della colecisti, dei dotti biliari e del fegato"
      }, {
        "code": "75161",
        "display": "Atresia biliare"
      }, {
        "code": "75162",
        "display": "Malattia congenita cistica del fegato"
      }, {
        "code": "75169",
        "display": "Altre anomalie della colecisti, dei dotti biliari e del fegato"
      }, {
        "code": "7517",
        "display": "Anomalie del pancreas"
      }, {
        "code": "7518",
        "display": "Altre anomalie specificate del sistema digestivo"
      }, {
        "code": "7519",
        "display": "Anomalie non specificate del sistema digestivo"
      } ]
    } ]
  }
}