{
  "resourceType": "ValueSet",
  "url": "http://hl7.org/fhir/sid/icd-9-cm-228",
  "version": "1.0",
  "name": "Diagnosi-Anomalie della funzione ovarica",
  "title": "Anomalie della funzione ovarica",
  "status": "active",
  "compose": {
    "include": [ {
      "system": "http://hl7.org/fhir/sid/icd-9-cm",
      "concept": [ {
        "code": "2560",
        "display": "Iperestrogenismo assoluto o relativo"
      }, {
        "code": "2561",
        "display": "Altre iperfunzioni ovariche"
      }, {
        "code": "2562",
        "display": "Insufficienza ovarica iatrogena"
      }, {
        "code": "2563",
        "display": "Altre insufficienze ovariche"
      }, {
        "code": "25631",
        "display": "Menopausa prematura"
      }, {
        "code": "25639",
        "display": "Altre insufficienze ovariche"
      }, {
        "code": "2564",
        "display": "Sindrome dell' ovaio policistico"
      }, {
        "code": "2568",
        "display": "Altre disfunzioni ovariche"
      }, {
        "code": "2569",
        "display": "Disfunzione ovarica non specificata"
      } ]
    } ]
  }
}