{
  "resourceType": "ValueSet",
  "url": "http://hl7.org/fhir/sid/icd-9-cm-745",
  "version": "1.0",
  "name": "Diagnosi-Fratture mal definite dell' arto superiore",
  "title": "Fratture mal definite dell' arto superiore",
  "status": "active",
  "compose": {
    "include": [ {
      "system": "http://hl7.org/fhir/sid/icd-9-cm",
      "concept": [ {
        "code": "8180",
        "display": "Fratture chiuse mal definite dell' arto superiore"
      }, {
        "code": "8181",
        "display": "Fratture esposte mal definite dell' arto superiore"
      } ]
    } ]
  }
}