{
  "resourceType": "ValueSet",
  "url": "http://hl7.org/fhir/sid/icd-9-cm-435",
  "version": "1.0",
  "name": "Diagnosi-Altre polmoniti batteriche",
  "title": "Altre polmoniti batteriche",
  "status": "active",
  "compose": {
    "include": [ {
      "system": "http://hl7.org/fhir/sid/icd-9-cm",
      "concept": [ {
        "code": "4820",
        "display": "Polmonite da Klebsiella pneumoniae"
      }, {
        "code": "4821",
        "display": "Polmonite da Pseudomonas"
      }, {
        "code": "4822",
        "display": "Polmonite da Haemophilus influenzae (H. influenzae)"
      }, {
        "code": "4823",
        "display": "Polmonite da Streptococco"
      }, {
        "code": "48230",
        "display": "Polmonite da Streptococco, non specificato"
      }, {
        "code": "48231",
        "display": "Polmonite da Streptococco, gruppo A"
      }, {
        "code": "48232",
        "display": "Polmonite da Streptococco, gruppo B"
      }, {
        "code": "48239",
        "display": "Polmonite da altri Streptococchi"
      }, {
        "code": "4824",
        "display": "Polmonite da Stafilococco"
      }, {
        "code": "48240",
        "display": "Polmonite da Stafilococco, non specificato"
      }, {
        "code": "48241",
        "display": "Polmonite da Stafilococco aureo"
      }, {
        "code": "48249",
        "display": "Altre polmoniti da Stafilococco"
      }, {
        "code": "4828",
        "display": "Polmonite da altri batteri specificati"
      }, {
        "code": "48281",
        "display": "Polmonite da anaerobi"
      }, {
        "code": "48282",
        "display": "Polmonite da Escherichia coli [E. coli]"
      }, {
        "code": "48283",
        "display": "Polmonite da altri batteri gram-negativi"
      }, {
        "code": "48284",
        "display": "Malattia dei legionari (Legionellosi)"
      }, {
        "code": "48289",
        "display": "Polmonite da altri batteri specificati"
      }, {
        "code": "4829",
        "display": "Polmonite batterica, non specificata"
      } ]
    } ]
  }
}