{
  "resourceType": "ValueSet",
  "url": "http://hl7.org/fhir/sid/icd-9-cm-25",
  "version": "1.0",
  "name": "Diagnosi-Febbre da morso di ratto",
  "title": "Febbre da morso di ratto",
  "status": "active",
  "compose": {
    "include": [ {
      "system": "http://hl7.org/fhir/sid/icd-9-cm",
      "concept": [ {
        "code": "0260",
        "display": "Febbre spirillare"
      }, {
        "code": "0261",
        "display": "Febbre streptobacillare"
      }, {
        "code": "0269",
        "display": "Febbre da morso di ratto non specificata"
      } ]
    } ]
  }
}