{
  "resourceType": "ValueSet",
  "url": "http://hl7.org/fhir/sid/icd-9-cm-671",
  "version": "1.0",
  "name": "Diagnosi-Anomalie congenite dell' orecchio, della faccia e del collo",
  "title": "Anomalie congenite dell' orecchio, della faccia e del collo",
  "status": "active",
  "compose": {
    "include": [ {
      "system": "http://hl7.org/fhir/sid/icd-9-cm",
      "concept": [ {
        "code": "7440",
        "display": "Anomalie dell' orecchio che causano deficit dell' udito"
      }, {
        "code": "74400",
        "display": "Anomalie non specificate dell' orecchio con deficit dell' udito"
      }, {
        "code": "74401",
        "display": "Assenza dell' orecchio esterno"
      }, {
        "code": "74402",
        "display": "Altre anomalie dell' orecchio esterno con deficit dell' udito"
      }, {
        "code": "74403",
        "display": "Anomalie dell' orecchio medio, ad eccezione della catena degli ossicini"
      }, {
        "code": "74404",
        "display": "Anomalie della catena degli ossicini dell' orecchio"
      }, {
        "code": "74405",
        "display": "Anomalie dell' orecchio interno"
      }, {
        "code": "74409",
        "display": "Altro"
      }, {
        "code": "7441",
        "display": "Padiglioni auricolari accessori"
      }, {
        "code": "7442",
        "display": "Altre anomalie specificate dell' orecchio"
      }, {
        "code": "74421",
        "display": "Assenza del lobo dell' orecchio, congenita"
      }, {
        "code": "74422",
        "display": "Macrotia"
      }, {
        "code": "74423",
        "display": "Microtia"
      }, {
        "code": "74424",
        "display": "Anomalie specificate della tuba di Eustachio"
      }, {
        "code": "74429",
        "display": "Altro"
      }, {
        "code": "7443",
        "display": "Anomalie non specificate dell' orecchio"
      }, {
        "code": "7444",
        "display": "Cisti o fistola branchiale: seno preauricolare"
      }, {
        "code": "74441",
        "display": "Cisti o fistola branchiale"
      }, {
        "code": "74442",
        "display": "Cisti branchiale"
      }, {
        "code": "74443",
        "display": "Padiglione auricolare cervicale"
      }, {
        "code": "74446",
        "display": "Seno o fistola preauricolare"
      }, {
        "code": "74447",
        "display": "Cisti preauricolare"
      }, {
        "code": "74449",
        "display": "Altro"
      }, {
        "code": "7445",
        "display": "Pterigio del collo"
      }, {
        "code": "7448",
        "display": "Altre anomalie specificate della faccia e del collo"
      }, {
        "code": "74481",
        "display": "Macrocheilia"
      }, {
        "code": "74482",
        "display": "Microcheilia"
      }, {
        "code": "74483",
        "display": "Macrostomia"
      }, {
        "code": "74484",
        "display": "Microstomia"
      }, {
        "code": "74489",
        "display": "Altro"
      }, {
        "code": "7449",
        "display": "Anomalie non specificate della faccia e del collo"
      } ]
    } ]
  }
}