{
  "resourceType": "ValueSet",
  "url": "http://hl7.org/fhir/sid/icd-9-cm-742",
  "version": "1.0",
  "name": "Diagnosi-Frattura delle ossa del metacarpo",
  "title": "Frattura delle ossa del metacarpo",
  "status": "active",
  "compose": {
    "include": [ {
      "system": "http://hl7.org/fhir/sid/icd-9-cm",
      "concept": [ {
        "code": "8150",
        "display": "Frattura chiusa"
      }, {
        "code": "81500",
        "display": "Frattura chiusa, ossa del metacarpo, sito non specificato"
      }, {
        "code": "81501",
        "display": "Frattura chiusa, base del metacarpo del pollice"
      }, {
        "code": "81502",
        "display": "Frattura chiusa, base di altro osso"
      }, {
        "code": "81503",
        "display": "Frattura chiusa, corpo del metacarpo"
      }, {
        "code": "81504",
        "display": "Frattura chiusa, collo del metacarpo"
      }, {
        "code": "81509",
        "display": "Frattura chiusa, siti multipli del metacarpo"
      }, {
        "code": "8151",
        "display": "Frattura esposta"
      }, {
        "code": "81510",
        "display": "Frattura esposta, ossa del metacarpo, sito non specificato"
      }, {
        "code": "81511",
        "display": "Frattura esposta, base del metacarpo del pollice"
      }, {
        "code": "81512",
        "display": "Frattura esposta, base di altro osso"
      }, {
        "code": "81513",
        "display": "Frattura esposta, corpo del metacarpo"
      }, {
        "code": "81514",
        "display": "Frattura esposta, collo del metacarpo"
      }, {
        "code": "81519",
        "display": "Frattura esposta, siti multipli del metacarpo"
      } ]
    } ]
  }
}