{
  "resourceType": "ValueSet",
  "url": "http://hl7.org/fhir/sid/icd-9-cm-492",
  "version": "1.0",
  "name": "Diagnosi-Altra ernia della cavita' addominale con ostruzione, ma senza menzione di gangrena",
  "title": "Altra ernia della cavita' addominale con ostruzione, ma senza menzione di gangrena",
  "status": "active",
  "compose": {
    "include": [ {
      "system": "http://hl7.org/fhir/sid/icd-9-cm",
      "concept": [ {
        "code": "5520",
        "display": "Ernia femorale, con ostruzione"
      }, {
        "code": "55200",
        "display": "Ernia femorale monolaterale o non specificata, con ostruzione (non specificata come ricorrente)"
      }, {
        "code": "55201",
        "display": "Ernia femorale monolaterale o non specificata, ricorrente, con ostruzione"
      }, {
        "code": "55202",
        "display": "Ernia femorale bilaterale, con ostruzione (non specificata come ricorrente)"
      }, {
        "code": "55203",
        "display": "Ernia femorale bilaterale, ricorrente, con ostruzione"
      }, {
        "code": "5521",
        "display": "Ernia ombelicale con ostruzione"
      }, {
        "code": "5522",
        "display": "Laparocele con ostruzione"
      }, {
        "code": "55220",
        "display": "Laparocele non specificato, con ostruzione"
      }, {
        "code": "55221",
        "display": "Laparocele post-incisione, con ostruzione"
      }, {
        "code": "55229",
        "display": "Altro laparocele con ostruzione"
      }, {
        "code": "5523",
        "display": "Ernia diaframmatica con ostruzione"
      }, {
        "code": "5528",
        "display": "Ernia di altri siti specificati, con ostruzione"
      }, {
        "code": "5529",
        "display": "Ernia di siti non specificati, con ostruzione"
      } ]
    } ]
  }
}