{
  "resourceType": "ValueSet",
  "url": "http://hl7.org/fhir/sid/icd-9-cm-670",
  "version": "1.0",
  "name": "Diagnosi-Anomalie congenite dell' occhio",
  "title": "Anomalie congenite dell' occhio",
  "status": "active",
  "compose": {
    "include": [ {
      "system": "http://hl7.org/fhir/sid/icd-9-cm",
      "concept": [ {
        "code": "7430",
        "display": "Anoftalmia"
      }, {
        "code": "74300",
        "display": "Anoftalmia clinica, non specificata"
      }, {
        "code": "74303",
        "display": "Cisti dell' occhio, congenita"
      }, {
        "code": "74306",
        "display": "Criptoftalmo"
      }, {
        "code": "7431",
        "display": "Microftalmia"
      }, {
        "code": "74310",
        "display": "Microftalmia, non specificata"
      }, {
        "code": "74311",
        "display": "Microftalmia semplice"
      }, {
        "code": "74312",
        "display": "Microftalmia associata con altre anomalie dell' occhio e annessi"
      }, {
        "code": "7432",
        "display": "Buftalmo"
      }, {
        "code": "74320",
        "display": "Buftalmo, non specificato"
      }, {
        "code": "74321",
        "display": "Buftalmo semplice"
      }, {
        "code": "74322",
        "display": "Buftalmo associato ad altre anomalie oculari"
      }, {
        "code": "7433",
        "display": "Cataratta congenita e anomalie del cristallino"
      }, {
        "code": "74330",
        "display": "Cataratta congenita, non specificata"
      }, {
        "code": "74331",
        "display": "Cataratta capsulare e sottocapsulare"
      }, {
        "code": "74332",
        "display": "Cataratta corticale e zonulare"
      }, {
        "code": "74333",
        "display": "Cataratta nucleare"
      }, {
        "code": "74334",
        "display": "Cataratta congenita totale e subtotale"
      }, {
        "code": "74335",
        "display": "Afachia congenita"
      }, {
        "code": "74336",
        "display": "Anomalie della forma del cristallino"
      }, {
        "code": "74337",
        "display": "Ectopia congenita del cristallino"
      }, {
        "code": "74339",
        "display": "Altro"
      }, {
        "code": "7434",
        "display": "Coloboma ed altre anomalie della segmento anteriore"
      }, {
        "code": "74341",
        "display": "Anomalie della dimensione e della forma della cornea"
      }, {
        "code": "74342",
        "display": "Opacita' corneali congenite che interferiscono con la visione"
      }, {
        "code": "74343",
        "display": "Altre opacita' corneali, congenite"
      }, {
        "code": "74344",
        "display": "Anomalie specificate della camera anteriore, dell' angolo della camera e delle relative strutture"
      }, {
        "code": "74345",
        "display": "Aniridia"
      }, {
        "code": "74346",
        "display": "Altre anomalie specifiche dell' iride e del corpo ciliare"
      }, {
        "code": "74347",
        "display": "Anomalie specificate della sclera"
      }, {
        "code": "74348",
        "display": "Anomalie multiple e combinate del segmento anteriore"
      }, {
        "code": "74349",
        "display": "Altro"
      }, {
        "code": "7435",
        "display": "Anomalie congenite del segmento posteriore"
      }, {
        "code": "74351",
        "display": "Anomalie del corpo vitreo"
      }, {
        "code": "74352",
        "display": "Coloboma del fondo"
      }, {
        "code": "74353",
        "display": "Degenerazione corioretinica, congenita"
      }, {
        "code": "74354",
        "display": "Pieghe congenite e cisti del segmento posteriore"
      }, {
        "code": "74355",
        "display": "Alterazioni maculari congenite"
      }, {
        "code": "74356",
        "display": "Altre alterazioni congenite della retina"
      }, {
        "code": "74357",
        "display": "Anomalie specificate del disco ottico"
      }, {
        "code": "74358",
        "display": "Anomalie vascolari"
      }, {
        "code": "74359",
        "display": "Altro"
      }, {
        "code": "7436",
        "display": "Anomalie congenite delle palpebre, del sistema lacrimale e dell' orbita"
      }, {
        "code": "74361",
        "display": "Ptosi congenita"
      }, {
        "code": "74362",
        "display": "Deformita' congenite delle palpebre"
      }, {
        "code": "74363",
        "display": "Altre anomalie congenite specificate della palpebra"
      }, {
        "code": "74364",
        "display": "Anomalie congenite specificate della ghiandola lacrimale"
      }, {
        "code": "74365",
        "display": "Anomalie congenite specificate dell' apparato lacrimale"
      }, {
        "code": "74366",
        "display": "Anomalie congenite specificate dell' orbita"
      }, {
        "code": "74369",
        "display": "Altro"
      }, {
        "code": "7438",
        "display": "Altre anomalie specificate dell' occhio"
      }, {
        "code": "7439",
        "display": "Anomalie non specificate dell' occhio"
      } ]
    } ]
  }
}