{
  "resourceType": "ValueSet",
  "url": "http://hl7.org/fhir/sid/icd-9-cm-21",
  "version": "1.0",
  "name": "Diagnosi-Carbonchio",
  "title": "Carbonchio",
  "status": "active",
  "compose": {
    "include": [ {
      "system": "http://hl7.org/fhir/sid/icd-9-cm",
      "concept": [ {
        "code": "0220",
        "display": "Carbonchio cutaneo"
      }, {
        "code": "0221",
        "display": "Carbonchio polmonare"
      }, {
        "code": "0222",
        "display": "Carbonchio gastrointestinale"
      }, {
        "code": "0223",
        "display": "Setticemia carbonchiosa"
      }, {
        "code": "0228",
        "display": "Altre manifestazioni di carbonchio"
      }, {
        "code": "0229",
        "display": "Carbonchio non specificato"
      } ]
    } ]
  }
}