{
  "resourceType": "ValueSet",
  "url": "http://hl7.org/fhir/sid/icd-9-cm-767",
  "version": "1.0",
  "name": "Diagnosi-Distorsione e distrazione della spalla e del braccio",
  "title": "Distorsione e distrazione della spalla e del braccio",
  "status": "active",
  "compose": {
    "include": [ {
      "system": "http://hl7.org/fhir/sid/icd-9-cm",
      "concept": [ {
        "code": "8400",
        "display": "Distorsione e distrazione acromioclavicolare (articolazione) (legamento)"
      }, {
        "code": "8401",
        "display": "Distorsione e distrazione coracoclavicolare (legamento)"
      }, {
        "code": "8402",
        "display": "Distorsione e distrazione coraco-omerale (legamento)"
      }, {
        "code": "8403",
        "display": "Distorsione e distrazione sottospinoso (muscolo) (legamento)"
      }, {
        "code": "8404",
        "display": "Distorsione e distrazione cuffia dei rotatori (capsula)"
      }, {
        "code": "8405",
        "display": "Distorsione e distrazione sottoscapolare (muscolo)"
      }, {
        "code": "8406",
        "display": "Distorsione e distrazione sopraspinoso (muscolo) (tendine)"
      }, {
        "code": "8407",
        "display": "Lesione del labrum glenoide superiore"
      }, {
        "code": "8408",
        "display": "Distorsione e distrazione di altri siti specificati della spalla e del braccio"
      }, {
        "code": "8409",
        "display": "Distorsione e distrazione di sito non specificato della spalla e del braccio"
      } ]
    } ]
  }
}