{
  "resourceType": "ValueSet",
  "url": "http://hl7.org/fhir/sid/icd-9-cm-654",
  "version": "1.0",
  "name": "Diagnosi-Altri disturbi delle membrane sinoviali, dei tendini e delle borse",
  "title": "Altri disturbi delle membrane sinoviali, dei tendini e delle borse",
  "status": "active",
  "compose": {
    "include": [ {
      "system": "http://hl7.org/fhir/sid/icd-9-cm",
      "concept": [ {
        "code": "7270",
        "display": "Sinovite e tenosinovite"
      }, {
        "code": "72700",
        "display": "Sinovite e tenosinovite non specificate"
      }, {
        "code": "72701",
        "display": "Sinovite e tenosinovite in malattie classificate altrove"
      }, {
        "code": "72702",
        "display": "Tumore a cellule giganti delle guaine tendinee"
      }, {
        "code": "72703",
        "display": "Dito a scatto (acquisito)"
      }, {
        "code": "72704",
        "display": "Tenosinovite della apofisi stiloide radiale"
      }, {
        "code": "72705",
        "display": "Altre tenosinoviti di mano e polso"
      }, {
        "code": "72706",
        "display": "Tenosinovite di piede e caviglia"
      }, {
        "code": "72709",
        "display": "Altre sinoviti e tenosinoviti"
      }, {
        "code": "7271",
        "display": "Borsite dell' alluce"
      }, {
        "code": "7272",
        "display": "Specifiche borsiti di origine professionale"
      }, {
        "code": "7273",
        "display": "Altre borsiti"
      }, {
        "code": "7274",
        "display": "Gangli e cisti della membrana sinoviale, dei tendini e delle borse"
      }, {
        "code": "72740",
        "display": "Cisti sinoviale non specificata"
      }, {
        "code": "72741",
        "display": "Ganglio"
      }, {
        "code": "72742",
        "display": "Ganglio della guaina tendinea"
      }, {
        "code": "72743",
        "display": "Ganglio, non specificato"
      }, {
        "code": "72749",
        "display": "Altri gangli e cisti della membrana sinoviale, dei tendini e delle borse"
      }, {
        "code": "7275",
        "display": "Rottura della membrana sinoviale"
      }, {
        "code": "72750",
        "display": "Rottura della membrana sinoviale, non specificata"
      }, {
        "code": "72751",
        "display": "Cisti del cavo popliteo"
      }, {
        "code": "72759",
        "display": "Altra rottura della sinovia"
      }, {
        "code": "7276",
        "display": "Rottura tendinea, non traumatica"
      }, {
        "code": "72760",
        "display": "Rottura atraumatica di tendine non specificato"
      }, {
        "code": "72761",
        "display": "Rottura atraumatica completa della cuffia dei rotatori"
      }, {
        "code": "72762",
        "display": "Rottura atraumatica dei tendini del capo lungo del bicipite"
      }, {
        "code": "72763",
        "display": "Rottura atraumatica degli estensori del polso e della mano"
      }, {
        "code": "72764",
        "display": "Rottura atraumatica dei flessori del polso e della mano"
      }, {
        "code": "72765",
        "display": "Rottura atraumatica del tendine del quadricipite"
      }, {
        "code": "72766",
        "display": "Rottura atraumatica del tendine rotuleo"
      }, {
        "code": "72767",
        "display": "Rottura atraumatica del tendine d'Achille"
      }, {
        "code": "72768",
        "display": "Rottura atraumatica di altri tendini della caviglia e del piede"
      }, {
        "code": "72769",
        "display": "Rottura atraumatica di altri tendini"
      }, {
        "code": "7278",
        "display": "Altre patologie della membrana sinoviale, dei tendini e delle borse"
      }, {
        "code": "72781",
        "display": "Contrattura della fascia tendinea"
      }, {
        "code": "72782",
        "display": "Calcificazione di tendini e borse"
      }, {
        "code": "72783",
        "display": "Sindrome della plica"
      }, {
        "code": "72789",
        "display": "Altre patologie della membrana sinoviale, dei tendini e delle borse"
      }, {
        "code": "7279",
        "display": "Patologie non specificate della membrana sinoviale, dei tendini e delle borse"
      } ]
    } ]
  }
}