{
  "resourceType": "ValueSet",
  "url": "http://hl7.org/fhir/sid/icd-9-cm-943",
  "version": "1.0",
  "name": "Diagnosi-Esito del parto",
  "title": "Esito del parto",
  "status": "active",
  "compose": {
    "include": [ {
      "system": "http://hl7.org/fhir/sid/icd-9-cm",
      "concept": [ {
        "code": "V270",
        "display": "Parto semplice: nato vivo"
      }, {
        "code": "V271",
        "display": "Parto semplice: nato morto"
      }, {
        "code": "V272",
        "display": "Parto gemellare: entrambi nati vivi"
      }, {
        "code": "V273",
        "display": "Parto gemellare: un nato vivo e un nato morto"
      }, {
        "code": "V274",
        "display": "Parto gemellare: entrambi nati morti"
      }, {
        "code": "V275",
        "display": "Altro parto multiplo: tutti nati vivi"
      }, {
        "code": "V276",
        "display": "Altro parto multiplo: alcuni nati vivi"
      }, {
        "code": "V277",
        "display": "Altro parto multiplo: tutti nati morti"
      }, {
        "code": "V279",
        "display": "Parto, esito non specificato"
      } ]
    } ]
  }
}