{
  "resourceType": "ValueSet",
  "url": "http://hl7.org/fhir/sid/icd-9-cm-303",
  "version": "1.0",
  "name": "Diagnosi-Altre malattie extrapiramidali e altri disturbi del movimento",
  "title": "Altre malattie extrapiramidali e altri disturbi del movimento",
  "status": "active",
  "compose": {
    "include": [ {
      "system": "http://hl7.org/fhir/sid/icd-9-cm",
      "concept": [ {
        "code": "3330",
        "display": "Altre malattie degenerative dei nuclei della base"
      }, {
        "code": "3331",
        "display": "Tremore essenziale ed altre forme specificate di tremore"
      }, {
        "code": "3332",
        "display": "Mioclono"
      }, {
        "code": "3333",
        "display": "Tic di origine organica"
      }, {
        "code": "3334",
        "display": "Corea di Huntington"
      }, {
        "code": "3335",
        "display": "Altre forme di corea"
      }, {
        "code": "3336",
        "display": "Distonia di torsione genetica"
      }, {
        "code": "3337",
        "display": "Distonia di torsione acquisita"
      }, {
        "code": "33371",
        "display": "Paralisi atetoide cerebrale"
      }, {
        "code": "33372",
        "display": "Distonia acuta dovuta a farmaci"
      }, {
        "code": "33379",
        "display": "Altre distonie di torsione acquisite"
      }, {
        "code": "3338",
        "display": "Distonia di torsione frammentaria"
      }, {
        "code": "33381",
        "display": "Blefarospasmo"
      }, {
        "code": "33382",
        "display": "Discinesia orofacciale"
      }, {
        "code": "33383",
        "display": "Torcicollo spastico"
      }, {
        "code": "33384",
        "display": "Crampo dello scrivano su base organica"
      }, {
        "code": "33385",
        "display": "Discinesia subacuta dovuta a farmaci"
      }, {
        "code": "33389",
        "display": "Altre distonie da torsione frammentarie"
      }, {
        "code": "3339",
        "display": "Altre e non specificate malattie extrapiramidali e disturbi del movimento"
      }, {
        "code": "33390",
        "display": "Malattia extrapiramidale non specificata e disturbi del movimento"
      }, {
        "code": "33391",
        "display": "Sindrome dell' ''uomo rigido''"
      }, {
        "code": "33392",
        "display": "Sindrome maligna da neurolettici"
      }, {
        "code": "33393",
        "display": "Crisi di tremore benigno"
      }, {
        "code": "33394",
        "display": "Sindrome da gambe senza riposo (RLS)"
      }, {
        "code": "33399",
        "display": "Altre malattie extrapiramidali e altri disturbi del movimento"
      } ]
    } ]
  }
}