{
  "resourceType": "ValueSet",
  "url": "http://hl7.org/fhir/sid/icd-9-cm-542",
  "version": "1.0",
  "name": "Diagnosi-Infertilita' maschile",
  "title": "Infertilita' maschile",
  "status": "active",
  "compose": {
    "include": [ {
      "system": "http://hl7.org/fhir/sid/icd-9-cm",
      "concept": [ {
        "code": "6060",
        "display": "Azoospermia"
      }, {
        "code": "6061",
        "display": "Oligospermia"
      }, {
        "code": "6068",
        "display": "Infertilita' dovuta a cause extratesticolari"
      }, {
        "code": "6069",
        "display": "Infertilita' maschile, non specificata"
      } ]
    } ]
  }
}