{
  "resourceType": "ValueSet",
  "url": "http://hl7.org/fhir/sid/icd-9-cm-636",
  "version": "1.0",
  "name": "Diagnosi-Altre alterazioni della cute e del tessuto sottocutaneo",
  "title": "Altre alterazioni della cute e del tessuto sottocutaneo",
  "status": "active",
  "compose": {
    "include": [ {
      "system": "http://hl7.org/fhir/sid/icd-9-cm",
      "concept": [ {
        "code": "7090",
        "display": "Discromia"
      }, {
        "code": "70900",
        "display": "Discromia, non specificata"
      }, {
        "code": "70901",
        "display": "Vitiligine"
      }, {
        "code": "70909",
        "display": "Altre"
      }, {
        "code": "7091",
        "display": "Alterazioni vascolari della cute"
      }, {
        "code": "7092",
        "display": "Alterazioni cicatriziali e fibrosi della cute"
      }, {
        "code": "7093",
        "display": "Alterazioni degenerative della cute"
      }, {
        "code": "7094",
        "display": "Granuloma da corpo estraneo della cute e del tessuto sottocutaneo"
      }, {
        "code": "7098",
        "display": "Altre alterazioni specificate della cute"
      }, {
        "code": "7099",
        "display": "Alterazioni non specificate della cute e del tessuto sottocutaneo"
      } ]
    } ]
  }
}