{
  "resourceType": "ValueSet",
  "url": "http://hl7.org/fhir/sid/icd-9-cm-740",
  "version": "1.0",
  "name": "Diagnosi-Frattura del radio e dell' ulna",
  "title": "Frattura del radio e dell' ulna",
  "status": "active",
  "compose": {
    "include": [ {
      "system": "http://hl7.org/fhir/sid/icd-9-cm",
      "concept": [ {
        "code": "8130",
        "display": "Frattura chiusa dell' estremita' prossimale di radio e ulna"
      }, {
        "code": "81300",
        "display": "Frattura chiusa dell' estremita' prossimale di radio e ulna, non specificata"
      }, {
        "code": "81301",
        "display": "Frattura chiusa dell' olecrano"
      }, {
        "code": "81302",
        "display": "Frattura chiusa del processo coronoideo dell' ulna"
      }, {
        "code": "81303",
        "display": "Frattura chiusa di Monteggia"
      }, {
        "code": "81304",
        "display": "Altre e non specificate fratture chiuse soltanto dell' estremita' prossimale dell' ulna"
      }, {
        "code": "81305",
        "display": "Frattura chiusa del capitello del radio"
      }, {
        "code": "81306",
        "display": "Frattura chiusa del collo del radio"
      }, {
        "code": "81307",
        "display": "Altre e non specificate fratture chiuse soltanto dell' estremita' prossimale del radio"
      }, {
        "code": "81308",
        "display": "Frattura chiusa di parte dell' estremita' prossimale di radio e ulna"
      }, {
        "code": "8131",
        "display": "Frattura esposta dell' estremita' prossimale di radio e ulna"
      }, {
        "code": "81310",
        "display": "Frattura esposta dell' estremita' prossimale di radio e ulna, non specificata"
      }, {
        "code": "81311",
        "display": "Frattura esposta dell' olecrano"
      }, {
        "code": "81312",
        "display": "Frattura esposta del processo coronoideo dell' ulna"
      }, {
        "code": "81313",
        "display": "Frattura esposta di Monteggia"
      }, {
        "code": "81314",
        "display": "Altre e non specificate fratture esposte soltanto dell' estremita' prossimale dell' ulna"
      }, {
        "code": "81315",
        "display": "Frattura esposta del capitello del radio"
      }, {
        "code": "81316",
        "display": "Frattura esposta del collo del radio"
      }, {
        "code": "81317",
        "display": "Altre e non specificate fratture soltanto dell' estremita' prossimale del radio"
      }, {
        "code": "81318",
        "display": "Frattura esposta di parte dell' estremita' prossimale di radio e ulna"
      }, {
        "code": "8132",
        "display": "Frattura chiusa del corpo di radio e ulna"
      }, {
        "code": "81320",
        "display": "Frattura chiusa del corpo di radio o ulna, non specificata"
      }, {
        "code": "81321",
        "display": "Frattura chiusa soltanto del corpo del radio"
      }, {
        "code": "81322",
        "display": "Frattura chiusa soltanto del corpo dell' ulna"
      }, {
        "code": "81323",
        "display": "Frattura chiusa del corpo di radio e ulna"
      }, {
        "code": "8133",
        "display": "Frattura esposta del corpo di radio e ulna"
      }, {
        "code": "81330",
        "display": "Frattura esposta del corpo di radio o ulna, non specificata"
      }, {
        "code": "81331",
        "display": "Frattura esposta soltanto del corpo del radio"
      }, {
        "code": "81332",
        "display": "Frattura esposta soltanto del corpo dell' ulna"
      }, {
        "code": "81333",
        "display": "Frattura esposta del corpo di radio e ulna"
      }, {
        "code": "8134",
        "display": "Frattura chiusa dell' estremita' distale di radio e ulna"
      }, {
        "code": "81340",
        "display": "Frattura chiusa dell' estremita' distale di radio e ulna, non specificata"
      }, {
        "code": "81341",
        "display": "Frattura di Colles"
      }, {
        "code": "81342",
        "display": "Altre fratture dell' estremita' distale del radio (soltanto)"
      }, {
        "code": "81343",
        "display": "Frattura chiusa dell' estremita' distale dell' ulna (soltanto)"
      }, {
        "code": "81344",
        "display": "Frattura chiusa di radio e ulna, epifisi distale"
      }, {
        "code": "81345",
        "display": "Frattura del torus radiale"
      }, {
        "code": "8135",
        "display": "Frattura esposta dell' estremita' distale di radio e ulna"
      }, {
        "code": "81350",
        "display": "Frattura esposta dell' estremita' distale di radio e ulna, non specificata"
      }, {
        "code": "81351",
        "display": "Frattura di Colles"
      }, {
        "code": "81352",
        "display": "Altre fratture dell' estremita' distale del radio (soltanto)"
      }, {
        "code": "81353",
        "display": "Frattura esposta dell' estremita' distale dell' ulna (soltanto)"
      }, {
        "code": "81354",
        "display": "Frattura esposta dell' estremita' distale del radio e ulna"
      }, {
        "code": "8138",
        "display": "Frattura chiusa di parte, non specificata"
      }, {
        "code": "81380",
        "display": "Frattura chiusa dell' avambraccio, non specificata"
      }, {
        "code": "81381",
        "display": "Frattura chiusa del radio, non specificata"
      }, {
        "code": "81382",
        "display": "Frattura chiusa dell' ulna, non specificata"
      }, {
        "code": "81383",
        "display": "Frattura chiusa radio e ulna, non specificata"
      }, {
        "code": "8139",
        "display": "Frattura chiusa frattura aperta di parte, non specificata"
      }, {
        "code": "81390",
        "display": "Frattura chiusa dell' avambraccio, non specificata"
      }, {
        "code": "81391",
        "display": "Frattura chiusa del radio (soltanto)"
      }, {
        "code": "81392",
        "display": "Frattura chiusa dell' ulna (soltanto)"
      }, {
        "code": "81393",
        "display": "Frattura chiusa di radio e ulna"
      } ]
    } ]
  }
}