{
  "resourceType": "ValueSet",
  "url": "http://hl7.org/fhir/sid/icd-9-cm-665",
  "version": "1.0",
  "name": "Diagnosi-Altre deformazioni acquisite dell' apparato muscoloscheletrico",
  "title": "Altre deformazioni acquisite dell' apparato muscoloscheletrico",
  "status": "active",
  "compose": {
    "include": [ {
      "system": "http://hl7.org/fhir/sid/icd-9-cm",
      "concept": [ {
        "code": "7380",
        "display": "Deformazioni acquisite del naso"
      }, {
        "code": "7381",
        "display": "Altre deformazioni acquisite della testa"
      }, {
        "code": "73810",
        "display": "Altre deformazioni acquisite della testa, non specificate"
      }, {
        "code": "73811",
        "display": "Altre deformazioni acquisite della testa, iperplasia degli zigomi"
      }, {
        "code": "73812",
        "display": "Altre deformazioni acquisite della testa, ipoplasia degli zigomi"
      }, {
        "code": "73819",
        "display": "Altre deformazioni acquisite della testa, specificate"
      }, {
        "code": "7382",
        "display": "Deformazioni acquisite del collo"
      }, {
        "code": "7383",
        "display": "Deformazioni acquisite del torace e delle costole"
      }, {
        "code": "7384",
        "display": "Spondilolistesi acquisita"
      }, {
        "code": "7385",
        "display": "Altre deformazioni acquisite della schiena o della colonna vertebrale"
      }, {
        "code": "7386",
        "display": "Deformazioni acquisite del bacino"
      }, {
        "code": "7387",
        "display": "Orecchio a cavolfiore"
      }, {
        "code": "7388",
        "display": "Deformazioni acquisite di altre sedi specificate"
      }, {
        "code": "7389",
        "display": "Deformazioni acquisite di sedi non specificate"
      } ]
    } ]
  }
}