{
  "resourceType": "ValueSet",
  "url": "http://hl7.org/fhir/sid/icd-9-cm-628",
  "version": "1.0",
  "name": "Diagnosi-Altre affezioni atrofiche e ipertrofiche della cute",
  "title": "Altre affezioni atrofiche e ipertrofiche della cute",
  "status": "active",
  "compose": {
    "include": [ {
      "system": "http://hl7.org/fhir/sid/icd-9-cm",
      "concept": [ {
        "code": "7010",
        "display": "Sclerodermia circoscritta"
      }, {
        "code": "7011",
        "display": "Cheratodermia acquisita"
      }, {
        "code": "7012",
        "display": "Acantosi nigricans acquisita"
      }, {
        "code": "7013",
        "display": "Strie atrofiche"
      }, {
        "code": "7014",
        "display": "Cicatrici cheloidee"
      }, {
        "code": "7015",
        "display": "Altre anomalie del tessuto di granulazione"
      }, {
        "code": "7018",
        "display": "Altre affezioni ipertrofiche e atrofiche specificate della cute"
      }, {
        "code": "7019",
        "display": "Affezioni ipertrofiche e atrofiche non specificate della cute"
      } ]
    } ]
  }
}