{
  "resourceType": "ValueSet",
  "url": "http://hl7.org/fhir/sid/icd-9-cm-307",
  "version": "1.0",
  "name": "Diagnosi-Disturbi del sistema nervoso autonomo",
  "title": "Disturbi del sistema nervoso autonomo",
  "status": "active",
  "compose": {
    "include": [ {
      "system": "http://hl7.org/fhir/sid/icd-9-cm",
      "concept": [ {
        "code": "3370",
        "display": "Neuropatia periferica idiopatica del sistema nervoso autonomo"
      }, {
        "code": "3371",
        "display": "Neuropatia periferica del sistema nervoso autonomo in disturbi classificati altrove"
      }, {
        "code": "3372",
        "display": "Distrofia simpatico riflessa"
      }, {
        "code": "33720",
        "display": "Distrofia simpatico riflessa, non specificata"
      }, {
        "code": "33721",
        "display": "Distrofia simpatico riflessa, dell' arto superiore"
      }, {
        "code": "33722",
        "display": "Distrofia simpatico riflessa, dell' arto inferiore"
      }, {
        "code": "33729",
        "display": "Distrofia simpatico riflessa di altra sede specificata"
      }, {
        "code": "3373",
        "display": "Disriflessia autonomica"
      }, {
        "code": "3379",
        "display": "Disturbo non specificato del sistema nervoso autonomo"
      } ]
    } ]
  }
}