{
  "resourceType": "ValueSet",
  "url": "http://hl7.org/fhir/sid/icd-9-cm-511",
  "version": "1.0",
  "name": "Diagnosi-Altri disturbi della colecisti",
  "title": "Altri disturbi della colecisti",
  "status": "active",
  "compose": {
    "include": [ {
      "system": "http://hl7.org/fhir/sid/icd-9-cm",
      "concept": [ {
        "code": "5750",
        "display": "Colecistite acuta"
      }, {
        "code": "5751",
        "display": "Altra colecistite"
      }, {
        "code": "57510",
        "display": "Colecistite, non specificata"
      }, {
        "code": "57511",
        "display": "Colecistite cronica"
      }, {
        "code": "57512",
        "display": "Colecistite acuta e cronica"
      }, {
        "code": "5752",
        "display": "Ostruzione della colecisti"
      }, {
        "code": "5753",
        "display": "Idrope della colecisti"
      }, {
        "code": "5754",
        "display": "Perforazione della colecisti"
      }, {
        "code": "5755",
        "display": "Fistola della colecisti"
      }, {
        "code": "5756",
        "display": "Colesterolosi della colecisti"
      }, {
        "code": "5758",
        "display": "Altri disturbi specificati della colecisti"
      }, {
        "code": "5759",
        "display": "Disturbo non specificato della colecisti"
      } ]
    } ]
  }
}