{
  "resourceType": "ValueSet",
  "url": "http://hl7.org/fhir/sid/icd-9-cm-49",
  "version": "1.0",
  "name": "Diagnosi-Herpes simplex",
  "title": "Herpes simplex",
  "status": "active",
  "compose": {
    "include": [ {
      "system": "http://hl7.org/fhir/sid/icd-9-cm",
      "concept": [ {
        "code": "0540",
        "display": "Eczema erpetico"
      }, {
        "code": "0541",
        "display": "Herpes genitale"
      }, {
        "code": "05410",
        "display": "Herpes genitale, non specificato"
      }, {
        "code": "05411",
        "display": "Vulvovaginite erpetica"
      }, {
        "code": "05412",
        "display": "Ulcera erpetica della vulva"
      }, {
        "code": "05413",
        "display": "Infezione erpetica del pene"
      }, {
        "code": "05419",
        "display": "Altre forme di Herpes genitale"
      }, {
        "code": "0542",
        "display": "Gengivostomatite erpetica"
      }, {
        "code": "0543",
        "display": "Meningoencefalite erpetica"
      }, {
        "code": "0544",
        "display": "Herpes simplex con complicazioni oftalmiche"
      }, {
        "code": "05440",
        "display": "Herpes simplex con complicazioni oftalmiche non specificate"
      }, {
        "code": "05441",
        "display": "Dermatite delle palpebre da Herpes simplex"
      }, {
        "code": "05442",
        "display": "Cheratite dendritica"
      }, {
        "code": "05443",
        "display": "Cheratite disciforme da Herpes simplex"
      }, {
        "code": "05444",
        "display": "Iridociclite da Herpes simplex"
      }, {
        "code": "05449",
        "display": "Herpes simplex con altre complicazioni oftalmiche"
      }, {
        "code": "0545",
        "display": "Setticemia erpetica"
      }, {
        "code": "0546",
        "display": "Patereccio erpetico"
      }, {
        "code": "0547",
        "display": "Herpes simplex con altre complicazioni specificate"
      }, {
        "code": "05471",
        "display": "Herpes simplex viscerale"
      }, {
        "code": "05472",
        "display": "Meningite da Herpes simplex"
      }, {
        "code": "05473",
        "display": "Otite esterna da Herpes simplex"
      }, {
        "code": "05474",
        "display": "Mielite da Herpes Simplex"
      }, {
        "code": "05479",
        "display": "Herpes simplex con altre complicazioni specificate"
      }, {
        "code": "0548",
        "display": "Herpes simplex con complicazioni non specificate"
      }, {
        "code": "0549",
        "display": "Herpes simplex senza menzione di complicazioni"
      } ]
    } ]
  }
}