{
  "resourceType": "ValueSet",
  "url": "http://hl7.org/fhir/sid/icd-9-cm-151",
  "version": "1.0",
  "name": "Diagnosi-Altri tumori maligni della cute",
  "title": "Altri tumori maligni della cute",
  "status": "active",
  "compose": {
    "include": [ {
      "system": "http://hl7.org/fhir/sid/icd-9-cm",
      "concept": [ {
        "code": "1730",
        "display": "Altri tumori maligni della cute delle labbra"
      }, {
        "code": "1731",
        "display": "Altri tumori maligni della palpebra, compreso l'angolo palpebrale"
      }, {
        "code": "1732",
        "display": "Altri tumori maligni della cute dell' orecchio e del condotto uditivo esterno"
      }, {
        "code": "1733",
        "display": "Altri tumori maligni della cute di altre e non specificate parti della faccia"
      }, {
        "code": "1734",
        "display": "Altri tumori maligni del cuoio capelluto e collo"
      }, {
        "code": "1735",
        "display": "Altri tumori maligni della cute del tronco, eccetto lo scroto"
      }, {
        "code": "1736",
        "display": "Altri tumori maligni della cute dell' arto superiore, compresa la spalla"
      }, {
        "code": "1737",
        "display": "Altri tumori maligni della cute dell' arto inferiore, compresa l'anca"
      }, {
        "code": "1738",
        "display": "Altri tumori maligni di altre sedi specificate della cute"
      }, {
        "code": "1739",
        "display": "Altri tumori maligni della cute, sede non specificata"
      } ]
    } ]
  }
}