{
  "resourceType": "ValueSet",
  "url": "http://hl7.org/fhir/sid/icd-9-cm-104",
  "version": "1.0",
  "name": "Diagnosi-Echinococcosi",
  "title": "Echinococcosi",
  "status": "active",
  "compose": {
    "include": [ {
      "system": "http://hl7.org/fhir/sid/icd-9-cm",
      "concept": [ {
        "code": "1220",
        "display": "Infestazione del fegato da Echinococcus granulosus"
      }, {
        "code": "1221",
        "display": "Infestazione del polmone da Echinococcus granulosus"
      }, {
        "code": "1222",
        "display": "Infestazione della tiroide da Echinococcus granulosus"
      }, {
        "code": "1223",
        "display": "Altre infestazioni da Echinococcus granulosus"
      }, {
        "code": "1224",
        "display": "Infestazione non specificata da Echinococcus granulosus"
      }, {
        "code": "1225",
        "display": "Infestazione del fegato da Echinococcus multilocularis"
      }, {
        "code": "1226",
        "display": "Altre infestazioni da Echinococcus multilocularis"
      }, {
        "code": "1227",
        "display": "Infestazione non specificata da Echinococcus multilocularis"
      }, {
        "code": "1228",
        "display": "Echinococcosi non specificata del fegato"
      }, {
        "code": "1229",
        "display": "Altre e non specificate echinococcosi"
      } ]
    } ]
  }
}