{
  "resourceType": "ValueSet",
  "url": "http://hl7.org/fhir/sid/icd-9-cm-815",
  "version": "1.0",
  "name": "Diagnosi-Amputazione traumatica del piede (completa) (parziale)",
  "title": "Amputazione traumatica del piede (completa) (parziale)",
  "status": "active",
  "compose": {
    "include": [ {
      "system": "http://hl7.org/fhir/sid/icd-9-cm",
      "concept": [ {
        "code": "8960",
        "display": "Amputazione traumatica del piede (completa) (parziale) unilaterale, senza menzione di complicazioni"
      }, {
        "code": "8961",
        "display": "Amputazione traumatica del piede (completa) (parziale) unilaterale, con complicazioni"
      }, {
        "code": "8962",
        "display": "Amputazione traumatica del piede (completa) (parziale) bilaterale, senza menzione di complicazioni"
      }, {
        "code": "8963",
        "display": "Amputazione traumatica del piede (completa) (parziale) bilaterale, con complicazioni"
      } ]
    } ]
  }
}