{
  "resourceType": "ValueSet",
  "url": "http://hl7.org/fhir/sid/icd-9-cm-622",
  "version": "1.0",
  "name": "Diagnosi-Dermatosi bollose",
  "title": "Dermatosi bollose",
  "status": "active",
  "compose": {
    "include": [ {
      "system": "http://hl7.org/fhir/sid/icd-9-cm",
      "concept": [ {
        "code": "6940",
        "display": "Dermatite erpetiforme"
      }, {
        "code": "6941",
        "display": "Dermatosi pustolosa subcorneale"
      }, {
        "code": "6942",
        "display": "Dermatite erpetiforme giovanile"
      }, {
        "code": "6943",
        "display": "Impetigine erpetiforme"
      }, {
        "code": "6944",
        "display": "Pemfigo"
      }, {
        "code": "6945",
        "display": "Pemfigoide"
      }, {
        "code": "6946",
        "display": "Pemfigoide benigno delle mucose"
      }, {
        "code": "69460",
        "display": "Pemfigoide benigno delle mucose senza menzione di interessamento oculare"
      }, {
        "code": "69461",
        "display": "Pemfigoide benigno delle mucose con interessamento oculare"
      }, {
        "code": "6948",
        "display": "Altre dermatosi bollose specificate"
      }, {
        "code": "6949",
        "display": "Dermatosi bollose non specificate"
      } ]
    } ]
  }
}