{
  "resourceType": "ValueSet",
  "url": "http://hl7.org/fhir/sid/icd-9-cm-716",
  "version": "1.0",
  "name": "Diagnosi-Altri sintomi relativi all'addome e al bacino",
  "title": "Altri sintomi relativi all'addome e al bacino",
  "status": "active",
  "compose": {
    "include": [ {
      "system": "http://hl7.org/fhir/sid/icd-9-cm",
      "concept": [ {
        "code": "7890",
        "display": "Dolore addominale"
      }, {
        "code": "78900",
        "display": "Dolore addominale di sede non specificata"
      }, {
        "code": "78901",
        "display": "Dolore addominale del quadrante superiore destro"
      }, {
        "code": "78902",
        "display": "Dolore addominale del quadrante superiore sinistro"
      }, {
        "code": "78903",
        "display": "Dolore addominale del quadrante inferiore destro"
      }, {
        "code": "78904",
        "display": "Dolore addominale del quadrante inferiore sinistro"
      }, {
        "code": "78905",
        "display": "Dolore addominale periombelicale"
      }, {
        "code": "78906",
        "display": "Dolore addominale epigastrico"
      }, {
        "code": "78907",
        "display": "Dolore addominale generalizzato"
      }, {
        "code": "78909",
        "display": "Dolore addominale di altre sedi specificate"
      }, {
        "code": "7891",
        "display": "Epatomegalia"
      }, {
        "code": "7892",
        "display": "Splenomegalia"
      }, {
        "code": "7893",
        "display": "Tumefazione, massa o protuberanza addominale o pelvica"
      }, {
        "code": "78930",
        "display": "Tumefazione, massa o protuberanza addominale o pelvica di sede non specificata"
      }, {
        "code": "78931",
        "display": "Tumefazione, massa o protuberanza addominale o pelvica del quadrante superiore destro"
      }, {
        "code": "78932",
        "display": "Tumefazione, massa o protuberanza addominale o pelvica del quadrante superiore sinistro"
      }, {
        "code": "78933",
        "display": "Tumefazione, massa o protuberanza addominale o pelvica del quadrante inferiore destro"
      }, {
        "code": "78934",
        "display": "Tumefazione, massa o protuberanza addominale o pelvica del quadrante inferiore sinistro"
      }, {
        "code": "78935",
        "display": "Tumefazione, massa o protuberanza addominale o pelvica periombelicale"
      }, {
        "code": "78936",
        "display": "Tumefazione, massa o protuberanza addominale o pelvica epigastrica"
      }, {
        "code": "78937",
        "display": "Tumefazione, massa o protuberanza addominale o pelvica generalizzata"
      }, {
        "code": "78939",
        "display": "Tumefazione, massa o protuberanza addominale o pelvica di altre sedi specificate"
      }, {
        "code": "7894",
        "display": "Rigidita' addominale"
      }, {
        "code": "78940",
        "display": "Rigidita' addominale di sede non specificata"
      }, {
        "code": "78941",
        "display": "Rigidita' addominale del quadrante superiore destro"
      }, {
        "code": "78942",
        "display": "Rigidita' addominale del quadrante superiore sinistro"
      }, {
        "code": "78943",
        "display": "Rigidita' addominale del quadrante inferiore destro"
      }, {
        "code": "78944",
        "display": "Rigidita' addominale del quadrante inferiore sinistro"
      }, {
        "code": "78945",
        "display": "Rigidita' addominale periombelicale"
      }, {
        "code": "78946",
        "display": "Rigidita' addominale epigastrica"
      }, {
        "code": "78947",
        "display": "Rigidita' addominale diffusa"
      }, {
        "code": "78949",
        "display": "Rigidita' addominale di altre sedi specificate"
      }, {
        "code": "7895",
        "display": "Ascite"
      }, {
        "code": "7896",
        "display": "Rilassamento addominale"
      }, {
        "code": "78960",
        "display": "Rilassamento addominale in sede non specificata"
      }, {
        "code": "78961",
        "display": "Rilassamento addominale del quadrante superiore destro"
      }, {
        "code": "78962",
        "display": "Rilassamento addominale del quadrante superiore sinistro"
      }, {
        "code": "78963",
        "display": "Rilassamento addominale del quadrante inferiore destro"
      }, {
        "code": "78964",
        "display": "Rilassamento addominale del quadrante inferiore sinistro"
      }, {
        "code": "78965",
        "display": "Rilassamento addominale periombelicale"
      }, {
        "code": "78966",
        "display": "Rilassamento addominale epigastrico"
      }, {
        "code": "78967",
        "display": "Rilassamento addominale diffuso"
      }, {
        "code": "78969",
        "display": "Rilassamento addominale di altre sedi specificate"
      }, {
        "code": "7899",
        "display": "Altri sintomi relativi all'addome e al bacino"
      } ]
    } ]
  }
}