{
  "resourceType": "ValueSet",
  "url": "http://hl7.org/fhir/sid/icd-9-cm-53",
  "version": "1.0",
  "name": "Diagnosi-Febbre gialla",
  "title": "Febbre gialla",
  "status": "active",
  "compose": {
    "include": [ {
      "system": "http://hl7.org/fhir/sid/icd-9-cm",
      "concept": [ {
        "code": "0600",
        "display": "Febbre gialla silvestre"
      }, {
        "code": "0601",
        "display": "Febbre gialla urbana"
      }, {
        "code": "0609",
        "display": "Febbre gialla non specificata"
      } ]
    } ]
  }
}