{
  "resourceType": "ValueSet",
  "url": "http://hl7.org/fhir/sid/icd-9-cm-348",
  "version": "1.0",
  "name": "Diagnosi-Altre malattie dell' occhio",
  "title": "Altre malattie dell' occhio",
  "status": "active",
  "compose": {
    "include": [ {
      "system": "http://hl7.org/fhir/sid/icd-9-cm",
      "concept": [ {
        "code": "3790",
        "display": "Sclerite ed episclerite"
      }, {
        "code": "37900",
        "display": "Sclerite, non specificata"
      }, {
        "code": "37901",
        "display": "Episclerite periodica fugace"
      }, {
        "code": "37902",
        "display": "Episclerite nodulare"
      }, {
        "code": "37903",
        "display": "Sclerite anteriore"
      }, {
        "code": "37904",
        "display": "Scleromalacia perforante"
      }, {
        "code": "37905",
        "display": "Sclerite con coinvolgimento corneale"
      }, {
        "code": "37906",
        "display": "Sclerite dura"
      }, {
        "code": "37907",
        "display": "Sclerite posteriore"
      }, {
        "code": "37909",
        "display": "Altre scleriti"
      }, {
        "code": "3791",
        "display": "Altre affezioni della sclera"
      }, {
        "code": "37911",
        "display": "Ectasia della sclera stafiloma sclerale SAI"
      }, {
        "code": "37912",
        "display": "Stafiloma postico"
      }, {
        "code": "37913",
        "display": "Stafiloma equatoriale"
      }, {
        "code": "37914",
        "display": "Stafiloma anteriore, localizzato"
      }, {
        "code": "37915",
        "display": "Stafiloma anulare"
      }, {
        "code": "37916",
        "display": "Altre affezioni degenerative della sclera"
      }, {
        "code": "37919",
        "display": "Altre affezioni della sclera"
      }, {
        "code": "3792",
        "display": "Malattie del corpo vitreo"
      }, {
        "code": "37921",
        "display": "Degenerazione del corpo vitreo"
      }, {
        "code": "37922",
        "display": "Depositi cristallini nel corpo vitreo"
      }, {
        "code": "37923",
        "display": "Emorragia vitreale"
      }, {
        "code": "37924",
        "display": "Altre opacita' del vitreo"
      }, {
        "code": "37925",
        "display": "Membrane e filamenti vitreali"
      }, {
        "code": "37926",
        "display": "Prolasso del vitreo"
      }, {
        "code": "37929",
        "display": "Altre affezioni del corpo vitreo"
      }, {
        "code": "3793",
        "display": "Afachia ed altri disturbi del cristallino"
      }, {
        "code": "37931",
        "display": "Afachia"
      }, {
        "code": "37932",
        "display": "Sublussazione del cristallino"
      }, {
        "code": "37933",
        "display": "Dislocazione anteriore del cristallino"
      }, {
        "code": "37934",
        "display": "Dislocazione posteriore del cristallino"
      }, {
        "code": "37939",
        "display": "Altre affezioni del cristallino"
      }, {
        "code": "3794",
        "display": "Anomalie della funzione pupillare"
      }, {
        "code": "37940",
        "display": "Funzione pupillare anomala, non specificata"
      }, {
        "code": "37941",
        "display": "Anisocoria"
      }, {
        "code": "37942",
        "display": "Miosi (persistente), non dovuta a miotici"
      }, {
        "code": "37943",
        "display": "Midriasi (persistente), non dovuta a midriatici"
      }, {
        "code": "37945",
        "display": "Pupilla di Argyll Robertson, atipica"
      }, {
        "code": "37946",
        "display": "Reazione tonica della pupilla"
      }, {
        "code": "37949",
        "display": "Altre anomalie della funzione della pupilla"
      }, {
        "code": "3795",
        "display": "Nistagmo ed altri movimenti irregolari degli occhi"
      }, {
        "code": "37950",
        "display": "Nistagmo, non specificato"
      }, {
        "code": "37951",
        "display": "Nistagmo congenito"
      }, {
        "code": "37952",
        "display": "Nistagmo latente"
      }, {
        "code": "37953",
        "display": "Nistagmo da deprivazione visiva"
      }, {
        "code": "37954",
        "display": "Nistagmo associato a disturbi del sistema vestibolare"
      }, {
        "code": "37955",
        "display": "Nistagmo dissociato"
      }, {
        "code": "37956",
        "display": "Altre forme di nistagmo"
      }, {
        "code": "37957",
        "display": "Difetti dei movimenti oculari saccadici"
      }, {
        "code": "37958",
        "display": "Difetti dei movimenti di inseguimento lento"
      }, {
        "code": "37959",
        "display": "Altre irregolarita' dei movimenti oculari"
      }, {
        "code": "3796",
        "display": "Infiammazione (infezione) di vescicole postprocedurali"
      }, {
        "code": "37960",
        "display": "Infiammazione (infezione) di vescicole post-procedurali, non specificata"
      }, {
        "code": "37961",
        "display": "Infiammazione (infezione) di vescicole post-procedurali, stadio 1"
      }, {
        "code": "37962",
        "display": "Infiammazione (infezione) di vescicole post-procedurali, stadio 2"
      }, {
        "code": "37963",
        "display": "Infiammazione (infezione) di vescicole post-procedurali, stadio 3"
      }, {
        "code": "3798",
        "display": "Altri disturbi specificati dell' occhio e degli annessi"
      }, {
        "code": "3799",
        "display": "Disturbi non specificati dell' occhio e degli annessi"
      }, {
        "code": "37990",
        "display": "Disturbi dell' occhio, non specificati"
      }, {
        "code": "37991",
        "display": "Dolore interno o attorno all'occhio"
      }, {
        "code": "37992",
        "display": "Gonfiore o massa oculare"
      }, {
        "code": "37993",
        "display": "Arrossamento o secrezione oculare"
      }, {
        "code": "37999",
        "display": "Altri mal definiti disturbi oculari"
      } ]
    } ]
  }
}