{
  "resourceType": "ValueSet",
  "url": "http://hl7.org/fhir/sid/icd-9-cm-841",
  "version": "1.0",
  "name": "Diagnosi-Contusione dell' arto inferiore e di altre e non specificate sedi",
  "title": "Contusione dell' arto inferiore e di altre e non specificate sedi",
  "status": "active",
  "compose": {
    "include": [ {
      "system": "http://hl7.org/fhir/sid/icd-9-cm",
      "concept": [ {
        "code": "9240",
        "display": "Contusione dell' anca e coscia"
      }, {
        "code": "92400",
        "display": "Contusione della coscia"
      }, {
        "code": "92401",
        "display": "Contusione dell' anca"
      }, {
        "code": "9241",
        "display": "Contusione di ginocchio e gamba"
      }, {
        "code": "92410",
        "display": "Contusione della gamba"
      }, {
        "code": "92411",
        "display": "Contusione del ginocchio"
      }, {
        "code": "9242",
        "display": "Contusione di caviglia e piede, escluse le dita del piede"
      }, {
        "code": "92420",
        "display": "Contusione del piede, escluse le dita del piede"
      }, {
        "code": "92421",
        "display": "Contusione della caviglia"
      }, {
        "code": "9243",
        "display": "Contusione delle dita del piede"
      }, {
        "code": "9244",
        "display": "Contusione di sedi multiple dell' arto inferiore"
      }, {
        "code": "9245",
        "display": "Contusione di parte non specificata dell' arto inferiore"
      }, {
        "code": "9248",
        "display": "Contusione di sedi multiple non classificate altrove"
      }, {
        "code": "9249",
        "display": "Contusione di sede non specificata"
      } ]
    } ]
  }
}