{
  "resourceType": "ValueSet",
  "url": "http://hl7.org/fhir/sid/icd-9-cm-939",
  "version": "1.0",
  "name": "Diagnosi-Controllo di gravidanza ad alto rischio",
  "title": "Controllo di gravidanza ad alto rischio",
  "status": "active",
  "compose": {
    "include": [ {
      "system": "http://hl7.org/fhir/sid/icd-9-cm",
      "concept": [ {
        "code": "V230",
        "display": "Controllo di gravidanza ad alto rischio con anamnesi di infertilita'"
      }, {
        "code": "V231",
        "display": "Controllo di gravidanza ad alto rischio con anamnesi di malattia trofoblastica"
      }, {
        "code": "V232",
        "display": "Controllo di gravidanza ad alto rischio con anamnesi di aborto"
      }, {
        "code": "V233",
        "display": "Controllo di gravidanza ad alto rischio con grande multiparita'"
      }, {
        "code": "V234",
        "display": "Controllo di gravidanza ad alto rischio con altra anamnesi ostetrica patologica"
      }, {
        "code": "V2341",
        "display": "Gravidanza con storia di travaglio pretermine"
      }, {
        "code": "V2349",
        "display": "Gravidanza con altra anamnesi ostetrica patologica"
      }, {
        "code": "V235",
        "display": "Controllo di gravidanza ad alto rischio con altra anamnesi patologica relativa alla riproduzione"
      }, {
        "code": "V237",
        "display": "Controllo di gravidanza ad alto rischio con insufficiente cura prenatale"
      }, {
        "code": "V238",
        "display": "Controllo di altra gravidanza ad alto rischio"
      }, {
        "code": "V2381",
        "display": "Primipara attempata"
      }, {
        "code": "V2382",
        "display": "Multigravida in eta' materna avanzata"
      }, {
        "code": "V2383",
        "display": "Primipara giovane"
      }, {
        "code": "V2384",
        "display": "Multigravida giovane"
      }, {
        "code": "V2389",
        "display": "Altre gravidanze ad alto rischio"
      }, {
        "code": "V239",
        "display": "Controllo di gravidanza ad alto rischio non specificato"
      } ]
    } ]
  }
}