{
  "resourceType": "ValueSet",
  "url": "http://hl7.org/fhir/sid/icd-9-cm-2",
  "version": "1.0",
  "name": "Diagnosi-Febbre tifoide e paratifoide",
  "title": "Febbre tifoide e paratifoide",
  "status": "active",
  "compose": {
    "include": [ {
      "system": "http://hl7.org/fhir/sid/icd-9-cm",
      "concept": [ {
        "code": "0020",
        "display": "Febbre tifoide"
      }, {
        "code": "0021",
        "display": "Paratifo A"
      }, {
        "code": "0022",
        "display": "Paratifo B"
      }, {
        "code": "0023",
        "display": "Paratifo C"
      }, {
        "code": "0029",
        "display": "Paratifo non specificato"
      } ]
    } ]
  }
}