{
  "resourceType": "ValueSet",
  "url": "http://hl7.org/fhir/sid/icd-9-cm-263",
  "version": "1.0",
  "name": "Diagnosi-Disturbi mentali indotti da alcool",
  "title": "Disturbi mentali indotti da alcool",
  "status": "active",
  "compose": {
    "include": [ {
      "system": "http://hl7.org/fhir/sid/icd-9-cm",
      "concept": [ {
        "code": "2910",
        "display": "Delirium da astinenza da alcool"
      }, {
        "code": "2911",
        "display": "Disturbo amnesico persistente indotto da alcool"
      }, {
        "code": "2912",
        "display": "Demenze persistenti indotte da alcool"
      }, {
        "code": "2913",
        "display": "Disturbo psicotico con allucinazioni indotto da alcool"
      }, {
        "code": "2914",
        "display": "Intossicazione alcolica idiosincrasica"
      }, {
        "code": "2915",
        "display": "Disturbo psicotico con deliri indotto da alcool"
      }, {
        "code": "2918",
        "display": "Altri disturbi mentali specificati indotti da alcool"
      }, {
        "code": "29181",
        "display": "Astinenza da alcool"
      }, {
        "code": "29182",
        "display": "Disturbi del sonno indotti da alcool"
      }, {
        "code": "29189",
        "display": "Altri"
      }, {
        "code": "2919",
        "display": "Disturbi mentali non specificati indotti dall'alcool"
      } ]
    } ]
  }
}