{
  "resourceType": "ValueSet",
  "url": "http://hl7.org/fhir/sid/icd-9-cm-516",
  "version": "1.0",
  "name": "Diagnosi-Glomerulonefrite acuta",
  "title": "Glomerulonefrite acuta",
  "status": "active",
  "compose": {
    "include": [ {
      "system": "http://hl7.org/fhir/sid/icd-9-cm",
      "concept": [ {
        "code": "5800",
        "display": "Glomerulonefrite acuta, con lesioni di glomerulonefrite proliferativa"
      }, {
        "code": "5804",
        "display": "Glomerulonefrite acuta, con lesioni di glomerulonefrite rapidamente progressiva"
      }, {
        "code": "5808",
        "display": "Glomerulonefrite acuta, con altre lesioni istologiche renali specificate"
      }, {
        "code": "58081",
        "display": "Glomerulonefrite acuta, in malattie classificate altrove"
      }, {
        "code": "58089",
        "display": "Glomerulonefrite acuta, con altre lesioni istologiche renali specificate"
      }, {
        "code": "5809",
        "display": "Glomerulonefrite acuta, con lesioni istologiche non specificate"
      } ]
    } ]
  }
}