{
  "resourceType": "ValueSet",
  "url": "http://hl7.org/fhir/sid/icd-9-cm-619",
  "version": "1.0",
  "name": "Diagnosi-Dermatite atopica e affezioni correlate",
  "title": "Dermatite atopica e affezioni correlate",
  "status": "active",
  "compose": {
    "include": [ {
      "system": "http://hl7.org/fhir/sid/icd-9-cm",
      "concept": [ {
        "code": "6910",
        "display": "Dermatite da pannolino"
      }, {
        "code": "6918",
        "display": "Altre dermatiti atopiche e affezioni correlate"
      } ]
    } ]
  }
}