{
  "resourceType": "ValueSet",
  "url": "http://hl7.org/fhir/sid/icd-9-cm-59",
  "version": "1.0",
  "name": "Diagnosi-Altre malattie virali da artropodi",
  "title": "Altre malattie virali da artropodi",
  "status": "active",
  "compose": {
    "include": [ {
      "system": "http://hl7.org/fhir/sid/icd-9-cm",
      "concept": [ {
        "code": "0660",
        "display": "Febbre da flebotomi"
      }, {
        "code": "0661",
        "display": "Febbre da zecche"
      }, {
        "code": "0662",
        "display": "Febbre equina del Venezuela"
      }, {
        "code": "0663",
        "display": "Altre febbri da zanzare"
      }, {
        "code": "0664",
        "display": "Febbre del Nilo Occidentale"
      }, {
        "code": "06640",
        "display": "Febbre del Nilo Occidentale non specificata"
      }, {
        "code": "06641",
        "display": "Febbre del Nilo Occidentale con encefalite"
      }, {
        "code": "06642",
        "display": "Febbre del Nilo Occidentale con altre complicazioni neurologiche"
      }, {
        "code": "06649",
        "display": "Febbre del Nilo Occidentale con altre complicazioni"
      }, {
        "code": "0668",
        "display": "Altre malattie virali da artropodi, specificate"
      }, {
        "code": "0669",
        "display": "Malattie virali da artropodi, non specificate"
      } ]
    } ]
  }
}