{
  "resourceType": "ValueSet",
  "url": "http://hl7.org/fhir/sid/icd-9-cm-688",
  "version": "1.0",
  "name": "Diagnosi-Feto o neonato affetto da complicazioni materne della gravidanza",
  "title": "Feto o neonato affetto da complicazioni materne della gravidanza",
  "status": "active",
  "compose": {
    "include": [ {
      "system": "http://hl7.org/fhir/sid/icd-9-cm",
      "concept": [ {
        "code": "7610",
        "display": "Incontinenza della cervice uterina che ha ripercussioni sul feto o sul neonato"
      }, {
        "code": "7611",
        "display": "Rottura prematura delle membrane che ha ripercussioni sul feto o sul neonato"
      }, {
        "code": "7612",
        "display": "Oligoidramnios che ha ripercussioni sul feto o sul neonato"
      }, {
        "code": "7613",
        "display": "Polidramnios che ha ripercussioni sul feto o sul neonato"
      }, {
        "code": "7614",
        "display": "Gravidanza ectopica che ha ripercussioni sul feto o sul neonato"
      }, {
        "code": "7615",
        "display": "Gravidanza multipla che ha ripercussioni sul feto o sul neonato"
      }, {
        "code": "7616",
        "display": "Morte materna con ripercussioni sul feto o sul neonato"
      }, {
        "code": "7617",
        "display": "Presentazione anomala prima del travaglio con ripercussioni sul feto o sul neonato"
      }, {
        "code": "7618",
        "display": "Feto o neonato affetti da altre complicazioni materne della gravidanza specificate"
      }, {
        "code": "7619",
        "display": "Feto o neonato affetti da altra complicazione materna della gravidanza non specificata"
      } ]
    } ]
  }
}