{
  "resourceType": "ValueSet",
  "url": "http://hl7.org/fhir/sid/icd-9-cm-91",
  "version": "1.0",
  "name": "Diagnosi-Framboesia",
  "title": "Framboesia",
  "status": "active",
  "compose": {
    "include": [ {
      "system": "http://hl7.org/fhir/sid/icd-9-cm",
      "concept": [ {
        "code": "1020",
        "display": "Framboesia lesioni iniziali"
      }, {
        "code": "1021",
        "display": "Papillomi multipli e wet crab da framboesia"
      }, {
        "code": "1022",
        "display": "Altre lesioni cutanee recenti"
      }, {
        "code": "1023",
        "display": "Ipercheratosi"
      }, {
        "code": "1024",
        "display": "Gomme e ulcere"
      }, {
        "code": "1025",
        "display": "Gangosa"
      }, {
        "code": "1026",
        "display": "Lesioni delle ossa e delle articolazioni"
      }, {
        "code": "1027",
        "display": "Altre manifestazioni"
      }, {
        "code": "1028",
        "display": "Framboesia latente"
      }, {
        "code": "1029",
        "display": "Framboesia non specificata"
      } ]
    } ]
  }
}