{
  "resourceType": "ValueSet",
  "url": "http://hl7.org/fhir/sid/icd-9-cm-387",
  "version": "1.0",
  "name": "Diagnosi-Disturbi della conduzione",
  "title": "Disturbi della conduzione",
  "status": "active",
  "compose": {
    "include": [ {
      "system": "http://hl7.org/fhir/sid/icd-9-cm",
      "concept": [ {
        "code": "4260",
        "display": "Blocco atrioventricolare completo"
      }, {
        "code": "4261",
        "display": "Altro e non specificato blocco atrioventricolare"
      }, {
        "code": "42610",
        "display": "Blocco atrioventricolare non specificato"
      }, {
        "code": "42611",
        "display": "Blocco atrioventricolare di primo grado"
      }, {
        "code": "42612",
        "display": "Blocco atrioventricolare di secondo grado, Mobitz II"
      }, {
        "code": "42613",
        "display": "Altro blocco atrioventricolare di secondo grado"
      }, {
        "code": "4262",
        "display": "Emiblocco di branca sinistra"
      }, {
        "code": "4263",
        "display": "Altro blocco completo di branca sinistra"
      }, {
        "code": "4264",
        "display": "Blocco completo di branca destra"
      }, {
        "code": "4265",
        "display": "Altro e non specificato blocco di branca"
      }, {
        "code": "42650",
        "display": "Blocco di branca non specificato"
      }, {
        "code": "42651",
        "display": "Blocco di branca destra e blocco fascicolare sinistro posteriore"
      }, {
        "code": "42652",
        "display": "Blocco di branca destra e blocco fascicolare sinistro anteriore"
      }, {
        "code": "42653",
        "display": "Altro blocco bilaterale di branca del fascio di his"
      }, {
        "code": "42654",
        "display": "Blocco trifascicolare"
      }, {
        "code": "4266",
        "display": "Altro blocco cardiaco"
      }, {
        "code": "4267",
        "display": "Eccitazione atrioventricolare anomala"
      }, {
        "code": "4268",
        "display": "Altri disturbi specificati della conduzione"
      }, {
        "code": "42681",
        "display": "Sindrome di Lown-Ganong-Levine"
      }, {
        "code": "42682",
        "display": "Sindrome del QT lungo"
      }, {
        "code": "42689",
        "display": "Altri disturbi di conduzione specificati"
      }, {
        "code": "4269",
        "display": "Disturbi della conduzione non specificati"
      } ]
    } ]
  }
}