{
  "resourceType": "ValueSet",
  "url": "http://hl7.org/fhir/sid/icd-9-cm-664",
  "version": "1.0",
  "name": "Diagnosi-Deviazioni della colonna vertebrale",
  "title": "Deviazioni della colonna vertebrale",
  "status": "active",
  "compose": {
    "include": [ {
      "system": "http://hl7.org/fhir/sid/icd-9-cm",
      "concept": [ {
        "code": "7370",
        "display": "Cifosi posturale degli adolescenti"
      }, {
        "code": "7371",
        "display": "Cifosi (acquisita)"
      }, {
        "code": "73710",
        "display": "Cifosi posturale (acquisita)"
      }, {
        "code": "73711",
        "display": "Cifosi secondaria a radiazioni"
      }, {
        "code": "73712",
        "display": "Cifosi postlaminectomia"
      }, {
        "code": "73719",
        "display": "Altra cifosi, acquisita"
      }, {
        "code": "7372",
        "display": "Lordosi (acquisita)"
      }, {
        "code": "73720",
        "display": "Lordosi posturale (acquisita)"
      }, {
        "code": "73721",
        "display": "Lordosi postlaminectomia"
      }, {
        "code": "73722",
        "display": "Altre lordosi postchirurgiche"
      }, {
        "code": "73729",
        "display": "Altre lordosi acquisite"
      }, {
        "code": "7373",
        "display": "Cifoscoliosi e scoliosi"
      }, {
        "code": "73730",
        "display": "Cifosi (e cifoscoliosi) idiopatica"
      }, {
        "code": "73731",
        "display": "Scoliosi idiopatica infantile non progressiva"
      }, {
        "code": "73732",
        "display": "Scoliosi idiopatica infantile progressiva"
      }, {
        "code": "73733",
        "display": "Scoliosi da radiazioni"
      }, {
        "code": "73734",
        "display": "Scoliosi toracogenica"
      }, {
        "code": "73739",
        "display": "Altre cifoscoliosi e scoliosi"
      }, {
        "code": "7374",
        "display": "Deviazioni della colonna vertebrale associate ad altre manifestazioni morbose"
      }, {
        "code": "73740",
        "display": "Deviazioni della colonna non specificate associate ad altre manifestazioni morbose"
      }, {
        "code": "73741",
        "display": "Cifosi associata ad altre manifestazioni morbose"
      }, {
        "code": "73742",
        "display": "Lordosi associata ad altre manifestazioni morbose"
      }, {
        "code": "73743",
        "display": "Scoliosi associata ad altre manifestazioni morbose"
      }, {
        "code": "7378",
        "display": "Altre deviazioni della colonna vertebrale associate ad altre manifestazioni morbose"
      }, {
        "code": "7379",
        "display": "Deviazioni non specificate della colonna vertebrale associate ad altre manifestazioni morbose"
      } ]
    } ]
  }
}