{
  "resourceType": "ValueSet",
  "url": "http://hl7.org/fhir/sid/icd-9-cm-672",
  "version": "1.0",
  "name": "Diagnosi-Anomalie del bulbo cardiaco e anomalie della chiusura del setto cardiaco",
  "title": "Anomalie del bulbo cardiaco e anomalie della chiusura del setto cardiaco",
  "status": "active",
  "compose": {
    "include": [ {
      "system": "http://hl7.org/fhir/sid/icd-9-cm",
      "concept": [ {
        "code": "7450",
        "display": "Tronco comune"
      }, {
        "code": "7451",
        "display": "Trasposizione dei grossi vasi"
      }, {
        "code": "74510",
        "display": "Trasposizione completa dei grossi vasi"
      }, {
        "code": "74511",
        "display": "Doppio sbocco del ventricolo destro"
      }, {
        "code": "74512",
        "display": "Trasposizione corretta dei grossi vasi"
      }, {
        "code": "74519",
        "display": "Altro"
      }, {
        "code": "7452",
        "display": "Tetralogia di Fallot"
      }, {
        "code": "7453",
        "display": "Ventricolo unico"
      }, {
        "code": "7454",
        "display": "Difetto del setto interventricolare"
      }, {
        "code": "7455",
        "display": "Difetto del setto atriale tipo ostium secundum"
      }, {
        "code": "7456",
        "display": "Difetti dei cuscinetti endocardici"
      }, {
        "code": "74560",
        "display": "Difetto dei cuscinetti endocardici, di tipo non specificato"
      }, {
        "code": "74561",
        "display": "Difetto dell' ostium primum"
      }, {
        "code": "74569",
        "display": "Altro"
      }, {
        "code": "7457",
        "display": "Cuore biloculare"
      }, {
        "code": "7458",
        "display": "Altro"
      }, {
        "code": "7459",
        "display": "Difetto non specificato di chiusura del setto"
      } ]
    } ]
  }
}