{
  "resourceType": "ValueSet",
  "url": "http://hl7.org/fhir/sid/icd-9-cm-6",
  "version": "1.0",
  "name": "Diagnosi-Amebiasi",
  "title": "Amebiasi",
  "status": "active",
  "compose": {
    "include": [ {
      "system": "http://hl7.org/fhir/sid/icd-9-cm",
      "concept": [ {
        "code": "0060",
        "display": "Dissenteria amebica acuta senza menzione di ascesso"
      }, {
        "code": "0061",
        "display": "Amebiasi intestinale cronica senza menzione di ascesso"
      }, {
        "code": "0062",
        "display": "Colite amebica non dissenterica"
      }, {
        "code": "0063",
        "display": "Ascesso amebico del fegato"
      }, {
        "code": "0064",
        "display": "Ascesso amebico del polmone"
      }, {
        "code": "0065",
        "display": "Ascesso amebico dell' encefalo"
      }, {
        "code": "0066",
        "display": "Ulcera amebica della pelle"
      }, {
        "code": "0068",
        "display": "Infezione amebica di altre sedi"
      }, {
        "code": "0069",
        "display": "Amebiasi non specificata"
      } ]
    } ]
  }
}