{
  "resourceType": "ValueSet",
  "url": "http://hl7.org/fhir/sid/icd-9-cm-238",
  "version": "1.0",
  "name": "Diagnosi-Carenza di componenti del complesso B",
  "title": "Carenza di componenti del complesso B",
  "status": "active",
  "compose": {
    "include": [ {
      "system": "http://hl7.org/fhir/sid/icd-9-cm",
      "concept": [ {
        "code": "2660",
        "display": "Ariboflavinosi"
      }, {
        "code": "2661",
        "display": "Carenza di vitamina B6"
      }, {
        "code": "2662",
        "display": "Altre carenze del complesso B"
      }, {
        "code": "2669",
        "display": "Carenza non specificata di vitamina B"
      } ]
    } ]
  }
}