{
  "resourceType": "ValueSet",
  "url": "http://hl7.org/fhir/sid/icd-9-cm-426",
  "version": "1.0",
  "name": "Diagnosi-Faringite e rinofaringite cronica",
  "title": "Faringite e rinofaringite cronica",
  "status": "active",
  "compose": {
    "include": [ {
      "system": "http://hl7.org/fhir/sid/icd-9-cm",
      "concept": [ {
        "code": "4720",
        "display": "Rinite cronica"
      }, {
        "code": "4721",
        "display": "Faringite cronica"
      }, {
        "code": "4722",
        "display": "Rinofaringite cronica"
      } ]
    } ]
  }
}