{
  "resourceType": "ValueSet",
  "url": "http://hl7.org/fhir/sid/icd-9-cm-444",
  "version": "1.0",
  "name": "Diagnosi-Asma",
  "title": "Asma",
  "status": "active",
  "compose": {
    "include": [ {
      "system": "http://hl7.org/fhir/sid/icd-9-cm",
      "concept": [ {
        "code": "4930",
        "display": "Asma estrinseca"
      }, {
        "code": "49300",
        "display": "Asma estrinseca"
      }, {
        "code": "49301",
        "display": "Asma estrinseca con stato asmatico"
      }, {
        "code": "49302",
        "display": "Asma estrinseca con riacutizzazione"
      }, {
        "code": "4931",
        "display": "Asma intrinseca"
      }, {
        "code": "49310",
        "display": "Asma intrinseca"
      }, {
        "code": "49311",
        "display": "Asma intrinseca con stato asmatico"
      }, {
        "code": "49312",
        "display": "Asma intrinseca con riacutizzazione"
      }, {
        "code": "4932",
        "display": "Asma cronica ostruttiva"
      }, {
        "code": "49320",
        "display": "Asma cronica ostruttiva"
      }, {
        "code": "49321",
        "display": "Asma cronica ostruttiva con stato asmatico"
      }, {
        "code": "49322",
        "display": "Asma cronica ostruttiva con riacutizzazione"
      }, {
        "code": "4938",
        "display": "Altre forme di asma"
      }, {
        "code": "49381",
        "display": "Broncospasmo indotto da esercizio fisico"
      }, {
        "code": "49382",
        "display": "Asma variante con tosse"
      }, {
        "code": "4939",
        "display": "Asma, non specificata"
      }, {
        "code": "49390",
        "display": "Asma, tipo non specificato"
      }, {
        "code": "49391",
        "display": "Asma, tipo non specificato, con stato asmatico"
      }, {
        "code": "49392",
        "display": "Asma, tipo non specificato, con riacutizzazione"
      } ]
    } ]
  }
}