{
  "resourceType": "ValueSet",
  "url": "http://hl7.org/fhir/sid/icd-9-cm-756",
  "version": "1.0",
  "name": "Diagnosi-Fratture di ossa non specificate",
  "title": "Fratture di ossa non specificate",
  "status": "active",
  "compose": {
    "include": [ {
      "system": "http://hl7.org/fhir/sid/icd-9-cm",
      "concept": [ {
        "code": "8290",
        "display": "Fratture di osso non specificato, chiusa"
      }, {
        "code": "8291",
        "display": "Fratture di osso non specificato, esposta"
      } ]
    } ]
  }
}