{
  "resourceType": "ValueSet",
  "url": "http://hl7.org/fhir/sid/icd-9-cm-235",
  "version": "1.0",
  "name": "Diagnosi-Altra e non specificata malnutrizione proteico-calorica",
  "title": "Altra e non specificata malnutrizione proteico-calorica",
  "status": "active",
  "compose": {
    "include": [ {
      "system": "http://hl7.org/fhir/sid/icd-9-cm",
      "concept": [ {
        "code": "2630",
        "display": "Malnutrizione di grado moderato"
      }, {
        "code": "2631",
        "display": "Malnutrizione di grado leggero"
      }, {
        "code": "2632",
        "display": "Arresto dello sviluppo successivo a malnutrizione proteico-calorica"
      }, {
        "code": "2638",
        "display": "Altra malnutrizione proteico-calorica"
      }, {
        "code": "2639",
        "display": "Malnutrizione proteico-calorica non specificata"
      } ]
    } ]
  }
}