{
  "resourceType": "ValueSet",
  "url": "http://hl7.org/fhir/sid/icd-9-cm-116",
  "version": "1.0",
  "name": "Diagnosi-Altre infestazioni",
  "title": "Altre infestazioni",
  "status": "active",
  "compose": {
    "include": [ {
      "system": "http://hl7.org/fhir/sid/icd-9-cm",
      "concept": [ {
        "code": "1340",
        "display": "Miasi"
      }, {
        "code": "1341",
        "display": "Altre infestazioni da artropodi"
      }, {
        "code": "1342",
        "display": "Irudiniasi"
      }, {
        "code": "1348",
        "display": "Altre infestazioni specificate"
      }, {
        "code": "1349",
        "display": "Infestazioni, non specificate"
      } ]
    } ]
  }
}