{
  "resourceType": "ValueSet",
  "url": "http://hl7.org/fhir/sid/icd-9-cm-604",
  "version": "1.0",
  "name": "Diagnosi-Complicazioni venose della gravidanza e del puerperio",
  "title": "Complicazioni venose della gravidanza e del puerperio",
  "status": "active",
  "compose": {
    "include": [ {
      "system": "http://hl7.org/fhir/sid/icd-9-cm",
      "concept": [ {
        "code": "6710",
        "display": "Vene varicose delle gambe"
      }, {
        "code": "67100",
        "display": "Vene varicose delle gambe, episodio di assistenza non specificato"
      }, {
        "code": "67101",
        "display": "Vene varicose delle gambe, parto, con o senza menzione della condizione antepartum"
      }, {
        "code": "67102",
        "display": "Vene varicose delle gambe, parto, con menzione delle complicazioni postpartum"
      }, {
        "code": "67103",
        "display": "Vene varicose delle gambe, condizione o complicazione antepartum"
      }, {
        "code": "67104",
        "display": "Vene varicose delle gambe, condizione o complicazione postpartum"
      }, {
        "code": "6711",
        "display": "Varici vulvari e perineali"
      }, {
        "code": "67110",
        "display": "Varici vulvari e perineali, episodio di assistenza non specificato"
      }, {
        "code": "67111",
        "display": "Varici vulvari e perineali, parto, con o senza menzione della condizione antepartum"
      }, {
        "code": "67112",
        "display": "Varici vulvari e perineali, parto, con menzione delle complicazioni postpartum"
      }, {
        "code": "67113",
        "display": "Varici vulvari e perineali, condizione o complicazione antepartum"
      }, {
        "code": "67114",
        "display": "Varici vulvari e perineali, condizione o complicazione postpartum"
      }, {
        "code": "6712",
        "display": "Tromboflebite superficiale"
      }, {
        "code": "67120",
        "display": "Tromboflebite superficiale, episodio di assistenza non specificato"
      }, {
        "code": "67121",
        "display": "Tromboflebite superficiale, parto, con o senza menzione della condizione antepartum"
      }, {
        "code": "67122",
        "display": "Tromboflebite superficiale, parto, con menzione delle complicazioni postpartum"
      }, {
        "code": "67123",
        "display": "Tromboflebite superficiale, condizione o complicazione antepartum"
      }, {
        "code": "67124",
        "display": "Tromboflebite superficiale, condizione o complicazione postpartum"
      }, {
        "code": "6713",
        "display": "Flebotrombosi profonda, antepartum"
      }, {
        "code": "67130",
        "display": "Flebotrombosi profonda, antepartum, episodio di assistenza non specificato"
      }, {
        "code": "67131",
        "display": "Flebotrombosi profonda, antepartum, parto, con o senza menzione della condizione antepartum"
      }, {
        "code": "67133",
        "display": "Flebotrombosi profonda, antepartum, condizione o complicazione antepartum"
      }, {
        "code": "6714",
        "display": "Flebotrombosi profonda, postpartum"
      }, {
        "code": "67140",
        "display": "Flebotrombosi profonda, postpartum, episodio di assistenza non specificato"
      }, {
        "code": "67142",
        "display": "Flebotrombosi profonda, postpartum, parto, con menzione delle complicazioni postpartum"
      }, {
        "code": "67144",
        "display": "Flebotrombosi profonda, postpartum, condizione o complicazione postpartum"
      }, {
        "code": "6715",
        "display": "Altre flebiti e trombosi"
      }, {
        "code": "67150",
        "display": "Altre flebiti e trombosi, episodio di assistenza non specificato"
      }, {
        "code": "67151",
        "display": "Altre flebiti e trombosi, parto, con o senza menzione della condizione antepartum"
      }, {
        "code": "67152",
        "display": "Altre flebiti e trombosi, parto, con menzione delle complicazioni postpartum"
      }, {
        "code": "67153",
        "display": "Altre flebiti e trombosi, condizione o complicazione antepartum"
      }, {
        "code": "67154",
        "display": "Altre flebiti e trombosi, condizione o complicazione postpartum"
      }, {
        "code": "6718",
        "display": "Altre complicazioni venose"
      }, {
        "code": "67180",
        "display": "Altre complicazioni venose, episodio di assistenza non specificato"
      }, {
        "code": "67181",
        "display": "Altre complicazioni venose, parto, con o senza menzione della condizione antepartum"
      }, {
        "code": "67182",
        "display": "Altre complicazioni venose, parto, con menzione delle complicazioni postpartum"
      }, {
        "code": "67183",
        "display": "Altre complicazioni venose, condizione o complicazione antepartum"
      }, {
        "code": "67184",
        "display": "Altre complicazioni venose, condizione o complicazione postpartum"
      }, {
        "code": "6719",
        "display": "Complicazione venosa non specificata"
      }, {
        "code": "67190",
        "display": "Complicazione venosa non specificata, episodio di assistenza non specificato"
      }, {
        "code": "67191",
        "display": "Complicazione venosa non specificata, parto, con o senzamenzione della condizione antepartum"
      }, {
        "code": "67192",
        "display": "Complicazione venosa non specificata, parto, con menzione delle complicazioni postpartum"
      }, {
        "code": "67193",
        "display": "Complicazione venosa non specificata, condizione o complicazione antepartum"
      }, {
        "code": "67194",
        "display": "Complicazione venosa non specificata, condizione o complicazione postpartum"
      } ]
    } ]
  }
}