{
  "resourceType": "ValueSet",
  "url": "http://hl7.org/fhir/sid/icd-9-cm-335",
  "version": "1.0",
  "name": "Diagnosi-Cataratta",
  "title": "Cataratta",
  "status": "active",
  "compose": {
    "include": [ {
      "system": "http://hl7.org/fhir/sid/icd-9-cm",
      "concept": [ {
        "code": "3660",
        "display": "Cataratta infantile, giovanile e presenile"
      }, {
        "code": "36600",
        "display": "Cataratta non senile, non specificata"
      }, {
        "code": "36601",
        "display": "Cataratta sottocapsulare polare anteriore"
      }, {
        "code": "36602",
        "display": "Cataratta sottocapsulare polare posteriore"
      }, {
        "code": "36603",
        "display": "Cataratta corticale, lamellare o zonulare"
      }, {
        "code": "36604",
        "display": "Cataratta nucleare"
      }, {
        "code": "36609",
        "display": "Altre forme combinate di cataratta non senile"
      }, {
        "code": "3661",
        "display": "Cataratta senile"
      }, {
        "code": "36610",
        "display": "Cataratta senile, non specificata"
      }, {
        "code": "36611",
        "display": "Pseudoesfoliazione della capsula del cristallino"
      }, {
        "code": "36612",
        "display": "Cataratta senile incipiente"
      }, {
        "code": "36613",
        "display": "Cataratta senile sottocapsulare polare anteriore"
      }, {
        "code": "36614",
        "display": "Cataratta senile sottocapsulare polare posteriore"
      }, {
        "code": "36615",
        "display": "Cataratta corticale senile"
      }, {
        "code": "36616",
        "display": "Sclerosi nucleare"
      }, {
        "code": "36617",
        "display": "Cataratta totale o matura"
      }, {
        "code": "36618",
        "display": "Cataratta ipermatura"
      }, {
        "code": "36619",
        "display": "Altre forme combinate di cataratta senile"
      }, {
        "code": "3662",
        "display": "Cataratta traumatica"
      }, {
        "code": "36620",
        "display": "Cataratta traumatica, non specificata"
      }, {
        "code": "36621",
        "display": "Opacita' traumatiche localizzate"
      }, {
        "code": "36622",
        "display": "Cataratta traumatica totale"
      }, {
        "code": "36623",
        "display": "Cataratta traumatica parzialmente risolta"
      }, {
        "code": "3663",
        "display": "Cataratta secondaria a disturbi oculari"
      }, {
        "code": "36630",
        "display": "Cataratta complicata, non specificata"
      }, {
        "code": "36631",
        "display": "Fleck glaucomatoso sottocapsulare"
      }, {
        "code": "36632",
        "display": "Cataratta nelle affezioni infiammatorie oculari"
      }, {
        "code": "36633",
        "display": "Cataratta con neovascolarizzazione oculare"
      }, {
        "code": "36634",
        "display": "Cataratta nelle affezioni oculari degenerative"
      }, {
        "code": "3664",
        "display": "Cataratta associata ad altre malattie"
      }, {
        "code": "36641",
        "display": "Cataratta diabetica"
      }, {
        "code": "36642",
        "display": "Cataratta tetanica"
      }, {
        "code": "36643",
        "display": "Cataratta miotonica"
      }, {
        "code": "36644",
        "display": "Cataratta associata ad altre sindromi"
      }, {
        "code": "36645",
        "display": "Cataratta tossica"
      }, {
        "code": "36646",
        "display": "Cataratta associata a radiazioni e ad altri agenti fisici"
      }, {
        "code": "3665",
        "display": "Postumi di cataratta"
      }, {
        "code": "36650",
        "display": "Postumi di cataratta, non specificati"
      }, {
        "code": "36651",
        "display": "Anello di Soemmering"
      }, {
        "code": "36652",
        "display": "Altri postumi di cataratta, non disturbanti la vista"
      }, {
        "code": "36653",
        "display": "Postumi di cataratta, disturbanti la vista"
      }, {
        "code": "3668",
        "display": "Altra cataratta"
      }, {
        "code": "3669",
        "display": "Cataratta non specificata"
      } ]
    } ]
  }
}