{
  "resourceType": "ValueSet",
  "url": "http://hl7.org/fhir/sid/icd-9-cm-936",
  "version": "1.0",
  "name": "Diagnosi-Controllo della salute del neonato o del bambino",
  "title": "Controllo della salute del neonato o del bambino",
  "status": "active",
  "compose": {
    "include": [ {
      "system": "http://hl7.org/fhir/sid/icd-9-cm",
      "concept": [ {
        "code": "V200",
        "display": "Controllo della salute del neonato o del bambino abbandonato"
      }, {
        "code": "V201",
        "display": "Cure ad altro neonato o bambino sano"
      }, {
        "code": "V202",
        "display": "Controllo periodico della salute del neonato o del bambino"
      } ]
    } ]
  }
}