{
  "resourceType": "ValueSet",
  "url": "http://hl7.org/fhir/sid/icd-9-cm-550",
  "version": "1.0",
  "name": "Diagnosi-Endometriosi",
  "title": "Endometriosi",
  "status": "active",
  "compose": {
    "include": [ {
      "system": "http://hl7.org/fhir/sid/icd-9-cm",
      "concept": [ {
        "code": "6170",
        "display": "Endometriosi dell' utero"
      }, {
        "code": "6171",
        "display": "Endometriosi dell' ovaio"
      }, {
        "code": "6172",
        "display": "Endometriosi della tuba di Falloppio"
      }, {
        "code": "6173",
        "display": "Endometriosi del peritoneo pelvico"
      }, {
        "code": "6174",
        "display": "Endometriosi del setto retto-vaginale e della vagina"
      }, {
        "code": "6175",
        "display": "Endometriosi dell' intestino"
      }, {
        "code": "6176",
        "display": "Endometriosi in cicatrici cutanee"
      }, {
        "code": "6178",
        "display": "Endometriosi di altre sedi specificate"
      }, {
        "code": "6179",
        "display": "Endometriosi, a sede non specificata"
      } ]
    } ]
  }
}