{
  "resourceType": "ValueSet",
  "url": "http://hl7.org/fhir/sid/icd-9-cm-333",
  "version": "1.0",
  "name": "Diagnosi-Affezioni dell' iride e del corpo ciliare",
  "title": "Affezioni dell' iride e del corpo ciliare",
  "status": "active",
  "compose": {
    "include": [ {
      "system": "http://hl7.org/fhir/sid/icd-9-cm",
      "concept": [ {
        "code": "3640",
        "display": "Iridociclite acuta e subacuta"
      }, {
        "code": "36400",
        "display": "Iridociclite acuta e subacuta, non specificata"
      }, {
        "code": "36401",
        "display": "Iridociclite primaria"
      }, {
        "code": "36402",
        "display": "Iridociclite ricorrente"
      }, {
        "code": "36403",
        "display": "Iridociclite secondaria, infettiva"
      }, {
        "code": "36404",
        "display": "Iridociclite secondaria, non infettiva"
      }, {
        "code": "36405",
        "display": "Ipopion"
      }, {
        "code": "3641",
        "display": "Iridociclite cronica"
      }, {
        "code": "36410",
        "display": "Iridociclite cronica, non specificata"
      }, {
        "code": "36411",
        "display": "Iridociclite cronica in malattie classificate altrove"
      }, {
        "code": "3642",
        "display": "Particolari tipi di iridociclite"
      }, {
        "code": "36421",
        "display": "Ciclite eterocromica di Fuchs"
      }, {
        "code": "36422",
        "display": "Crisi glaucomatociclitica"
      }, {
        "code": "36423",
        "display": "Iridociclite indotta dal cristallino"
      }, {
        "code": "36424",
        "display": "Sindrome di Vogt-Koyanagi"
      }, {
        "code": "3643",
        "display": "Iridociclite non specificata"
      }, {
        "code": "3644",
        "display": "Malattie vascolari dell' iride e del corpo ciliare"
      }, {
        "code": "36441",
        "display": "Ifema"
      }, {
        "code": "36442",
        "display": "Rubeosi iridea"
      }, {
        "code": "3645",
        "display": "Degenerazioni dell' iride e del corpo ciliare"
      }, {
        "code": "36451",
        "display": "Atrofia essenziale o progressiva dell' iride"
      }, {
        "code": "36452",
        "display": "Iridoschisi"
      }, {
        "code": "36453",
        "display": "Degenerazione pigmentaria dell' iride"
      }, {
        "code": "36454",
        "display": "Degenerazione dell' orletto pupillare"
      }, {
        "code": "36455",
        "display": "Cisti da miotici dell' orletto pupillare"
      }, {
        "code": "36456",
        "display": "Modificazioni degenerative dell' angolo camerulare"
      }, {
        "code": "36457",
        "display": "Alterazioni degenerative del corpo ciliare"
      }, {
        "code": "36459",
        "display": "Altra atrofia dell' iride"
      }, {
        "code": "3646",
        "display": "Cisti dell' iride, del corpo ciliare, della camera anteriore"
      }, {
        "code": "36460",
        "display": "Cisti idiopatiche dell' iride e del corpo ciliare"
      }, {
        "code": "36461",
        "display": "Cisti annidate dell' iride e del corpo ciliare"
      }, {
        "code": "36462",
        "display": "Cisti essudative dell' iride e della camera anteriore"
      }, {
        "code": "36463",
        "display": "Ciste primaria della pars plana"
      }, {
        "code": "36464",
        "display": "Ciste essudativa della pars plana"
      }, {
        "code": "3647",
        "display": "Aderenze e rotture dell' iride e del corpo ciliare"
      }, {
        "code": "36470",
        "display": "Aderenze dell' iride, non specificate"
      }, {
        "code": "36471",
        "display": "Sinechie posteriori dell' iride"
      }, {
        "code": "36472",
        "display": "Sinechie anteriori dell' iride"
      }, {
        "code": "36473",
        "display": "Goniosinechie"
      }, {
        "code": "36474",
        "display": "Aderenze e lacerazioni delle membrane pupillari"
      }, {
        "code": "36475",
        "display": "Anomalie pupillari"
      }, {
        "code": "36476",
        "display": "Iridodialisi"
      }, {
        "code": "36477",
        "display": "Recessione dell' angolo iridocorneale"
      }, {
        "code": "3648",
        "display": "Altre alterazioni dell' iride e del corpo ciliare"
      }, {
        "code": "3649",
        "display": "Alterazione non specificata dell' iride e del corpo ciliare"
      } ]
    } ]
  }
}