{
  "resourceType": "ValueSet",
  "url": "http://hl7.org/fhir/sid/icd-9-cm-460",
  "version": "1.0",
  "name": "Diagnosi-Ascesso del polmone e del mediastino",
  "title": "Ascesso del polmone e del mediastino",
  "status": "active",
  "compose": {
    "include": [ {
      "system": "http://hl7.org/fhir/sid/icd-9-cm",
      "concept": [ {
        "code": "5130",
        "display": "Ascesso del polmone"
      }, {
        "code": "5131",
        "display": "Ascesso del mediastino"
      } ]
    } ]
  }
}