{
  "resourceType": "ValueSet",
  "url": "http://hl7.org/fhir/sid/icd-9-cm-974",
  "version": "1.0",
  "name": "Diagnosi-Donatori",
  "title": "Donatori",
  "status": "active",
  "compose": {
    "include": [ {
      "system": "http://hl7.org/fhir/sid/icd-9-cm",
      "concept": [ {
        "code": "V590",
        "display": "Donatori di sangue"
      }, {
        "code": "V5901",
        "display": "Donatori di sangue, in toto"
      }, {
        "code": "V5902",
        "display": "Donatori di sangue, cellule staminali"
      }, {
        "code": "V5909",
        "display": "Altri donatori di sangue"
      }, {
        "code": "V591",
        "display": "Donatori di pelle"
      }, {
        "code": "V592",
        "display": "Donatori di ossa"
      }, {
        "code": "V593",
        "display": "Donatori di midollo osseo"
      }, {
        "code": "V594",
        "display": "Donatori di rene"
      }, {
        "code": "V595",
        "display": "Donatori di cornea"
      }, {
        "code": "V596",
        "display": "Donatori di fegato"
      }, {
        "code": "V597",
        "display": "Donatori di ovociti"
      }, {
        "code": "V5970",
        "display": "Donatore non specificato di ovociti"
      }, {
        "code": "V5971",
        "display": "Donatore di ovociti di eta' inferiore ai"
      }, {
        "code": "V5972",
        "display": "Donatore di ovociti di eta' inferiore ai"
      }, {
        "code": "V5973",
        "display": "Donatore di ovociti di eta' pari o superiore a 35 anni, ricevente anonimo"
      }, {
        "code": "V5974",
        "display": "Donatore di ovociti di eta' pari o superiore a 35 anni, ricevente designato"
      }, {
        "code": "V598",
        "display": "Donatori di altro organo o tessuto specificato"
      }, {
        "code": "V599",
        "display": "Donatori di organo o tessuto non specificato"
      } ]
    } ]
  }
}