{
  "resourceType": "ValueSet",
  "url": "http://hl7.org/fhir/sid/icd-9-cm-972",
  "version": "1.0",
  "name": "Diagnosi-Cure riabilitative",
  "title": "Cure riabilitative",
  "status": "active",
  "compose": {
    "include": [ {
      "system": "http://hl7.org/fhir/sid/icd-9-cm",
      "concept": [ {
        "code": "V570",
        "display": "Fisioterapia respiratoria"
      }, {
        "code": "V571",
        "display": "Altra fisioterapia"
      }, {
        "code": "V572",
        "display": "Cura che richiede l'impiego di terapia occupazionale e rieducazione professionale"
      }, {
        "code": "V5721",
        "display": "Cura che richiede l'impiego di terapia occupazionale"
      }, {
        "code": "V5722",
        "display": "Cura che richiede l'impiego di terapia professionale"
      }, {
        "code": "V573",
        "display": "Logoterapia"
      }, {
        "code": "V574",
        "display": "Esercizi ortottici"
      }, {
        "code": "V578",
        "display": "Cura che richiede l'impiego di altro procedimento specifico di riabilitazione"
      }, {
        "code": "V5781",
        "display": "Cura che richiede l'impiego di addestramento ortosico"
      }, {
        "code": "V5789",
        "display": "Cura che richiede l'impiego di altro procedimento specifico di riabilitazione"
      }, {
        "code": "V579",
        "display": "Cura che richiede l'impiego di procedimento di riabilitazione non specificato"
      } ]
    } ]
  }
}