{
  "resourceType": "ValueSet",
  "url": "http://hl7.org/fhir/sid/icd-9-cm-384",
  "version": "1.0",
  "name": "Diagnosi-Altre malattie del pericardio",
  "title": "Altre malattie del pericardio",
  "status": "active",
  "compose": {
    "include": [ {
      "system": "http://hl7.org/fhir/sid/icd-9-cm",
      "concept": [ {
        "code": "4230",
        "display": "Emopericardio"
      }, {
        "code": "4231",
        "display": "Pericardite adesiva"
      }, {
        "code": "4232",
        "display": "Pericardite costrittiva"
      }, {
        "code": "4238",
        "display": "Altre malattie specificate del pericardio"
      }, {
        "code": "4239",
        "display": "Malattie non specificate del pericardio"
      } ]
    } ]
  }
}