{
  "resourceType": "ValueSet",
  "url": "http://hl7.org/fhir/sid/icd-9-cm-388",
  "version": "1.0",
  "name": "Diagnosi-Aritmie cardiache",
  "title": "Aritmie cardiache",
  "status": "active",
  "compose": {
    "include": [ {
      "system": "http://hl7.org/fhir/sid/icd-9-cm",
      "concept": [ {
        "code": "4270",
        "display": "Tachicardia parossistica sopraventricolare"
      }, {
        "code": "4271",
        "display": "Tachicardia parossistica ventricolare"
      }, {
        "code": "4272",
        "display": "Tachicardia parossistica non specificata"
      }, {
        "code": "4273",
        "display": "Fibrillazione e flutter atriali"
      }, {
        "code": "42731",
        "display": "Fibrillazione atriale"
      }, {
        "code": "42732",
        "display": "Flutter atriale"
      }, {
        "code": "4274",
        "display": "Fibrillazione e flutter ventricolari"
      }, {
        "code": "42741",
        "display": "Fibrillazione ventricolare"
      }, {
        "code": "42742",
        "display": "Flutter ventricolare"
      }, {
        "code": "4275",
        "display": "Arresto cardiaco"
      }, {
        "code": "4276",
        "display": "Battiti prematuri"
      }, {
        "code": "42760",
        "display": "Battiti prematuri non specificati"
      }, {
        "code": "42761",
        "display": "Extrasistole auricolare"
      }, {
        "code": "42769",
        "display": "Altri battiti prematuri"
      }, {
        "code": "4278",
        "display": "Altre aritmie cardiache specificate"
      }, {
        "code": "42781",
        "display": "Disfunzione del nodo senoatriale"
      }, {
        "code": "42789",
        "display": "Altre aritmie cardiache specificate"
      }, {
        "code": "4279",
        "display": "Disturbi del ritmo cardiaco non specificati"
      } ]
    } ]
  }
}