{
  "resourceType": "ValueSet",
  "url": "http://hl7.org/fhir/sid/icd-9-cm-750",
  "version": "1.0",
  "name": "Diagnosi-Frattura della tibia e del perone",
  "title": "Frattura della tibia e del perone",
  "status": "active",
  "compose": {
    "include": [ {
      "system": "http://hl7.org/fhir/sid/icd-9-cm",
      "concept": [ {
        "code": "8230",
        "display": "Frattura di epifisi prossimale, chiusa"
      }, {
        "code": "82300",
        "display": "Frattura di epifisi prossimale, chiusa soltanto tibia"
      }, {
        "code": "82301",
        "display": "Frattura di epifisi prossimale, chiusa soltanto perone"
      }, {
        "code": "82302",
        "display": "Frattura di epifisi prossimale, chiusa perone e tibia"
      }, {
        "code": "8231",
        "display": "Frattura di epifisi prossimale, esposta"
      }, {
        "code": "82310",
        "display": "Frattura di epifisi prossimale, esposta soltanto tibia"
      }, {
        "code": "82311",
        "display": "Frattura di epifisi prossimale, esposta soltanto perone"
      }, {
        "code": "82312",
        "display": "Frattura di epifisi prossimale, esposta perone e tibia"
      }, {
        "code": "8232",
        "display": "Frattura di diafisi, chiusa"
      }, {
        "code": "82320",
        "display": "Frattura di diafisi, chiusa soltanto tibia"
      }, {
        "code": "82321",
        "display": "Frattura di diafisi, chiusa soltanto perone"
      }, {
        "code": "82322",
        "display": "Frattura di diafisi, chiusa perone e tibia"
      }, {
        "code": "8233",
        "display": "Frattura di diafisi, esposta"
      }, {
        "code": "82330",
        "display": "Frattura di diafisi, esposta soltanto tibia"
      }, {
        "code": "82331",
        "display": "Frattura di diafisi, esposta soltanto perone"
      }, {
        "code": "82332",
        "display": "Frattura di diafisi, esposta perone e tibia"
      }, {
        "code": "8234",
        "display": "Frattura del torus"
      }, {
        "code": "82340",
        "display": "Frattura del torus soltanto tibia"
      }, {
        "code": "82341",
        "display": "Frattura del torus soltanto fibia"
      }, {
        "code": "82342",
        "display": "Frattura del torus di tibia e fibula"
      }, {
        "code": "8238",
        "display": "Frattura di parte non specificata, chiusa"
      }, {
        "code": "82380",
        "display": "Frattura di parte non specificata, chiusa soltanto tibia"
      }, {
        "code": "82381",
        "display": "Frattura di parte non specificata, chiusa soltanto perone"
      }, {
        "code": "82382",
        "display": "Frattura di parte non specificata, chiusa perone e tibia"
      }, {
        "code": "8239",
        "display": "Frattura di parte non specificata, esposta"
      }, {
        "code": "82390",
        "display": "Frattura di parte non specificata, esposta soltanto tibia"
      }, {
        "code": "82391",
        "display": "Frattura di parte non specificata, esposta soltanto perone"
      }, {
        "code": "82392",
        "display": "Frattura di parte non specificata, esposta perone e tibia"
      } ]
    } ]
  }
}