{
  "resourceType": "ValueSet",
  "url": "http://hl7.org/fhir/sid/icd-9-cm-722",
  "version": "1.0",
  "name": "Diagnosi-\"Altri e non specifici reperti citologici, istologici, immunologici anomali",
  "title": "\"Altri e non specifici reperti citologici, istologici, immunologici anomali",
  "status": "active",
  "compose": {
    "include": [ {
      "system": "http://hl7.org/fhir/sid/icd-9-cm",
      "concept": [ {
        "code": "7950",
        "display": "Test di Papanicolau anormale, striscio del collo dell' utero e HPV cervicale"
      }, {
        "code": "79500",
        "display": "Test di Papanicolau con anomalie ghiandolari, striscio della cervice uterina"
      }, {
        "code": "79501",
        "display": "Test di Papanicolau dello striscio della cervice uterina con cellule squamose atipiche di incerto significato (ASC-US)"
      }, {
        "code": "79502",
        "display": "Test di Papanicolau dello striscio della cervice uterina con cellule squamose atipiche non puo' escludere una lesione intraepiteliale di grado elevato (ASC-H)"
      }, {
        "code": "79503",
        "display": "Test di Papanicolau dello striscio della cervice uterina con evidenza di lesione intraepiteliale di basso grado (LGSIL)"
      }, {
        "code": "79504",
        "display": "Test di Papanicolau dello striscio della cervice uterina con evidenza di lesione intraepiteliale di grado elevato (HGSIL)"
      }, {
        "code": "79505",
        "display": "Test del DNA positivo per i sierotipi del papilloma virus umano (HPV) ad elevato rischio oncogeno per la cervice"
      }, {
        "code": "79506",
        "display": "Test di Papanicolau della cervice uterina con evidenza citologica di malignita'"
      }, {
        "code": "79508",
        "display": "Striscio insoddisfacente"
      }, {
        "code": "79509",
        "display": "Test di Papanicolau dello striscio della cervice uterina con altre anomalie e HPV cervicale"
      }, {
        "code": "7951",
        "display": "Test di Papanicolau anormale non specificato, striscio di altre sedi"
      }, {
        "code": "7952",
        "display": "Reperti anormali non specificati di analisi dei cromosomi"
      }, {
        "code": "7953",
        "display": "Reperti colturali positivi non specificati"
      }, {
        "code": "79531",
        "display": "Reperti colturali positivi per antrace non specifici"
      }, {
        "code": "79539",
        "display": "Altra tipologia di reperti colturali positivi non specifici"
      }, {
        "code": "7954",
        "display": "Altri reperti istologici anormali non specificati"
      }, {
        "code": "7955",
        "display": "Reazione non specificata al test della tubercolina"
      }, {
        "code": "7956",
        "display": "Reazione sierologica falsamente positiva della sifilide"
      }, {
        "code": "7957",
        "display": "Altri reperti immunologici non specifici"
      }, {
        "code": "79571",
        "display": "Prove sierologiche non specificate del virus da immunodeficienza umana [HIV]"
      }, {
        "code": "79579",
        "display": "Altri non specificati reperti immunologici non specifici"
      }, {
        "code": "7958",
        "display": "Markers tumorali anomali"
      }, {
        "code": "79581",
        "display": "Antigene carcino embrionario [CEA] elevato"
      }, {
        "code": "79582",
        "display": "Cancro Antigene 125 [CA125]"
      }, {
        "code": "79589",
        "display": "Altri markers tumorali anomali"
      } ]
    } ]
  }
}