{
  "resourceType": "ValueSet",
  "url": "http://hl7.org/fhir/sid/icd-9-cm-315",
  "version": "1.0",
  "name": "Diagnosi-Emicrania",
  "title": "Emicrania",
  "status": "active",
  "compose": {
    "include": [ {
      "system": "http://hl7.org/fhir/sid/icd-9-cm",
      "concept": [ {
        "code": "3460",
        "display": "Emicrania classica"
      }, {
        "code": "34600",
        "display": "Emicrania classica senza menzione di emicrania non trattabile"
      }, {
        "code": "34601",
        "display": "Emicrania classica con emicrania non trattabile"
      }, {
        "code": "3461",
        "display": "Emicrania comune"
      }, {
        "code": "34610",
        "display": "Emicrania comune senza menzione di emicrania non trattabile"
      }, {
        "code": "34611",
        "display": "Emicrania comune con emicrania non trattabile"
      }, {
        "code": "3462",
        "display": "Varianti dell' emicrania"
      }, {
        "code": "34620",
        "display": "Varianti dell' emicrania senza menzione di emicrania non trattabile"
      }, {
        "code": "34621",
        "display": "Varianti dell' emicrania con emicrania non trattabile"
      }, {
        "code": "3468",
        "display": "Altre forme di emicrania"
      }, {
        "code": "34680",
        "display": "Altre forme di emicrania senza menzione di emicrania non trattabile"
      }, {
        "code": "34681",
        "display": "Altre forme di emicrania con emicrania non trattabile"
      }, {
        "code": "3469",
        "display": "Emicrania non specificata"
      }, {
        "code": "34690",
        "display": "Emicrania non specificata senza menzione di emicrania non trattabile"
      }, {
        "code": "34691",
        "display": "Emicrania non specificata con emicrania non trattabile"
      } ]
    } ]
  }
}