{
  "resourceType": "ValueSet",
  "url": "http://hl7.org/fhir/sid/icd-9-cm-838",
  "version": "1.0",
  "name": "Diagnosi-Contusione dell' occhio e dei suoi annessi",
  "title": "Contusione dell' occhio e dei suoi annessi",
  "status": "active",
  "compose": {
    "include": [ {
      "system": "http://hl7.org/fhir/sid/icd-9-cm",
      "concept": [ {
        "code": "9210",
        "display": "Ecchimosi oculare, non altrimenti specificata"
      }, {
        "code": "9211",
        "display": "Contusione della palpebra e della regione perioculare"
      }, {
        "code": "9212",
        "display": "Contusione dei tessuti orbitali"
      }, {
        "code": "9213",
        "display": "Contusione del globo oculare"
      }, {
        "code": "9219",
        "display": "Contusione non specificata dell' occhio"
      } ]
    } ]
  }
}