{
  "resourceType": "ValueSet",
  "url": "http://hl7.org/fhir/sid/icd-9-cm-71",
  "version": "1.0",
  "name": "Diagnosi-Altri tifi",
  "title": "Altri tifi",
  "status": "active",
  "compose": {
    "include": [ {
      "system": "http://hl7.org/fhir/sid/icd-9-cm",
      "concept": [ {
        "code": "0810",
        "display": "Tifo murino [endemico]"
      }, {
        "code": "0811",
        "display": "Malattia di Brill"
      }, {
        "code": "0812",
        "display": "Tifo da acari"
      }, {
        "code": "0819",
        "display": "Tifo, non specificato"
      } ]
    } ]
  }
}