{
  "resourceType": "ValueSet",
  "url": "http://hl7.org/fhir/sid/icd-9-cm-276",
  "version": "1.0",
  "name": "Diagnosi-Dipendenza da sostanze",
  "title": "Dipendenza da sostanze",
  "status": "active",
  "compose": {
    "include": [ {
      "system": "http://hl7.org/fhir/sid/icd-9-cm",
      "concept": [ {
        "code": "3040",
        "display": "Dipendenza da oppioidi"
      }, {
        "code": "30400",
        "display": "Dipendenza da oppioidi, non specificata"
      }, {
        "code": "30401",
        "display": "Dipendenza da oppioidi, continua"
      }, {
        "code": "30402",
        "display": "Dipendenza da oppioidi, episodica"
      }, {
        "code": "30403",
        "display": "Dipendenza da oppioidi, in remissione"
      }, {
        "code": "3041",
        "display": "Dipendenza da sedativi, ipnotici o ansiolitici"
      }, {
        "code": "30410",
        "display": "Dipendenza da sedativi ipnotici o ansiolitici, non specificata"
      }, {
        "code": "30411",
        "display": "Dipendenza da sedativi ipnotici o ansiolitici, continua"
      }, {
        "code": "30412",
        "display": "Dipendenza da sedativi ipnotici o ansiolitici, episodica"
      }, {
        "code": "30413",
        "display": "Dipendenza da sedativi ipnotici o ansiolitici, in remissione"
      }, {
        "code": "3042",
        "display": "Dipendenza da cocaina"
      }, {
        "code": "30420",
        "display": "Dipendenza da cocaina, non specificata"
      }, {
        "code": "30421",
        "display": "Dipendenza da cocaina, continua"
      }, {
        "code": "30422",
        "display": "Dipendenza da cocaina, episodica"
      }, {
        "code": "30423",
        "display": "Dipendenza da cocaina, in remissione"
      }, {
        "code": "3043",
        "display": "Dipendenza da cannabinoidi"
      }, {
        "code": "30430",
        "display": "Dipendenza da cannabinoidi, non specificata"
      }, {
        "code": "30431",
        "display": "Dipendenza da cannabinoidi, continua"
      }, {
        "code": "30432",
        "display": "Dipendenza da cannabinoidi, episodica"
      }, {
        "code": "30433",
        "display": "Dipendenza da cannabinoidi, in remissione"
      }, {
        "code": "3044",
        "display": "Dipendenza da amfetamina e altri psicostimolanti"
      }, {
        "code": "30440",
        "display": "Dipendenza da amfetamina e altri psicostimolanti, non specificata"
      }, {
        "code": "30441",
        "display": "Dipendenza da amfetamina e altri psicostimolanti, continua"
      }, {
        "code": "30442",
        "display": "Dipendenza da amfetamina e altri psicostimolanti, episodica"
      }, {
        "code": "30443",
        "display": "Dipendenza da amfetamina e altri psicostimolanti, in remissione"
      }, {
        "code": "3045",
        "display": "Dipendenza da allucinogeni"
      }, {
        "code": "30450",
        "display": "Dipendenza da allucinogeni, non specificata"
      }, {
        "code": "30451",
        "display": "Dipendenza da allucinogeni, continua"
      }, {
        "code": "30452",
        "display": "Dipendenza da allucinogeni, episodica"
      }, {
        "code": "30453",
        "display": "Dipendenza da allucinogeni, in remissione"
      }, {
        "code": "3046",
        "display": "Altra dipendenza da sostanze specificata"
      }, {
        "code": "30460",
        "display": "Altra dipendenza da sostanze specificata, non specificata"
      }, {
        "code": "30461",
        "display": "Altra dipendenza da sostanze specificata, continua"
      }, {
        "code": "30462",
        "display": "Altra dipendenza da sostanze specificata, episodica"
      }, {
        "code": "30463",
        "display": "Altra dipendenza da sostanze specificata, in remissione"
      }, {
        "code": "3047",
        "display": "Combinazioni di sostanze oppioidi con altre"
      }, {
        "code": "30470",
        "display": "Combinazioni di sostanze oppioidi con altre, non specificate"
      }, {
        "code": "30471",
        "display": "Combinazioni di sostanze oppioidi con altre, continue"
      }, {
        "code": "30472",
        "display": "Combinazioni di sostanze oppioidi con altre, episodiche"
      }, {
        "code": "30473",
        "display": "Combinazioni di sostanze oppioidi con altre, in remissione"
      }, {
        "code": "3048",
        "display": "Dipedenza da combinazioni di sostanze che escludono gli oppioidi"
      }, {
        "code": "30480",
        "display": "Dipedenza da combinazioni di sostanze che escludono gli oppioidi, non specificata"
      }, {
        "code": "30481",
        "display": "Dipedenza da combinazioni di sostanze che escludono gli oppioidi, continua"
      }, {
        "code": "30482",
        "display": "Dipedenza da combinazioni di sostanze che escludono gli oppioidi, episodica"
      }, {
        "code": "30483",
        "display": "Dipedenza da combinazioni di sostanze che escludono gli oppioidi, in remissione"
      }, {
        "code": "3049",
        "display": "Dipendenza da sostanze non specificata"
      }, {
        "code": "30490",
        "display": "Dipendenza da sostanze non specificata, non specificata"
      }, {
        "code": "30491",
        "display": "Dipendenza da sostanze non specificata, continua"
      }, {
        "code": "30492",
        "display": "Dipendenza da sostanze non specificata, episodica"
      }, {
        "code": "30493",
        "display": "Dipendenza da sostanze non specificata, in remissione"
      } ]
    } ]
  }
}