{
  "resourceType": "ValueSet",
  "url": "http://hl7.org/fhir/sid/icd-9-cm-651",
  "version": "1.0",
  "name": "Diagnosi-Altri e non specificati disturbi del dorso",
  "title": "Altri e non specificati disturbi del dorso",
  "status": "active",
  "compose": {
    "include": [ {
      "system": "http://hl7.org/fhir/sid/icd-9-cm",
      "concept": [ {
        "code": "7240",
        "display": "Stenosi del canale vertebrale, eccetto la regione cervicale"
      }, {
        "code": "72400",
        "display": "Stenosi del canale vertebrale, sede non specificata"
      }, {
        "code": "72401",
        "display": "Stenosi del canale vertebrale toracico"
      }, {
        "code": "72402",
        "display": "Stenosi del canale vertebrale lombare"
      }, {
        "code": "72409",
        "display": "Stenosi del canale vertebrale, altre sedi"
      }, {
        "code": "7241",
        "display": "Rachialgia dorsale"
      }, {
        "code": "7242",
        "display": "Lombalgia"
      }, {
        "code": "7243",
        "display": "Sciatalgia"
      }, {
        "code": "7244",
        "display": "Neurite o radicolite toracica o lombosacrale"
      }, {
        "code": "7245",
        "display": "Dorsalgia, non specificata"
      }, {
        "code": "7246",
        "display": "Patologie del sacro"
      }, {
        "code": "7247",
        "display": "Patologie del coccige"
      }, {
        "code": "72470",
        "display": "Patologie non specificate del coccige"
      }, {
        "code": "72471",
        "display": "Ipermobilita' del coccige"
      }, {
        "code": "72479",
        "display": "Altri disturbi del coccige"
      }, {
        "code": "7248",
        "display": "Altre patologie relative al rachide"
      }, {
        "code": "7249",
        "display": "Altre patologie non specificate del rachide"
      } ]
    } ]
  }
}