{
  "resourceType": "ValueSet",
  "url": "http://hl7.org/fhir/sid/icd-9-cm-747",
  "version": "1.0",
  "name": "Diagnosi-Frattura del collo del femore",
  "title": "Frattura del collo del femore",
  "status": "active",
  "compose": {
    "include": [ {
      "system": "http://hl7.org/fhir/sid/icd-9-cm",
      "concept": [ {
        "code": "8200",
        "display": "Frattura transcervicale, chiusa"
      }, {
        "code": "82000",
        "display": "Frattura transcervicale, chiusa, della sezione intracapsulare, non specificata"
      }, {
        "code": "82001",
        "display": "Epifisi (separazione) (superiore)"
      }, {
        "code": "82002",
        "display": "Frattura transcervicale, chiusa, della sezione mediocervicale"
      }, {
        "code": "82003",
        "display": "Frattura della base del collo"
      }, {
        "code": "82009",
        "display": "Altra frattura transcervicale, chiusa"
      }, {
        "code": "8201",
        "display": "Frattura transcervicale, esposta"
      }, {
        "code": "82010",
        "display": "Sezione intracapsulare, non specificata"
      }, {
        "code": "82011",
        "display": "Epifisi (separazione) (superiore)"
      }, {
        "code": "82012",
        "display": "Sezione mediocervicale"
      }, {
        "code": "82013",
        "display": "Base del collo"
      }, {
        "code": "82019",
        "display": "Altro"
      }, {
        "code": "8202",
        "display": "Frattura pertrocanterica, chiusa"
      }, {
        "code": "82020",
        "display": "Sezione trocanterica, non specificata"
      }, {
        "code": "82021",
        "display": "Sezione intertrocanterica"
      }, {
        "code": "82022",
        "display": "Sezione subtrocanterica"
      }, {
        "code": "8203",
        "display": "Frattura pertrocanterica, esposta"
      }, {
        "code": "82030",
        "display": "Sezione trocanterica, non specificata"
      }, {
        "code": "82031",
        "display": "Sezione intertrocanterica"
      }, {
        "code": "82032",
        "display": "Sezione subtrocanterica"
      }, {
        "code": "8208",
        "display": "Parte non specificata del collo del femore, chiusa"
      }, {
        "code": "8209",
        "display": "Parte non specificata del collo del femore, esposta"
      } ]
    } ]
  }
}