{
  "resourceType": "ValueSet",
  "url": "http://hl7.org/fhir/sid/icd-9-cm-245",
  "version": "1.0",
  "name": "Diagnosi-Disordini del metabolismo delle proteine plasmatiche",
  "title": "Disordini del metabolismo delle proteine plasmatiche",
  "status": "active",
  "compose": {
    "include": [ {
      "system": "http://hl7.org/fhir/sid/icd-9-cm",
      "concept": [ {
        "code": "2730",
        "display": "Ipergammaglobulinemia policlonale"
      }, {
        "code": "2731",
        "display": "Paraproteinemia monoclonale"
      }, {
        "code": "2732",
        "display": "Altre paraproteinemie"
      }, {
        "code": "2733",
        "display": "Macroglobulinemia"
      }, {
        "code": "2734",
        "display": "Deficit di Alfa-1 Antitripsina"
      }, {
        "code": "2738",
        "display": "Altri disordini del metabolismo delle proteine plasmatiche"
      }, {
        "code": "2739",
        "display": "Disordini non specificati del metabolismo delle proteine plasmatiche"
      } ]
    } ]
  }
}