{
  "resourceType": "ValueSet",
  "url": "http://hl7.org/fhir/sid/icd-9-cm-876",
  "version": "1.0",
  "name": "Diagnosi-Altri e non specificati traumatismi",
  "title": "Altri e non specificati traumatismi",
  "status": "active",
  "compose": {
    "include": [ {
      "system": "http://hl7.org/fhir/sid/icd-9-cm",
      "concept": [ {
        "code": "9590",
        "display": "Altri e non specificati traumatismi di testa, faccia e collo"
      }, {
        "code": "95901",
        "display": "Traumatismo della testa, non specificato"
      }, {
        "code": "95909",
        "display": "Traumatismo di faccia e naso"
      }, {
        "code": "9591",
        "display": "Altri e non specificati traumatismi del tronco"
      }, {
        "code": "95911",
        "display": "Altra tipologia di schiacciamento della parete toracica"
      }, {
        "code": "95912",
        "display": "Altra tipologia di schiacciamento dell'  addome"
      }, {
        "code": "95913",
        "display": "Rottura del corpo cavernoso del pene"
      }, {
        "code": "95914",
        "display": "Altra tipologia di traumatismo degli organi genitali esterni"
      }, {
        "code": "95919",
        "display": "Altra tipologia di traumatismo del torace"
      }, {
        "code": "9592",
        "display": "Altri e non specificati traumatismi di spalla e braccio"
      }, {
        "code": "9593",
        "display": "Altri e non specificati traumatismi di gomito, avambraccio e polso"
      }, {
        "code": "9594",
        "display": "Altri e non specificati traumatismi della mano, escluse le dita"
      }, {
        "code": "9595",
        "display": "Altri e non specificati traumatismi delle dita della mano"
      }, {
        "code": "9596",
        "display": "Altri e non specificati traumatismi di anca e coscia"
      }, {
        "code": "9597",
        "display": "Altri e non specificati traumatismi di ginocchio, gamba, caviglia e piede"
      }, {
        "code": "9598",
        "display": "Altri e non specificati traumatismi di altre sedi specificate, comprese le sedi multiple"
      }, {
        "code": "9599",
        "display": "Altri e non specificati traumatismi di sedi non specificate"
      } ]
    } ]
  }
}