{
  "resourceType": "ValueSet",
  "url": "http://hl7.org/fhir/sid/icd-9-cm-48",
  "version": "1.0",
  "name": "Diagnosi-Herpes zoster",
  "title": "Herpes zoster",
  "status": "active",
  "compose": {
    "include": [ {
      "system": "http://hl7.org/fhir/sid/icd-9-cm",
      "concept": [ {
        "code": "0530",
        "display": "Herpes zoster con meningite"
      }, {
        "code": "0531",
        "display": "Herpes zoster con altre complicazioni del sistema nervoso"
      }, {
        "code": "05310",
        "display": "Herpes zoster con complicazioni del sistema nervoso non specificate"
      }, {
        "code": "05311",
        "display": "Herpes zoster del ganglio genicolato"
      }, {
        "code": "05312",
        "display": "Nevralgia del trigemino posterpetica"
      }, {
        "code": "05313",
        "display": "Polineuropatia posterpetica"
      }, {
        "code": "05314",
        "display": "Mielite da Herpes Zoster"
      }, {
        "code": "05319",
        "display": "Herpes zoster con altre complicazioni del sistema nervoso"
      }, {
        "code": "0532",
        "display": "Herpes zoster con complicazioni oftalmiche"
      }, {
        "code": "05320",
        "display": "Dermatite delle palpebre da Herpes zoster"
      }, {
        "code": "05321",
        "display": "Cheratocongiuntivite da Herpes zoster"
      }, {
        "code": "05322",
        "display": "Iridociclite da Herpes zoster"
      }, {
        "code": "05329",
        "display": "Herpes zoster con altre complicazioni oftalmiche"
      }, {
        "code": "0537",
        "display": "Herpes zoster con altre complicazioni specificate"
      }, {
        "code": "05371",
        "display": "Otite esterna da Herpes zoster"
      }, {
        "code": "05379",
        "display": "Herpes zoster con altre complicazioni specificate"
      }, {
        "code": "0538",
        "display": "Herpes zoster con complicazioni non specificate"
      }, {
        "code": "0539",
        "display": "Herpes zoster senza menzione di complicazioni"
      } ]
    } ]
  }
}