{
  "resourceType": "ValueSet",
  "url": "http://hl7.org/fhir/sid/icd-9-cm-673",
  "version": "1.0",
  "name": "Diagnosi-Altre anomalie congenite del cuore",
  "title": "Altre anomalie congenite del cuore",
  "status": "active",
  "compose": {
    "include": [ {
      "system": "http://hl7.org/fhir/sid/icd-9-cm",
      "concept": [ {
        "code": "7460",
        "display": "Anomalie della valvola polmonare"
      }, {
        "code": "74600",
        "display": "Anomalia della valvola polmonare, non specificata"
      }, {
        "code": "74601",
        "display": "Atresia, congenita"
      }, {
        "code": "74602",
        "display": "Stenosi, congenita"
      }, {
        "code": "74609",
        "display": "Altro"
      }, {
        "code": "7461",
        "display": "Atresia e stenosi della tricuspide, congenita"
      }, {
        "code": "7462",
        "display": "Anomalia di Ebstein"
      }, {
        "code": "7463",
        "display": "Stenosi congenita della valvola aortica"
      }, {
        "code": "7464",
        "display": "Insufficienza congenita della valvola aortica"
      }, {
        "code": "7465",
        "display": "Stenosi mitralica congenita"
      }, {
        "code": "7466",
        "display": "Insufficienza mitralica congenita"
      }, {
        "code": "7467",
        "display": "Sindrome del cuore sinistro ipoplasico"
      }, {
        "code": "7468",
        "display": "Altre anomalie specificate del cuore"
      }, {
        "code": "74681",
        "display": "Stenosi subaortica"
      }, {
        "code": "74682",
        "display": "Cuore triatriato"
      }, {
        "code": "74683",
        "display": "Stenosi polmonare infundibolare"
      }, {
        "code": "74684",
        "display": "Anomalie ostruttive del cuore, non classificate altrove"
      }, {
        "code": "74685",
        "display": "Anomalie dell' arteria coronaria"
      }, {
        "code": "74686",
        "display": "Blocco cardiaco congenito"
      }, {
        "code": "74687",
        "display": "Malposizione del cuore e dell' apice cardiaco"
      }, {
        "code": "74689",
        "display": "Altro"
      }, {
        "code": "7469",
        "display": "Anomalia del cuore non specificata"
      } ]
    } ]
  }
}