{
  "resourceType": "ValueSet",
  "url": "http://hl7.org/fhir/sid/icd-9-cm-401",
  "version": "1.0",
  "name": "Diagnosi-Altri aneurismi",
  "title": "Altri aneurismi",
  "status": "active",
  "compose": {
    "include": [ {
      "system": "http://hl7.org/fhir/sid/icd-9-cm",
      "concept": [ {
        "code": "4420",
        "display": "Aneurisma delle arterie degli arti superiori"
      }, {
        "code": "4421",
        "display": "Aneurisma dell' arteria renale"
      }, {
        "code": "4422",
        "display": "Aneurisma dell' arteria iliaca"
      }, {
        "code": "4423",
        "display": "Aneurisma delle arterie degli arti inferiori"
      }, {
        "code": "4428",
        "display": "Aneurisma di altre arterie specificate"
      }, {
        "code": "44281",
        "display": "Aneurisma dell' arteria del collo"
      }, {
        "code": "44282",
        "display": "Aneurisma dell' arteria succlavia"
      }, {
        "code": "44283",
        "display": "Aneurisma dell' arteria splenica"
      }, {
        "code": "44284",
        "display": "Aneurisma di altre arterie viscerali"
      }, {
        "code": "44289",
        "display": "Aneurisma di altre sedi specificate"
      }, {
        "code": "4429",
        "display": "Aneurisma di sede non specificata"
      } ]
    } ]
  }
}