{
  "resourceType": "ValueSet",
  "url": "http://hl7.org/fhir/sid/icd-9-cm-486",
  "version": "1.0",
  "name": "Diagnosi-Appendicite acuta",
  "title": "Appendicite acuta",
  "status": "active",
  "compose": {
    "include": [ {
      "system": "http://hl7.org/fhir/sid/icd-9-cm",
      "concept": [ {
        "code": "5400",
        "display": "Appendicite acuta con peritonite generalizzata"
      }, {
        "code": "5401",
        "display": "Appendicite acuta con ascesso peritoneale"
      }, {
        "code": "5409",
        "display": "Appendicite acuta senza menzione di peritonite, perforazione o rottura"
      } ]
    } ]
  }
}