{
  "resourceType": "ValueSet",
  "url": "http://hl7.org/fhir/sid/icd-9-cm-321",
  "version": "1.0",
  "name": "Diagnosi-Disturbi di altri nervi cranici",
  "title": "Disturbi di altri nervi cranici",
  "status": "active",
  "compose": {
    "include": [ {
      "system": "http://hl7.org/fhir/sid/icd-9-cm",
      "concept": [ {
        "code": "3520",
        "display": "Disturbi del nervo olfattorio (I paio)"
      }, {
        "code": "3521",
        "display": "Nevralgia del glossofaringeo"
      }, {
        "code": "3522",
        "display": "Altri disturbi del glossofaringeo (IX paio)"
      }, {
        "code": "3523",
        "display": "Disturbi del nervo pneumogastrico (X paio)"
      }, {
        "code": "3524",
        "display": "Disturbi del nervo accessorio (XI paio)"
      }, {
        "code": "3525",
        "display": "Disturbi del nervo ipoglosso (XII paio)"
      }, {
        "code": "3526",
        "display": "Paralisi multipla dei nervi cranici"
      }, {
        "code": "3529",
        "display": "Disturbo non specificato dei nervi cranici"
      } ]
    } ]
  }
}