{
  "resourceType": "ValueSet",
  "url": "http://hl7.org/fhir/sid/icd-9-cm-354",
  "version": "1.0",
  "name": "Diagnosi-Altri disturbi dell' orecchio medio e della mastoide",
  "title": "Altri disturbi dell' orecchio medio e della mastoide",
  "status": "active",
  "compose": {
    "include": [ {
      "system": "http://hl7.org/fhir/sid/icd-9-cm",
      "concept": [ {
        "code": "3850",
        "display": "Timpanosclerosi"
      }, {
        "code": "38500",
        "display": "Timpanosclerosi, estensione non specificata"
      }, {
        "code": "38501",
        "display": "Timpanosclerosi estesa solamente alla membrana timpanica"
      }, {
        "code": "38502",
        "display": "Timpanosclerosi estesa alla membrana timpanica e agli ossicini dell' orecchio"
      }, {
        "code": "38503",
        "display": "Timpanosclerosi estesa alla membrana timpanica, agli ossicini dell' orecchio e all'orecchio medio"
      }, {
        "code": "38509",
        "display": "Timpanosclerosi estesa a piu' strutture"
      }, {
        "code": "3851",
        "display": "Malattia adesiva dell' orecchio medio"
      }, {
        "code": "38510",
        "display": "Malattia adesiva dell' orecchio medio, estensione non specificata"
      }, {
        "code": "38511",
        "display": "Adesione della testa della membrana timpanica all'incudine"
      }, {
        "code": "38512",
        "display": "Adesione della testa della membrana timpanica alla staffa"
      }, {
        "code": "38513",
        "display": "Adesione della testa della membrana timpanica al promontorio"
      }, {
        "code": "38519",
        "display": "Altre malattie adesive dell' orecchio medio"
      }, {
        "code": "3852",
        "display": "Altre malformazioni acquisite degli ossicini"
      }, {
        "code": "38521",
        "display": "Mobilita' compromessa del martello"
      }, {
        "code": "38522",
        "display": "Mobilita' compromessa degli altri ossicini dell' orecchio"
      }, {
        "code": "38523",
        "display": "Discontinuita' o dislocazione degli ossicini dell' orecchio"
      }, {
        "code": "38524",
        "display": "Perdita parziale o necrosi degli ossicini dell' orecchio"
      }, {
        "code": "3853",
        "display": "Colesteatoma dell' orecchio medio e della mastoide"
      }, {
        "code": "38530",
        "display": "Colesteatoma, non specificato"
      }, {
        "code": "38531",
        "display": "Colesteatoma dell' attico"
      }, {
        "code": "38532",
        "display": "Colesteatoma dell' orecchio medio"
      }, {
        "code": "38533",
        "display": "Colesteatoma dell' orecchio medio e della mastoide"
      }, {
        "code": "38535",
        "display": "Colesteatosi diffusa dell' orecchio medio e della mastoide"
      }, {
        "code": "3858",
        "display": "Altri disturbi dell' orecchio medio e della mastoide"
      }, {
        "code": "38582",
        "display": "Granuloma di colesterina dell' orecchio medio"
      }, {
        "code": "38583",
        "display": "Ritenzione di corpo estraneo nell'orecchio medio"
      }, {
        "code": "38589",
        "display": "Altri disturbi dell' orecchio medio e della mastoide"
      }, {
        "code": "3859",
        "display": "Disturbi non specificati dell' orecchio medio e della mastoide"
      } ]
    } ]
  }
}