{
  "resourceType": "ValueSet",
  "url": "http://hl7.org/fhir/sid/icd-9-cm-771",
  "version": "1.0",
  "name": "Diagnosi-Distorsione e distrazione del ginocchio e della gamba",
  "title": "Distorsione e distrazione del ginocchio e della gamba",
  "status": "active",
  "compose": {
    "include": [ {
      "system": "http://hl7.org/fhir/sid/icd-9-cm",
      "concept": [ {
        "code": "8440",
        "display": "Distorsione e distrazione legamento collaterale esterno del ginocchio"
      }, {
        "code": "8441",
        "display": "Distorsione e distrazione legamento collaterale mediale del ginocchio"
      }, {
        "code": "8442",
        "display": "Distorsione e distrazione legamento crociato del ginocchio"
      }, {
        "code": "8443",
        "display": "Distorsione e distrazione tibioperoneale superiore (articolazione) (legamento)"
      }, {
        "code": "8448",
        "display": "Distorsione e distrazione di altri siti specificati del ginocchio e della gamba"
      }, {
        "code": "8449",
        "display": "Distorsione e distrazione di sito non specificato del ginocchio e della gamba"
      } ]
    } ]
  }
}