{
  "resourceType": "ValueSet",
  "url": "http://hl7.org/fhir/sid/icd-9-cm-645",
  "version": "1.0",
  "name": "Diagnosi-Altre lesioni articolari",
  "title": "Altre lesioni articolari",
  "status": "active",
  "compose": {
    "include": [ {
      "system": "http://hl7.org/fhir/sid/icd-9-cm",
      "concept": [ {
        "code": "7180",
        "display": "Alterazione della cartilagine articolare"
      }, {
        "code": "71800",
        "display": "Alterazione della cartilagine articolare, sede non specificata"
      }, {
        "code": "71801",
        "display": "Alterazione della cartilagine articolare, spalla"
      }, {
        "code": "71802",
        "display": "Alterazione della cartilagine articolare, gomito"
      }, {
        "code": "71803",
        "display": "Alterazione della cartilagine articolare, polso"
      }, {
        "code": "71804",
        "display": "Alterazione della cartilagine articolare, carpo, metacarpo ed articolazioni interfalangee della mano"
      }, {
        "code": "71805",
        "display": "Alterazione della cartilagine articolare, anca"
      }, {
        "code": "71807",
        "display": "Alterazione della cartilagine articolare, tibio-tarsica ed articolazioni del piede"
      }, {
        "code": "71808",
        "display": "Alterazione della cartilagine articolare, altre sedi specificate"
      }, {
        "code": "71809",
        "display": "Alterazione della cartilagine articolare, sedi multiple"
      }, {
        "code": "7181",
        "display": "Corpo libero endoarticolare"
      }, {
        "code": "71810",
        "display": "Corpo libero endoarticolare, sede non specificata"
      }, {
        "code": "71811",
        "display": "Corpo libero endoarticolare, spalla"
      }, {
        "code": "71812",
        "display": "Corpo libero endoarticolare, gomito"
      }, {
        "code": "71813",
        "display": "Corpo libero endoarticolare, polso"
      }, {
        "code": "71814",
        "display": "Corpo libero endoarticolare, carpo, metacarpo ed articolazioni interfalangee della mano"
      }, {
        "code": "71815",
        "display": "Corpo libero endoarticolare, anca"
      }, {
        "code": "71817",
        "display": "Corpo libero endoarticolare, tibio-tarsica ed articolazioni del piede"
      }, {
        "code": "71818",
        "display": "Corpo libero endoarticolare, altre sedi specificate"
      }, {
        "code": "71819",
        "display": "Corpo libero endoarticolare, sedi multiple"
      }, {
        "code": "7182",
        "display": "Lussazione patologica (non traumatica)"
      }, {
        "code": "71820",
        "display": "Lussazione patologica, sede non specificata"
      }, {
        "code": "71821",
        "display": "Lussazione patologica della spalla"
      }, {
        "code": "71822",
        "display": "Lussazione patologica del gomito"
      }, {
        "code": "71823",
        "display": "Lussazione patologica del polso"
      }, {
        "code": "71824",
        "display": "Lussazione patologica delle articolazioni del carpo, metacarpo ed articolazioni interfalangee della mano"
      }, {
        "code": "71825",
        "display": "Lussazione patologica di anca"
      }, {
        "code": "71826",
        "display": "Lussazione patologica del ginocchio"
      }, {
        "code": "71827",
        "display": "Lussazione patologica di tibio-tarsica ed articolazioni del piede"
      }, {
        "code": "71828",
        "display": "Lussazione patologica di altre articolazioni specificate"
      }, {
        "code": "71829",
        "display": "Lussazioni patologiche multiple"
      }, {
        "code": "7183",
        "display": "Lussazioni recidivanti o abituali"
      }, {
        "code": "71830",
        "display": "Lussazione recidivante o abituale, sede non specificata"
      }, {
        "code": "71831",
        "display": "Lussazione recidivante o abituale della spalla"
      }, {
        "code": "71832",
        "display": "Lussazione recidivante o abituale del gomito"
      }, {
        "code": "71833",
        "display": "Lussazione recidivante o abituale del polso"
      }, {
        "code": "71834",
        "display": "Lussazione recidivante o abituale delle articolazioni del carpo, metacarpo ed articolazioni interfalangee della mano"
      }, {
        "code": "71835",
        "display": "Lussazione recidivante o abituale delle articolazioni della regione pelvica"
      }, {
        "code": "71836",
        "display": "Lussazione recidivante o abituale del ginocchio"
      }, {
        "code": "71837",
        "display": "Lussazione recidivante o abituale tibiotarsica ed articolazioni del piede"
      }, {
        "code": "71838",
        "display": "Lussazione recidivante o abituale di altre articolazioni specificate"
      }, {
        "code": "71839",
        "display": "Lussazione recidivante o abituale di articolazioni multiple"
      }, {
        "code": "7184",
        "display": "Rigidita' articolare"
      }, {
        "code": "71840",
        "display": "Rigidita' articolare, sede non specificata"
      }, {
        "code": "71841",
        "display": "Rigidita' articolare della spalla"
      }, {
        "code": "71842",
        "display": "Rigidita' articolare del gomito"
      }, {
        "code": "71843",
        "display": "Rigidita' articolare del polso"
      }, {
        "code": "71844",
        "display": "Rigidita' articolare del carpo, metacarpo ed articolazioni interfalangee della mano"
      }, {
        "code": "71845",
        "display": "Rigidita' articolare dell' anca"
      }, {
        "code": "71846",
        "display": "Rigidita' articolare del ginocchio"
      }, {
        "code": "71847",
        "display": "Rigidita' articolare tibio-tarsica ed articolazioni del piede"
      }, {
        "code": "71848",
        "display": "Rigidita' di altre articolazioni specificate"
      }, {
        "code": "71849",
        "display": "Rigidita' di articolazioni multiple"
      }, {
        "code": "7185",
        "display": "Anchilosi articolari"
      }, {
        "code": "71850",
        "display": "Anchilosi sede non specificata"
      }, {
        "code": "71851",
        "display": "Anchilosi della spalla"
      }, {
        "code": "71852",
        "display": "Anchilosi del gomito"
      }, {
        "code": "71853",
        "display": "Anchilosi del polso"
      }, {
        "code": "71854",
        "display": "Anchilosi del carpo, metacarpo ed articolazioni interfalangee della mano"
      }, {
        "code": "71855",
        "display": "Anchilosi dell' anca"
      }, {
        "code": "71856",
        "display": "Anchilosi del ginocchio"
      }, {
        "code": "71857",
        "display": "Anchilosi di tibio-tarsica ed articolazioni del piede"
      }, {
        "code": "71858",
        "display": "Anchilosi di altre sedi specificate"
      }, {
        "code": "71859",
        "display": "Anchilosi di sedi multiple"
      }, {
        "code": "7186",
        "display": "Protrusione acetabolare non specificata"
      }, {
        "code": "71860",
        "display": "Protrusione acetabolare non specificata, sede non specificata"
      }, {
        "code": "71865",
        "display": "Protrusione acetabolare, regione pelvica"
      }, {
        "code": "7187",
        "display": "Lussazione articolare evolutiva"
      }, {
        "code": "71870",
        "display": "Lussazione articolare evolutiva, sede non specificata"
      }, {
        "code": "71871",
        "display": "Lussazione articolare evolutiva della spalla"
      }, {
        "code": "71872",
        "display": "Lussazione articolare evolutiva del gomito"
      }, {
        "code": "71873",
        "display": "Lussazione articolare evolutiva del polso"
      }, {
        "code": "71874",
        "display": "Lussazione articolare evolutiva del carpo, metacarpo ed articolazioni interfalangee della mano"
      }, {
        "code": "71875",
        "display": "Lussazione articolare evolutiva dell' anca"
      }, {
        "code": "71876",
        "display": "Lussazione articolare evolutiva del ginocchio"
      }, {
        "code": "71877",
        "display": "Lussazione articolare evolutiva di tibio-tarsica ed articolazioni del piede"
      }, {
        "code": "71878",
        "display": "Lussazione articolare evolutiva di altre sedi specificate"
      }, {
        "code": "71879",
        "display": "Lussazione articolare evolutiva di sedi multiple"
      }, {
        "code": "7188",
        "display": "Altre lesioni articolari non classificate altrove"
      }, {
        "code": "71880",
        "display": "Altre lesioni articolari non classificate altrove, sede non specificata"
      }, {
        "code": "71881",
        "display": "Altre lesioni articolari non classificate altrove, spalla"
      }, {
        "code": "71882",
        "display": "Altre lesioni articolari non classificate altrove, gomito"
      }, {
        "code": "71883",
        "display": "Altre lesioni articolari non classificate altrove, polso"
      }, {
        "code": "71884",
        "display": "Altre lesioni articolari non classificate altrove, carpo, metacarpo ed articolazioni interfalangee della mano"
      }, {
        "code": "71885",
        "display": "Altre lesioni articolari non classificate altrove, anca"
      }, {
        "code": "71886",
        "display": "Altre lesioni articolari non classificate altrove, ginocchio"
      }, {
        "code": "71887",
        "display": "Altre lesioni articolari non classificate altrove, tibio-tarsica ed articolazioni del piede"
      }, {
        "code": "71888",
        "display": "Altre lesioni articolari non classificate altrove, altre sedi specificate"
      }, {
        "code": "71889",
        "display": "Altre lesioni articolari non classificate altrove, sedi multiple"
      }, {
        "code": "7189",
        "display": "Lesione articolare non specificata"
      }, {
        "code": "71890",
        "display": "Lesione articolare non specificata, sede non specificata"
      }, {
        "code": "71891",
        "display": "Lesione articolare non specificata, spalla"
      }, {
        "code": "71892",
        "display": "Lesione articolare non specificata, gomito"
      }, {
        "code": "71893",
        "display": "Lesione articolare non specificata, polso"
      }, {
        "code": "71894",
        "display": "Lesione articolare non specificata, carpo, metacarpo ed articolazioni interfalangee della mano"
      }, {
        "code": "71895",
        "display": "Lesione articolare non specificata, anca"
      }, {
        "code": "71897",
        "display": "Lesione articolare non specificata, tibio-tarsica ed articolazioni del piede"
      }, {
        "code": "71898",
        "display": "Lesione articolare non specificata, altre sedi specificate"
      }, {
        "code": "71899",
        "display": "Lesione articolare non specificata, sedi multiple"
      } ]
    } ]
  }
}