{
  "resourceType": "ValueSet",
  "url": "http://hl7.org/fhir/sid/icd-9-cm-798",
  "version": "1.0",
  "name": "Diagnosi-Ferita della natica",
  "title": "Ferita della natica",
  "status": "active",
  "compose": {
    "include": [ {
      "system": "http://hl7.org/fhir/sid/icd-9-cm",
      "concept": [ {
        "code": "8770",
        "display": "Ferita della natica senza menzione di complicazioni"
      }, {
        "code": "8771",
        "display": "Ferita della natica con complicazioni"
      } ]
    } ]
  }
}