{
  "resourceType": "ValueSet",
  "url": "http://hl7.org/fhir/sid/icd-9-cm-940",
  "version": "1.0",
  "name": "Diagnosi-Cure ed esami postpartum",
  "title": "Cure ed esami postpartum",
  "status": "active",
  "compose": {
    "include": [ {
      "system": "http://hl7.org/fhir/sid/icd-9-cm",
      "concept": [ {
        "code": "V240",
        "display": "Cure ed esami postpartum subito dopo il parto"
      }, {
        "code": "V241",
        "display": "Cure ed esami postpartum di madre che allatta"
      }, {
        "code": "V242",
        "display": "Controlli usuali postpartum"
      } ]
    } ]
  }
}