{
  "resourceType": "ValueSet",
  "url": "http://hl7.org/fhir/sid/icd-9-cm-545",
  "version": "1.0",
  "name": "Diagnosi-Displasia benigna della mammella",
  "title": "Displasia benigna della mammella",
  "status": "active",
  "compose": {
    "include": [ {
      "system": "http://hl7.org/fhir/sid/icd-9-cm",
      "concept": [ {
        "code": "6100",
        "display": "Cisti solitaria della mammella"
      }, {
        "code": "6101",
        "display": "Mastopatia cistica diffusa"
      }, {
        "code": "6102",
        "display": "Fibroadenosi della mammella"
      }, {
        "code": "6103",
        "display": "Fibrosclerosi della mammella"
      }, {
        "code": "6104",
        "display": "Ectasia dei dotti mammari"
      }, {
        "code": "6108",
        "display": "Altre specificate displasie mammarie benigne"
      }, {
        "code": "6109",
        "display": "Displasia mammaria benigna, non specificata"
      } ]
    } ]
  }
}