{
  "resourceType": "ValueSet",
  "url": "http://hl7.org/fhir/sid/icd-9-cm-273",
  "version": "1.0",
  "name": "Diagnosi-Disturbi di personalita'",
  "title": "Disturbi di personalita'",
  "status": "active",
  "compose": {
    "include": [ {
      "system": "http://hl7.org/fhir/sid/icd-9-cm",
      "concept": [ {
        "code": "3010",
        "display": "Disturbo di personalita' paranoide"
      }, {
        "code": "3011",
        "display": "Disturbo di personalita' affettivo"
      }, {
        "code": "30110",
        "display": "Disturbo di personalita' affettivo, non specificato"
      }, {
        "code": "30111",
        "display": "Disturbo di personalita' ipomaniacale cronico"
      }, {
        "code": "30112",
        "display": "Disturbo di personalita' depressivo cronico"
      }, {
        "code": "30113",
        "display": "Disturbo ciclotimico"
      }, {
        "code": "3012",
        "display": "Disturbo di personalita' schizoide"
      }, {
        "code": "30120",
        "display": "Disturbo di personalita' schizoide, non specificato"
      }, {
        "code": "30121",
        "display": "Personalita' introversa"
      }, {
        "code": "30122",
        "display": "Disturbo di personalita' schizotipica"
      }, {
        "code": "3013",
        "display": "Disturbo di personalita' esplosivo"
      }, {
        "code": "3014",
        "display": "Disturbo di personalita' ossessivo-compulsivo"
      }, {
        "code": "3015",
        "display": "Disturbo di personalita' istrionica"
      }, {
        "code": "30150",
        "display": "Disturbo di personalita' istrionico, non specificato"
      }, {
        "code": "30151",
        "display": "Sindrome fittizia cronica con sintomi fisici"
      }, {
        "code": "30159",
        "display": "Altro disturbo di personalita' istrionico"
      }, {
        "code": "3016",
        "display": "Disturbo di personalita' dipendente"
      }, {
        "code": "3017",
        "display": "Disturbo di personalita' antisociale"
      }, {
        "code": "3018",
        "display": "Altri disturbi di personalita'"
      }, {
        "code": "30181",
        "display": "Disturbo di personalita' narcisistica"
      }, {
        "code": "30182",
        "display": "Disturbo di personalita' evitante"
      }, {
        "code": "30183",
        "display": "Disturbo di personalita' borderline"
      }, {
        "code": "30184",
        "display": "Personalita' passivo-aggressiva"
      }, {
        "code": "30189",
        "display": "Altro"
      }, {
        "code": "3019",
        "display": "Disturbo di personalita' non specificato"
      } ]
    } ]
  }
}