{
  "resourceType": "ValueSet",
  "url": "http://hl7.org/fhir/sid/icd-9-cm-875",
  "version": "1.0",
  "name": "Diagnosi-Alcune complicazioni precoci di traumatismi",
  "title": "Alcune complicazioni precoci di traumatismi",
  "status": "active",
  "compose": {
    "include": [ {
      "system": "http://hl7.org/fhir/sid/icd-9-cm",
      "concept": [ {
        "code": "9580",
        "display": "Embolia gassosa"
      }, {
        "code": "9581",
        "display": "Embolia grassosa"
      }, {
        "code": "9582",
        "display": "Emorragia secondaria e recidivante"
      }, {
        "code": "9583",
        "display": "Infezione post-traumatica, non classificata altrove"
      }, {
        "code": "9584",
        "display": "Shock traumatico"
      }, {
        "code": "9585",
        "display": "Anuria traumatica"
      }, {
        "code": "9586",
        "display": "Contrattura ischemica di Volkmann"
      }, {
        "code": "9587",
        "display": "Enfisema sottocutaneo traumatico"
      }, {
        "code": "9588",
        "display": "Altre complicazioni precoci di traumatismi"
      }, {
        "code": "9589",
        "display": "Sindrome compartimentale traumatica"
      }, {
        "code": "95890",
        "display": "Sindrome compartimentale, non specificata"
      }, {
        "code": "95891",
        "display": "Sindrome compartimentale traumatica dell' arto superiore"
      }, {
        "code": "95892",
        "display": "Sindrome compartimentale traumatica dell' arto inferiore"
      }, {
        "code": "95893",
        "display": "Sindrome compartimentale traumatica dell' addome"
      }, {
        "code": "95899",
        "display": "Sindrome compartimentale traumatica di altre regioni"
      } ]
    } ]
  }
}