{
  "resourceType": "ValueSet",
  "url": "http://hl7.org/fhir/sid/icd-9-cm-497",
  "version": "1.0",
  "name": "Diagnosi-Altra gastroenterite e colite non infettiva",
  "title": "Altra gastroenterite e colite non infettiva",
  "status": "active",
  "compose": {
    "include": [ {
      "system": "http://hl7.org/fhir/sid/icd-9-cm",
      "concept": [ {
        "code": "5581",
        "display": "Gastroenterite e colite da radiazioni"
      }, {
        "code": "5582",
        "display": "Gastroenterite e colite tossica"
      }, {
        "code": "5583",
        "display": "Gastroenterite e colite allergica"
      }, {
        "code": "5589",
        "display": "Altra e non specificata gastroenterite e colite non infettive"
      } ]
    } ]
  }
}