{
  "resourceType": "ValueSet",
  "url": "http://hl7.org/fhir/sid/icd-9-cm-667",
  "version": "1.0",
  "name": "Diagnosi-Anencefalia e anomalie simili",
  "title": "Anencefalia e anomalie simili",
  "status": "active",
  "compose": {
    "include": [ {
      "system": "http://hl7.org/fhir/sid/icd-9-cm",
      "concept": [ {
        "code": "7400",
        "display": "Anencefalia"
      }, {
        "code": "7401",
        "display": "Craniorachischisi"
      }, {
        "code": "7402",
        "display": "Iniencefalia"
      } ]
    } ]
  }
}