{
  "resourceType": "ValueSet",
  "url": "http://hl7.org/fhir/sid/icd-9-cm-897",
  "version": "1.0",
  "name": "Diagnosi-Effetti tossici dell' alcool",
  "title": "Effetti tossici dell' alcool",
  "status": "active",
  "compose": {
    "include": [ {
      "system": "http://hl7.org/fhir/sid/icd-9-cm",
      "concept": [ {
        "code": "9800",
        "display": "Effetti tossici dell' alcool etilico"
      }, {
        "code": "9801",
        "display": "Effetti tossici dell' alcool metilico"
      }, {
        "code": "9802",
        "display": "Effetti tossici dell' alcool isopropilico"
      }, {
        "code": "9803",
        "display": "Effetti tossici del fuselolo"
      }, {
        "code": "9808",
        "display": "Effetti tossici di altri alcooli specificati"
      }, {
        "code": "9809",
        "display": "Effetti tossici di alcool non specificato"
      } ]
    } ]
  }
}