{
  "resourceType": "ValueSet",
  "url": "http://hl7.org/fhir/sid/icd-9-cm-56",
  "version": "1.0",
  "name": "Diagnosi-Encefalite virale da zecche",
  "title": "Encefalite virale da zecche",
  "status": "active",
  "compose": {
    "include": [ {
      "system": "http://hl7.org/fhir/sid/icd-9-cm",
      "concept": [ {
        "code": "0630",
        "display": "Encefalite primaverile-estiva russa [taiga]"
      }, {
        "code": "0631",
        "display": "Louping ill"
      }, {
        "code": "0632",
        "display": "Encefalite centroeuropea"
      }, {
        "code": "0638",
        "display": "Altre encefaliti virali da zecche, specificate"
      }, {
        "code": "0639",
        "display": "Encefaliti virali da zecche, non specificate"
      } ]
    } ]
  }
}