{
  "resourceType": "ValueSet",
  "url": "http://hl7.org/fhir/sid/icd-9-cm-621",
  "version": "1.0",
  "name": "Diagnosi-Dermatiti da sostanze assunte per via sistemica",
  "title": "Dermatiti da sostanze assunte per via sistemica",
  "status": "active",
  "compose": {
    "include": [ {
      "system": "http://hl7.org/fhir/sid/icd-9-cm",
      "concept": [ {
        "code": "6930",
        "display": "Dermatite da farmaci e medicamenti o presidi"
      }, {
        "code": "6931",
        "display": "Dermatite da alimenti"
      }, {
        "code": "6938",
        "display": "Dermatite da altre sostanze specificate assunte per via sistemica"
      }, {
        "code": "6939",
        "display": "Dermatite da sostanze non specificate assunte per via sistemica"
      } ]
    } ]
  }
}