{
  "resourceType": "ValueSet",
  "url": "http://hl7.org/fhir/sid/icd-9-cm-804",
  "version": "1.0",
  "name": "Diagnosi-Ferita delle dita della mano",
  "title": "Ferita delle dita della mano",
  "status": "active",
  "compose": {
    "include": [ {
      "system": "http://hl7.org/fhir/sid/icd-9-cm",
      "concept": [ {
        "code": "8830",
        "display": "Ferita delle dita della mano senza menzione di complicazioni"
      }, {
        "code": "8831",
        "display": "Ferita delle dita della mano con complicazioni"
      }, {
        "code": "8832",
        "display": "Ferita delle dita della mano con interessamento dei tendini"
      } ]
    } ]
  }
}