{
  "resourceType": "ValueSet",
  "url": "http://hl7.org/fhir/sid/icd-9-cm-36",
  "version": "1.0",
  "name": "Diagnosi-Infezioni actinomicotiche",
  "title": "Infezioni actinomicotiche",
  "status": "active",
  "compose": {
    "include": [ {
      "system": "http://hl7.org/fhir/sid/icd-9-cm",
      "concept": [ {
        "code": "0390",
        "display": "Infezione actinomicotica cutanea"
      }, {
        "code": "0391",
        "display": "Infezione actinomicotica polmonare"
      }, {
        "code": "0392",
        "display": "Infezione actinomicotica addominale"
      }, {
        "code": "0393",
        "display": "Infezione actinomicotica cervicofacciale"
      }, {
        "code": "0394",
        "display": "Piede di Madura"
      }, {
        "code": "0398",
        "display": "Infezione actinomicotica di altre sedi specificate"
      }, {
        "code": "0399",
        "display": "Infezione actinomicotica di sede non specificata"
      } ]
    } ]
  }
}