{
  "resourceType": "ValueSet",
  "url": "http://hl7.org/fhir/sid/icd-9-cm-178",
  "version": "1.0",
  "name": "Diagnosi-Altre neoplasie maligne del tessuto linfatico ed istiocitario",
  "title": "Altre neoplasie maligne del tessuto linfatico ed istiocitario",
  "status": "active",
  "compose": {
    "include": [ {
      "system": "http://hl7.org/fhir/sid/icd-9-cm",
      "concept": [ {
        "code": "2020",
        "display": "Linfoma nodulare"
      }, {
        "code": "20200",
        "display": "Linfoma nodulare, sito non specificato, organi solidi o siti extranodali"
      }, {
        "code": "20201",
        "display": "Linfoma nodulare, linfonodi della testa e del collo"
      }, {
        "code": "20202",
        "display": "Linfoma nodulare, linfonodi intratoracici, mediastinici"
      }, {
        "code": "20203",
        "display": "Linfoma nodulare, linfonodi intraaddominali"
      }, {
        "code": "20204",
        "display": "Linfoma nodulare, linfonodi ascellari e dell' arto superiore"
      }, {
        "code": "20205",
        "display": "Linfoma nodulare, linfonodi inguinali e dell' arto inferiore"
      }, {
        "code": "20206",
        "display": "Linfoma nodulare, linfonodi pelvici"
      }, {
        "code": "20207",
        "display": "Linfoma nodulare, milza"
      }, {
        "code": "20208",
        "display": "Linfoma nodulare, linfonodi di siti multipli"
      }, {
        "code": "2021",
        "display": "Micosi fungoide"
      }, {
        "code": "20210",
        "display": "Micosi fungoide, sito non specificato, organi solidi o siti extranodali"
      }, {
        "code": "20211",
        "display": "Micosi fungoide, linfonodi della testa e del collo"
      }, {
        "code": "20212",
        "display": "Micosi fungoide, linfonodi intratoracici, mediastinici"
      }, {
        "code": "20213",
        "display": "Micosi fungoide, linfonodi intraaddominali"
      }, {
        "code": "20214",
        "display": "Micosi fungoide, linfonodi ascellari e dell' arto superiore"
      }, {
        "code": "20215",
        "display": "Micosi fungoide, linfonodi inguinali e dell' arto inferiore"
      }, {
        "code": "20216",
        "display": "Micosi fungoide, linfonodi pelvici"
      }, {
        "code": "20217",
        "display": "Micosi fungoide, milza"
      }, {
        "code": "20218",
        "display": "Micosi fungoide, linfonodi di siti multipli"
      }, {
        "code": "2022",
        "display": "Malattia di Se¤zary"
      }, {
        "code": "20220",
        "display": "Malattia di Se¤zary, sito non specificato, organi solidi o siti extranodali"
      }, {
        "code": "20221",
        "display": "Malattia di Se¤zary, linfonodi della testa e del collo"
      }, {
        "code": "20222",
        "display": "Malattia di Se¤zary, linfonodi intratoracici, mediastinici"
      }, {
        "code": "20223",
        "display": "Malattia di Se¤zary, linfonodi intraaddominali"
      }, {
        "code": "20224",
        "display": "Malattia di Se¤zary, linfonodi ascellari e dell' arto superiore"
      }, {
        "code": "20225",
        "display": "Malattia di Se¤zary, linfonodi inguinali e dell' arto inferiore"
      }, {
        "code": "20226",
        "display": "Malattia di Se¤zary, linfonodi pelvici"
      }, {
        "code": "20227",
        "display": "Malattia di Se¤zary, milza"
      }, {
        "code": "20228",
        "display": "Malattia di Se¤zary, linfonodi di siti multipli"
      }, {
        "code": "2023",
        "display": "Istiocitosi maligna"
      }, {
        "code": "20230",
        "display": "Istiocitosi maligna, sito non specificato, organi solidi o siti extranodali"
      }, {
        "code": "20231",
        "display": "Istiocitosi maligna, linfonodi della testa e del collo"
      }, {
        "code": "20232",
        "display": "Istiocitosi maligna, linfonodi intratoracici, mediastinici"
      }, {
        "code": "20233",
        "display": "Istiocitosi maligna, linfonodi intraaddominali"
      }, {
        "code": "20234",
        "display": "Istiocitosi maligna, linfonodi ascellari e dell' arto superiore"
      }, {
        "code": "20235",
        "display": "Istiocitosi maligna, linfonodi inguinali e dell' arto inferiore"
      }, {
        "code": "20236",
        "display": "Istiocitosi maligna, linfonodi pelvici"
      }, {
        "code": "20237",
        "display": "Istiocitosi maligna, milza"
      }, {
        "code": "20238",
        "display": "Istiocitosi maligna, linfonodi di siti multipli"
      }, {
        "code": "2024",
        "display": "Reticoloendoteliosi leucemica"
      }, {
        "code": "20240",
        "display": "Reticoloendoteliosi leucemica, sito non specificato, organi solidi o siti extranodali"
      }, {
        "code": "20241",
        "display": "Reticoloendoteliosi leucemica, linfonodi della testa e del collo"
      }, {
        "code": "20242",
        "display": "Reticoloendoteliosi leucemica, linfonodi intratoracici, mediastinici"
      }, {
        "code": "20243",
        "display": "Reticoloendoteliosi leucemica, linfonodi intraaddominali"
      }, {
        "code": "20244",
        "display": "Reticoloendoteliosi leucemica, linfonodi ascellari e dell' arto superiore"
      }, {
        "code": "20245",
        "display": "Reticoloendoteliosi leucemica, linfonodi inguinali e dell' arto inferiore"
      }, {
        "code": "20246",
        "display": "Reticoloendoteliosi leucemica, linfonodi pelvici"
      }, {
        "code": "20247",
        "display": "Reticoloendoteliosi leucemica, milza"
      }, {
        "code": "20248",
        "display": "Reticoloendoteliosi leucemica, linfonodi di siti multipli"
      }, {
        "code": "2025",
        "display": "Malattia di Letterer Siwe"
      }, {
        "code": "20250",
        "display": "Malattia di Letterer Siwe, sito non specificato, organi solidi o siti extranodali"
      }, {
        "code": "20251",
        "display": "Malattia di Letterer Siwe, linfonodi della testa e del collo"
      }, {
        "code": "20252",
        "display": "Malattia di Letterer Siwe, linfonodi intratoracici, mediastinici"
      }, {
        "code": "20253",
        "display": "Malattia di Letterer Siwe, linfonodi intraaddominali"
      }, {
        "code": "20254",
        "display": "Malattia di Letterer Siwe, linfonodi ascellari e dell' arto superiore"
      }, {
        "code": "20255",
        "display": "Malattia di Letterer Siwe, linfonodi inguinali e dell' arto inferiore"
      }, {
        "code": "20256",
        "display": "Malattia di Letterer Siwe, linfonodi pelvici"
      }, {
        "code": "20257",
        "display": "Malattia di Letterer Siwe, milza"
      }, {
        "code": "20258",
        "display": "Malattia di Letterer Siwe, linfonodi di siti multipli"
      }, {
        "code": "2026",
        "display": "Tumori maligni dei mastociti"
      }, {
        "code": "20260",
        "display": "Tumori maligni dei mastociti, sito non specificato, organi solidi o siti extranodali"
      }, {
        "code": "20261",
        "display": "Tumori maligni dei mastociti, linfonodi della testa e del collo"
      }, {
        "code": "20262",
        "display": "Tumori maligni dei mastociti, linfonodi intratoracici, mediastinici"
      }, {
        "code": "20263",
        "display": "Tumori maligni dei mastociti, linfonodi intraaddominali"
      }, {
        "code": "20264",
        "display": "Tumori maligni dei mastociti, linfonodi ascellari e dell' arto superiore"
      }, {
        "code": "20265",
        "display": "Tumori maligni dei mastociti, linfonodi inguinali e dell' arto inferiore"
      }, {
        "code": "20266",
        "display": "Tumori maligni dei mastociti, linfonodi pelvici"
      }, {
        "code": "20267",
        "display": "Tumori maligni dei mastociti, milza"
      }, {
        "code": "20268",
        "display": "Tumori maligni dei mastociti, linfonodi di siti multipli"
      }, {
        "code": "2028",
        "display": "Altri linfomi"
      }, {
        "code": "20280",
        "display": "Altri linfomi, sito non specificato, organi solidi o siti extranodali"
      }, {
        "code": "20281",
        "display": "Altri linfomi, linfonodi della testa e del collo"
      }, {
        "code": "20282",
        "display": "Altri linfomi, linfonodi intratoracici, mediastinici"
      }, {
        "code": "20283",
        "display": "Altri linfomi, linfonodi intraaddominali"
      }, {
        "code": "20284",
        "display": "Altri linfomi, linfonodi ascellari e dell' arto superiore"
      }, {
        "code": "20285",
        "display": "Altri linfomi, linfonodi inguinali e dell' arto inferiore"
      }, {
        "code": "20286",
        "display": "Altri linfomi, linfonodi pelvici"
      }, {
        "code": "20287",
        "display": "Altri linfomi, milza"
      }, {
        "code": "20288",
        "display": "Altri linfomi, linfonodi di siti multipli"
      }, {
        "code": "2029",
        "display": "Altre neoplasie maligne non specificate del tessuto linfoide ed istiocitario"
      }, {
        "code": "20290",
        "display": "Altre neoplasie maligne non specificate del tessuto linfoide ed istiocitario, sito non specificato, organi solidi o siti extranodali"
      }, {
        "code": "20291",
        "display": "Altre neoplasie maligne non specificate del tessuto linfoide ed istiocitario, linfonodi della testa e del collo"
      }, {
        "code": "20292",
        "display": "Altre neoplasie maligne non specificate del tessuto linfoide ed istiocitario, linfonodi intratoracici, mediastinici"
      }, {
        "code": "20293",
        "display": "Altre neoplasie maligne non specificate del tessuto linfoide ed istiocitario, linfonodi intraaddominali"
      }, {
        "code": "20294",
        "display": "Altre neoplasie maligne non specificate del tessuto linfoide ed istiocitario, linfonodi ascellari e dell' arto superiore"
      }, {
        "code": "20295",
        "display": "Altre neoplasie maligne non specificate del tessuto linfoide ed istiocitario, linfonodi inguinali e dell' arto inferiore"
      }, {
        "code": "20296",
        "display": "Altre neoplasie maligne non specificate del tessuto linfoide ed istiocitario, linfonodi pelvici"
      }, {
        "code": "20297",
        "display": "Altre neoplasie maligne non specificate del tessuto linfoide ed istiocitario, milza"
      }, {
        "code": "20298",
        "display": "Altre neoplasie maligne non specificate del tessuto linfoide ed istiocitario, linfonodi di siti multipli"
      } ]
    } ]
  }
}