{
  "resourceType": "ValueSet",
  "url": "http://hl7.org/fhir/sid/icd-9-cm-896",
  "version": "1.0",
  "name": "Diagnosi-Avvelenamento da altri vaccini e prodotti biologici",
  "title": "Avvelenamento da altri vaccini e prodotti biologici",
  "status": "active",
  "compose": {
    "include": [ {
      "system": "http://hl7.org/fhir/sid/icd-9-cm",
      "concept": [ {
        "code": "9790",
        "display": "Avvelenamento da vaccino antivaioloso"
      }, {
        "code": "9791",
        "display": "Avvelenamento da vaccino antirabbico"
      }, {
        "code": "9792",
        "display": "Avvelenamento da vaccino contro il tifo esantematico"
      }, {
        "code": "9793",
        "display": "Avvelenamento da vaccino contro la febbre gialla"
      }, {
        "code": "9794",
        "display": "Avvelenamento da vaccino antimorbilloso"
      }, {
        "code": "9795",
        "display": "Avvelenamento da vaccino antipoliomielitico"
      }, {
        "code": "9796",
        "display": "Avvelenamento da altri e non specificati vaccini contro virus e rickettsie"
      }, {
        "code": "9797",
        "display": "Avvelenamento da vaccini misti contro virus, rickettsie e batteri, esclusi quelli con componente antipertosse"
      }, {
        "code": "9799",
        "display": "Avvelenamento da altri e non specificati vaccini e prodotti biologici"
      } ]
    } ]
  }
}