{
  "resourceType": "ValueSet",
  "url": "http://hl7.org/fhir/sid/icd-9-cm-300",
  "version": "1.0",
  "name": "Diagnosi-Degenerazioni cerebrali che si manifestano abitualmente nell'infanzia",
  "title": "Degenerazioni cerebrali che si manifestano abitualmente nell'infanzia",
  "status": "active",
  "compose": {
    "include": [ {
      "system": "http://hl7.org/fhir/sid/icd-9-cm",
      "concept": [ {
        "code": "3300",
        "display": "Leucodistrofia"
      }, {
        "code": "3301",
        "display": "Lipidosi cerebrali"
      }, {
        "code": "3302",
        "display": "Degenerazioni cerebrali in lipidosi generalizzata"
      }, {
        "code": "3303",
        "display": "Degenerazione cerebrale dell' infanzia in altre malattie classificate altrove"
      }, {
        "code": "3308",
        "display": "Altre degenerazioni specificate cerebrali dell' infanzia"
      }, {
        "code": "3309",
        "display": "Degenerazioni cerebrali dell' infanzia non specificate"
      } ]
    } ]
  }
}