{
  "resourceType": "ValueSet",
  "url": "http://hl7.org/fhir/sid/icd-9-cm-493",
  "version": "1.0",
  "name": "Diagnosi-Altra ernia della cavita' addominale senza menzione di ostruzione o gangrena",
  "title": "Altra ernia della cavita' addominale senza menzione di ostruzione o gangrena",
  "status": "active",
  "compose": {
    "include": [ {
      "system": "http://hl7.org/fhir/sid/icd-9-cm",
      "concept": [ {
        "code": "5530",
        "display": "Ernia femorale, senza menzione di ostruzione o gangrena"
      }, {
        "code": "55300",
        "display": "Ernia femorale monolaterale o non specificata, senza menzione di ostruzione o gangrena (non specificata se ricorrente)"
      }, {
        "code": "55301",
        "display": "Ernia femorale monolaterale o non specificata, ricorrente, senza menzione di ostruzione o gangrena"
      }, {
        "code": "55302",
        "display": "Ernia femorale bilaterale, senza menzione di ostruzione o gangrena (non specificata se ricorrente)"
      }, {
        "code": "55303",
        "display": "Ernia femorale bilaterale, ricorrente, senza menzione di ostruzione o gangrena"
      }, {
        "code": "5531",
        "display": "Ernia ombelicale, senza menzione di ostruzione o gangrena"
      }, {
        "code": "5532",
        "display": "Laparocele, senza menzione di ostruzione o gangrena"
      }, {
        "code": "55320",
        "display": "Laparocele, non specificato, senza menzione di ostruzione o gangrena"
      }, {
        "code": "55321",
        "display": "Laparocele postchirurgico, senza menzione di ostruzione o gangrena"
      }, {
        "code": "55329",
        "display": "Altro laparocele, senza menzione di ostruzione o gangrena"
      }, {
        "code": "5533",
        "display": "Ernia diaframmatica, senza menzione di ostruzione o gangrena"
      }, {
        "code": "5538",
        "display": "Ernia di altri siti specificati, senza menzione di ostruzione o gangrena"
      }, {
        "code": "5539",
        "display": "Ernia di siti non specificati, senza menzione di ostruzione o gangrena"
      } ]
    } ]
  }
}