{
  "resourceType": "ValueSet",
  "url": "http://hl7.org/fhir/sid/icd-9-cm-345",
  "version": "1.0",
  "name": "Diagnosi-Affezioni dell' orbita",
  "title": "Affezioni dell' orbita",
  "status": "active",
  "compose": {
    "include": [ {
      "system": "http://hl7.org/fhir/sid/icd-9-cm",
      "concept": [ {
        "code": "3760",
        "display": "Infiammazione acuta dell' orbita"
      }, {
        "code": "37600",
        "display": "Infiammazione acuta dell' orbita, non specificata"
      }, {
        "code": "37601",
        "display": "Cellulite orbitaria"
      }, {
        "code": "37602",
        "display": "Periosteite orbitaria"
      }, {
        "code": "37603",
        "display": "Osteomielite orbitaria"
      }, {
        "code": "37604",
        "display": "Tenonite orbitaria"
      }, {
        "code": "3761",
        "display": "Malattie infiammatorie croniche dell' orbita"
      }, {
        "code": "37610",
        "display": "Infiammazione cronica dell' orbita, non specificata"
      }, {
        "code": "37611",
        "display": "Granuloma dell' orbita"
      }, {
        "code": "37612",
        "display": "Miosite orbitaria"
      }, {
        "code": "37613",
        "display": "Infestazione parassitaria dell' orbita"
      }, {
        "code": "3762",
        "display": "Esoftalmo endocrino"
      }, {
        "code": "37621",
        "display": "Esoftalmo tireotossico"
      }, {
        "code": "37622",
        "display": "Oftalmoplegia esoftalmica"
      }, {
        "code": "3763",
        "display": "Altre condizioni patologiche esoftalmiche"
      }, {
        "code": "37630",
        "display": "Esoftalmo, non specificato"
      }, {
        "code": "37631",
        "display": "Esoftalmo costante"
      }, {
        "code": "37632",
        "display": "Emorragia orbitaria"
      }, {
        "code": "37633",
        "display": "Edema o congestione dell' orbita"
      }, {
        "code": "37634",
        "display": "Esoftalmo intermittente"
      }, {
        "code": "37635",
        "display": "Esoftalmo pulsante"
      }, {
        "code": "37636",
        "display": "Spostamento laterale del globo"
      }, {
        "code": "3764",
        "display": "Deformazione dell' orbita"
      }, {
        "code": "37640",
        "display": "Deformazione dell' orbita, non specificata"
      }, {
        "code": "37641",
        "display": "Ipertelorismo dell' orbita"
      }, {
        "code": "37642",
        "display": "Esostosi dell' orbita"
      }, {
        "code": "37643",
        "display": "Deformazioni locali dell' orbita da malattia ossea"
      }, {
        "code": "37644",
        "display": "Malformazioni dell' orbita associate a deformazioni craniofaciali"
      }, {
        "code": "37645",
        "display": "Atrofia dell' orbita"
      }, {
        "code": "37646",
        "display": "Ingrandimento dell' orbita"
      }, {
        "code": "37647",
        "display": "Deformazioni dell' orbita da trauma o interventi chirurgici"
      }, {
        "code": "3765",
        "display": "Enoftalmo"
      }, {
        "code": "37650",
        "display": "Enoftalmo, causa non specificata"
      }, {
        "code": "37651",
        "display": "Enoftalmo da atrofia del tessuto orbitario"
      }, {
        "code": "37652",
        "display": "Enoftalmo da traumi o interventi chirurgici"
      }, {
        "code": "3766",
        "display": "Corpo estraneo ritenuto (di vecchia data) conseguente a ferita penetrante dell' orbita"
      }, {
        "code": "3768",
        "display": "Altre malattie dell' orbita"
      }, {
        "code": "37681",
        "display": "Cisti dell' orbita"
      }, {
        "code": "37682",
        "display": "Miopatia dei muscoli extraoculari"
      }, {
        "code": "37689",
        "display": "Altre malattie dell' orbita"
      }, {
        "code": "3769",
        "display": "Malattie dell' orbita non specificate"
      } ]
    } ]
  }
}