{
  "resourceType": "ValueSet",
  "url": "http://hl7.org/fhir/sid/icd-9-cm-412",
  "version": "1.0",
  "name": "Diagnosi-Emorroidi",
  "title": "Emorroidi",
  "status": "active",
  "compose": {
    "include": [ {
      "system": "http://hl7.org/fhir/sid/icd-9-cm",
      "concept": [ {
        "code": "4550",
        "display": "Emorroidi interne senza menzione di complicazioni"
      }, {
        "code": "4551",
        "display": "Emorroidi interne trombizzate"
      }, {
        "code": "4552",
        "display": "Emorroidi interne con altre complicazioni"
      }, {
        "code": "4553",
        "display": "Emorroidi esterne senza menzione di complicazioni"
      }, {
        "code": "4554",
        "display": "Emorroidi esterne trombizzate"
      }, {
        "code": "4555",
        "display": "Emorroidi esterne con altre complicazioni"
      }, {
        "code": "4556",
        "display": "Emorroidi non specificate senza menzione di complicazioni"
      }, {
        "code": "4557",
        "display": "Emorroidi non specificate trombizzate"
      }, {
        "code": "4558",
        "display": "Emorroidi non specificate con altre complicazioni"
      }, {
        "code": "4559",
        "display": "Lembi cutanei emorroidari residui"
      } ]
    } ]
  }
}