{
  "resourceType": "ValueSet",
  "url": "http://hl7.org/fhir/sid/icd-9-cm-578",
  "version": "1.0",
  "name": "Diagnosi-Gravidanza ritardata",
  "title": "Gravidanza ritardata",
  "status": "active",
  "compose": {
    "include": [ {
      "system": "http://hl7.org/fhir/sid/icd-9-cm",
      "concept": [ {
        "code": "6451",
        "display": "Gravidanza post-termine"
      }, {
        "code": "64510",
        "display": "Gravidanza post-termine, episodio di cura non specificato"
      }, {
        "code": "64511",
        "display": "Gravidanza post-termine, parto, con o senza menzione della condizione antepartum"
      }, {
        "code": "64513",
        "display": "Gravidanza post-termine, condizione o complicazione antepartum"
      }, {
        "code": "6452",
        "display": "Gravidanza protratta"
      }, {
        "code": "64520",
        "display": "Gravidanza protratta, episodio di cura non specificato"
      }, {
        "code": "64521",
        "display": "Gravidanza protratta, parto, con o senza menzione della condizione antepartum"
      }, {
        "code": "64523",
        "display": "Gravidanza protratta, condizione o complicazione antepartum"
      } ]
    } ]
  }
}