{
  "resourceType": "ValueSet",
  "url": "http://hl7.org/fhir/sid/icd-9-cm-344",
  "version": "1.0",
  "name": "Diagnosi-Affezioni dell' apparato lacrimale",
  "title": "Affezioni dell' apparato lacrimale",
  "status": "active",
  "compose": {
    "include": [ {
      "system": "http://hl7.org/fhir/sid/icd-9-cm",
      "concept": [ {
        "code": "3750",
        "display": "Dacrioadenite"
      }, {
        "code": "37500",
        "display": "Dacrioadenite, non specificata"
      }, {
        "code": "37501",
        "display": "Dacrioadenite acuta"
      }, {
        "code": "37502",
        "display": "Dacrioadenite cronica"
      }, {
        "code": "37503",
        "display": "Ingrandimento cronico della ghiandola lacrimale"
      }, {
        "code": "3751",
        "display": "Altre affezioni della ghiandola lacrimale"
      }, {
        "code": "37511",
        "display": "Cisti lacrimale"
      }, {
        "code": "37512",
        "display": "Altre cisti lacrimali e degenerazione cistica"
      }, {
        "code": "37513",
        "display": "Atrofia lacrimale primaria"
      }, {
        "code": "37514",
        "display": "Atrofia lacrimale secondaria"
      }, {
        "code": "37515",
        "display": "Insufficienza del film lacrimale, non specificata"
      }, {
        "code": "37516",
        "display": "Dislocazione della ghiandola lacrimale"
      }, {
        "code": "3752",
        "display": "Epifora"
      }, {
        "code": "37520",
        "display": "Epifora, causa non specificata"
      }, {
        "code": "37521",
        "display": "Epifora da eccesso di lacrimazione"
      }, {
        "code": "37522",
        "display": "Epifora da insufficiente drenaggio"
      }, {
        "code": "3753",
        "display": "Infiammazione acuta e non specificata delle vie lacrimali"
      }, {
        "code": "37530",
        "display": "Dacriocistite, non specificata"
      }, {
        "code": "37531",
        "display": "Canaliculite lacrimale acuta"
      }, {
        "code": "37532",
        "display": "Dacriocistite acuta"
      }, {
        "code": "37533",
        "display": "Dacriocistite flemmonosa"
      }, {
        "code": "3754",
        "display": "Infiammazione cronica delle vie lacrimali"
      }, {
        "code": "37541",
        "display": "Canaliculite cronica"
      }, {
        "code": "37542",
        "display": "Dacriocistite cronica"
      }, {
        "code": "37543",
        "display": "Mucocele lacrimale"
      }, {
        "code": "3755",
        "display": "Stenosi e insufficienza delle vie lacrimali"
      }, {
        "code": "37551",
        "display": "Eversione del puntino lacrimale"
      }, {
        "code": "37552",
        "display": "Stenosi del puntino lacrimale"
      }, {
        "code": "37553",
        "display": "Stenosi dei canalini lacrimali"
      }, {
        "code": "37554",
        "display": "Stenosi del sacco lacrimale"
      }, {
        "code": "37555",
        "display": "Ostruzione del dotto nasolacrimale, neonatale"
      }, {
        "code": "37556",
        "display": "Stenosi del dotto nasolacrimale acquisita"
      }, {
        "code": "37557",
        "display": "Dacriolito"
      }, {
        "code": "3756",
        "display": "Altre modificazioni delle vie lacrimali"
      }, {
        "code": "37561",
        "display": "Fistola lacrimale"
      }, {
        "code": "37569",
        "display": "Altre modificazioni delle vie lacrimali"
      }, {
        "code": "3758",
        "display": "Altre affezioni dell' apparato lacrimale"
      }, {
        "code": "37581",
        "display": "Granuloma delle vie lacrimali"
      }, {
        "code": "37589",
        "display": "Altre affezioni dell' apparato lacrimale"
      }, {
        "code": "3759",
        "display": "Affezioni dell' apparato lacrimale non specificate"
      } ]
    } ]
  }
}