{
  "resourceType": "ValueSet",
  "url": "http://hl7.org/fhir/sid/icd-9-cm-377",
  "version": "1.0",
  "name": "Diagnosi-Altre forme di cardiopatia ischemica cronica",
  "title": "Altre forme di cardiopatia ischemica cronica",
  "status": "active",
  "compose": {
    "include": [ {
      "system": "http://hl7.org/fhir/sid/icd-9-cm",
      "concept": [ {
        "code": "4140",
        "display": "Aterosclerosi coronarica"
      }, {
        "code": "41400",
        "display": "Aterosclerosi coronarica di vaso non specificato, nativo o bypass"
      }, {
        "code": "41401",
        "display": "Aterosclerosi coronarica di arteria coronarica nativa"
      }, {
        "code": "41402",
        "display": "Aterosclerosi coronarica di bypass venoso autologo"
      }, {
        "code": "41403",
        "display": "Aterosclerosi coronarica di bypass biologico non autologo"
      }, {
        "code": "41404",
        "display": "Aterosclerosi coronarica di bypass arterioso"
      }, {
        "code": "41405",
        "display": "Aterosclerosi coronarica di bypass non specificato"
      }, {
        "code": "41406",
        "display": "Aterosclerosi della coronaria nativa in cuore trapiantato"
      }, {
        "code": "41407",
        "display": "Di bypass (arteria) (vena) in un cuore trapiantato"
      }, {
        "code": "4141",
        "display": "Aneurisma e dissezione cardiaca"
      }, {
        "code": "41410",
        "display": "Aneurisma cardiaco (parete)"
      }, {
        "code": "41411",
        "display": "Aneurisma dei vasi coronarici"
      }, {
        "code": "41412",
        "display": "Dissezione dell' arteria coronarica"
      }, {
        "code": "41419",
        "display": "Altro aneurisma cardiaco"
      }, {
        "code": "4148",
        "display": "Altre forme specificate di cardiopatia ischemica cronica"
      }, {
        "code": "4149",
        "display": "Cardiopatia ischemica cronica non specificata"
      } ]
    } ]
  }
}