{
  "resourceType": "ValueSet",
  "url": "http://hl7.org/fhir/sid/icd-9-cm-799",
  "version": "1.0",
  "name": "Diagnosi-Ferita degli organi genitali (esterni), compresa l'amputazione traumatica",
  "title": "Ferita degli organi genitali (esterni), compresa l'amputazione traumatica",
  "status": "active",
  "compose": {
    "include": [ {
      "system": "http://hl7.org/fhir/sid/icd-9-cm",
      "concept": [ {
        "code": "8780",
        "display": "Pene, senza menzione di complicazioni"
      }, {
        "code": "8781",
        "display": "Pene, con complicazioni"
      }, {
        "code": "8782",
        "display": "Scroto e testicoli, senza menzione di complicazioni"
      }, {
        "code": "8783",
        "display": "Scroto e testicoli, con complicazioni"
      }, {
        "code": "8784",
        "display": "Vulva, senza menzione di complicazioni"
      }, {
        "code": "8785",
        "display": "Vulva, con complicazioni"
      }, {
        "code": "8786",
        "display": "Vagina, senza menzione di complicazioni"
      }, {
        "code": "8787",
        "display": "Vagina, con complicazioni"
      }, {
        "code": "8788",
        "display": "Altre e non specificate parti, senza menzione di complicazioni"
      }, {
        "code": "8789",
        "display": "Altre e non specificate parti, con complicazioni"
      } ]
    } ]
  }
}