{
  "resourceType": "ValueSet",
  "url": "http://hl7.org/fhir/sid/icd-9-cm-274",
  "version": "1.0",
  "name": "Diagnosi-Disturbi sessuali e di identita' di genere",
  "title": "Disturbi sessuali e di identita' di genere",
  "status": "active",
  "compose": {
    "include": [ {
      "system": "http://hl7.org/fhir/sid/icd-9-cm",
      "concept": [ {
        "code": "3020",
        "display": "Orientamento sessuale egodistonico"
      }, {
        "code": "3021",
        "display": "Zoofilia"
      }, {
        "code": "3022",
        "display": "Pedofilia"
      }, {
        "code": "3023",
        "display": "Feticismo di travestimento"
      }, {
        "code": "3024",
        "display": "Esibizionismo"
      }, {
        "code": "3025",
        "display": "Transessualismo"
      }, {
        "code": "30250",
        "display": "Con storia sessuale non specificata"
      }, {
        "code": "30251",
        "display": "Con storia asessuale"
      }, {
        "code": "30252",
        "display": "Con storia omosessuale"
      }, {
        "code": "30253",
        "display": "Con storia eterosessuale"
      }, {
        "code": "3026",
        "display": "Disturbo dell' identita' di genere nell'infanzia"
      }, {
        "code": "3027",
        "display": "Disfunzione psicosessuale"
      }, {
        "code": "30270",
        "display": "Disfunzione psicosessuale, non specificata"
      }, {
        "code": "30271",
        "display": "Disturbo del desiderio sessuale ipoattivo"
      }, {
        "code": "30272",
        "display": "Con eccitamento sessuale inibito"
      }, {
        "code": "30273",
        "display": "Disturbo dell' orgasmo femminile"
      }, {
        "code": "30274",
        "display": "Disturbo dell' orgasmo maschile"
      }, {
        "code": "30275",
        "display": "Eiaculazione precoce"
      }, {
        "code": "30276",
        "display": "Dispareunia psicogena"
      }, {
        "code": "30279",
        "display": "Con altre disfunzioni psicosessuali specificate"
      }, {
        "code": "3028",
        "display": "Altri disturbi psicosessuali specificati"
      }, {
        "code": "30281",
        "display": "Feticismo"
      }, {
        "code": "30282",
        "display": "Voyerismo"
      }, {
        "code": "30283",
        "display": "Masochismo sessuale"
      }, {
        "code": "30284",
        "display": "Sadismo sessuale"
      }, {
        "code": "30285",
        "display": "Disturbo dell' identita' di genere nell'adolescente o nell'adulto"
      }, {
        "code": "30289",
        "display": "Altri"
      }, {
        "code": "3029",
        "display": "Disturbo psicosessuale non specificato"
      } ]
    } ]
  }
}