{
  "resourceType": "ValueSet",
  "url": "http://hl7.org/fhir/sid/icd-9-cm-683",
  "version": "1.0",
  "name": "Diagnosi-Altre anomalie muscoloscheletriche congenite",
  "title": "Altre anomalie muscoloscheletriche congenite",
  "status": "active",
  "compose": {
    "include": [ {
      "system": "http://hl7.org/fhir/sid/icd-9-cm",
      "concept": [ {
        "code": "7560",
        "display": "Anomalie del cranio e delle ossa della faccia"
      }, {
        "code": "7561",
        "display": "Anomalie della colonna"
      }, {
        "code": "75610",
        "display": "Anomalie della colonna, non specificate"
      }, {
        "code": "75611",
        "display": "Spondilolisi, regione lombo-sacrale"
      }, {
        "code": "75612",
        "display": "Spondilolistesi"
      }, {
        "code": "75613",
        "display": "Assenza di vertebra, congenita"
      }, {
        "code": "75614",
        "display": "Emivertebra"
      }, {
        "code": "75615",
        "display": "Fusione della colonna [vertebrale], congenita"
      }, {
        "code": "75616",
        "display": "Sindrome di Klippel-Feil"
      }, {
        "code": "75617",
        "display": "Spina bifida occulta"
      }, {
        "code": "75619",
        "display": "Altro"
      }, {
        "code": "7562",
        "display": "Costola cervicale"
      }, {
        "code": "7563",
        "display": "Altre anomalie delle costole e dello sterno"
      }, {
        "code": "7564",
        "display": "Condrodistrofia"
      }, {
        "code": "7565",
        "display": "Osteodistrofie"
      }, {
        "code": "75650",
        "display": "Osteodistrofia, non specificata"
      }, {
        "code": "75651",
        "display": "Osteogenesi imperfetta"
      }, {
        "code": "75652",
        "display": "Osteopetrosi"
      }, {
        "code": "75653",
        "display": "Osteopoichilosi"
      }, {
        "code": "75654",
        "display": "Displasia fibrosa poliostotica dell' osso"
      }, {
        "code": "75655",
        "display": "Displasia condroectodermica"
      }, {
        "code": "75656",
        "display": "Displasia multipla epifisaria"
      }, {
        "code": "75659",
        "display": "Altro"
      }, {
        "code": "7566",
        "display": "Anomalie del diaframma"
      }, {
        "code": "7567",
        "display": "Anomalie della parete addominale"
      }, {
        "code": "75670",
        "display": "Anomalia della parete addominale, non specificata"
      }, {
        "code": "75671",
        "display": "Sindrome di Prune belly"
      }, {
        "code": "75679",
        "display": "Altre anomalie congenite della parete addominale"
      }, {
        "code": "7568",
        "display": "Altre anomalie specificate di muscoli, tendini, fascia e tessuto connettivo"
      }, {
        "code": "75681",
        "display": "Assenza di muscoli e tendini"
      }, {
        "code": "75682",
        "display": "Muscolo accessorio"
      }, {
        "code": "75683",
        "display": "Sindrome di Ehlers-Danlos"
      }, {
        "code": "75689",
        "display": "Altro"
      }, {
        "code": "7569",
        "display": "Altre e non specificate anomalie del sistema muscoloscheletrico"
      } ]
    } ]
  }
}