{
  "resourceType": "ValueSet",
  "url": "http://hl7.org/fhir/sid/icd-9-cm-582",
  "version": "1.0",
  "name": "Diagnosi-Altre manifestazioni morbose in atto della madre complicanti la gravidanza, il parto o il puerperio",
  "title": "Altre manifestazioni morbose in atto della madre complicanti la gravidanza, il parto o il puerperio",
  "status": "active",
  "compose": {
    "include": [ {
      "system": "http://hl7.org/fhir/sid/icd-9-cm",
      "concept": [ {
        "code": "6490",
        "display": "Malattia associata all'uso di tabacco complicante la gravidanza, il parto o il puerperio"
      }, {
        "code": "64900",
        "display": "Malattia associata all'uso di tabacco complicanti la gravidanza, il parto o il puerperio"
      }, {
        "code": "64901",
        "display": "Malattia associata all'uso di tabacco complicanti la gravidanza, il parto o il puerperio"
      }, {
        "code": "64902",
        "display": "Malattia associata all'uso di tabacco complicanti la gravidanza, il parto o il puerperio"
      }, {
        "code": "64903",
        "display": "Malattia associata all'uso di tabacco complicanti la gravidanza, il parto o il puerperio"
      }, {
        "code": "64904",
        "display": "Malattia associata all'uso di tabacco complicanti la gravidanza, il parto o il puerperio"
      }, {
        "code": "6491",
        "display": "Obesita' complicante la gravidanza, il parto o il puerperio"
      }, {
        "code": "64910",
        "display": "Obesita' complicante la gravidanza, il parto o il puerperio, episodio di cura non specificato"
      }, {
        "code": "64911",
        "display": "Obesita' complicante la gravidanza, il parto o il puerperio, parto, con o senza menzione della condizione antepartum"
      }, {
        "code": "64912",
        "display": "Obesita' complicante la gravidanza, il parto o il puerperio, parto, con menzione della complicazione postpartum"
      }, {
        "code": "64913",
        "display": "Obesita' complicante la gravidanza, il parto o il puerperio, condizione o complicazione antepartum"
      }, {
        "code": "64914",
        "display": "Obesita' complicante la gravidanza, il parto o il puerperio, condizione o complicazione postpartum"
      }, {
        "code": "6492",
        "display": "Chirurgia bariatrica complicante la gravidanza, il parto o il puerperio"
      }, {
        "code": "64920",
        "display": "Chirurgia bariatrica complicante la gravidanza, il parto o il puerperio, episodio di cura non specificato"
      }, {
        "code": "64921",
        "display": "Chirurgia bariatrica complicante la gravidanza, il parto o il puerperio, parto, con o senza menzione della condizione antepartum"
      }, {
        "code": "64922",
        "display": "Chirurgia bariatrica complicante la gravidanza, il parto o il puerperio, parto, con menzione della complicazione postpartum"
      }, {
        "code": "64923",
        "display": "Chirurgia bariatrica complicante la gravidanza, il parto o il puerperio, condizione o complicazione antepartum"
      }, {
        "code": "64924",
        "display": "Chirurgia bariatrica complicante la gravidanza, il parto o il puerperio, condizione o complicazione postpartum"
      }, {
        "code": "6493",
        "display": "Deficit di coagulazione complicanti la gravidanza, il parto o il puerperio"
      }, {
        "code": "64930",
        "display": "Deficit di coagulazione complicanti la gravidanza, il parto o il puerperio, episodio di cura non speficicato"
      }, {
        "code": "64931",
        "display": "Deficit di coagulazione complicanti la gravidanza, il parto o il puerperio, parto, con o senza menzione della condizione antepartum"
      }, {
        "code": "64932",
        "display": "Deficit di coagulazione complicanti la gravidanza, il parto o il puerperio, parto, con menzione della complicazione postpartum"
      }, {
        "code": "64933",
        "display": "Deficit di coagulazione complicanti la gravidanza, il parto o il puerperio, condizione o complicazione antepartum"
      }, {
        "code": "64934",
        "display": "Deficit di coagulazione complicanti la gravidanza, il parto o il puerperio, condizione o complicazione postpartum"
      }, {
        "code": "6494",
        "display": "Epilessia complicante la gravidanza, il parto o il puerperio"
      }, {
        "code": "64940",
        "display": "Epilessia complicante la gravidanza, il parto o il puerperio, episodio di cura non specificato"
      }, {
        "code": "64941",
        "display": "Epilessia complicante la gravidanza, il parto o il puerperio, parto, con o senza menzione della condizione antepartum"
      }, {
        "code": "64942",
        "display": "Epilessia complicante la gravidanza, il parto o il puerperio, parto, con menzione della complicazione postpartum"
      }, {
        "code": "64943",
        "display": "Epilessia complicante la gravidanza, il parto o il puerperio, condizione o complicazione antepartum"
      }, {
        "code": "64944",
        "display": "Epilessia complicante la gravidanza, il parto o il puerperio, condizione o complicazione postpartum"
      }, {
        "code": "6495",
        "display": "Spotting complicante la gravidanza]"
      }, {
        "code": "64950",
        "display": "Spotting complicante la gravidanza, episodio di cura non specificato"
      }, {
        "code": "64951",
        "display": "Spotting complicante la gravidanza, parto, con o senza menzione della condizione antepartum"
      }, {
        "code": "64953",
        "display": "Spotting complicante la gravidanza, condizione o complicazione antepartum"
      }, {
        "code": "6496",
        "display": "Discrepanza fra eta' gestazionale e volume uterino"
      }, {
        "code": "64960",
        "display": "Discrepanza fra eta' gestazionale e volume uterino, episodio di cura non specificato"
      }, {
        "code": "64961",
        "display": "Discrepanza fra eta' gestazionale e volume uterino, parto, con o senza menzione della condizione antepartum"
      }, {
        "code": "64962",
        "display": "Discrepanza fra eta' gestazionale e volume uterino, parto, con menzione della complicazione postpartum"
      }, {
        "code": "64963",
        "display": "Discrepanza fra eta' gestazionale e volume uterino, condizione o complicazione antepartum"
      }, {
        "code": "64964",
        "display": "Discrepanza fra eta' gestazionale e volume uterino, condizione o complicazione postpartum"
      } ]
    } ]
  }
}