{
  "resourceType": "ValueSet",
  "url": "http://hl7.org/fhir/sid/icd-9-cm-812",
  "version": "1.0",
  "name": "Diagnosi-Ferita delle dita del piede",
  "title": "Ferita delle dita del piede",
  "status": "active",
  "compose": {
    "include": [ {
      "system": "http://hl7.org/fhir/sid/icd-9-cm",
      "concept": [ {
        "code": "8930",
        "display": "Ferita delle dita del piede senza menzione di complicazioni"
      }, {
        "code": "8931",
        "display": "Ferita delle dita del piede con complicazioni"
      }, {
        "code": "8932",
        "display": "Ferita delle dita del piede con interessamento dei tendini"
      } ]
    } ]
  }
}