{
  "resourceType": "ValueSet",
  "url": "http://hl7.org/fhir/sid/icd-9-cm-886",
  "version": "1.0",
  "name": "Diagnosi-Avvelenamento da sostanze psicotrope",
  "title": "Avvelenamento da sostanze psicotrope",
  "status": "active",
  "compose": {
    "include": [ {
      "system": "http://hl7.org/fhir/sid/icd-9-cm",
      "concept": [ {
        "code": "9690",
        "display": "Avvelenamento da antidepressivi"
      }, {
        "code": "9691",
        "display": "Avvelenamento da tranquillanti a base di fenotiazina"
      }, {
        "code": "9692",
        "display": "Avvelenamento da tranquillanti a base di butirrofenone"
      }, {
        "code": "9693",
        "display": "Avvelenamento da altri antipsicotici, neurolettici e tranquillanti maggiori"
      }, {
        "code": "9694",
        "display": "Avvelenamento da tranquillanti a base di benzodiazepina"
      }, {
        "code": "9695",
        "display": "Avvelenamento da altri tranquillanti"
      }, {
        "code": "9696",
        "display": "Avvelenamento da psicodisleptici (allucinogeni)"
      }, {
        "code": "9697",
        "display": "Avvelenamento da psicostimolanti"
      }, {
        "code": "9698",
        "display": "Avvelenamento da altre sostanze psicotrope specificate"
      }, {
        "code": "9699",
        "display": "Avvelenamento da sostanze psicotrope non specificate"
      } ]
    } ]
  }
}