{
  "resourceType": "ValueSet",
  "url": "http://hl7.org/fhir/sid/icd-9-cm-852",
  "version": "1.0",
  "name": "Diagnosi-Corpo estraneo nella bocca, nell'esofago e nello stomaco",
  "title": "Corpo estraneo nella bocca, nell'esofago e nello stomaco",
  "status": "active",
  "compose": {
    "include": [ {
      "system": "http://hl7.org/fhir/sid/icd-9-cm",
      "concept": [ {
        "code": "9350",
        "display": "Corpo estraneo nella bocca"
      }, {
        "code": "9351",
        "display": "Corpo estraneo nell'esofago"
      }, {
        "code": "9352",
        "display": "Corpo estraneo nello stomaco"
      } ]
    } ]
  }
}