{
  "resourceType": "ValueSet",
  "url": "http://hl7.org/fhir/sid/icd-9-cm-471",
  "version": "1.0",
  "name": "Diagnosi-Anomalie odontofacciali, inclusa la malocclusione",
  "title": "Anomalie odontofacciali, inclusa la malocclusione",
  "status": "active",
  "compose": {
    "include": [ {
      "system": "http://hl7.org/fhir/sid/icd-9-cm",
      "concept": [ {
        "code": "5240",
        "display": "Gravi anomalie di misura della mascella (inferiore o superiore)"
      }, {
        "code": "52400",
        "display": "Anomalia non specificata"
      }, {
        "code": "52401",
        "display": "Iperplasia della mascella superiore"
      }, {
        "code": "52402",
        "display": "Iperplasia mandibolare"
      }, {
        "code": "52403",
        "display": "Ipoplasia della mascella superiore"
      }, {
        "code": "52404",
        "display": "ipoplasia mandibolare"
      }, {
        "code": "52405",
        "display": "Macrogenia"
      }, {
        "code": "52406",
        "display": "Microgenia"
      }, {
        "code": "52407",
        "display": "Eccessiva tuberosita' della mascella (inferiore o superiore)"
      }, {
        "code": "52409",
        "display": "Altra anomalia specificata"
      }, {
        "code": "5241",
        "display": "Anomalie nei rapporti tra mascella e base del cranio"
      }, {
        "code": "52410",
        "display": "Anomalia non specificata"
      }, {
        "code": "52411",
        "display": "Asimmetria della mascella superiore"
      }, {
        "code": "52412",
        "display": "Altra asimmetria della mascella (inferiore o superiore)"
      }, {
        "code": "52419",
        "display": "Altra anomalia specificata"
      }, {
        "code": "5242",
        "display": "Anomalie nei rapporti dell' arco dentale"
      }, {
        "code": "52420",
        "display": "Anomalie non specificate nei rapporti dell' arcata dentale"
      }, {
        "code": "52421",
        "display": "Malocclusione, classe di Angle I"
      }, {
        "code": "52422",
        "display": "Malocclusione, classe di Angle II"
      }, {
        "code": "52423",
        "display": "Malocclusione, classe di Angle III"
      }, {
        "code": "52424",
        "display": "Rapporto occlusale aperto anteriore"
      }, {
        "code": "52425",
        "display": "Rapporto occlusale aperto posteriore"
      }, {
        "code": "52426",
        "display": "Eccessivo accavallamento orizzontale"
      }, {
        "code": "52427",
        "display": "Articolazione inversa"
      }, {
        "code": "52428",
        "display": "Anomalie della distanza tra le arcate"
      }, {
        "code": "52429",
        "display": "Altre anomalie dei rapporti dell' arcata dentale"
      }, {
        "code": "5243",
        "display": "Anomalie di posizione del dente di denti totalmente erotti"
      }, {
        "code": "52430",
        "display": "Anomalie della posizione dei denti non specificata"
      }, {
        "code": "52431",
        "display": "Affollamento dei denti"
      }, {
        "code": "52432",
        "display": "Eccessiva spaziatura dei denti"
      }, {
        "code": "52433",
        "display": "Spostamento orizzontale dei denti"
      }, {
        "code": "52434",
        "display": "Spostamento verticale dei denti"
      }, {
        "code": "52435",
        "display": "Rotazione del dente/dei denti"
      }, {
        "code": "52436",
        "display": "Insufficiente distanza interocclusale dei denti (cresta)"
      }, {
        "code": "52437",
        "display": "Eccessiva distanza interocclusale dei denti"
      }, {
        "code": "52439",
        "display": "Altre anomalie della posizione dei denti"
      }, {
        "code": "5244",
        "display": "Malocclusione, non specificata"
      }, {
        "code": "5245",
        "display": "Anomalie della funzionalita' odontofacciale"
      }, {
        "code": "52450",
        "display": "Anomalie della funzionalita' odontofacciale"
      }, {
        "code": "52451",
        "display": "Anomala chiusura della mandibola"
      }, {
        "code": "52452",
        "display": "Limitato spazio di movimento della mandibola"
      }, {
        "code": "52453",
        "display": "Deviazione nell'apertura e nella chiusura della mandibola"
      }, {
        "code": "52454",
        "display": "Insufficiente orientamento anteriore"
      }, {
        "code": "52455",
        "display": "Discrepanza di occlusione centrica in massima intercuspidazione"
      }, {
        "code": "52456",
        "display": "Interferenza del lato non lavorante"
      }, {
        "code": "52457",
        "display": "Mancanza del supporto occlusale posteriore"
      }, {
        "code": "52459",
        "display": "Altre anomalie funzionali odontofacciali"
      }, {
        "code": "5246",
        "display": "Disturbi dell' articolazione temporomandibolare"
      }, {
        "code": "52460",
        "display": "Disturbi dell' articolazione temporomandibolare, non specificati"
      }, {
        "code": "52461",
        "display": "Adesioni e anchilosi (ossea o fibrosa)"
      }, {
        "code": "52462",
        "display": "Dolore dell' articolazione temporomandibolare"
      }, {
        "code": "52463",
        "display": "Disturbo del disco articolare (ridotto o non-ridotto)"
      }, {
        "code": "52464",
        "display": "Rumori dell' articolazione temporomandibolare nell'apertura e/o chiusura della mandibola"
      }, {
        "code": "52469",
        "display": "Altri disturbi specificati dell' articolazione temporomandibolare"
      }, {
        "code": "5247",
        "display": "Anomalie dell' alveolo dentario"
      }, {
        "code": "52470",
        "display": "Anomalia alveolare non specificata"
      }, {
        "code": "52471",
        "display": "Iperplasia alveolare della mascella"
      }, {
        "code": "52472",
        "display": "Iperplasia alveolare della mandibola"
      }, {
        "code": "52473",
        "display": "Ipoplasia alveolare della mascella"
      }, {
        "code": "52474",
        "display": "Ipoplasia alveolare della mandibola"
      }, {
        "code": "52475",
        "display": "Spostamento verticale dell' alveolo e dei denti"
      }, {
        "code": "52476",
        "display": "Deviazione del piano occlusale"
      }, {
        "code": "52479",
        "display": "Altra anomalia alveolare specificata"
      }, {
        "code": "5248",
        "display": "Altre anomalie odontofacciali specificate"
      }, {
        "code": "52481",
        "display": "Lesione dei tessuti molli anteriori"
      }, {
        "code": "52482",
        "display": "Lesione dei tessuti molli posteriori"
      }, {
        "code": "52489",
        "display": "Altre anomalie odontofacciali specificate"
      }, {
        "code": "5249",
        "display": "Anomalie odontofacciali non specificate"
      } ]
    } ]
  }
}