{
  "resourceType": "ValueSet",
  "url": "http://hl7.org/fhir/sid/icd-9-cm-265",
  "version": "1.0",
  "name": "Diagnosi-Disturbi psichici transitori da condizioni patologiche classificate altrove",
  "title": "Disturbi psichici transitori da condizioni patologiche classificate altrove",
  "status": "active",
  "compose": {
    "include": [ {
      "system": "http://hl7.org/fhir/sid/icd-9-cm",
      "concept": [ {
        "code": "2930",
        "display": "Delirium da condizioni patologiche classificate altrove"
      }, {
        "code": "2931",
        "display": "Delirium subacuto"
      }, {
        "code": "2938",
        "display": "Altri disturbi mentali transitori specificati da condizioni patologiche classificate altrove"
      }, {
        "code": "29381",
        "display": "Disturbo psicotico con deliri in condizioni patologiche classificate altrove"
      }, {
        "code": "29382",
        "display": "Disturbo psicotico con allucinazioni in condizioni patologiche classificate altrove"
      }, {
        "code": "29383",
        "display": "Disturbo dell' umore in condizioni patologiche classificate altrove"
      }, {
        "code": "29384",
        "display": "Disturbo d'ansia in condizioni patologiche classificate altrove"
      }, {
        "code": "29389",
        "display": "Altri"
      }, {
        "code": "2939",
        "display": "Disturbi mentali transitori non specificati in condizioni patologiche classificate altrove"
      } ]
    } ]
  }
}