{
  "resourceType": "ValueSet",
  "url": "http://hl7.org/fhir/sid/icd-9-cm-739",
  "version": "1.0",
  "name": "Diagnosi-Frattura dell' omero",
  "title": "Frattura dell' omero",
  "status": "active",
  "compose": {
    "include": [ {
      "system": "http://hl7.org/fhir/sid/icd-9-cm",
      "concept": [ {
        "code": "8120",
        "display": "Frattura chiusa dell' estremita' prossimale dell' omero"
      }, {
        "code": "81200",
        "display": "Frattura chiusa di parte non specificata dell' estremita' prossimale dell' omero"
      }, {
        "code": "81201",
        "display": "Frattura chiusa del collo chirurgico dell' omero"
      }, {
        "code": "81202",
        "display": "Frattura chiusa del collo anatomico dell' omero"
      }, {
        "code": "81203",
        "display": "Frattura chiusa della grande tuberosita' dell' omero"
      }, {
        "code": "81209",
        "display": "Altre fratture chiuse dell' estremita' prossimale dell' omero"
      }, {
        "code": "8121",
        "display": "Frattura esposta dell' estremita' prossimale dell' omero"
      }, {
        "code": "81210",
        "display": "Frattura esposta di parte non specificata dell' estremita' prossimale dell' omero"
      }, {
        "code": "81211",
        "display": "Frattura esposta del collo chirurgico dell' omero"
      }, {
        "code": "81212",
        "display": "Frattura esposta del collo anatomico dell' omero"
      }, {
        "code": "81213",
        "display": "Frattura esposta della grande tuberosita' dell' omero"
      }, {
        "code": "81219",
        "display": "Altre fratture esposte dell' estremita' prossimale dell' omero"
      }, {
        "code": "8122",
        "display": "Frattura chiusa del corpo o di parte non specificata dell' omero"
      }, {
        "code": "81220",
        "display": "Frattura chiusa di parte non specificata dell' omero"
      }, {
        "code": "81221",
        "display": "Frattura chiusa del corpo dell' omero"
      }, {
        "code": "8123",
        "display": "Frattura esposta del corpo o di parte non specificata dell' omero"
      }, {
        "code": "81230",
        "display": "Frattura esposta di parte non specificata dell' omero"
      }, {
        "code": "81231",
        "display": "Frattura esposta del corpo dell' omero"
      }, {
        "code": "8124",
        "display": "Frattura chiusa dell' estremita' distale dell' omero"
      }, {
        "code": "81240",
        "display": "Frattura chiusa di parte non specificata dell' estremita' distale dell' omero"
      }, {
        "code": "81241",
        "display": "Frattura chiusa sopracondilare dell' omero"
      }, {
        "code": "81242",
        "display": "Frattura chiusa dell' epicondilo dell' omero"
      }, {
        "code": "81243",
        "display": "Frattura chiusa dell' epitroclea dell' omero"
      }, {
        "code": "81244",
        "display": "Frattura chiusa di condilo omerale non specificato"
      }, {
        "code": "81249",
        "display": "Altre fratture chiuse dell' estremita' distale dell' omero"
      }, {
        "code": "8125",
        "display": "Frattura esposta dell' estremita' distale dell' omero"
      }, {
        "code": "81250",
        "display": "Frattura esposta di parte non specificata dell' estremita' distale dell' omero"
      }, {
        "code": "81251",
        "display": "Frattura esposta sopracondilare dell' omero"
      }, {
        "code": "81252",
        "display": "Frattura esposta dell' epicondilo dell' omero"
      }, {
        "code": "81253",
        "display": "Frattura esposta dell' epitroclea dell' omero"
      }, {
        "code": "81254",
        "display": "Frattura esposta di condilo omerale non specificato"
      }, {
        "code": "81259",
        "display": "Altra frattura esposta dell' estremita' distale dell' omero"
      } ]
    } ]
  }
}