{
  "resourceType": "ValueSet",
  "url": "http://hl7.org/fhir/sid/icd-9-cm-254",
  "version": "1.0",
  "name": "Diagnosi-Anemie emolitiche ereditarie",
  "title": "Anemie emolitiche ereditarie",
  "status": "active",
  "compose": {
    "include": [ {
      "system": "http://hl7.org/fhir/sid/icd-9-cm",
      "concept": [ {
        "code": "2820",
        "display": "Sferocitosi ereditaria"
      }, {
        "code": "2821",
        "display": "Ellissocitosi ereditaria"
      }, {
        "code": "2822",
        "display": "Anemia da disturbi del metabolismo del glutatione"
      }, {
        "code": "2823",
        "display": "Altre anemie emolitiche da carenza enzimatica"
      }, {
        "code": "2824",
        "display": "Talassemie"
      }, {
        "code": "28241",
        "display": "Talassemia falciforme senza crisi"
      }, {
        "code": "28242",
        "display": "Talassemia falciforme con crisi"
      }, {
        "code": "28249",
        "display": "Altre talassemie"
      }, {
        "code": "2825",
        "display": "Portatore di tratto falcemico"
      }, {
        "code": "2826",
        "display": "Malattia a cellule falciformi"
      }, {
        "code": "28260",
        "display": "Malattia a cellule falciformi, non specificata"
      }, {
        "code": "28261",
        "display": "Emoglobinopatia -SS senza crisi"
      }, {
        "code": "28262",
        "display": "Emoglobinopatia -SS con crisi"
      }, {
        "code": "28263",
        "display": "Malattia a cellule falciformi/emoglobinopatia"
      }, {
        "code": "28264",
        "display": "Malattia a cellule falciformi/emoglobinopatia"
      }, {
        "code": "28268",
        "display": "Altre malattie a cellule falciformi senza crisi"
      }, {
        "code": "28269",
        "display": "Altre malattie a cellule falciformi con crisi"
      }, {
        "code": "2827",
        "display": "Altre emoglobinopatie"
      }, {
        "code": "2828",
        "display": "Altre anemie emolitiche ereditarie specificate"
      }, {
        "code": "2829",
        "display": "Anemia emolitica ereditaria, non specificata"
      } ]
    } ]
  }
}