{
  "resourceType": "ValueSet",
  "url": "http://hl7.org/fhir/sid/icd-9-cm-7",
  "version": "1.0",
  "name": "Diagnosi-Altre malattie intestinali da protozoi",
  "title": "Altre malattie intestinali da protozoi",
  "status": "active",
  "compose": {
    "include": [ {
      "system": "http://hl7.org/fhir/sid/icd-9-cm",
      "concept": [ {
        "code": "0070",
        "display": "Balantidiasi"
      }, {
        "code": "0071",
        "display": "Giardiasi"
      }, {
        "code": "0072",
        "display": "Coccidiosi"
      }, {
        "code": "0073",
        "display": "Tricomoniasi intestinale"
      }, {
        "code": "0074",
        "display": "Criptosporidiosi"
      }, {
        "code": "0075",
        "display": "Ciclosporiasi"
      }, {
        "code": "0078",
        "display": "Altre malattie intestinali da protozoi"
      }, {
        "code": "0079",
        "display": "Malattia intestinale non specificata da protozoi"
      } ]
    } ]
  }
}