{
  "resourceType": "ValueSet",
  "url": "http://hl7.org/fhir/sid/icd-9-cm-222",
  "version": "1.0",
  "name": "Diagnosi-Diabete mellito",
  "title": "Diabete mellito",
  "status": "active",
  "compose": {
    "include": [ {
      "system": "http://hl7.org/fhir/sid/icd-9-cm",
      "concept": [ {
        "code": "2500",
        "display": "Diabete mellito senza menzione di complicazioni"
      }, {
        "code": "25000",
        "display": "Diabete mellito, tipo II o non specificato, non definito se scompensato, senza menzione di complicazioni"
      }, {
        "code": "25001",
        "display": "Diabete mellito, tipo I (diabete giovanile), non definito se scompensato, senza menzione di complicazioni"
      }, {
        "code": "25002",
        "display": "Diabete mellito, tipo II o non specificato, scompensato, senza menzione di complicazioni"
      }, {
        "code": "25003",
        "display": "Diabete mellito, tipo I (diabete giovanile), scompensato"
      }, {
        "code": "2501",
        "display": "Diabete con chetoacidosi"
      }, {
        "code": "25010",
        "display": "Diabete con chetoacidosi, tipo II o non specificato, non definito se scompensato"
      }, {
        "code": "25011",
        "display": "Diabete con chetoacidosi, tipo I (diabete giovanile), non definito se scompensato"
      }, {
        "code": "25012",
        "display": "Diabete con chetoacidosi, tipo II o non specificato, scompensato"
      }, {
        "code": "25013",
        "display": "Diabete con chetoacidosi, tipo I (diabete giovanile), scompensato"
      }, {
        "code": "2502",
        "display": "Diabete con iperosmolarita'"
      }, {
        "code": "25020",
        "display": "Diabete con iperosmolarita', tipo II o non specificato, non definito se scompensato"
      }, {
        "code": "25021",
        "display": "Diabete con iperosmolarita', tipo I (diabete giovanile), non definito se scompensato"
      }, {
        "code": "25022",
        "display": "Diabete con iperosmolarita', tipo II o non specificato, scompensato"
      }, {
        "code": "25023",
        "display": "Diabete con iperosmolarita', tipo I (diabete giovanile), scompensato"
      }, {
        "code": "2503",
        "display": "Diabete con altri tipi di coma"
      }, {
        "code": "25030",
        "display": "Diabete con altri tipi di coma, tipo II o non specificato, non definito se scompensato"
      }, {
        "code": "25031",
        "display": "Diabete con altri tipi di coma, tipo I (diabete giovanile), non definito se scompensato"
      }, {
        "code": "25032",
        "display": "Diabete con altri tipi di coma, tipo II o non specificato, scompensato"
      }, {
        "code": "25033",
        "display": "Diabete con altri tipi di coma, tipo I (diabete giovanile), scompensato"
      }, {
        "code": "2504",
        "display": "Diabete con complicazioni renali"
      }, {
        "code": "25040",
        "display": "Diabete tipo II o non specificato, non definito se scompensato, con complicazioni renali"
      }, {
        "code": "25041",
        "display": "Diabete tipo I (diabete giovanile), non definito se scompensato, con complicazioni renali"
      }, {
        "code": "25042",
        "display": "Diabete tipo II o non specificato, scompensato, con complicazioni renali"
      }, {
        "code": "25043",
        "display": "Diabete tipo I (diabete giovanile), scompensato, con complicanze renali"
      }, {
        "code": "2505",
        "display": "Diabete con complicazioni oculari"
      }, {
        "code": "25050",
        "display": "Diabete tipo II o non specificato, non definito se controllato, con complicazioni oculari"
      }, {
        "code": "25051",
        "display": "Diabete tipo I (diabete giovanile), non definito se controllato, con complicazioni oculari"
      }, {
        "code": "25052",
        "display": "Diabete tipo II o non specificato, scompensato, con complicazioni oculari"
      }, {
        "code": "25053",
        "display": "Diabete tipo I (diabete giovanile), scompensato, con complicazioni oculari"
      }, {
        "code": "2506",
        "display": "Diabete con complicazioni neurologiche"
      }, {
        "code": "25060",
        "display": "Diabete tipo II o non specificato, non definito se scompensato, con complicazioni neurologiche"
      }, {
        "code": "25061",
        "display": "Diabete tipo I (diabete giovanile), non definito se scompensato, con complicazioni neurologiche"
      }, {
        "code": "25062",
        "display": "Diabete tipo II o non specificato, scompensato, con complicazioni neurologiche"
      }, {
        "code": "25063",
        "display": "Diabete tipo I (diabete giovanile), scompensato, con complicazioni neurologiche"
      }, {
        "code": "2507",
        "display": "Diabete con complicazioni circolatorie periferiche"
      }, {
        "code": "25070",
        "display": "Diabete tipo II o non specificato, non definito se scompensato, con complicazioni circolatorie periferiche"
      }, {
        "code": "25071",
        "display": "Diabete tipo I (diabete giovanile), non definito se scompensato, con complicazioni circolatorie periferiche"
      }, {
        "code": "25072",
        "display": "Diabete tipo II o non specificato, scompensato, con complicazioni circolatorie periferiche"
      }, {
        "code": "25073",
        "display": "Diabete tipo I (diabete giovanile), scompensato, con complicazioni circolatorie periferiche"
      }, {
        "code": "2508",
        "display": "Diabete con altre complicazioni specificate"
      }, {
        "code": "25080",
        "display": "Diabete tipo II o non specificato, non definito se scompensato, con altre complicazioni specificate"
      }, {
        "code": "25081",
        "display": "Diabete tipo I (diabete giovanile), non definito se scompensato, con altre complicazioni specificate"
      }, {
        "code": "25082",
        "display": "Diabete tipo II o non specificato, scompensato, con altre complicazioni specificate"
      }, {
        "code": "25083",
        "display": "Diabete tipo I (diabete giovanile), scompensato, con complicazioni specificate"
      }, {
        "code": "2509",
        "display": "Diabete con complicazioni non specificate"
      }, {
        "code": "25090",
        "display": "Diabete tipo II o non specificato, non definito se scompensato, con complicazioni non specificate"
      }, {
        "code": "25091",
        "display": "Diabete tipo I (diabete giovanile), non definito se scompensato, con complicazioni non specificate"
      }, {
        "code": "25092",
        "display": "Diabete tipo II o non specificato, scompensato, con complicazioni non specificate"
      }, {
        "code": "25093",
        "display": "Diabete tipo I (diabete giovanile), scompensato, con complicazioni non specificate"
      } ]
    } ]
  }
}