{
  "resourceType": "ValueSet",
  "url": "http://hl7.org/fhir/sid/icd-9-cm-968",
  "version": "1.0",
  "name": "Diagnosi-Collocazione e sistemazione di altri dispositivi",
  "title": "Collocazione e sistemazione di altri dispositivi",
  "status": "active",
  "compose": {
    "include": [ {
      "system": "http://hl7.org/fhir/sid/icd-9-cm",
      "concept": [ {
        "code": "V530",
        "display": "Collocazione e sistemazione di dispositivi relativi al sistema nervoso e agli organi di senso"
      }, {
        "code": "V5301",
        "display": "Collocazione e sistemazione di shunt (comunicazione) ventricolare cerebrale"
      }, {
        "code": "V5302",
        "display": "Neuropacemaker (cervello) (sistema nervoso periferico) (midollo spinale)"
      }, {
        "code": "V5309",
        "display": "Collocazione e sistemazione di altri dispositivi relativi al sistema nervoso e agli organi di senso"
      }, {
        "code": "V531",
        "display": "Collocazione e sistemazione di occhiali e lenti a contatto"
      }, {
        "code": "V532",
        "display": "Collocazione e sistemazione di apparecchio uditivo"
      }, {
        "code": "V533",
        "display": "Collocazione e sistemazione di dispositivo cardiaco"
      }, {
        "code": "V5331",
        "display": "Collocazione e sistemazione di stimolatore cardiaco"
      }, {
        "code": "V5332",
        "display": "Collocazione e sistemazione di defibrillatore cardiaco automatico impiantabile"
      }, {
        "code": "V5339",
        "display": "Collocazione e sistemazione di altro dispositivo cardiaco"
      }, {
        "code": "V534",
        "display": "Collocazione e sistemazione di apparecchi ortodontici"
      }, {
        "code": "V535",
        "display": "Collocazione e sistemazione di ileostomia o altro dispositivo intestinale"
      }, {
        "code": "V536",
        "display": "Collocazione e sistemazione di dispositivi urinari"
      }, {
        "code": "V537",
        "display": "Collocazione e sistemazione di apparecchi ortopedici"
      }, {
        "code": "V538",
        "display": "Collocazione e sistemazione di sedia a rotelle"
      }, {
        "code": "V539",
        "display": "Collocazione e sistemazione di altro e non specificato dispositivo"
      }, {
        "code": "V5390",
        "display": "Dispositivo non specificato"
      }, {
        "code": "V5391",
        "display": "Collocazione e sistemazione di pompa d'insulina"
      }, {
        "code": "V5399",
        "display": "Altro dispositivo"
      } ]
    } ]
  }
}