{
  "resourceType": "ValueSet",
  "url": "http://hl7.org/fhir/sid/icd-9-cm-299",
  "version": "1.0",
  "name": "Diagnosi-Disturbi organici del sonno",
  "title": "Disturbi organici del sonno",
  "status": "active",
  "compose": {
    "include": [ {
      "system": "http://hl7.org/fhir/sid/icd-9-cm",
      "concept": [ {
        "code": "3270",
        "display": "Disturbi organici dell' induzione e del mantenimento del sonno [insonnia organica]"
      }, {
        "code": "32700",
        "display": "Insonnia organica non specificata"
      }, {
        "code": "32701",
        "display": "Insonnia dovuta a condizioni mediche classificate altrove"
      }, {
        "code": "32702",
        "display": "Insonnia dovuta a disturbi psichici"
      }, {
        "code": "32709",
        "display": "Altra insonnia organica"
      }, {
        "code": "3271",
        "display": "Disturbi organici da eccessiva sonnolenza [ipersonnia organica]"
      }, {
        "code": "32710",
        "display": "Ipersonnia organica non specificata"
      }, {
        "code": "32711",
        "display": "Ipersonnia idiopatica con episodi di sonno prolungato"
      }, {
        "code": "32712",
        "display": "Ipersonnia idiopatica senza episodi di sonno prolungato"
      }, {
        "code": "32713",
        "display": "Ipersonnia ricorrente"
      }, {
        "code": "32714",
        "display": "Ipersonnia dovutaacondizionimediche classificatealtrove"
      }, {
        "code": "32715",
        "display": "Ipersonnia dovuta a disturbi psichici"
      }, {
        "code": "32719",
        "display": "Altre ipersonnie organiche"
      }, {
        "code": "3272",
        "display": "Apnea nel sonno di tipo organico"
      }, {
        "code": "32720",
        "display": "Apnea nel sonno di tipo organico non specificata"
      }, {
        "code": "32721",
        "display": "Apnea nel sonno primaria centrale"
      }, {
        "code": "32722",
        "display": "Respiro periodico da elevate altitudini"
      }, {
        "code": "32723",
        "display": "Apnea ostruttiva nel sonno (dell' adulto) (pediatrica)"
      }, {
        "code": "32724",
        "display": "Apnea idiopatica correlata a ipoventilazione alveolare non ostruttiva"
      }, {
        "code": "32725",
        "display": "Sindrome congenita da ipoventilazione alveolare centrale"
      }, {
        "code": "32726",
        "display": "Ipoventilazione/ipossiemia correlate al sonno in malattie classificabili altrove"
      }, {
        "code": "32727",
        "display": "Apnea del sonno di tipo centrale in malattie classificabili altrove"
      }, {
        "code": "32729",
        "display": "Altre apnee nel sonno organiche"
      }, {
        "code": "3273",
        "display": "Disturbi del ritmo circadiano del sonno"
      }, {
        "code": "32730",
        "display": "Disturbo non specificato del ritmo circadiano del sonno"
      }, {
        "code": "32731",
        "display": "Disturbo del ritmo circadiano del sonno, tipo a fase di sonno ritardata"
      }, {
        "code": "32732",
        "display": "Disturbo del ritmo circadiano del sonno, tipo a fase di sonno avanzata"
      }, {
        "code": "32733",
        "display": "Disturbo del ritmo circadiano del sonno, tipo a irregolare pattern sonno veglia"
      }, {
        "code": "32734",
        "display": "Disturbo del ritmo circadiano del sonno, tipo a ritmo sonno-veglia diverso da 24 ore"
      }, {
        "code": "32735",
        "display": "Disturbo del ritmo circadiano del sonno, tipo jet lag"
      }, {
        "code": "32736",
        "display": "Disturbo del ritmo circadiano del sonno, tipo da turni lavorativi"
      }, {
        "code": "32737",
        "display": "Disturbo del ritmo circadiano del sonno in malattie classificate altrove"
      }, {
        "code": "32739",
        "display": "Altro disturbo del ritmo circadiano del sonno"
      }, {
        "code": "3274",
        "display": "Parasonnia organica"
      }, {
        "code": "32740",
        "display": "Parasonnia organica non specificata"
      }, {
        "code": "32741",
        "display": "Risvegli confusionali"
      }, {
        "code": "32742",
        "display": "Disordini comportamentali in fase"
      }, {
        "code": "32743",
        "display": "Paralisi ricorrente isolata nel sonno"
      }, {
        "code": "32744",
        "display": "Parasonnia in malattie classificate altrove"
      }, {
        "code": "32749",
        "display": "Altre parasonnie organiche"
      }, {
        "code": "3275",
        "display": "Disturbi organici del movimento correlati al sonno"
      }, {
        "code": "32751",
        "display": "Disturbo da movimenti periodici degli arti"
      }, {
        "code": "32752",
        "display": "Crampi alle gambe correlati al sonno"
      }, {
        "code": "32753",
        "display": "Bruxismo correlato al sonno"
      }, {
        "code": "32759",
        "display": "Altri disturbi organici del movimento correlati al sonno"
      }, {
        "code": "3278",
        "display": "Altri disturbi organici del sonno"
      } ]
    } ]
  }
}