{
  "resourceType": "ValueSet",
  "url": "http://hl7.org/fhir/sid/icd-9-cm-753",
  "version": "1.0",
  "name": "Diagnosi-Frattura di una o piu' falangi del piede",
  "title": "Frattura di una o piu' falangi del piede",
  "status": "active",
  "compose": {
    "include": [ {
      "system": "http://hl7.org/fhir/sid/icd-9-cm",
      "concept": [ {
        "code": "8260",
        "display": "Frattura di una o piu' falangi del piede, chiusa"
      }, {
        "code": "8261",
        "display": "Frattura di una o piu' falangi del piede, esposta"
      } ]
    } ]
  }
}