{
  "resourceType": "ValueSet",
  "url": "http://hl7.org/fhir/sid/icd-9-cm-748",
  "version": "1.0",
  "name": "Diagnosi-Frattura di altre e non specificate parti del femore",
  "title": "Frattura di altre e non specificate parti del femore",
  "status": "active",
  "compose": {
    "include": [ {
      "system": "http://hl7.org/fhir/sid/icd-9-cm",
      "concept": [ {
        "code": "8210",
        "display": "Frattura di diafisi o di parte non specificata, chiusa"
      }, {
        "code": "82100",
        "display": "Frattura di parte non specificata del femore"
      }, {
        "code": "82101",
        "display": "Frattura di diafisi"
      }, {
        "code": "8211",
        "display": "Frattura di parte non specificata del collo del femore, esposta"
      }, {
        "code": "82110",
        "display": "Frattura di parte non specificata del femore"
      }, {
        "code": "82111",
        "display": "Frattura di diafisi"
      }, {
        "code": "8212",
        "display": "Frattura di epifisi distale, chiusa"
      }, {
        "code": "82120",
        "display": "Frattura di epifisi distale, parte non specificata"
      }, {
        "code": "82121",
        "display": "Frattura di condilo, femorale"
      }, {
        "code": "82122",
        "display": "Frattura di epifisi inferiore (separazione)"
      }, {
        "code": "82123",
        "display": "Frattura del femore sopracondilare"
      }, {
        "code": "82129",
        "display": "Altra frattura del condilo femorale"
      }, {
        "code": "8213",
        "display": "Frattura di epifisi distale, esposta"
      }, {
        "code": "82130",
        "display": "Frattura di epifisi distale, parte non specificata"
      }, {
        "code": "82131",
        "display": "Frattura di condilo, femorale"
      }, {
        "code": "82132",
        "display": "Frattura di epifisi inferiore (separazione)"
      }, {
        "code": "82133",
        "display": "Frattura di frattura del femore sopracondilare"
      }, {
        "code": "82139",
        "display": "Altra frattura dell' epifisi distale"
      } ]
    } ]
  }
}