{
  "resourceType": "ValueSet",
  "url": "http://hl7.org/fhir/sid/icd-9-cm-703",
  "version": "1.0",
  "name": "Diagnosi-Disturbi ematologici del feto e del neonato",
  "title": "Disturbi ematologici del feto e del neonato",
  "status": "active",
  "compose": {
    "include": [ {
      "system": "http://hl7.org/fhir/sid/icd-9-cm",
      "concept": [ {
        "code": "7760",
        "display": "Malattia emorragica del neonato"
      }, {
        "code": "7761",
        "display": "Trombocitopenia neonatale transitoria"
      }, {
        "code": "7762",
        "display": "Coagulazione intravascolare disseminata del neonato"
      }, {
        "code": "7763",
        "display": "Altri disturbi neonatali transitori della coagulazione"
      }, {
        "code": "7764",
        "display": "Policitemia del neonato"
      }, {
        "code": "7765",
        "display": "Anemia congenita"
      }, {
        "code": "7766",
        "display": "Anemia del prematuro"
      }, {
        "code": "7767",
        "display": "Neutropenia neonatale transitoria"
      }, {
        "code": "7768",
        "display": "Altri disturbi ematologici specificati e transitori del feto o del neonato"
      }, {
        "code": "7769",
        "display": "Disturbo ematologico non specificato del feto o del neonato"
      } ]
    } ]
  }
}