{
  "resourceType": "ValueSet",
  "url": "http://hl7.org/fhir/sid/icd-9-cm-284",
  "version": "1.0",
  "name": "Diagnosi-Disturbo della condotta, non classificato altrove",
  "title": "Disturbo della condotta, non classificato altrove",
  "status": "active",
  "compose": {
    "include": [ {
      "system": "http://hl7.org/fhir/sid/icd-9-cm",
      "concept": [ {
        "code": "3120",
        "display": "Disturbo della condotta con ridotta socializzazione, tipo aggressivo"
      }, {
        "code": "31200",
        "display": "Disturbo della condotta con ridotta socializzazione, tipo aggressivo, non specificato"
      }, {
        "code": "31201",
        "display": "Disturbo della condotta con ridotta socializzazione, tipo aggressivo, lieve"
      }, {
        "code": "31202",
        "display": "Disturbo della condotta con ridotta socializzazione, tipo aggressivo, moderato"
      }, {
        "code": "31203",
        "display": "Disturbo della condotta con ridotta socializzazione, tipo aggressivo, grave"
      }, {
        "code": "3121",
        "display": "Disturbo della condotta con ridotta socializzazione, tipo non aggressivo"
      }, {
        "code": "31210",
        "display": "Disturbo della condotta con ridotta socializzazione, tipo non aggressivo, non specificato"
      }, {
        "code": "31211",
        "display": "Disturbo della condotta con ridotta socializzazione, tipo non aggressivo, lieve"
      }, {
        "code": "31212",
        "display": "Disturbo della condotta con ridotta socializzazione, tipo non aggressivo, moderato"
      }, {
        "code": "31213",
        "display": "Disturbo della condotta con ridotta socializzazione, tipo non aggressivo, grave"
      }, {
        "code": "3122",
        "display": "Disturbo della condotta con socializzazione normale"
      }, {
        "code": "31220",
        "display": "Disturbo della condotta con socializzazione normale, non specificato"
      }, {
        "code": "31221",
        "display": "Disturbo della condotta con socializzazione normale, lieve"
      }, {
        "code": "31222",
        "display": "Disturbo della condotta con socializzazione normale, moderato"
      }, {
        "code": "31223",
        "display": "Disturbo della condotta con socializzazione normale, grave"
      }, {
        "code": "3123",
        "display": "Disturbi del controllo degli impulsi, non classificati altrove"
      }, {
        "code": "31230",
        "display": "Disturbo del controllo degli impulsi, non specificato"
      }, {
        "code": "31231",
        "display": "Gioco d'azzardo patologico"
      }, {
        "code": "31232",
        "display": "Cleptomania"
      }, {
        "code": "31233",
        "display": "Piromania"
      }, {
        "code": "31234",
        "display": "Disturbo esplosivo intermittente"
      }, {
        "code": "31235",
        "display": "Disturbo esplosivo isolato"
      }, {
        "code": "31239",
        "display": "Altri disturbi"
      }, {
        "code": "3124",
        "display": "Disturbi misti della condotta e delle emozioni"
      }, {
        "code": "3128",
        "display": "Altri disturbi specifici della condotta, non classificati altrove"
      }, {
        "code": "31281",
        "display": "Disturbo della condotta, con esordio nell'infanzia"
      }, {
        "code": "31282",
        "display": "Disturbo della condotta, con esordio nell'adolescenza"
      }, {
        "code": "31289",
        "display": "Altri disturbi della condotta"
      }, {
        "code": "3129",
        "display": "Disturbo della condotta non specificato"
      } ]
    } ]
  }
}