{
  "resourceType": "ValueSet",
  "url": "http://hl7.org/fhir/sid/icd-9-cm-306",
  "version": "1.0",
  "name": "Diagnosi-Altre malattie del midollo spinale",
  "title": "Altre malattie del midollo spinale",
  "status": "active",
  "compose": {
    "include": [ {
      "system": "http://hl7.org/fhir/sid/icd-9-cm",
      "concept": [ {
        "code": "3360",
        "display": "Siringomielia e siringobulbia"
      }, {
        "code": "3361",
        "display": "Mielopatie vascolari"
      }, {
        "code": "3362",
        "display": "Degenerazione combinata subacuta del midollo spinale in malattie classificate altrove"
      }, {
        "code": "3363",
        "display": "Mielopatia in altre malattie classificate altrove"
      }, {
        "code": "3368",
        "display": "Altra mielopatia"
      }, {
        "code": "3369",
        "display": "Malattia non specificata del midollo spinale"
      } ]
    } ]
  }
}