{
  "resourceType": "ValueSet",
  "url": "http://hl7.org/fhir/sid/icd-9-cm-357",
  "version": "1.0",
  "name": "Diagnosi-Altri disturbi dell' orecchio",
  "title": "Altri disturbi dell' orecchio",
  "status": "active",
  "compose": {
    "include": [ {
      "system": "http://hl7.org/fhir/sid/icd-9-cm",
      "concept": [ {
        "code": "3880",
        "display": "Disturbi degenerativi e vascolari dell' orecchio"
      }, {
        "code": "38800",
        "display": "Disturbi degenerativi e vascolari, non specificati"
      }, {
        "code": "38801",
        "display": "Presbiacusia"
      }, {
        "code": "38802",
        "display": "Sordita' ischemica transitoria"
      }, {
        "code": "3881",
        "display": "Effetti del rumore sull'orecchio interno"
      }, {
        "code": "38810",
        "display": "Effetti del rumore sull'orecchio interno, non specificati"
      }, {
        "code": "38811",
        "display": "Trauma acustico (esplosivo) dell' orecchio"
      }, {
        "code": "38812",
        "display": "Perdita dell' udito indotta da rumore"
      }, {
        "code": "3882",
        "display": "Perdita improvvisa dell' udito, non specificata"
      }, {
        "code": "3883",
        "display": "Tinnitus"
      }, {
        "code": "38830",
        "display": "Tinnitus, non specificato"
      }, {
        "code": "38831",
        "display": "Tinnitus soggettivo"
      }, {
        "code": "38832",
        "display": "Tinnitus oggettivo"
      }, {
        "code": "3884",
        "display": "Altre percezioni uditive abnormi"
      }, {
        "code": "38840",
        "display": "Percezioni uditive abnormi, non specificate"
      }, {
        "code": "38841",
        "display": "Diplacusia"
      }, {
        "code": "38842",
        "display": "Iperacusia"
      }, {
        "code": "38843",
        "display": "Compromissione della discriminazione uditiva"
      }, {
        "code": "38844",
        "display": "Recupero uditivo"
      }, {
        "code": "3885",
        "display": "Disturbi del nervo acustico (VIII p.)"
      }, {
        "code": "3886",
        "display": "Otorrea"
      }, {
        "code": "38860",
        "display": "Otorrea, non specificata"
      }, {
        "code": "38861",
        "display": "Otorrea di liquido cerebrospinale"
      }, {
        "code": "38869",
        "display": "Altre otorree"
      }, {
        "code": "3887",
        "display": "Otalgia"
      }, {
        "code": "38870",
        "display": "Otalgia, non specificata"
      }, {
        "code": "38871",
        "display": "Dolore otogeno"
      }, {
        "code": "38872",
        "display": "Dolore riferito all'orecchio"
      }, {
        "code": "3888",
        "display": "Altri disturbi dell' orecchio"
      }, {
        "code": "3889",
        "display": "Disturbi dell' orecchio non specificati"
      } ]
    } ]
  }
}