{
  "resourceType": "ValueSet",
  "url": "http://hl7.org/fhir/sid/icd-9-cm-258",
  "version": "1.0",
  "name": "Diagnosi-Difetti della coagulazione",
  "title": "Difetti della coagulazione",
  "status": "active",
  "compose": {
    "include": [ {
      "system": "http://hl7.org/fhir/sid/icd-9-cm",
      "concept": [ {
        "code": "2860",
        "display": "Disturbi congeniti del fattore VIII"
      }, {
        "code": "2861",
        "display": "Disturbi congeniti del fattore IX"
      }, {
        "code": "2862",
        "display": "Carenza congenita del fattore XI"
      }, {
        "code": "2863",
        "display": "Carenza congenita di altri fattori della coagulazione"
      }, {
        "code": "2864",
        "display": "Malattia di von Willebrand"
      }, {
        "code": "2865",
        "display": "Disturbo emorragico da anticoagulanti circolanti intrinseci"
      }, {
        "code": "2866",
        "display": "Sindrome da defibrinazione"
      }, {
        "code": "2867",
        "display": "Carenza acquisita di fattori della coagulazione"
      }, {
        "code": "2869",
        "display": "Altri e non specificati difetti della coagulazione"
      } ]
    } ]
  }
}