{
  "resourceType": "ValueSet",
  "url": "http://hl7.org/fhir/sid/icd-9-cm-483",
  "version": "1.0",
  "name": "Diagnosi-Disturbi della funzione gastrica",
  "title": "Disturbi della funzione gastrica",
  "status": "active",
  "compose": {
    "include": [ {
      "system": "http://hl7.org/fhir/sid/icd-9-cm",
      "concept": [ {
        "code": "5360",
        "display": "Acloridria"
      }, {
        "code": "5361",
        "display": "Dilatazione acuta dello stomaco"
      }, {
        "code": "5362",
        "display": "Vomito persistente"
      }, {
        "code": "5363",
        "display": "Gastroparesi"
      }, {
        "code": "5364",
        "display": "Complicazioni di gastrostomia"
      }, {
        "code": "53640",
        "display": "Complicazioni di gastrostomia, non specificate"
      }, {
        "code": "53641",
        "display": "Infezione di gastrostomia"
      }, {
        "code": "53642",
        "display": "Complicazione meccanica di gastrostomia"
      }, {
        "code": "53649",
        "display": "Altre complicazioni di gastrostomia"
      }, {
        "code": "5368",
        "display": "Dispepsia e altri disturbi specificati della funzione gastrica"
      }, {
        "code": "5369",
        "display": "Disturbo non specificato della funzione gastrica"
      } ]
    } ]
  }
}