{
  "resourceType": "ValueSet",
  "url": "http://hl7.org/fhir/sid/icd-9-cm-727",
  "version": "1.0",
  "name": "Diagnosi-Frattura della volta cranica",
  "title": "Frattura della volta cranica",
  "status": "active",
  "compose": {
    "include": [ {
      "system": "http://hl7.org/fhir/sid/icd-9-cm",
      "concept": [ {
        "code": "8000",
        "display": "Frattura chiusa della volta cranica senza menzione di traumatismo intracranico"
      }, {
        "code": "80000",
        "display": "Frattura chiusa della volta cranica senza menzione di traumatismo intracranico, stato di coscienza non specificato"
      }, {
        "code": "80001",
        "display": "Frattura chiusa della volta cranica senza menzione di traumatismo intracranico, senza perdita di coscienza"
      }, {
        "code": "80002",
        "display": "Frattura chiusa della volta cranica senza menzione di traumatismo intracranico, con perdita di coscienza di durata inferiore a 1 ora"
      }, {
        "code": "80003",
        "display": "Frattura chiusa della volta cranica senza menzione di traumatismo intracranico, con perdita di coscienza di durata compresa tra 1 e 24 ore"
      }, {
        "code": "80004",
        "display": "Frattura chiusa della volta cranica senza menzione di traumatismo intracranico, con perdita di coscienza di durata superiore 24 ore e recupero dello stato di coscienza preesistente"
      }, {
        "code": "80005",
        "display": "Frattura chiusa della volta cranica senza menzione di traumatismo intracranico, con perdita di coscienza di durata superiore a 24 ore senza recupero dello stato di coscienza preesistente"
      }, {
        "code": "80006",
        "display": "Frattura chiusa della volta cranica senza menzione di traumatismo intracranico, con perdita di coscienza di durata non specificata"
      }, {
        "code": "80009",
        "display": "Frattura chiusa della volta cranica senza menzione di traumatismo intracranico, con commozione cerebrale, non specificata"
      }, {
        "code": "8001",
        "display": "Frattura chiusa della volta cranica con lacerazione e contusione cerebrali"
      }, {
        "code": "80010",
        "display": "Frattura chiusa della volta cranica con lacerazione e contusione cerebrale, stato di coscienza non specificato"
      }, {
        "code": "80011",
        "display": "Frattura chiusa della volta cranica con lacerazione e contusione cerebrale, senza perdita di coscienza"
      }, {
        "code": "80012",
        "display": "Frattura chiusa della volta cranica con lacerazione e contusione cerebrale, con perdita di coscienza di durata inferiore ad 1 ora"
      }, {
        "code": "80013",
        "display": "Frattura chiusa della volta cranica con lacerazione e contusione cerebrale, con perdita di coscienza di durata compresa tra 1 e 24 ore"
      }, {
        "code": "80014",
        "display": "Frattura chiusa della volta cranica con lacerazione e contusione cerebrale, con perdita di coscienza di durata superiore a 24 ore e recupero dello stato di coscienza preesistente"
      }, {
        "code": "80015",
        "display": "Frattura chiusa della volta cranica con lacerazione e contusione cerebrale, con perdita di coscienza di durata superiore a 24 ore senza recupero dello stato di coscienza preesistente"
      }, {
        "code": "80016",
        "display": "Frattura chiusa della volta cranica con lacerazione e contusione cerebrale, con perdita di coscienza di durata non specificata"
      }, {
        "code": "80019",
        "display": "Frattura chiusa della volta cranica con lacerazione e contusione cerebrale, con commozione cerebrale, non specificata"
      }, {
        "code": "8002",
        "display": "Frattura chiusa della volta cranica con emorragia subaracnoidea, subdurale ed extradurale"
      }, {
        "code": "80020",
        "display": "Frattura chiusa della volta cranica con emorragia subaracnoidea, subdurale ed extradurale, stato di coscienza non specificato"
      }, {
        "code": "80021",
        "display": "Frattura chiusa della volta cranica con emorragia subaracnoidea, subdurale ed extradurale, senza perdita di coscienza"
      }, {
        "code": "80022",
        "display": "Frattura chiusa della volta cranica con emorragia subaracnoidea, subdurale ed extradurale con perdita di coscienza di durata inferiore a 1 ora"
      }, {
        "code": "80023",
        "display": "Frattura chiusa della volta cranica con emorragia subaracnoidea, subdurale ed extradurale con perdita di coscienza di durata compresa tra 1 e 24 ore"
      }, {
        "code": "80024",
        "display": "Frattura chiusa della volta cranica con emorragia subaracnoidea, subdurale ed extradurale con perdita di coscienza superiore a 24 ore e recupero dello stato di coscienza preesistente"
      }, {
        "code": "80025",
        "display": "Frattura chiusa della volta cranica con emorragia subaracnoidea, subdurale ed extradurale con perdita di coscienza superiore a 24 ore senza ritorno allo stato di coscienza preesistente"
      }, {
        "code": "80026",
        "display": "Frattura chiusa della volta cranica con emorragia subaracnoidea, subdurale ed extradurale con perdita di coscienza di durata non specificata"
      }, {
        "code": "80029",
        "display": "Frattura chiusa della volta cranica con emorragia subaracnoidea, subdurale ed extradurale, con commozione cerebrale, non specificata"
      }, {
        "code": "8003",
        "display": "Frattura chiusa della volta cranica con altra non specificata emorragia intracranica"
      }, {
        "code": "80030",
        "display": "Frattura chiusa della volta cranica con altra non specificata emorragia intracranica, stato di coscienza non specificato"
      }, {
        "code": "80031",
        "display": "Frattura chiusa della volta cranica con altra non specificata emorragia intracranica senza perdita di coscienza"
      }, {
        "code": "80032",
        "display": "Frattura chiusa della volta cranica con altra non specificata emorragia intracranica con perdita di coscienza di durata inferiore ad 1 ora"
      }, {
        "code": "80033",
        "display": "Frattura chiusa della volta cranica con altra non specificata emorragia intracranica con perdita di coscienza di durata compresa tra 1 e 24 ore"
      }, {
        "code": "80034",
        "display": "Frattura chiusa della volta cranica con altra non specificata emorragia intracranica di durata superiore a 24 ore e ritorno allo stato di coscienza preesistente"
      }, {
        "code": "80035",
        "display": "Frattura chiusa della volta cranica con altra non specificata emorragia intracranica con perdita di coscienza di durata superiore a 24 ore senza ritorno allo stato di coscienza preesistente"
      }, {
        "code": "80036",
        "display": "Frattura chiusa della volta cranica con altra non specificata emorragia intracranica con perdita di coscienza di durata non specificata"
      }, {
        "code": "80039",
        "display": "Frattura chiusa della volta cranica con altra non specificata emorragia intracranica, con commozione cerebrale, non specificata"
      }, {
        "code": "8004",
        "display": "Frattura chiusa della volta cranica con traumatismo intracranico di altra e non specificata natura"
      }, {
        "code": "80040",
        "display": "Frattura chiusa della volta cranica con traumatismo intracranico di altra e non specificata natura, stato di coscienza non specificato"
      }, {
        "code": "80041",
        "display": "Frattura chiusa della volta cranica con traumatismo intracranico di altra e non specificata natura senza perdita di coscienza"
      }, {
        "code": "80042",
        "display": "Frattura chiusa della volta cranica con traumatismo intracranico di altra e non specificata natura con perdita di coscienza di durata inferiore a 1 ora"
      }, {
        "code": "80043",
        "display": "Frattura chiusa della volta cranica con traumatismo intracranico di altra e non specificata natura con perdita di coscienza di durata compresa tra 1 e 24 ore"
      }, {
        "code": "80044",
        "display": "Frattura chiusa della volta cranica con traumatismo intracranico di altra e non specificata natura con perdita di coscienza di durata superiore a 24 ore con ritorno allo stato di coscienza preesistente"
      }, {
        "code": "80045",
        "display": "Frattura chiusa della volta cranica con traumatismo intracranico di altra e non specificata natura con perdita di coscienza di durata superiore a 24 ore senza ritorno allo stato di coscienza preesistente"
      }, {
        "code": "80046",
        "display": "Frattura chiusa della volta cranica con traumatismo intracranico di altra e non specificata natura con perdita di coscienza di durata non specificata"
      }, {
        "code": "80049",
        "display": "Frattura chiusa della volta cranica con traumatismo intracranico di altra e non specificata natura, con commozione cerebrale, non specificata"
      }, {
        "code": "8005",
        "display": "Frattura esposta della volta cranica senza menzione di traumatismo intracranico"
      }, {
        "code": "80050",
        "display": "Frattura esposta della volta cranica senza menzione di traumatismo intracranico, stato di coscienza non specificato"
      }, {
        "code": "80051",
        "display": "Frattura esposta della volta cranica senza menzione di traumatismo intracranico, senza perdita di coscienza"
      }, {
        "code": "80052",
        "display": "Frattura esposta della volta cranica senza menzione di traumatismo intracranico, con perdita di coscienza di durata inferiore ad 1 ora"
      }, {
        "code": "80053",
        "display": "Frattura esposta della volta cranica senza menzione di traumatismo intracranico, con perdita di coscienza di durata compresa tra 1 e 24 ore"
      }, {
        "code": "80054",
        "display": "Frattura esposta della volta cranica senza menzione di traumatismo intracranico, con perdita di coscienza di durata superiore a 24 ore e recupero dello stato di coscienza preesistente"
      }, {
        "code": "80055",
        "display": "Frattura esposta della volta cranica senza menzione di traumatismo intracranico, con perdita di coscienza di durata superiore a 24 ore senza recupero dello stato di coscienza preesistente"
      }, {
        "code": "80056",
        "display": "Frattura esposta della volta cranica senza menzione di traumatismo intracranico, con perdita di coscienza di durata non specificata"
      }, {
        "code": "80059",
        "display": "Frattura esposta della volta cranica senza menzione di traumatismo intracranico, con commozione cerebrale, non specificata"
      }, {
        "code": "8006",
        "display": "Frattura esposta della volta cranica con lacerazione e contusione cerebrale"
      }, {
        "code": "80060",
        "display": "Frattura esposta della volta cranica con lacerazione e contusione cerebrale, stato di coscienza non specificato"
      }, {
        "code": "80061",
        "display": "Frattura esposta della volta cranica con lacerazione e contusione cerebrale senza perdita di coscienza"
      }, {
        "code": "80062",
        "display": "Frattura esposta della volta cranica con lacerazione e contusione cerebrale, con perdita di coscienza di durata inferiore a 1 ora"
      }, {
        "code": "80063",
        "display": "Frattura esposta della volta cranica con lacerazione e contusione cerebrale, con perdita di coscienza di durata compresa tra 1 e 24 ore"
      }, {
        "code": "80064",
        "display": "Frattura esposta della volta cranica con lacerazione e contusione cerebrale, con perdita di coscienza di durata superiore a 24 ore con ritorno allo stato di coscienza preesistente"
      }, {
        "code": "80065",
        "display": "Frattura esposta della volta cranica con lacerazione e contusione cerebrale, con perdita di coscienza di durata superiore a 24 ore senza ritorno allo stato di coscienza preesistente"
      }, {
        "code": "80066",
        "display": "Frattura esposta della volta cranica con lacerazione e contusione cerebrale, con perdita di coscienza di durata non specificata"
      }, {
        "code": "80069",
        "display": "Frattura esposta della volta cranica con lacerazione e contusione cerebrale, con commozione cerebrale, non specificata"
      }, {
        "code": "8007",
        "display": "Frattura esposta della volta cranica con emorragia subaracnoidea, subdurale ed extradurale"
      }, {
        "code": "80070",
        "display": "Frattura esposta della volta cranica con emorragia subaracnoidea, subdurale ed extradurale, stato di coscienza non specificato"
      }, {
        "code": "80071",
        "display": "Frattura esposta della volta cranica con emorragia subaracnoidea, subdurale ed extradurale, senza perdita di coscienza"
      }, {
        "code": "80072",
        "display": "Frattura esposta della volta cranica con emorragia subaracnoidea, subdurale ed extradurale con perdita di coscienza di durata inferiore a 1 ora"
      }, {
        "code": "80073",
        "display": "Frattura esposta della volta cranica con emorragia subaracnoidea, subdurale ed extradurale con perdita di coscienza di durata compresa tra 1 e 24 ore"
      }, {
        "code": "80074",
        "display": "Frattura esposta della volta cranica con emorragia subaracnoidea, subdurale ed extradurale con perdita di coscienza superiore a 24 ore e recupero dello stato di coscienza preesistente"
      }, {
        "code": "80075",
        "display": "Frattura esposta della volta cranica con emorragia subaracnoidea, subdurale ed extradurale con perdita di coscienza superiore a 24 ore senza ritorno allo stato di coscienza preesistente"
      }, {
        "code": "80076",
        "display": "Frattura esposta della volta cranica con emorragia subaracnoidea, subdurale ed extradurale con perdita di coscienza di durata non specificata"
      }, {
        "code": "80079",
        "display": "Frattura esposta della volta cranica con emorragia subaracnoidea, subdurale ed extradurale, con commozione cerebrale, non specificata"
      }, {
        "code": "8008",
        "display": "Frattura esposta della volta cranica con altra e non specificata emorragia intracranica"
      }, {
        "code": "80080",
        "display": "Frattura esposta della volta cranica con altra e non specificata emorragia intracranica, stato di coscienza non specificato"
      }, {
        "code": "80081",
        "display": "Frattura esposta della volta cranica con altra e non specificata emorragia intracranica senza perdita di coscienza"
      }, {
        "code": "80082",
        "display": "Frattura esposta della volta cranica con altra e non specificata emorragia intracranica con perdita di coscienza di durata inferiore ad 1 ora"
      }, {
        "code": "80083",
        "display": "Frattura esposta della volta cranica con altra e non specificata emorragia intracranica di durata compresa tra 1 e 24 ore"
      }, {
        "code": "80084",
        "display": "Frattura esposta della volta cranica con altra e non specificata emorragia intracranica di durata superiore a 24 ore e ritorno allo stato di coscienza preesistente"
      }, {
        "code": "80085",
        "display": "Frattura esposta della volta cranica con altra e non specificata emorragia intracranica con perdita di coscienza di durata superiore a 24 ore senza ritorno allo stato di coscienza preesistente"
      }, {
        "code": "80086",
        "display": "Frattura esposta della volta cranica con altra e non specificata emorragia intracranica con perdita di coscienza di durata non specificata"
      }, {
        "code": "80089",
        "display": "Frattura esposta della volta cranica con altra e non specificata emorragia intracranica, con commozione cerebrale, non specificata"
      }, {
        "code": "8009",
        "display": "Frattura esposta della volta cranica con traumatismo intracranico di altra e non specificata natura"
      }, {
        "code": "80090",
        "display": "Frattura esposta della volta cranica con traumatismo intracranico di altra e non specificata natura, stato di coscienza non specificato"
      }, {
        "code": "80091",
        "display": "Frattura esposta della volta cranica con traumatismo intracranico di altra e non specificata natura senza perdita di coscienza"
      }, {
        "code": "80092",
        "display": "Frattura esposta della volta cranica con traumatismo intracranico di altra e non specificata natura con perdita di coscienza di durata inferiore a 1 ora"
      }, {
        "code": "80093",
        "display": "Frattura esposta della volta cranica con traumatismo intracranico di altra e non specificata natura con perdita di coscienza di durata compresa tra 1 e 24 ore"
      }, {
        "code": "80094",
        "display": "Frattura esposta della volta cranica con traumatismo intracranico di altra e non specificata natura con perdita di coscienza di durata superiore a 24 ore con ritorno allo stato di coscienza preesistente"
      }, {
        "code": "80095",
        "display": "Frattura esposta della volta cranica con traumatismo intracranico di altra e non specificata natura con perdita di coscienza di durata superiore a 24 ore senza ritorno allo stato di coscienza preesistente"
      }, {
        "code": "80096",
        "display": "Frattura esposta della volta cranica con traumatismo intracranico di altra e non specificata natura con perdita di coscienza di durata non specificata"
      }, {
        "code": "80099",
        "display": "Frattura chiusa della volta cranica con traumatismo intracranico di altra e non specificata natura, con commozione cerebrale, non specificata"
      } ]
    } ]
  }
}