{
  "resourceType": "ValueSet",
  "url": "http://hl7.org/fhir/sid/icd-9-cm-205",
  "version": "1.0",
  "name": "Diagnosi-Carcinomi in situ degli organi digerenti",
  "title": "Carcinomi in situ degli organi digerenti",
  "status": "active",
  "compose": {
    "include": [ {
      "system": "http://hl7.org/fhir/sid/icd-9-cm",
      "concept": [ {
        "code": "2300",
        "display": "Carcinomi in situ di labbra, cavita' orale e faringe"
      }, {
        "code": "2301",
        "display": "Carcinomi in situ dell' esofago"
      }, {
        "code": "2302",
        "display": "Carcinomi in situ dello stomaco"
      }, {
        "code": "2303",
        "display": "Carcinomi in situ del colon"
      }, {
        "code": "2304",
        "display": "Carcinomi in situ del retto"
      }, {
        "code": "2305",
        "display": "Carcinomi in situ del canale anale"
      }, {
        "code": "2306",
        "display": "Carcinomi in situ dell' ano, non specificato"
      }, {
        "code": "2307",
        "display": "Carcinomi in situ di altre e non specificate sedi dell' intestino"
      }, {
        "code": "2308",
        "display": "Carcinomi in situ di fegato e vie biliari"
      }, {
        "code": "2309",
        "display": "Carcinomi in situ di altri e non specificati organi digerenti"
      } ]
    } ]
  }
}