{
  "resourceType": "ValueSet",
  "url": "http://hl7.org/fhir/sid/icd-9-cm-55",
  "version": "1.0",
  "name": "Diagnosi-Encefalite virale da zanzare",
  "title": "Encefalite virale da zanzare",
  "status": "active",
  "compose": {
    "include": [ {
      "system": "http://hl7.org/fhir/sid/icd-9-cm",
      "concept": [ {
        "code": "0620",
        "display": "Encefalite giapponese"
      }, {
        "code": "0621",
        "display": "Encefalite equina tipo ovest"
      }, {
        "code": "0622",
        "display": "Encefalite equina tipo est"
      }, {
        "code": "0623",
        "display": "Encefalite di St. Louis"
      }, {
        "code": "0624",
        "display": "Encefalite australiana"
      }, {
        "code": "0625",
        "display": "Encefalite da virus California"
      }, {
        "code": "0628",
        "display": "Altre encefaliti virali da zanzare, specificate"
      }, {
        "code": "0629",
        "display": "Encefalite virale da zanzare, non specificate"
      } ]
    } ]
  }
}