{
  "resourceType": "ValueSet",
  "url": "http://hl7.org/fhir/sid/icd-9-cm-948",
  "version": "1.0",
  "name": "Diagnosi-Gemello di gemello nato morto",
  "title": "Gemello di gemello nato morto",
  "status": "active",
  "compose": {
    "include": [ {
      "system": "http://hl7.org/fhir/sid/icd-9-cm",
      "concept": [ {
        "code": "V320",
        "display": "Gemello di gemello nato morto, nato in ospedale"
      }, {
        "code": "V3200",
        "display": "Gemello di gemello nato morto, nato in ospedale, nato senza menzione di parto cesareo"
      }, {
        "code": "V3201",
        "display": "Gemello di gemello nato morto, nato in ospedale, con taglio cesareo"
      }, {
        "code": "V321",
        "display": "Gemello di gemello nato morto, nato prima dell' ammissione in ospedale"
      }, {
        "code": "V322",
        "display": "Gemello di gemello nato morto, nato fuori dall'ospedale e non ricoverato"
      } ]
    } ]
  }
}