{
  "resourceType": "ValueSet",
  "url": "http://hl7.org/fhir/sid/icd-9-cm-67",
  "version": "1.0",
  "name": "Diagnosi-Altre malattie della congiuntiva da virus e da Chlamydiae",
  "title": "Altre malattie della congiuntiva da virus e da Chlamydiae",
  "status": "active",
  "compose": {
    "include": [ {
      "system": "http://hl7.org/fhir/sid/icd-9-cm",
      "concept": [ {
        "code": "0770",
        "display": "Congiuntivite da inclusi"
      }, {
        "code": "0771",
        "display": "Cheratocongiuntivite epidemica"
      }, {
        "code": "0772",
        "display": "Febbre faringocongiuntivale"
      }, {
        "code": "0773",
        "display": "Altre congiuntiviti da Adenovirus"
      }, {
        "code": "0774",
        "display": "Congiuntivite emorragica epidemica"
      }, {
        "code": "0778",
        "display": "Altre congiuntiviti virali"
      }, {
        "code": "0779",
        "display": "Malattie della congiuntiva da virus e da Chlamydiae, non specificate"
      }, {
        "code": "07798",
        "display": "Malattie della congiuntiva da Chlamydiae, non specificate"
      }, {
        "code": "07799",
        "display": "Malattie della congiuntiva da virus, non specificate"
      } ]
    } ]
  }
}