{
  "resourceType": "ValueSet",
  "url": "http://hl7.org/fhir/sid/icd-9-cm-301",
  "version": "1.0",
  "name": "Diagnosi-Altre degenerazioni cerebrali",
  "title": "Altre degenerazioni cerebrali",
  "status": "active",
  "compose": {
    "include": [ {
      "system": "http://hl7.org/fhir/sid/icd-9-cm",
      "concept": [ {
        "code": "3310",
        "display": "Malattia di Alzheimer"
      }, {
        "code": "3311",
        "display": "Demenza frontotemporale"
      }, {
        "code": "33111",
        "display": "Malattia di Pick"
      }, {
        "code": "33119",
        "display": "Altra demenza frontotemporale"
      }, {
        "code": "3312",
        "display": "Degenerazione senile dell' encefalo"
      }, {
        "code": "3313",
        "display": "Idrocefalo comunicante"
      }, {
        "code": "3314",
        "display": "Idrocefalo ostruttivo"
      }, {
        "code": "3317",
        "display": "Degenerazione cerebrale in malattie classificate altrove"
      }, {
        "code": "3318",
        "display": "Altre degenerazioni cerebrali"
      }, {
        "code": "33181",
        "display": "Sindrome di Reye"
      }, {
        "code": "33182",
        "display": "Demenza con corpi di Lewy"
      }, {
        "code": "33183",
        "display": "Alterazione cognitiva lieve, specificata come tale"
      }, {
        "code": "33189",
        "display": "Altre degenerazioni cerebrali"
      }, {
        "code": "3319",
        "display": "Degenerazione cerebrale, non specificata"
      } ]
    } ]
  }
}