{
  "resourceType": "ValueSet",
  "url": "http://hl7.org/fhir/sid/icd-9-cm-726",
  "version": "1.0",
  "name": "Diagnosi-Altre cause mal definite e sconosciute di morbosita' e mortalita'",
  "title": "Altre cause mal definite e sconosciute di morbosita' e mortalita'",
  "status": "active",
  "compose": {
    "include": [ {
      "system": "http://hl7.org/fhir/sid/icd-9-cm",
      "concept": [ {
        "code": "7990",
        "display": "Asfissia e ipossiemia"
      }, {
        "code": "79901",
        "display": "Asfissia"
      }, {
        "code": "79902",
        "display": "Ipossiemia"
      }, {
        "code": "7991",
        "display": "Collasso respiratorio"
      }, {
        "code": "7992",
        "display": "Nervosismo"
      }, {
        "code": "7993",
        "display": "Debilita' , non specificata"
      }, {
        "code": "7994",
        "display": "Cachessia"
      }, {
        "code": "7998",
        "display": "Altri stati morbosi mal definiti"
      }, {
        "code": "79981",
        "display": "Riduzione della libido"
      }, {
        "code": "79989",
        "display": "Altri stati morbosi mal definiti"
      }, {
        "code": "7999",
        "display": "Altre cause sconosciute e non specificate di morbosita' o mortalita'"
      } ]
    } ]
  }
}