{
  "resourceType": "ValueSet",
  "url": "http://hl7.org/fhir/sid/icd-9-cm-84",
  "version": "1.0",
  "name": "Diagnosi-Altre forme di sifilide tardiva con sintomi",
  "title": "Altre forme di sifilide tardiva con sintomi",
  "status": "active",
  "compose": {
    "include": [ {
      "system": "http://hl7.org/fhir/sid/icd-9-cm",
      "concept": [ {
        "code": "0950",
        "display": "Episclerite sifilitica"
      }, {
        "code": "0951",
        "display": "Sifilide del polmone"
      }, {
        "code": "0952",
        "display": "Peritonite sifilitica"
      }, {
        "code": "0953",
        "display": "Sifilide del fegato"
      }, {
        "code": "0954",
        "display": "Sifilide del rene"
      }, {
        "code": "0955",
        "display": "Sifilide dell' osso"
      }, {
        "code": "0956",
        "display": "Sifilide del muscoli"
      }, {
        "code": "0957",
        "display": "Sifilide della sinovia, del tendine e della borsa"
      }, {
        "code": "0958",
        "display": "Altre forme specificate di sifilide tardiva con sintomi"
      }, {
        "code": "0959",
        "display": "Sifilide tardiva con sintomi, non specificata"
      } ]
    } ]
  }
}