{
  "resourceType": "ValueSet",
  "url": "http://hl7.org/fhir/sid/icd-9-cm-949",
  "version": "1.0",
  "name": "Diagnosi-Gemello non specificato se di gemello nato vivo o morto",
  "title": "Gemello non specificato se di gemello nato vivo o morto",
  "status": "active",
  "compose": {
    "include": [ {
      "system": "http://hl7.org/fhir/sid/icd-9-cm",
      "concept": [ {
        "code": "V330",
        "display": "Gemello non specificato se di gemello nato vivo o morto, nato in ospedale"
      }, {
        "code": "V3300",
        "display": "Gemello non specificato se di gemello nato vivo o morto, nato in ospedale, nato senza menzione di taglio cesareo"
      }, {
        "code": "V3301",
        "display": "Gemello non specificato se di gemello nato vivo o morto, nato in ospedale, con taglio cesareo"
      }, {
        "code": "V331",
        "display": "Gemello non specificato se di gemello nato vivo o morto, nato prima dell' ammissione in ospedale"
      }, {
        "code": "V332",
        "display": "Gemello non specificato se di gemello nato vivo o morto, nato fuori dall'ospedale e non ricoverato"
      } ]
    } ]
  }
}