{
  "resourceType": "ValueSet",
  "url": "http://hl7.org/fhir/sid/icd-9-cm-539",
  "version": "1.0",
  "name": "Diagnosi-Idrocele",
  "title": "Idrocele",
  "status": "active",
  "compose": {
    "include": [ {
      "system": "http://hl7.org/fhir/sid/icd-9-cm",
      "concept": [ {
        "code": "6030",
        "display": "Idrocele incistato"
      }, {
        "code": "6031",
        "display": "Idrocele infetto"
      }, {
        "code": "6038",
        "display": "Altri tipi specificati di idrocele"
      }, {
        "code": "6039",
        "display": "Idrocele non specificato"
      } ]
    } ]
  }
}