{
  "resourceType": "ValueSet",
  "url": "http://hl7.org/fhir/sid/icd-9-cm-618",
  "version": "1.0",
  "name": "Diagnosi-Dermatosi eritemato-desquamative",
  "title": "Dermatosi eritemato-desquamative",
  "status": "active",
  "compose": {
    "include": [ {
      "system": "http://hl7.org/fhir/sid/icd-9-cm",
      "concept": [ {
        "code": "6901",
        "display": "Dermatite seborroica"
      }, {
        "code": "69010",
        "display": "Dermatite seborroica, non specificata"
      }, {
        "code": "69011",
        "display": "Seborrea della testa"
      }, {
        "code": "69012",
        "display": "Dermatite seborroica infantile"
      }, {
        "code": "69018",
        "display": "Altre dermatiti seborroiche"
      }, {
        "code": "6908",
        "display": "Altre dermatosi eritemato-squamose"
      } ]
    } ]
  }
}