{
  "resourceType": "ValueSet",
  "url": "http://hl7.org/fhir/sid/icd-9-cm-730",
  "version": "1.0",
  "name": "Diagnosi-Altre e non specificate fratture del cranio",
  "title": "Altre e non specificate fratture del cranio",
  "status": "active",
  "compose": {
    "include": [ {
      "system": "http://hl7.org/fhir/sid/icd-9-cm",
      "concept": [ {
        "code": "8030",
        "display": "Altra frattura chiusa del cranio senza menzione di traumatismo intracranico"
      }, {
        "code": "80300",
        "display": "Altra frattura chiusa del cranio senza menzione di traumatismo intracranico, stato di coscienza non specificato"
      }, {
        "code": "80301",
        "display": "Altra frattura chiusa del cranio senza menzione di traumatismo intracranico, senza perdita di coscienza"
      }, {
        "code": "80302",
        "display": "Altra frattura chiusa del cranio senza menzione di traumatismo intracranico con perdita di coscienza di durata inferiore a 1 ora"
      }, {
        "code": "80303",
        "display": "Altra frattura chiusa del cranio senza menzione di traumatismo intracranico con perdita di coscienza di durata compresa tra 1 e 24 ore"
      }, {
        "code": "80304",
        "display": "Altra frattura chiusa del cranio senza menzione di traumatismo intracranico con perdita di coscienza di durata superiore a 24 ore e ritorno allo stato di coscienza preesistente"
      }, {
        "code": "80305",
        "display": "Altra frattura chiusa del cranio senza menzione di traumatismo intracranico con perdita di coscienza di durata superiore a 24 ore senza ritorno allo stato di coscienza preesistente"
      }, {
        "code": "80306",
        "display": "Altra frattura chiusa del cranio senza menzione di traumatismo intracranico con perdita di coscienza di durata non specificata"
      }, {
        "code": "80309",
        "display": "Altra frattura chiusa del cranio senza menzione di traumatismo intracranico, con commozione cerebrale, non specificata"
      }, {
        "code": "8031",
        "display": "Altre fratture chiuse del cranio con lacerazione e contusione cerebrale"
      }, {
        "code": "80310",
        "display": "Altra frattura chiusa del cranio con lacerazione e contusione cerebrale, stato di coscienza non specificato"
      }, {
        "code": "80311",
        "display": "Altra frattura chiusa del cranio con lacerazione e contusione cerebrale senza perdita di coscienza"
      }, {
        "code": "80312",
        "display": "Altra frattura chiusa del cranio con lacerazione e contusione cerebrale con perdita di coscienza inferiore a 1 ora"
      }, {
        "code": "80313",
        "display": "Altra frattura chiusa del cranio con lacerazione e contusione cerebrale con perdita di coscienza di durata compresa tra 1 e 24 ore"
      }, {
        "code": "80314",
        "display": "Altra frattura chiusa del cranio con lacerazione e contusione cerebrale con perdita di coscienza di durata superiore a 24 ore e ritorno allo stato di coscienza preesistente"
      }, {
        "code": "80315",
        "display": "Altra frattura chiusa del cranio con lacerazione e contusione cerebrale con perdita di coscienza di durata superiore a 24 ore senza ritorno allo stato di coscienza preesistente"
      }, {
        "code": "80316",
        "display": "Altra frattura chiusa del cranio con lacerazione e contusione cerebrale con perdita di coscienza di durata non specificata"
      }, {
        "code": "80319",
        "display": "Altra frattura chiusa del cranio con lacerazione e contusione cerebrale, con commozione cerebrale, non specificata"
      }, {
        "code": "8032",
        "display": "Altra frattura chiuse del cranio con emorragia subaracnoidea, subdurale ed extradurale"
      }, {
        "code": "80320",
        "display": "Altra frattura chiusa del cranio con emorragia subaracnoidea, subdurale ed extradurale, stato di coscienza non specificato"
      }, {
        "code": "80321",
        "display": "Altra frattura chiusa del cranio con emorragia subaracnoidea, subdurale ed extradurale senza perdita di coscienza"
      }, {
        "code": "80322",
        "display": "Altra frattura chiusa del cranio con emorragia subaracnoidea, subdurale ed extradurale con perdita di coscienza di durata inferiore a 1 ora"
      }, {
        "code": "80323",
        "display": "Altra frattura chiusa del cranio con emorragia subaracnoidea, subdurale ed extradurale con perdita di coscienza di durata compresa tra 1 e 24 ore"
      }, {
        "code": "80324",
        "display": "Altra frattura chiusa del cranio con emorragia subaracnoidea, subdurale ed extradurale con perdita di coscienza di durata superiore a 24 ore e ritorno allo stato di coscienza preesistente"
      }, {
        "code": "80325",
        "display": "Altra frattura chiusa del cranio con emorragia subaracnoidea, subdurale ed extradurale con perdita di coscienza di durata superiore a 24 ore senza ritorno allo stato di coscienza preesistente"
      }, {
        "code": "80326",
        "display": "Altra frattura chiusa del cranio con emorragia subaracnoidea, subdurale ed extradurale con perdita di coscienza di durata non specificata"
      }, {
        "code": "80329",
        "display": "Altra frattura chiusa del cranio con emorragia subaracnoidea, subdurale ed extradurale, con commozione cerebrale, non specificata"
      }, {
        "code": "8033",
        "display": "Frattura chiusa del cranio con altra e non specificata emorragia intracranica"
      }, {
        "code": "80330",
        "display": "Altra frattura chiusa del cranio con altra e non specificata emorragia intracranica, stato di coscienza non specificato"
      }, {
        "code": "80331",
        "display": "Altra frattura chiusa del cranio con altra e non specificata emorragia intracranica senza perdita di coscienza"
      }, {
        "code": "80332",
        "display": "Altra frattura chiusa del cranio con altra e non specificata emorragia intracranica con perdita di coscienza di durata inferiore a 1 ora"
      }, {
        "code": "80333",
        "display": "Altra frattura chiusa del cranio con altra e non specificata emorragia intracranica con perdita di coscienza di durata compresa tra 1 e 24 ore"
      }, {
        "code": "80334",
        "display": "Altra frattura chiusa del cranio con altra e non specificata emorragia intracranica con perdita di coscienza di durata superiore a 24 ore e ritorno allo stato di coscienza preesistente"
      }, {
        "code": "80335",
        "display": "Altra frattura chiusa del cranio con altra e non specificata emorragia intracranica con perdita di coscienza superiore a 24 ore senza ritorno allo stato di coscienza preesistente"
      }, {
        "code": "80336",
        "display": "Altra frattura chiusa del cranio con altra e non specificata emorragia intracranica con perdita di coscienza di durata non specificata"
      }, {
        "code": "80339",
        "display": "Altra frattura chiusa del cranio con altra e non specificata emorragia intracranica, con commozione cerebrale, non specificata"
      }, {
        "code": "8034",
        "display": "Frattura chiusa del cranio con traumatismo intracranico di altra e non specificata natura"
      }, {
        "code": "80340",
        "display": "Altra frattura chiusa del cranio con traumatismo intracranico di altra e non specificata natura, stato di coscienza non specificato"
      }, {
        "code": "80341",
        "display": "Altra frattura chiusa del cranio con traumatismo intracranico di altra e non specificata natura senza perdita di coscienza"
      }, {
        "code": "80342",
        "display": "Altra frattura chiusa del cranio con traumatismo intracranico di altra e non specificata natura con perdita di coscienza di durata inferiore a 1 ora"
      }, {
        "code": "80343",
        "display": "Altra frattura chiusa del cranio con traumatismo intracranico di altra e non specificata natura con perdita di coscienza di durata compresa tra 1 e 24 ore"
      }, {
        "code": "80344",
        "display": "Altra frattura chiusa del cranio con traumatismo intracranico di altra e non specificata natura con perdita di coscienza di durata superiore a 24 ore e ritorno allo stato di coscienza preesistente"
      }, {
        "code": "80345",
        "display": "Frattura chiusa di altra parte del cranio con traumatismo intracranico di altra e non specificata natura con perdita di coscienza di durata superiore a 24 ore senza ritorno allo stato di coscienza preesistente"
      }, {
        "code": "80346",
        "display": "Frattura chiusa di altra parte del cranio con traumatismo intracranico di altra e non specificata natura con perdita di coscienza di durata non specificata"
      }, {
        "code": "80349",
        "display": "Frattura chiusa di altra parte del cranio con traumatismo intracranico di altra e non specificata natura, con commozione cerebrale, non specificata"
      }, {
        "code": "8035",
        "display": "Altra frattura esposta del cranio senza menzione di traumatismo intracranico"
      }, {
        "code": "80350",
        "display": "Altra frattura esposta del cranio senza menzione di traumatismo intracranico, stato di coscienza non specificato"
      }, {
        "code": "80351",
        "display": "Altra frattura esposta del cranio senza menzione di traumatismo intracranico senza perdita di coscienza"
      }, {
        "code": "80352",
        "display": "Altra frattura esposta del cranio senza menzione di traumatismo intracranico con perdita di coscienza di durata inferiore a 1 ora"
      }, {
        "code": "80353",
        "display": "Altra frattura esposta del cranio senza menzione di traumatismo intracranico con perdita di coscienza di durata compresa tra 1 e 24 ore"
      }, {
        "code": "80354",
        "display": "Altra frattura esposta del cranio senza menzione di traumatismo intracranico con perdita di coscienza di durata superiore a 24 ore e ritorno allo stato di coscienza preesistente"
      }, {
        "code": "80355",
        "display": "Altra frattura esposta del cranio senza menzione di traumatismo intracranico con perdita di coscienza di durata superiore a 24 ore senza ritorno allo stato di coscienza preesistente"
      }, {
        "code": "80356",
        "display": "Altra frattura esposta del cranio senza menzione di traumatismo intracranico con perdita di coscienza di durata non specificata"
      }, {
        "code": "80359",
        "display": "Altra frattura esposta del cranio senza menzione di traumatismo intracranico, con commozione cerebrale, non specificata"
      }, {
        "code": "8036",
        "display": "Altra frattura esposta del cranio con lacerazione e contusione cerebrale"
      }, {
        "code": "80360",
        "display": "Altra frattura esposta del cranio con lacerazione e contusione cerebrale, stato di coscienza non specificato"
      }, {
        "code": "80361",
        "display": "Altra frattura esposta del cranio con lacerazione e contusione cerebrale senza perdita di coscienza"
      }, {
        "code": "80362",
        "display": "Altra frattura esposta del cranio con lacerazione e contusione cerebrale con perdita di coscienza di durata inferiore a 1 ora"
      }, {
        "code": "80363",
        "display": "Altra frattura esposta del cranio con lacerazione e contusione cerebrale con perdita di coscienza di durata compresa tra 1 e 24 ore"
      }, {
        "code": "80364",
        "display": "Altra frattura esposta del cranio con lacerazione e contusione cerebrale con perdita di coscienza di durata superiore a 24 ore e ritorno allo stato di coscienza preesistente"
      }, {
        "code": "80365",
        "display": "Altra frattura esposta del cranio con lacerazione e contusione cerebrale con perdita di coscienza di durata superiore a 24 ore senza ritorno allo stato di coscienza preesistente"
      }, {
        "code": "80366",
        "display": "Altra frattura esposta del cranio con lacerazione e contusione cerebrale con perdita di coscienza di durata non specificata"
      }, {
        "code": "80369",
        "display": "Altra frattura esposta del cranio con lacerazione e contusione cerebrale, con commozione cerebrale, non specificata"
      }, {
        "code": "8037",
        "display": "Altra frattura esposta del cranio con emorragia subaracnoidea, subdurale ed extradurale"
      }, {
        "code": "80370",
        "display": "Altra frattura esposta del cranio con emorragia subaracnoidea, subdurale ed extradurale, stato di coscienza non specificato"
      }, {
        "code": "80371",
        "display": "Altra frattura esposta del cranio con emorragia subaracnoidea, subdurale ed extradurale senza perdita di coscienza"
      }, {
        "code": "80372",
        "display": "Altra frattura esposta del cranio con emorragia subaracnoidea, subdurale ed extradurale con perdita di coscienza di durata inferiore a 1 ora"
      }, {
        "code": "80373",
        "display": "Altra frattura esposta del cranio con emorragia subaracnoidea, subdurale ed extradurale con perdita di coscienza di durata compresa tra 1 e 24 ore"
      }, {
        "code": "80374",
        "display": "Altra frattura esposta del cranio con emorragia subaracnoidea, subdurale ed extradurale con perdita di coscienza di durata superiore a 24 ore e ritorno allo stato di coscienza preesistente"
      }, {
        "code": "80375",
        "display": "Altra frattura esposta del cranio con emorragia subaracnoidea, subdurale ed extradurale con perdita di coscienza di durata superiore a 24 ore senza ritorno allo stato di coscienza preesistente"
      }, {
        "code": "80376",
        "display": "Altra frattura esposta del cranio con emorragia subaracnoidea, subdurale ed extradurale con perdita di coscienza di durata non specificata"
      }, {
        "code": "80379",
        "display": "Altra frattura esposta del cranio con emorragia subaracnoidea, subdurale ed extradurale, con commozione cerebrale, non specificata"
      }, {
        "code": "8038",
        "display": "Altra frattura esposta del cranio con altra e non specificata emorragia intracranica"
      }, {
        "code": "80380",
        "display": "Altra frattura esposta del cranio con altra e non specificata emorragia intracranica, stato di coscienza non specificato"
      }, {
        "code": "80381",
        "display": "Altra frattura esposta del cranio con altra e non specificata emorragia intracranica senza perdita di coscienza"
      }, {
        "code": "80382",
        "display": "Altra frattura esposta del cranio con altra e non specificata emorragia intracranica con perdita di coscienza di durata inferiore a 1 ora"
      }, {
        "code": "80383",
        "display": "Altra frattura esposta del cranio con altra e non specificata emorragia intracranica con perdita di coscienza di durata compresa tra 1 e 24 ore"
      }, {
        "code": "80384",
        "display": "Altra frattura esposta del cranio con altra e non specificata emorragia intracranica con perdita di coscienza di durata superiore a 24 ore e ritorno allo stato di coscienza preesistente"
      }, {
        "code": "80385",
        "display": "Altra frattura esposta del cranio con altra e non specificata emorragia intracranica con perdita di coscienza di durata superiore a 24 ore senza ritorno allo stato di coscienza preesistente"
      }, {
        "code": "80386",
        "display": "Altra frattura esposta del cranio con altra e non specificata emorragia intracranica con perdita di coscienza di durata non specificata"
      }, {
        "code": "80389",
        "display": "Altra frattura esposta del cranio con altra e non specificata emorragia intracranica, con commozione cerebrale, non specificata"
      }, {
        "code": "8039",
        "display": "Altra frattura esposta del cranio con traumatismo intracranico di altra e non specificata natura"
      }, {
        "code": "80390",
        "display": "Altra frattura esposta del cranio con traumatismo intracranico di altra e non specificata natura, stato di coscienza non specificato"
      }, {
        "code": "80391",
        "display": "Altra frattura esposta del cranio con traumatismo intracranico di altra e non specificata natura senza perdita di coscienza"
      }, {
        "code": "80392",
        "display": "Altra frattura esposta del cranio con traumatismo intracranico di altra e non specificata natura con perdita di coscienza di durata inferiore a 1 ora"
      }, {
        "code": "80393",
        "display": "Altra frattura esposta del cranio con traumatismo intracranico di altra e non specificata natura con perdita di coscienza di durata compresa tra 1 e 24 ore"
      }, {
        "code": "80394",
        "display": "Altra frattura esposta del cranio con traumatismo intracranico di altra e non specificata natura con perdita di coscienza di durata superiore a 24 ore e ritorno allo stato di coscienza preesistente"
      }, {
        "code": "80395",
        "display": "Altra frattura esposta del cranio con traumatismo intracranico di altra e non specificata natura con perdita di coscienza di durata superiore a 24 ore senza ritorno allo stato di coscienza preesistente"
      }, {
        "code": "80396",
        "display": "Altra frattura esposta del cranio con traumatismo intracranico di altra e non specificata natura con perdita di coscienza di durata non specificata"
      }, {
        "code": "80399",
        "display": "Altra frattura esposta del cranio con traumatismo intracranico di altra e non specificata natura, con commozione cerebrale, non specificata"
      } ]
    } ]
  }
}