{
  "resourceType": "ValueSet",
  "url": "http://hl7.org/fhir/sid/icd-9-cm-883",
  "version": "1.0",
  "name": "Diagnosi-Avvelenamento da anticonvulsivanti e da farmaci anti-parkinsonismo",
  "title": "Avvelenamento da anticonvulsivanti e da farmaci anti-parkinsonismo",
  "status": "active",
  "compose": {
    "include": [ {
      "system": "http://hl7.org/fhir/sid/icd-9-cm",
      "concept": [ {
        "code": "9660",
        "display": "Avvelenamento da derivati dell' ossazolina"
      }, {
        "code": "9661",
        "display": "Avvelenamento da derivati dell' idantoina"
      }, {
        "code": "9662",
        "display": "Avvelenamento da succinimide"
      }, {
        "code": "9663",
        "display": "Avvelenamento da altri e non specificati farmaci anticonvulsivanti"
      }, {
        "code": "9664",
        "display": "Avvelenamento da farmaci anti-parkinsonismo"
      } ]
    } ]
  }
}