{
  "resourceType": "ValueSet",
  "url": "http://hl7.org/fhir/sid/icd-9-cm-766",
  "version": "1.0",
  "name": "Diagnosi-Altre, multiple e mal definite lussazioni",
  "title": "Altre, multiple e mal definite lussazioni",
  "status": "active",
  "compose": {
    "include": [ {
      "system": "http://hl7.org/fhir/sid/icd-9-cm",
      "concept": [ {
        "code": "8390",
        "display": "Lussazione di vertebra cervicale, chiusa"
      }, {
        "code": "83900",
        "display": "Lussazione chiusa di vertebra cervicale, non specificata"
      }, {
        "code": "83901",
        "display": "Lussazione chiusa della prima vertebra cervicale"
      }, {
        "code": "83902",
        "display": "Lussazione chiusa della seconda vertebra cervicale"
      }, {
        "code": "83903",
        "display": "Lussazione chiusa della terza vertebra cervicale"
      }, {
        "code": "83904",
        "display": "Lussazione chiusa della quarta vertebra cervicale"
      }, {
        "code": "83905",
        "display": "Lussazione chiusa della quinta vertebra cervicale"
      }, {
        "code": "83906",
        "display": "Lussazione chiusa della sesta vertebra cervicale"
      }, {
        "code": "83907",
        "display": "Lussazione chiusa della settima vertebra cervicale"
      }, {
        "code": "83908",
        "display": "Lussazione chiusa di multiple vertebre cervicali"
      }, {
        "code": "8391",
        "display": "Lussazione di vertebra cervicale, esposta"
      }, {
        "code": "83910",
        "display": "Lussazione esposta della vertebra cervicale, non specificata"
      }, {
        "code": "83911",
        "display": "Lussazione esposta della prima vertebra cervicale"
      }, {
        "code": "83912",
        "display": "Lussazione esposta della seconda vertebra cervicale"
      }, {
        "code": "83913",
        "display": "Lussazione esposta della terza vertebra cervicale"
      }, {
        "code": "83914",
        "display": "Lussazione esposta della quarta vertebra cervicale"
      }, {
        "code": "83915",
        "display": "Lussazione esposta della quinta vertebra cervicale"
      }, {
        "code": "83916",
        "display": "Lussazione esposta della sesta vertebra cervicale"
      }, {
        "code": "83917",
        "display": "Lussazione esposta della settima vertebra cervicale"
      }, {
        "code": "83918",
        "display": "Lussazione esposta di multiple vertebre cervicali"
      }, {
        "code": "8392",
        "display": "Lussazione chiusa di vertebre toraciche e lombari chiuse"
      }, {
        "code": "83920",
        "display": "Lussazione chiusa delle vertebre lombari"
      }, {
        "code": "83921",
        "display": "Lussazione chiusa delle Vertebre toraciche"
      }, {
        "code": "8393",
        "display": "Lussazione delle vertebre toraciche e lombari, esposte"
      }, {
        "code": "83930",
        "display": "Lussazione esposta delle vertebre lombari"
      }, {
        "code": "83931",
        "display": "Lussazione esposta delle vertebre toraciche"
      }, {
        "code": "8394",
        "display": "Lussazione di altre vertebre, chiuse"
      }, {
        "code": "83940",
        "display": "Lussazione chiusa di vertebra, sito non specificato"
      }, {
        "code": "83941",
        "display": "Lussazione chiusa del coccige"
      }, {
        "code": "83942",
        "display": "Lussazione chiusa del sacro"
      }, {
        "code": "83949",
        "display": "Altra lussazione di altre vertebre, chiuse"
      }, {
        "code": "8395",
        "display": "Lussazione di altre vertebre, esposte"
      }, {
        "code": "83950",
        "display": "Lussazione esposta di vertebra, sito non specificato"
      }, {
        "code": "83951",
        "display": "Lussazione esposta del coccige"
      }, {
        "code": "83952",
        "display": "Lussazione esposta del sacro"
      }, {
        "code": "83959",
        "display": "Altra lussazione di altre vertebre, esposte"
      }, {
        "code": "8396",
        "display": "Lussazione altre localizzazioni, chiuse"
      }, {
        "code": "83961",
        "display": "Lussazione chiusa dello sterno"
      }, {
        "code": "83969",
        "display": "Lussazione altre localizzazioni, chiuse, altro"
      }, {
        "code": "8397",
        "display": "Lussazione, altre localizzazioni, esposte"
      }, {
        "code": "83971",
        "display": "Lussazione esposta dello sterno"
      }, {
        "code": "83979",
        "display": "Lussazione altre localizzazioni, esposte, altro"
      }, {
        "code": "8398",
        "display": "Lussazioni multiple e mal definite, chiuse"
      }, {
        "code": "8399",
        "display": "Lussazioni multiple e mal definite, esposte"
      } ]
    } ]
  }
}