{
  "resourceType": "ValueSet",
  "url": "http://hl7.org/fhir/sid/icd-9-cm-504",
  "version": "1.0",
  "name": "Diagnosi-Altri disturbi del peritoneo",
  "title": "Altri disturbi del peritoneo",
  "status": "active",
  "compose": {
    "include": [ {
      "system": "http://hl7.org/fhir/sid/icd-9-cm",
      "concept": [ {
        "code": "5680",
        "display": "Aderenze peritoneali (postoperatorie) (postinfettive)"
      }, {
        "code": "5688",
        "display": "Altri disturbi specificati del peritoneo"
      }, {
        "code": "56881",
        "display": "Emoperitoneo (non traumatico)"
      }, {
        "code": "56882",
        "display": "Trasudazione peritoneale (cronica)"
      }, {
        "code": "56889",
        "display": "Altri disturbi specificati del peritoneo"
      }, {
        "code": "5689",
        "display": "Disturbo non specificato del peritoneo"
      } ]
    } ]
  }
}