{
  "resourceType": "ValueSet",
  "url": "http://hl7.org/fhir/sid/icd-9-cm-277",
  "version": "1.0",
  "name": "Diagnosi-Abuso di droghe senza dipendenza",
  "title": "Abuso di droghe senza dipendenza",
  "status": "active",
  "compose": {
    "include": [ {
      "system": "http://hl7.org/fhir/sid/icd-9-cm",
      "concept": [ {
        "code": "3050",
        "display": "Abuso di alcool"
      }, {
        "code": "30500",
        "display": "Abuso di alcool, non specificato"
      }, {
        "code": "30501",
        "display": "Abuso di alcool, continuo"
      }, {
        "code": "30502",
        "display": "Abuso di alcool, episodico"
      }, {
        "code": "30503",
        "display": "Abuso di alcool, in remissione"
      }, {
        "code": "3051",
        "display": "Disturbi da uso di tabacco"
      }, {
        "code": "3052",
        "display": "Abuso di cannabinoidi"
      }, {
        "code": "30520",
        "display": "Abuso di cannabinoidi, non specificato"
      }, {
        "code": "30521",
        "display": "Abuso di cannabinoidi, continuo"
      }, {
        "code": "30522",
        "display": "Abuso di cannabinoidi, episodico"
      }, {
        "code": "30523",
        "display": "Abuso di cannabinoidi, in remissione"
      }, {
        "code": "3053",
        "display": "Abuso di allucinogeni"
      }, {
        "code": "30530",
        "display": "Abuso di allucinogeni, non specificato"
      }, {
        "code": "30531",
        "display": "Abuso di allucinogeni, continuo"
      }, {
        "code": "30532",
        "display": "Abuso di allucinogeni, episodico"
      }, {
        "code": "30533",
        "display": "Abuso di allucinogeni, in remissione"
      }, {
        "code": "3054",
        "display": "Abuso di sedativi, ipnotici o ansiolitici"
      }, {
        "code": "30540",
        "display": "Abuso di sedativi, ipnotici o ansiolitici, non specificato"
      }, {
        "code": "30541",
        "display": "Abuso di sedativi, ipnotici o ansiolitici, continuo"
      }, {
        "code": "30542",
        "display": "Abuso di sedativi, ipnotici o ansiolitici, episodico"
      }, {
        "code": "30543",
        "display": "Abuso di sedativi, ipnotici o ansiolitici, in remissione"
      }, {
        "code": "3055",
        "display": "Abuso di oppioidi"
      }, {
        "code": "30550",
        "display": "Abuso di oppioidi, non specificato"
      }, {
        "code": "30551",
        "display": "Abuso di oppioidi, continuo"
      }, {
        "code": "30552",
        "display": "Abuso di oppioidi, episodico"
      }, {
        "code": "30553",
        "display": "Abuso di oppioidi, in remissione"
      }, {
        "code": "3056",
        "display": "Abuso di cocaina"
      }, {
        "code": "30560",
        "display": "Abuso di cocaina, non specificato"
      }, {
        "code": "30561",
        "display": "Abuso di cocaina, continuo"
      }, {
        "code": "30562",
        "display": "Abuso di cocaina, episodico"
      }, {
        "code": "30563",
        "display": "Abuso di cocaina, in remissione"
      }, {
        "code": "3057",
        "display": "Abuso di amfetamina o di simpaticomimetici ad azione simile"
      }, {
        "code": "30570",
        "display": "Abuso di amfetamina o di simpaticomimetici ad azione simile, non specificato"
      }, {
        "code": "30571",
        "display": "Abuso di amfetamina o di simpaticomimetici ad azione simile, continuo"
      }, {
        "code": "30572",
        "display": "Abuso di amfetamina o di simpaticomimetici ad azione simile, episodico"
      }, {
        "code": "30573",
        "display": "Abuso di amfetamina o di simpaticomimetici ad azione simile, in remissione"
      }, {
        "code": "3058",
        "display": "Abuso di antidepressivi"
      }, {
        "code": "30580",
        "display": "Abuso di antidepressivi, non specificato"
      }, {
        "code": "30581",
        "display": "Abuso di antidepressivi, continuo"
      }, {
        "code": "30582",
        "display": "Abuso di antidepressivi, episodico"
      }, {
        "code": "30583",
        "display": "Abuso di antidepressivi, in remissione"
      }, {
        "code": "3059",
        "display": "Altro abuso, misto o non specificato"
      }, {
        "code": "30590",
        "display": "Altro abuso, misto o non specificato, non specificato"
      }, {
        "code": "30591",
        "display": "Altro abuso, misto o non specificato, continuo"
      }, {
        "code": "30592",
        "display": "Altro abuso, misto o non specificato, episodico"
      }, {
        "code": "30593",
        "display": "Altro abuso, misto o non specificato, in remissione"
      } ]
    } ]
  }
}