{
  "resourceType": "ValueSet",
  "url": "http://hl7.org/fhir/sid/icd-9-cm-397",
  "version": "1.0",
  "name": "Diagnosi-Altre e mal definite vasculopatie cerebrali",
  "title": "Altre e mal definite vasculopatie cerebrali",
  "status": "active",
  "compose": {
    "include": [ {
      "system": "http://hl7.org/fhir/sid/icd-9-cm",
      "concept": [ {
        "code": "4370",
        "display": "Aterosclerosi cerebrale"
      }, {
        "code": "4371",
        "display": "Altre vasculopatie ischemiche cerebrali generalizzate"
      }, {
        "code": "4372",
        "display": "Encefalopatia ipertensiva"
      }, {
        "code": "4373",
        "display": "Aneurisma cerebrale senza rottura"
      }, {
        "code": "4374",
        "display": "Arterite cerebrale"
      }, {
        "code": "4375",
        "display": "Malattia ''moyamoya''"
      }, {
        "code": "4376",
        "display": "Trombosi non piogena dei seni venosi intracranici"
      }, {
        "code": "4377",
        "display": "Amnesia totale transitoria"
      }, {
        "code": "4378",
        "display": "Altre vasculopatie cerebrali"
      }, {
        "code": "4379",
        "display": "Vasculopatie cerebrali non specificate"
      } ]
    } ]
  }
}