{
  "resourceType": "ValueSet",
  "url": "http://hl7.org/fhir/sid/icd-9-cm-976",
  "version": "1.0",
  "name": "Diagnosi-Altri problemi familiari",
  "title": "Altri problemi familiari",
  "status": "active",
  "compose": {
    "include": [ {
      "system": "http://hl7.org/fhir/sid/icd-9-cm",
      "concept": [ {
        "code": "V610",
        "display": "Rottura del nucleo familiare"
      }, {
        "code": "V611",
        "display": "Problemi coniugali"
      }, {
        "code": "V6110",
        "display": "Problemi coniugali non specificati"
      }, {
        "code": "V6111",
        "display": "Abuso da parte del coniuge o del partner"
      }, {
        "code": "V6112",
        "display": "Abuso sul coniuge o sul partner"
      }, {
        "code": "V612",
        "display": "Problemi nel rapporto genitori-figli"
      }, {
        "code": "V6120",
        "display": "Problema nel rapporto genitori-figli, non specificato"
      }, {
        "code": "V6121",
        "display": "Maltrattamento del bambino"
      }, {
        "code": "V6122",
        "display": "Abuso sul bambino da parte del genitore"
      }, {
        "code": "V6129",
        "display": "Altri problemi nel rapporto genitorifigli"
      }, {
        "code": "V613",
        "display": "Problemi con i genitori anziani o con i suoceri"
      }, {
        "code": "V614",
        "display": "Problemi di salute in famiglia"
      }, {
        "code": "V6141",
        "display": "Alcoolismo in famiglia"
      }, {
        "code": "V6149",
        "display": "Altri problemi di salute in famiglia"
      }, {
        "code": "V615",
        "display": "Multiparita'"
      }, {
        "code": "V616",
        "display": "Illegittimita' o gravidanza illegittima"
      }, {
        "code": "V617",
        "display": "Altra gravidanza non desiderata"
      }, {
        "code": "V618",
        "display": "Altri problemi familiari specificati"
      }, {
        "code": "V619",
        "display": "Problema familiare non specificato"
      } ]
    } ]
  }
}