{
  "resourceType": "ValueSet",
  "url": "http://hl7.org/fhir/sid/icd-9-cm-599",
  "version": "1.0",
  "name": "Diagnosi-Emorragia postpartum",
  "title": "Emorragia postpartum",
  "status": "active",
  "compose": {
    "include": [ {
      "system": "http://hl7.org/fhir/sid/icd-9-cm",
      "concept": [ {
        "code": "6660",
        "display": "Emorragia del terzo stadio"
      }, {
        "code": "66600",
        "display": "Emorragia del terzo stadio, episodio di cura non specificato"
      }, {
        "code": "66602",
        "display": "Emorragia del terzo stadio, parto, con menzione delle complicazioni postpartum"
      }, {
        "code": "66604",
        "display": "Emorragia del terzo stadio, condizione o complicazione postpartum"
      }, {
        "code": "6661",
        "display": "Altra emorragia postpartum immediata"
      }, {
        "code": "66610",
        "display": "Altra emorragia postpartum immediata, episodio di cura non specificato"
      }, {
        "code": "66612",
        "display": "Altra emorragia postpartum immediata, parto, con menzione delle complicazioni postpartum"
      }, {
        "code": "66614",
        "display": "Altra emorragia postpartum immediata, condizione o complicazione postpartum"
      }, {
        "code": "6662",
        "display": "Emorragia postpartum ritardata e secondaria"
      }, {
        "code": "66620",
        "display": "Emorragia postpartum ritardata e secondaria, episodio di cura non specificato"
      }, {
        "code": "66622",
        "display": "Emorragia postpartum ritardata e secondaria, parto, con menzione delle complicazioni postpartum"
      }, {
        "code": "66624",
        "display": "Emorragia postpartum ritardata e secondaria, condizione o complicazione postpartum"
      }, {
        "code": "6663",
        "display": "Difetti della coagulazione postpartum"
      }, {
        "code": "66630",
        "display": "Difetti della coagulazione postpartum, episodio di cura non specificato"
      }, {
        "code": "66632",
        "display": "Difetti della coagulazione postpartum, parto, con menzione delle complicazioni postpartum"
      }, {
        "code": "66634",
        "display": "Difetti della coagulazione postpartum, condizione o complicazione postpartum"
      } ]
    } ]
  }
}