{
  "resourceType": "ValueSet",
  "url": "http://hl7.org/fhir/sid/icd-9-cm-423",
  "version": "1.0",
  "name": "Diagnosi-Bronchite e bronchiolite acuta",
  "title": "Bronchite e bronchiolite acuta",
  "status": "active",
  "compose": {
    "include": [ {
      "system": "http://hl7.org/fhir/sid/icd-9-cm",
      "concept": [ {
        "code": "4660",
        "display": "Bronchite acuta"
      }, {
        "code": "4661",
        "display": "Bronchiolite acuta"
      }, {
        "code": "46611",
        "display": "Bronchiolite acuta da virus respiratorio sinciziale (RSV)"
      }, {
        "code": "46619",
        "display": "Bronchiolite acuta da altri agenti infettivi"
      } ]
    } ]
  }
}