{
  "resourceType": "ValueSet",
  "url": "http://hl7.org/fhir/sid/icd-9-cm-878",
  "version": "1.0",
  "name": "Diagnosi-Avvelenamento da altri farmaci anti-infettivi",
  "title": "Avvelenamento da altri farmaci anti-infettivi",
  "status": "active",
  "compose": {
    "include": [ {
      "system": "http://hl7.org/fhir/sid/icd-9-cm",
      "concept": [ {
        "code": "9610",
        "display": "Avvelenamento da sulfonamidi"
      }, {
        "code": "9611",
        "display": "Avvelenamento da anti-infettivi arsenicali"
      }, {
        "code": "9612",
        "display": "Avvelenamento da metalli pesanti anti-infettivi"
      }, {
        "code": "9613",
        "display": "Avvelenamento da derivati della chinolina e idrossichinolina"
      }, {
        "code": "9614",
        "display": "Avvelenamento da antimalarici e farmaci attivi contro gli altri protozoi del sangue"
      }, {
        "code": "9615",
        "display": "Avvelenamento da altri farmaci antiprotozoi"
      }, {
        "code": "9616",
        "display": "Avvelenamento da antielmintici"
      }, {
        "code": "9617",
        "display": "Avvelenamento da farmaci antivirali"
      }, {
        "code": "9618",
        "display": "Avvelenamento da altri farmaci antimicobatterici"
      }, {
        "code": "9619",
        "display": "Avvelenamento da altri e non specificati farmaci anti-infettivi"
      } ]
    } ]
  }
}