{
  "resourceType": "ValueSet",
  "url": "http://hl7.org/fhir/sid/icd-9-cm-566",
  "version": "1.0",
  "name": "Diagnosi-Gravidanza ectopica",
  "title": "Gravidanza ectopica",
  "status": "active",
  "compose": {
    "include": [ {
      "system": "http://hl7.org/fhir/sid/icd-9-cm",
      "concept": [ {
        "code": "6330",
        "display": "Gravidanza addominale"
      }, {
        "code": "63300",
        "display": "Gravidanza addominale senza gravidanza intrauterina"
      }, {
        "code": "63301",
        "display": "Gravidanza addominale con gravidanza intrauterina"
      }, {
        "code": "6331",
        "display": "Gravidanza tubarica"
      }, {
        "code": "63310",
        "display": "Gravidanza tubarica senza gravidanza intrauterina"
      }, {
        "code": "63311",
        "display": "Gravidanza tubarica con gravidanza intrauterina"
      }, {
        "code": "6332",
        "display": "Gravidanza ovarica"
      }, {
        "code": "63320",
        "display": "Gravidanza ovarica senza gravidanza intrauterina"
      }, {
        "code": "63321",
        "display": "Gravidanza ovarica con gravidanza intrauterina"
      }, {
        "code": "6338",
        "display": "Altre gravidanze ectopiche"
      }, {
        "code": "63380",
        "display": "Altre gravidanze ectopiche senza gravidanza intrauterina"
      }, {
        "code": "63381",
        "display": "Altre gravidanze ectopiche con gravidanza intrauterina"
      }, {
        "code": "6339",
        "display": "Gravidanza ectopica non specificata"
      }, {
        "code": "63390",
        "display": "Gravidanza ectopica non specificata senza gravidanza intrauterina"
      }, {
        "code": "63391",
        "display": "Gravidanza ectopica non specificata con gravidanza intrauterina"
      } ]
    } ]
  }
}