{
  "resourceType": "ValueSet",
  "url": "http://hl7.org/fhir/sid/icd-9-cm-371",
  "version": "1.0",
  "name": "Diagnosi-Cardionefropatia ipertensiva",
  "title": "Cardionefropatia ipertensiva",
  "status": "active",
  "compose": {
    "include": [ {
      "system": "http://hl7.org/fhir/sid/icd-9-cm",
      "concept": [ {
        "code": "40400",
        "display": "Cardionefropatia ipertensiva maligna senza insufficienza cardiaca e con patologia renale cronica dallo stadio"
      }, {
        "code": "40401",
        "display": "Cardionefropatia ipertensiva maligna con insufficienza cardiaca e con patologia renale cronica dallo stadio I allo stadio IV, o non specificata"
      }, {
        "code": "40402",
        "display": "Cardionefropatia ipertensiva maligna senza insufficienza cardiaca e con patologia renale cronica di stadio V o di stadio terminale"
      }, {
        "code": "40403",
        "display": "Cardionefropatia ipertensiva maligna con insufficienza cardiaca e con patologia renale cronica di stadio V o di stadio terminale"
      }, {
        "code": "4041",
        "display": "Cardionefropatia ipertensiva benigna"
      }, {
        "code": "40410",
        "display": "Cardionefropatia ipertensiva benigna senza insufficienza cardiaca e con patologia renale cronica dallo stadio"
      }, {
        "code": "40411",
        "display": "Cardionefropatia ipertensiva benigna con insufficienza cardiaca e con patologia renale cronica dallo stadio I allo stadio IV, o non specificata"
      }, {
        "code": "40412",
        "display": "Cardionefropatia ipertensiva benigna senza insufficienza cardiaca e con patologia renale cronica di stadio V o di stadio terminale"
      }, {
        "code": "40413",
        "display": "Cardionefropatia ipertensiva benigna con insufficienza cardiaca e con patologia renale cronica di stadio V o di stadio terminale"
      }, {
        "code": "4049",
        "display": "Cardionefropatia ipertensiva non specificata"
      }, {
        "code": "40490",
        "display": "Cardionefropatia ipertensiva non specificata senza insufficienza cardiaca e con patologia renale cronica dallo stadio I allo stadio IV, o non specificata"
      }, {
        "code": "40491",
        "display": "Cardionefropatia ipertensiva non specificata con insufficienza cardiaca e con patologia renale cronica dallo stadio I allo stadio IV, o non specificata"
      }, {
        "code": "40492",
        "display": "Cardionefropatia ipertensiva non specificata senza insufficienza cardiaca e con patologia renale cronica di stadio V o di stadio terminale"
      }, {
        "code": "40493",
        "display": "Cardionefropatia ipertensiva non specificata con insufficienza cardiaca e con patologia renale cronica di stadio V o di stadio terminale"
      } ]
    } ]
  }
}