{
  "resourceType": "ValueSet",
  "url": "http://hl7.org/fhir/sid/icd-9-cm-482",
  "version": "1.0",
  "name": "Diagnosi-Gastrite e duodenite",
  "title": "Gastrite e duodenite",
  "status": "active",
  "compose": {
    "include": [ {
      "system": "http://hl7.org/fhir/sid/icd-9-cm",
      "concept": [ {
        "code": "53500",
        "display": "Gastrite acuta senza menzione di emorragia"
      }, {
        "code": "53501",
        "display": "Gastrite acuta con emorragia"
      }, {
        "code": "53510",
        "display": "Gastrite atrofica senza menzione di emorragia"
      }, {
        "code": "53511",
        "display": "Gastrite atrofica con emorragia"
      }, {
        "code": "53520",
        "display": "Ipertrofia della mucosa gastrica senza menzione di emorragia"
      }, {
        "code": "53521",
        "display": "Ipertrofia della mucosa gastrica con emorragia"
      }, {
        "code": "53530",
        "display": "Gastrite alcoolica senza menzione di emorragia"
      }, {
        "code": "53531",
        "display": "Gastrite alcoolica con emorragia"
      }, {
        "code": "53540",
        "display": "Altra gastrite specificata senza menzione di emorragia"
      }, {
        "code": "53541",
        "display": "Altra gastrite specificata con emorragia"
      }, {
        "code": "53550",
        "display": "Gastrite e gastroduodenite non specificate senza menzione di emorragia"
      }, {
        "code": "53551",
        "display": "Gastrite e gastroduodenite non specificate con emorragia"
      }, {
        "code": "53560",
        "display": "Duodenite senza menzione di emorragia"
      }, {
        "code": "53561",
        "display": "Duodenite con emorragia"
      } ]
    } ]
  }
}