{
  "resourceType": "ValueSet",
  "url": "http://hl7.org/fhir/sid/icd-9-cm-567",
  "version": "1.0",
  "name": "Diagnosi-Aborto spontaneo",
  "title": "Aborto spontaneo",
  "status": "active",
  "compose": {
    "include": [ {
      "system": "http://hl7.org/fhir/sid/icd-9-cm",
      "concept": [ {
        "code": "6340",
        "display": "Aborto spontaneo complicato da infezione del tratto genitale e pelvico"
      }, {
        "code": "63400",
        "display": "Aborto spontaneo complicato da infezione del tratto genitale e pelvico, non specificato se completo o incompleto"
      }, {
        "code": "63401",
        "display": "Aborto spontaneo complicato da infezione del tratto genitale e pelvico, incompleto"
      }, {
        "code": "63402",
        "display": "Aborto spontaneo complicato da infezione del tratto genitale e pelvico, completo"
      }, {
        "code": "6341",
        "display": "Aborto spontaneo complicato da emorragia tardiva o eccessiva"
      }, {
        "code": "63410",
        "display": "Aborto spontaneo complicato da emorragia tardiva o eccessiva, non specificato se completo o incompleto"
      }, {
        "code": "63411",
        "display": "Aborto spontaneo complicato da emorragia tardiva o eccessiva, incompleto"
      }, {
        "code": "63412",
        "display": "Aborto spontaneo complicato da emorragia tardiva o eccessiva, completo"
      }, {
        "code": "6342",
        "display": "Aborto spontaneo complicato da danno agli organi o tessuti pelvici"
      }, {
        "code": "63420",
        "display": "Aborto spontaneo complicato da danno agli organi o tessuti pelvici, non specificato se completo o incompleto"
      }, {
        "code": "63421",
        "display": "Aborto spontaneo complicato da danno agli organi o tessuti pelvici, incompleto"
      }, {
        "code": "63422",
        "display": "Aborto spontaneo complicato da danno agli organi o tessuti pelvici, completo"
      }, {
        "code": "6343",
        "display": "Aborto spontaneo complicato da insufficienza renale"
      }, {
        "code": "63430",
        "display": "Aborto spontaneo complicato da insufficienza renale, non specificato se completo o incompleto"
      }, {
        "code": "63431",
        "display": "Aborto spontaneo complicato da insufficienza renale, incompleto"
      }, {
        "code": "63432",
        "display": "Aborto spontaneo complicato da insufficienza renale, completo"
      }, {
        "code": "6344",
        "display": "Aborto spontaneo complicato da disordine metabolico"
      }, {
        "code": "63440",
        "display": "Aborto spontaneo complicato da disordine metabolico, non specificato se completo o incompleto"
      }, {
        "code": "63441",
        "display": "Aborto spontaneo complicato da disordine metabolico, incompleto"
      }, {
        "code": "63442",
        "display": "Aborto spontaneo complicato da disordine metabolico, completo"
      }, {
        "code": "6345",
        "display": "Aborto spontaneo complicato da shock"
      }, {
        "code": "63450",
        "display": "Aborto spontaneo complicato da shock, non specificato se completo o incompleto"
      }, {
        "code": "63451",
        "display": "Aborto spontaneo complicato da shock, incompleto"
      }, {
        "code": "63452",
        "display": "Aborto spontaneo complicato da shock, completo"
      }, {
        "code": "6346",
        "display": "Aborto spontaneo complicato da embolia"
      }, {
        "code": "63460",
        "display": "Aborto spontaneo complicato da embolia, non specificato se completo o incompleto"
      }, {
        "code": "63461",
        "display": "Aborto spontaneo complicato da embolia, incompleto"
      }, {
        "code": "63462",
        "display": "Aborto spontaneo complicato da embolia, completo"
      }, {
        "code": "6347",
        "display": "Aborto spontaneo con altre complicazioni specificate"
      }, {
        "code": "63470",
        "display": "Aborto spontaneo con altre complicazioni specificate, non specificato se completo o incompleto"
      }, {
        "code": "63471",
        "display": "Aborto spontaneo con altre complicazioni specificate, incompleto"
      }, {
        "code": "63472",
        "display": "Aborto spontaneo con altre complicazioni specificate, completo"
      }, {
        "code": "6348",
        "display": "Aborto spontaneo con complicazione non specificata"
      }, {
        "code": "63480",
        "display": "Aborto spontaneo con complicazione non specificata, non specificato se completo o incompleto"
      }, {
        "code": "63481",
        "display": "Aborto spontaneo con complicazione non specificata, incompleto"
      }, {
        "code": "63482",
        "display": "Aborto spontaneo con complicazione non specificata, completo"
      }, {
        "code": "6349",
        "display": "Aborto spontaneo senza complicazione riferita"
      }, {
        "code": "63490",
        "display": "Aborto spontaneo senza complicazione riferita, non specificato se completo o incompleto"
      }, {
        "code": "63491",
        "display": "Aborto spontaneo senza complicazione riferita, incompleto"
      }, {
        "code": "63492",
        "display": "Aborto spontaneo senza complicazione riferita, completo"
      } ]
    } ]
  }
}