{
  "resourceType": "ValueSet",
  "url": "http://hl7.org/fhir/sid/icd-9-cm-894",
  "version": "1.0",
  "name": "Diagnosi-Avvelenamento da altri e non specificati farmaci e medicamenti",
  "title": "Avvelenamento da altri e non specificati farmaci e medicamenti",
  "status": "active",
  "compose": {
    "include": [ {
      "system": "http://hl7.org/fhir/sid/icd-9-cm",
      "concept": [ {
        "code": "9770",
        "display": "Avvelenamento da dietetici"
      }, {
        "code": "9771",
        "display": "Avvelenamento da farmaci lipotropi"
      }, {
        "code": "9772",
        "display": "Avvelenamento da antidoti e agenti chelanti non classificati altrove"
      }, {
        "code": "9773",
        "display": "Avvelenamento da antagonisti dell' alcool"
      }, {
        "code": "9774",
        "display": "Avvelenamento da eccipienti farmaceutici"
      }, {
        "code": "9778",
        "display": "Avvelenamento da altri farmaci e medicamenti specificati"
      }, {
        "code": "9779",
        "display": "Avvelenamento da farmaco o medicamento non specificato"
      } ]
    } ]
  }
}