{
  "resourceType": "ValueSet",
  "url": "http://hl7.org/fhir/sid/icd-9-cm-416",
  "version": "1.0",
  "name": "Diagnosi-Altri disturbi del sistema circolatorio",
  "title": "Altri disturbi del sistema circolatorio",
  "status": "active",
  "compose": {
    "include": [ {
      "system": "http://hl7.org/fhir/sid/icd-9-cm",
      "concept": [ {
        "code": "4590",
        "display": "Emorragia, non specificata"
      }, {
        "code": "4591",
        "display": "Sindrome postflebitica"
      }, {
        "code": "45910",
        "display": "Sindrome postflebitica senza complicazioni"
      }, {
        "code": "45911",
        "display": "Sindrome postflebitica con ulcera"
      }, {
        "code": "45912",
        "display": "Sindrome postflebitica con infiammazione"
      }, {
        "code": "45913",
        "display": "Sindrome postflebitica con ulcera e infiammazione"
      }, {
        "code": "45919",
        "display": "Sindrome postflebitica con altra complicanza"
      }, {
        "code": "4592",
        "display": "Compressione venosa"
      }, {
        "code": "4593",
        "display": "Ipertensione venosa cronica (idiopatica)"
      }, {
        "code": "45930",
        "display": "Ipertensione venosa cronica senza complicazioni"
      }, {
        "code": "45931",
        "display": "Ipertensione venosa cronica con ulcera"
      }, {
        "code": "45932",
        "display": "Ipertensione venosa cronica con infiammazione"
      }, {
        "code": "45933",
        "display": "Ipertensione venosa cronica con ulcera e infiammazione"
      }, {
        "code": "45939",
        "display": "Ipertensione venosa cronica con altra complicanza"
      }, {
        "code": "4598",
        "display": "Altri disturbi specifici del sistema circolatorio"
      }, {
        "code": "45981",
        "display": "Insufficienza (periferica) venosa non specificata"
      }, {
        "code": "45989",
        "display": "Altri disturbi specificati del sistema circolatorio"
      }, {
        "code": "4599",
        "display": "Disturbi non specificati del sistema circolatorio"
      } ]
    } ]
  }
}