{
  "resourceType": "ValueSet",
  "url": "http://hl7.org/fhir/sid/icd-9-cm-901",
  "version": "1.0",
  "name": "Diagnosi-Effetti tossici del piombo e dei suoi composti (compresi i vapori)",
  "title": "Effetti tossici del piombo e dei suoi composti (compresi i vapori)",
  "status": "active",
  "compose": {
    "include": [ {
      "system": "http://hl7.org/fhir/sid/icd-9-cm",
      "concept": [ {
        "code": "9840",
        "display": "Effetti tossici dei composti inorganici del piombo"
      }, {
        "code": "9841",
        "display": "Effetti tossici dei composti organici del piombo"
      }, {
        "code": "9848",
        "display": "Effetti tossici di altri composti del piombo"
      }, {
        "code": "9849",
        "display": "Effetti tossici dei composti del piombo non specificati"
      } ]
    } ]
  }
}