{
  "resourceType": "ValueSet",
  "url": "http://hl7.org/fhir/sid/icd-9-cm-728",
  "version": "1.0",
  "name": "Diagnosi-Frattura della base cranica",
  "title": "Frattura della base cranica",
  "status": "active",
  "compose": {
    "include": [ {
      "system": "http://hl7.org/fhir/sid/icd-9-cm",
      "concept": [ {
        "code": "8010",
        "display": "Frattura chiusa della base cranica senza menzione di traumatismo intracranico"
      }, {
        "code": "80100",
        "display": "Frattura chiusa della base cranica senza menzione di traumatismo intracranico, stato di coscienza non specificato"
      }, {
        "code": "80101",
        "display": "Frattura chiusa della base cranica senza menzione di traumatismo intracranico senza perdita di coscienza"
      }, {
        "code": "80102",
        "display": "Frattura chiusa della base cranica senza menzione di traumatismo intracranico con perdita di coscienza di durata inferiore a 1 ora"
      }, {
        "code": "80103",
        "display": "Frattura chiusa della base cranica senza menzione di traumatismo intracranico con perdita di coscienza di durata compresa tra 1 e 24 ore"
      }, {
        "code": "80104",
        "display": "Frattura chiusa della base cranica senza menzione di traumatismo intracranico con perdita di coscienza di durata superiore a 24 ore e ritorno allo stato di coscienza preesistente"
      }, {
        "code": "80105",
        "display": "Frattura chiusa della base cranica senza menzione di traumatismo intracranico con perdita di coscienza di durata superiore a 24 ore senza ritorno allo stato di coscienza preesistente"
      }, {
        "code": "80106",
        "display": "Frattura chiusa della base cranica senza menzione di traumatismo intracranico con perdita di coscienza di durata non specificata"
      }, {
        "code": "80109",
        "display": "Frattura chiusa della base cranica senza menzione di traumatismo intracranico con commozione cerebrale, non specificata"
      }, {
        "code": "8011",
        "display": "Frattura chiusa della base cranica con lacerazione e contusione cerebrale"
      }, {
        "code": "80110",
        "display": "Frattura chiusa della base cranica con lacerazione e contusione cerebrale, stato di coscienza non specificato"
      }, {
        "code": "80111",
        "display": "Frattura chiusa della base cranica con lacerazione e contusione cerebrale senza perdita di coscienza"
      }, {
        "code": "80112",
        "display": "Frattura chiusa della base cranica con lacerazione e contusione cerebrale, con perdita di coscienza di durata inferiore a 1 ora"
      }, {
        "code": "80113",
        "display": "Frattura chiusa della base cranica con lacerazione e contusione cerebrale, con perdita di coscienza di durata compresa tra 1 e 24 ore"
      }, {
        "code": "80114",
        "display": "Frattura chiusa della base cranica con lacerazione e contusione cerebrale, con perdita di coscienza di durata superiore a 24 ore e ritorno allo stato di coscienza preesistente"
      }, {
        "code": "80115",
        "display": "Frattura chiusa della base cranica con lacerazione e contusione cerebrale, con perdita di coscienza di durata superiore a 24 ore senza ritorno allo stato di coscienza preesistente"
      }, {
        "code": "80116",
        "display": "Frattura chiusa della base cranica con lacerazione e contusione cerebrale, con perdita di coscienza di durata non specificata"
      }, {
        "code": "80119",
        "display": "Frattura chiusa della base cranica con lacerazione e contusione cerebrale con commozione cerebrale, non specificata"
      }, {
        "code": "8012",
        "display": "Frattura chiusa della base cranica con emorragia subaracnoidea, subdurale e extradurale"
      }, {
        "code": "80120",
        "display": "Frattura chiusa della base cranica con emorragia subaracnoidea, subdurale e extradurale, stato di coscienza non specificato"
      }, {
        "code": "80121",
        "display": "Frattura chiusa della base cranica con emorragia subaracnoidea, subdurale e extradurale senza perdita di coscienza"
      }, {
        "code": "80122",
        "display": "Frattura chiusa della base cranica con emorragia subaracnoidea, subdurale e extradurale con perdita di coscienza di durata inferiore a 1 ora"
      }, {
        "code": "80123",
        "display": "Frattura chiusa della base cranica con emorragia subaracnoidea, subdurale e extradurale con perdita di coscienza di durata compresa tra 1 e 24 ore"
      }, {
        "code": "80124",
        "display": "Frattura chiusa della base cranica con emorragia subaracnoidea, subdurale e extradurale con perdita di coscienza di durata superiore a 24 ore e ritorno allo stato di coscienza preesistente"
      }, {
        "code": "80125",
        "display": "Frattura chiusa della base cranica con emorragia subaracnoidea, subdurale e extradurale con perdita di coscienza di durata superiore a 24 ore senza ritorno allo stato di coscienza preesistente"
      }, {
        "code": "80126",
        "display": "Frattura chiusa della base cranica con emorragia subaracnoidea, subdurale e extradurale con perdita di coscienza di durata non specificata"
      }, {
        "code": "80129",
        "display": "Frattura chiusa della base cranica con emorragia subaracnoidea, subdurale e extradurale, con commozione cerebrale, non specificata"
      }, {
        "code": "8013",
        "display": "Frattura chiusa della base cranica con altra e non specificata emorragia intracranica"
      }, {
        "code": "80130",
        "display": "Frattura chiusa della base cranica con altra e non specificata emorragia intracranica, stato di coscienza non specificato"
      }, {
        "code": "80131",
        "display": "Frattura chiusa della base cranica con altra e non specificata emorragia intracranica senza perdita di coscienza"
      }, {
        "code": "80132",
        "display": "Frattura chiusa della base cranica con altra e non specificata emorragia intracranica con perdita di coscienza di durata inferiore a 1 ora"
      }, {
        "code": "80133",
        "display": "Frattura chiusa della base cranica con altra e non specificata emorragia intracranica con perdita di coscienza di durata compresa tra 1 e 24 ore"
      }, {
        "code": "80134",
        "display": "Frattura chiusa della base cranica con altra e non specificata emorragia intracranica con perdita di coscienza di durata superiore a 24 ore e ritorno allo stato di coscienza preesistente"
      }, {
        "code": "80135",
        "display": "Frattura chiusa della base cranica con altra e non specificata emorragia intracranica con perdita di coscienza di durata superiore a 24 ore senza ritorno allo stato di coscienza preesistente"
      }, {
        "code": "80136",
        "display": "Frattura chiusa della base cranica con altra e non specificata emorragia intracranica con perdita di coscienza di durata non specificata"
      }, {
        "code": "80139",
        "display": "Frattura chiusa della base cranica con menzione di altra e non specificata emorragia intracranica, con commozione cerebrale, non specificata"
      }, {
        "code": "8014",
        "display": "Frattura chiusa della base cranica con traumatismo intracranico di altra e non specificata natura"
      }, {
        "code": "80140",
        "display": "Frattura chiusa della base cranica con traumatismo intracranico di altra e non specificata natura, stato di coscienza non specificato"
      }, {
        "code": "80141",
        "display": "Frattura chiusa della base cranica con traumatismo intracranico di altra e non specificata natura senza perdita di coscienza"
      }, {
        "code": "80142",
        "display": "Frattura chiusa della base cranica con traumatismo intracranico di altra e non specificata natura con perdita di coscienza di durata inferiore a 1 ora"
      }, {
        "code": "80143",
        "display": "Frattura chiusa della base cranica con traumatismo intracranico di altra e non specificata natura con perdita di coscienza di durata compresa tra 1 e 24 ore"
      }, {
        "code": "80144",
        "display": "Frattura chiusa della base cranica con traumatismo intracranico di altra e non specificata natura con perdita di coscienza di durata superiore a 24 ore e ritorno allo stato di coscienza preesistente"
      }, {
        "code": "80145",
        "display": "Frattura chiusa della base cranica con traumatismo intracranico di altra e non specificata natura con perdita di coscienza di durata superiore a 24 ore senza ritorno allo stato di coscienza preesistente"
      }, {
        "code": "80146",
        "display": "Frattura chiusa della base cranica con traumatismo intracranico di altra e non specificata natura con perdita dello stato di coscienza di durata non specificata"
      }, {
        "code": "80149",
        "display": "Frattura chiusa della base cranica con traumatismo intracranico di altra e non specificata natura, con commozione cerebrale, non specificata"
      }, {
        "code": "8015",
        "display": "Frattura esposta della base cranica senza menzione di traumatismo intracranico"
      }, {
        "code": "80150",
        "display": "Frattura esposta della base cranica senza menzione di traumatismo intracranico, stato di coscienza non specificato"
      }, {
        "code": "80151",
        "display": "Frattura esposta della base cranica senza menzione di traumatismo intracranico senza perdita di coscienza"
      }, {
        "code": "80152",
        "display": "Frattura esposta della base cranica senza menzione di traumatismo intracranico con perdita di coscienza di durata inferiore a 1 ora"
      }, {
        "code": "80153",
        "display": "Frattura esposta della base cranica senza menzione di traumatismo intracranico con perdita di coscienza di durata compresa tra 1 e 24 ore"
      }, {
        "code": "80154",
        "display": "Frattura esposta della base cranica senza menzione di traumatismo intracranico con perdita di coscienza di durata superiore a 24 ore e ritorno allo stato di coscienza preesistente"
      }, {
        "code": "80155",
        "display": "Frattura esposta della base cranica senza menzione di traumatismo intracranico con perdita di coscienza di durata superiore a 24 ore senza ritorno allo stato di coscienza preesistente"
      }, {
        "code": "80156",
        "display": "Frattura esposta della base cranica senza menzione di traumatismo intracranico con perdita di coscienza di durata non specificata"
      }, {
        "code": "80159",
        "display": "Frattura esposta della base cranica senza menzione di traumatismo intracranico, con commozione cerebrale, non specificata"
      }, {
        "code": "8016",
        "display": "Frattura esposta della base cranica con lacerazione e contusione cerebrale"
      }, {
        "code": "80160",
        "display": "Frattura esposta della base cranica con lacerazione e contusione cerebrale, stato di coscienza non specificato"
      }, {
        "code": "80161",
        "display": "Frattura esposta della base cranica con lacerazione e contusione cerebrale senza perdita di coscienza"
      }, {
        "code": "80162",
        "display": "Frattura esposta della base cranica con lacerazione e contusione cerebrale con perdita di coscienza di durata inferiore a 1 ora"
      }, {
        "code": "80163",
        "display": "Frattura esposta della base cranica con lacerazione e contusione cerebrale con perdita di coscienza di durata compresa tra 1 e 24 ore"
      }, {
        "code": "80164",
        "display": "Frattura esposta della base cranica con lacerazione e contusione cerebrale con perdita di coscienza di durata superiore a 24 ore e ritorno allo stato di coscienza preesistente"
      }, {
        "code": "80165",
        "display": "Frattura esposta della base cranica con lacerazione e contusione cerebrale con perdita di coscienza di durata superiore a 24 ore senza ritorno allo stato di coscienza preesistente"
      }, {
        "code": "80166",
        "display": "Frattura esposta della base cranica con lacerazione e contusione cerebrale con perdita di coscienza di durata non specificata"
      }, {
        "code": "80169",
        "display": "Frattura esposta della base cranica con lacerazione e contusione cerebrale, con commozione cerebrale, non specificata"
      }, {
        "code": "8017",
        "display": "Frattura esposta della base cranica con emorragia subaracnoidea, subdurale e extradurale"
      }, {
        "code": "80170",
        "display": "Frattura esposta della base cranica con emorragia subaracnoidea, subdurale e extradurale, stato di coscienza non specificato"
      }, {
        "code": "80171",
        "display": "Frattura esposta della base cranica con emorragia subaracnoidea, subdurale e extradurale senza perdita di coscienza"
      }, {
        "code": "80172",
        "display": "Frattura esposta della base cranica con emorragia subaracnoidea, subdurale e extradurale con perdita di coscienza di durata inferiore a 1 ora"
      }, {
        "code": "80173",
        "display": "Frattura esposta della base cranica con emorragia subaracnoidea, subdurale e extradurale con perdita di coscienza di durata compresa tra 1 e 24 ore"
      }, {
        "code": "80174",
        "display": "Frattura esposta della base cranica con emorragia subaracnoidea, subdurale e extradurale con perdita di coscienza di durata superiore a 24 ore e ritorno allo stato di coscienza preesistente"
      }, {
        "code": "80175",
        "display": "Frattura esposta della base cranica con emorragia subaracnoidea, subdurale e extradurale con perdita di coscienza di durata superiore a 24 ore senza ritorno allo stato di coscienza preesistente"
      }, {
        "code": "80176",
        "display": "Frattura esposta della base cranica con emorragia subaracnoidea, subdurale e extradurale con perdita di coscienza di durata non specificata"
      }, {
        "code": "80179",
        "display": "Frattura esposta della base cranica con emorragia subaracnoidea, subdurale e extradurale, con commozione cerebrale, non specificata"
      }, {
        "code": "8018",
        "display": "Frattura esposta della base cranica con altra e non specificata emorragia intracranica"
      }, {
        "code": "80180",
        "display": "Frattura esposta della base cranica con altra e non specificata emorragia intracranica, stato di coscienza non specificato"
      }, {
        "code": "80181",
        "display": "Frattura esposta della base cranica con altra e non specificata emorragia intracranica senza perdita di coscienza"
      }, {
        "code": "80182",
        "display": "Frattura esposta della base cranica con altra e non specificata emorragia intracranica con perdita di coscienza di durata inferiore a 1 ora"
      }, {
        "code": "80183",
        "display": "Frattura esposta della base cranica con altra e non specificata emorragia intracranica con perdita di coscienza di durata compresa tra 1 e 24 ore"
      }, {
        "code": "80184",
        "display": "Frattura esposta della base cranica con altra e non specificata emorragia intracranica con perdita di coscienza di durata superiore a 24 ore e ritorno allo stato di coscienza preesistente"
      }, {
        "code": "80185",
        "display": "Frattura esposta della base cranica con altra e non specificata emorragia intracranica con perdita di coscienza di durata superiore a 24 ore senza ritorno allo stato di coscienza preesistente"
      }, {
        "code": "80186",
        "display": "Frattura esposta della base cranica con altra e non specificata emorragia intracranica con perdita di coscienza di durata non specificata"
      }, {
        "code": "80189",
        "display": "Frattura esposta della base cranica con altra e non specificata emorragia intracranica, con commozione cerebrale, non specificata"
      }, {
        "code": "8019",
        "display": "Frattura esposta della base cranica con traumatismo intracranico di altra e non specificata natura"
      }, {
        "code": "80190",
        "display": "Frattura esposta della base cranica con traumatismo intracranico di altra e non specificata natura, stato di coscienza non specificato"
      }, {
        "code": "80191",
        "display": "Frattura esposta della base cranica con traumatismo intracranico di altra e non specificata natura senza perdita di coscienza"
      }, {
        "code": "80192",
        "display": "Frattura esposta della base cranica con traumatismo intracranico di altra e non specificata natura con perdita di coscienza di durata inferiore a 1 ora"
      }, {
        "code": "80193",
        "display": "Frattura esposta della base cranica con traumatismo intracranico di altra e non specificata natura con perdita di coscienza di durata compresa tra 1 e 24 ore"
      }, {
        "code": "80194",
        "display": "Frattura esposta della base cranica con traumatismo intracranico di altra e non specificata natura con perdita di coscienza di durata superiore a 24 ore e ritorno allo stato di coscienza preesistente"
      }, {
        "code": "80195",
        "display": "Frattura esposta della base cranica con traumatismo intracranico di altra e non specificata natura con perdita di coscienza di durata superiore a 24 ore senza ritorno allo stato di coscienza preesistente"
      }, {
        "code": "80196",
        "display": "Frattura esposta della base cranica con traumatismo intracranico di altra e non specificata natura con perdita dello stato di coscienza di durata non specificata"
      }, {
        "code": "80199",
        "display": "Frattura esposta della base cranica con traumatismo intracranico di altra e non specificata natura, con commozione cerebrale, non specificata"
      } ]
    } ]
  }
}