{
  "resourceType": "ValueSet",
  "url": "http://hl7.org/fhir/sid/icd-9-cm-947",
  "version": "1.0",
  "name": "Diagnosi-Gemello di gemello nato vivo",
  "title": "Gemello di gemello nato vivo",
  "status": "active",
  "compose": {
    "include": [ {
      "system": "http://hl7.org/fhir/sid/icd-9-cm",
      "concept": [ {
        "code": "V310",
        "display": "Gemello di gemello nato vivo, nato in ospedale"
      }, {
        "code": "V3100",
        "display": "Gemello di gemello nato vivo, nato in ospedale, senza menzione di taglio cesareo"
      }, {
        "code": "V3101",
        "display": "Gemello di gemello nato vivo, nato in ospedale, con taglio cesareo"
      }, {
        "code": "V311",
        "display": "Gemello di gemello nato vivo, nato prima dell' ammissione in ospedale"
      }, {
        "code": "V312",
        "display": "Gemello di gemello nato vivo, nato fuori dall'ospedale e non ricoverato"
      } ]
    } ]
  }
}