{
  "resourceType": "ValueSet",
  "url": "http://hl7.org/fhir/sid/icd-9-cm-338",
  "version": "1.0",
  "name": "Diagnosi-Cecita' e ipovisione",
  "title": "Cecita' e ipovisione",
  "status": "active",
  "compose": {
    "include": [ {
      "system": "http://hl7.org/fhir/sid/icd-9-cm",
      "concept": [ {
        "code": "3690",
        "display": "Danno profondo della visione in entrambi gli occhi"
      }, {
        "code": "36900",
        "display": "Cecita' di entrambi gli occhi, livello di danno non ulteriormente specificato"
      }, {
        "code": "36901",
        "display": "\"Occhio migliore: danno totale"
      }, {
        "code": "36902",
        "display": "\"Occhio migliore: danno quasi totale"
      }, {
        "code": "36903",
        "display": "\"Occhio migliore: danno quasi totale"
      }, {
        "code": "36904",
        "display": "\"Occhio migliore: danno quasi totale"
      }, {
        "code": "36905",
        "display": "\"Occhio migliore: danno profondo"
      }, {
        "code": "36906",
        "display": "\"Occhio migliore: danno profondo"
      }, {
        "code": "36907",
        "display": "\"Occhio migliore: danno profondo"
      }, {
        "code": "36908",
        "display": "\"Occhio migliore: danno profondo"
      }, {
        "code": "3691",
        "display": "Danno moderato o grave nell'occhio migliore, danno profondo nell'occhio peggiore"
      }, {
        "code": "36910",
        "display": "Danno moderato o grave nell'occhio migliore, danno profondo nell'occhio peggiore, livello di danno non ulteriormente specificato"
      }, {
        "code": "36911",
        "display": "\"Occhio migliore: danno grave"
      }, {
        "code": "36912",
        "display": "\"Occhio migliore: danno grave"
      }, {
        "code": "36913",
        "display": "\"Occhio migliore: danno grave"
      }, {
        "code": "36914",
        "display": "\"Occhio migliore: danno grave"
      }, {
        "code": "36915",
        "display": "\"Occhio migliore: danno moderato"
      }, {
        "code": "36916",
        "display": "\"Occhio migliore: danno moderato"
      }, {
        "code": "36917",
        "display": "\"Occhio migliore: danno moderato"
      }, {
        "code": "36918",
        "display": "\"Occhio migliore: danno moderato"
      }, {
        "code": "3692",
        "display": "Danno moderato o grave della visione in entrambi gli occhi"
      }, {
        "code": "36920",
        "display": "Danno moderato o grave della visione in entrambi gli occhi non altrimenti specificato"
      }, {
        "code": "36921",
        "display": "\"Occhio migliore: danno grave"
      }, {
        "code": "36922",
        "display": "\"Occhio migliore: danno grave"
      }, {
        "code": "36923",
        "display": "\"Occhio migliore: danno moderato"
      }, {
        "code": "36924",
        "display": "\"Occhio migliore: danno moderato"
      }, {
        "code": "36925",
        "display": "\"Occhio migliore: danno moderato"
      }, {
        "code": "3693",
        "display": "Perdita visiva non qualificata in entrambi gli occhi"
      }, {
        "code": "3694",
        "display": "Cecita' legale come definita negli USA"
      }, {
        "code": "3696",
        "display": "Danno profondo in un occhio"
      }, {
        "code": "36960",
        "display": "Cecita' ad un occhio, non altrimenti specificato"
      }, {
        "code": "36961",
        "display": "\"Cecita' in un occhio: compromissione totale della visione"
      }, {
        "code": "36962",
        "display": "\"Un occhio: danno totale"
      }, {
        "code": "36963",
        "display": "\"Un occhio: danno totale della visione"
      }, {
        "code": "36964",
        "display": "\"Un occhio: danno quasi totale"
      }, {
        "code": "36965",
        "display": "\"Un occhio: danno quasi totale"
      }, {
        "code": "36966",
        "display": "\"Un occhio: danno quasi totale"
      }, {
        "code": "36967",
        "display": "\"Un occhio: danno profondo"
      }, {
        "code": "36968",
        "display": "\"Un occhio: danno profondo"
      }, {
        "code": "36969",
        "display": "\"Un occhio: danno profondo"
      }, {
        "code": "3697",
        "display": "Danno moderato o grave in un occhio"
      }, {
        "code": "36970",
        "display": "Danno moderato o grave in un occhio, non altrimenti specificato"
      }, {
        "code": "36971",
        "display": "\"Un occhio: danno grave"
      }, {
        "code": "36972",
        "display": "\"Un occhio: danno grave"
      }, {
        "code": "36973",
        "display": "\"Un occhio: danno grave"
      }, {
        "code": "36974",
        "display": "\"Un occhio: compromissione moderata della visione"
      }, {
        "code": "36975",
        "display": "\"Un occhio: danno moderato"
      }, {
        "code": "36976",
        "display": "\"Un occhio: danno moderato"
      }, {
        "code": "3698",
        "display": "Perdita visiva non qualificata in un occhio"
      }, {
        "code": "3699",
        "display": "Perdita della vista non specificata"
      } ]
    } ]
  }
}