{
  "resourceType": "ValueSet",
  "url": "http://hl7.org/fhir/sid/icd-9-cm-236",
  "version": "1.0",
  "name": "Diagnosi-Carenza di vitamina A",
  "title": "Carenza di vitamina A",
  "status": "active",
  "compose": {
    "include": [ {
      "system": "http://hl7.org/fhir/sid/icd-9-cm",
      "concept": [ {
        "code": "2640",
        "display": "Carenza di vitamina A con xerosi congiuntivale"
      }, {
        "code": "2641",
        "display": "Carenza di vitamina A con macchie di Bitot e xerosi congiuntivale"
      }, {
        "code": "2642",
        "display": "Carenza di vitamina A con xerosi corneale"
      }, {
        "code": "2643",
        "display": "Carenza di vitamina A con ulcera corneale e xerosi"
      }, {
        "code": "2644",
        "display": "Carenza di vitamina A con cheratomalacia"
      }, {
        "code": "2645",
        "display": "Carenza di vitamina A con cecita' notturna"
      }, {
        "code": "2646",
        "display": "Carenza di vitamina A con cicatrici xeroftalmiche della cornea"
      }, {
        "code": "2647",
        "display": "Altre manifestazioni oculari di carenza di vitamina A"
      }, {
        "code": "2648",
        "display": "Altre manifestazioni di carenza di vitamina"
      }, {
        "code": "2649",
        "display": "Carenza non specificata di vitamina A"
      } ]
    } ]
  }
}