{
  "resourceType": "ValueSet",
  "url": "http://hl7.org/fhir/sid/icd-9-cm-962",
  "version": "1.0",
  "name": "Diagnosi-Altri problemi degli organi interni",
  "title": "Altri problemi degli organi interni",
  "status": "active",
  "compose": {
    "include": [ {
      "system": "http://hl7.org/fhir/sid/icd-9-cm",
      "concept": [ {
        "code": "V470",
        "display": "Deficienze di organi interni"
      }, {
        "code": "V471",
        "display": "Problemi meccanici e motori degli organi interni"
      }, {
        "code": "V472",
        "display": "Altri problemi cardiorespiratori"
      }, {
        "code": "V473",
        "display": "Altri problemi digestivi"
      }, {
        "code": "V474",
        "display": "Altri problemi urinari"
      }, {
        "code": "V475",
        "display": "Altri problemi genitali"
      }, {
        "code": "V479",
        "display": "Problemi non specificati degli organi interni"
      } ]
    } ]
  }
}