{
  "resourceType": "ValueSet",
  "url": "http://hl7.org/fhir/sid/icd-9-cm-991",
  "version": "1.0",
  "name": "Diagnosi-Esame speciale (screening) per l'individuazione di tumori maligni",
  "title": "Esame speciale (screening) per l'individuazione di tumori maligni",
  "status": "active",
  "compose": {
    "include": [ {
      "system": "http://hl7.org/fhir/sid/icd-9-cm",
      "concept": [ {
        "code": "V760",
        "display": "Screening per l'individuazione di tumori maligni dell' apparato respiratorio"
      }, {
        "code": "V761",
        "display": "Screening per l'individuazione di tumori maligni della mammella"
      }, {
        "code": "V7610",
        "display": "Screening della mammella, non specificato"
      }, {
        "code": "V7611",
        "display": "Screening mammografico per pazienti ad alto rischio"
      }, {
        "code": "V7612",
        "display": "Altri screening mammografici"
      }, {
        "code": "V7619",
        "display": "Altri screening per l'esame della mammella"
      }, {
        "code": "V762",
        "display": "Screening per l'individuazione di tumori maligni del collo dell' utero"
      }, {
        "code": "V763",
        "display": "Screening per l'individuazione di tumori maligni della vescica"
      }, {
        "code": "V764",
        "display": "Screening per l'individuazione di tumori maligni di altre sedi"
      }, {
        "code": "V7641",
        "display": "Screening per l'individuazione di tumori maligni del retto"
      }, {
        "code": "V7642",
        "display": "Screening per l'individuazione di tumori maligni della cavita' orale"
      }, {
        "code": "V7643",
        "display": "Screening per l'individuazione di tumori maligni della pelle"
      }, {
        "code": "V7644",
        "display": "Screening per l'individuazione di tumore maligno della prostata"
      }, {
        "code": "V7645",
        "display": "Screening per l'individuazione di tumore maligno dei testicoli"
      }, {
        "code": "V7646",
        "display": "Screening per l'individuazione di tumore maligno dell' ovaio"
      }, {
        "code": "V7647",
        "display": "Screening per l'individuazione di tumore maligno della vagina"
      }, {
        "code": "V7649",
        "display": "Screening per l'individuazione di tumori maligni di altre sedi"
      }, {
        "code": "V765",
        "display": "Screening per l'individuazione di tumori maligni dell' intestino"
      }, {
        "code": "V7650",
        "display": "Screening per l'individuazione di tumori maligni dell' intestino, non specificato"
      }, {
        "code": "V7651",
        "display": "Screening per l'individuazione di tumore maligno del colon"
      }, {
        "code": "V7652",
        "display": "Screening per l'individuazione di tumore maligno dell' intestino tenue"
      }, {
        "code": "V768",
        "display": "Screening per l'individuazione di altri tumori maligni"
      }, {
        "code": "V7681",
        "display": "Screening per l'individuazione di tumori maligni del sistema nervoso"
      }, {
        "code": "V7689",
        "display": "Screening per l'individuazione di altri tumori maligni"
      }, {
        "code": "V769",
        "display": "Screening per l'individuazione di tumori maligni non specificati"
      } ]
    } ]
  }
}