{
  "resourceType": "ValueSet",
  "url": "http://hl7.org/fhir/sid/icd-9-cm-882",
  "version": "1.0",
  "name": "Diagnosi-Avvelenamento da analgesici, antipiretici e antireumatici",
  "title": "Avvelenamento da analgesici, antipiretici e antireumatici",
  "status": "active",
  "compose": {
    "include": [ {
      "system": "http://hl7.org/fhir/sid/icd-9-cm",
      "concept": [ {
        "code": "9650",
        "display": "Avvelenamento da oppiacei e narcotici correlati"
      }, {
        "code": "96500",
        "display": "Avvelenamento da oppio (alcaloidi), non specificati"
      }, {
        "code": "96501",
        "display": "Avvelenamento da eroina"
      }, {
        "code": "96502",
        "display": "Avvelenamento da metadone"
      }, {
        "code": "96509",
        "display": "Avvelenamento da altri oppiacei e narcotici correlati"
      }, {
        "code": "9651",
        "display": "Avvelenamento da salicilati"
      }, {
        "code": "9654",
        "display": "Avvelenamento da analgesici aromatici non classificati altrove"
      }, {
        "code": "9655",
        "display": "Avvelenamento da derivati del pirazolo"
      }, {
        "code": "9656",
        "display": "Avvelenamento da antireumatici (antiflogistici)"
      }, {
        "code": "96561",
        "display": "Avvelenamneto da derivati dall'acido propionico"
      }, {
        "code": "96569",
        "display": "Avvelenamento da altri antireumatici"
      }, {
        "code": "9657",
        "display": "Avvelenamento da altri analgesici non narcotici"
      }, {
        "code": "9658",
        "display": "Avvelenamento da altri analgesici e antipiretici specificati"
      }, {
        "code": "9659",
        "display": "Avvelenamento da analgesici e antipiretici non specificati"
      } ]
    } ]
  }
}