{
  "resourceType": "ValueSet",
  "url": "http://hl7.org/fhir/sid/icd-9-cm-367",
  "version": "1.0",
  "name": "Diagnosi-Altre cardiopatie reumatiche",
  "title": "Altre cardiopatie reumatiche",
  "status": "active",
  "compose": {
    "include": [ {
      "system": "http://hl7.org/fhir/sid/icd-9-cm",
      "concept": [ {
        "code": "3980",
        "display": "Miocardite reumatica"
      }, {
        "code": "3989",
        "display": "Altre e non specificate malattie reumatiche del cuore"
      }, {
        "code": "39890",
        "display": "Cardiopatia reumatica, non specificata"
      }, {
        "code": "39891",
        "display": "Insufficienza reumatica del cuore (congestizia)"
      }, {
        "code": "39899",
        "display": "Altra malattia reumatica del cuore"
      } ]
    } ]
  }
}