{
  "resourceType": "ValueSet",
  "url": "http://hl7.org/fhir/sid/icd-9-cm-508",
  "version": "1.0",
  "name": "Diagnosi-Ascesso del fegato e postumi di malattie croniche del fegato",
  "title": "Ascesso del fegato e postumi di malattie croniche del fegato",
  "status": "active",
  "compose": {
    "include": [ {
      "system": "http://hl7.org/fhir/sid/icd-9-cm",
      "concept": [ {
        "code": "5720",
        "display": "Ascesso del fegato"
      }, {
        "code": "5721",
        "display": "Pileflebite suppurativa (piemia portale)"
      }, {
        "code": "5722",
        "display": "Coma epatico"
      }, {
        "code": "5723",
        "display": "Ipertensione portale"
      }, {
        "code": "5724",
        "display": "Sindrome epatorenale"
      }, {
        "code": "5728",
        "display": "Altri postumi di malattie croniche del fegato"
      } ]
    } ]
  }
}