{
  "resourceType": "ValueSet",
  "url": "http://hl7.org/fhir/sid/icd-9-cm-33",
  "version": "1.0",
  "name": "Diagnosi-Infezione meningococcica",
  "title": "Infezione meningococcica",
  "status": "active",
  "compose": {
    "include": [ {
      "system": "http://hl7.org/fhir/sid/icd-9-cm",
      "concept": [ {
        "code": "0360",
        "display": "Meningite meningococcica"
      }, {
        "code": "0361",
        "display": "Encefalite meningococcica"
      }, {
        "code": "0362",
        "display": "Meningococcemia"
      }, {
        "code": "0363",
        "display": "Sindrome Waterhouse-Friderichsen, meningococcica"
      }, {
        "code": "0364",
        "display": "Cardite meningococcica"
      }, {
        "code": "03640",
        "display": "Cardite meningococcica, non specificata"
      }, {
        "code": "03641",
        "display": "Pericardite meningococcica"
      }, {
        "code": "03642",
        "display": "Endocardite meningococcica"
      }, {
        "code": "03643",
        "display": "Miocardite meningococcica"
      }, {
        "code": "0368",
        "display": "Altre forme specificate di infezioni meningococciche"
      }, {
        "code": "03681",
        "display": "Neurite ottica meningococcica"
      }, {
        "code": "03682",
        "display": "Artropatia meningococcica"
      }, {
        "code": "03689",
        "display": "Altre forme specificate di infezioni meningococciche"
      }, {
        "code": "0369",
        "display": "Infezione meningococcica non specificata"
      } ]
    } ]
  }
}