{
  "resourceType": "ValueSet",
  "url": "http://hl7.org/fhir/sid/icd-9-cm-620",
  "version": "1.0",
  "name": "Diagnosi-Dermatite da contatto ed altri eczemi",
  "title": "Dermatite da contatto ed altri eczemi",
  "status": "active",
  "compose": {
    "include": [ {
      "system": "http://hl7.org/fhir/sid/icd-9-cm",
      "concept": [ {
        "code": "6920",
        "display": "Dermatite da contatto con detergenti"
      }, {
        "code": "6921",
        "display": "Dermatite da contatto con oli e grassi"
      }, {
        "code": "6922",
        "display": "Dermatite da contatto con solventi"
      }, {
        "code": "6923",
        "display": "Dermatite da contatto con farmaci e medicamenti o presidi per uso topico"
      }, {
        "code": "6924",
        "display": "Dermatite da contatto con altri prodotti chimici"
      }, {
        "code": "6925",
        "display": "Dermatite da contatto con alimenti"
      }, {
        "code": "6926",
        "display": "Dermatite da contatto con vegetali (eccetto alimentari)"
      }, {
        "code": "6927",
        "display": "Dermatite da radiazioni solari"
      }, {
        "code": "69270",
        "display": "Dermatite non specificata dovuta al sole"
      }, {
        "code": "69271",
        "display": "Ustione solare"
      }, {
        "code": "69272",
        "display": "Dermatiti acute da radiazioni solari"
      }, {
        "code": "69273",
        "display": "Reticuloide attinico e granuloma attinico"
      }, {
        "code": "69274",
        "display": "Altre dermatiti croniche dovute alle radiazioni solari"
      }, {
        "code": "69275",
        "display": "Porocheratosi superficiale attinica disseminata (DSAP)"
      }, {
        "code": "69276",
        "display": "Ustione solare di secondo grado"
      }, {
        "code": "69277",
        "display": "Ustione solare di terzo grado"
      }, {
        "code": "69279",
        "display": "Altre dermatiti da radiazioni solari"
      }, {
        "code": "6928",
        "display": "Dermatite da altri agenti specificati"
      }, {
        "code": "69281",
        "display": "Dermatite da contatto con cosmetici"
      }, {
        "code": "69282",
        "display": "Dermatite da altre radiazioni"
      }, {
        "code": "69283",
        "display": "Dermatite da contatto con metalli"
      }, {
        "code": "69284",
        "display": "Dermatite da contatto con forfora animale (cane e gatto)"
      }, {
        "code": "69289",
        "display": "Dermatite da altri agenti specificati"
      }, {
        "code": "6929",
        "display": "Dermatite da cause non specificate"
      } ]
    } ]
  }
}