{
  "resourceType": "ValueSet",
  "url": "http://hl7.org/fhir/sid/icd-9-cm-194",
  "version": "1.0",
  "name": "Diagnosi-Altri tumori benigni dell' utero",
  "title": "Altri tumori benigni dell' utero",
  "status": "active",
  "compose": {
    "include": [ {
      "system": "http://hl7.org/fhir/sid/icd-9-cm",
      "concept": [ {
        "code": "2190",
        "display": "Altri tumori benigni della cervice uterina"
      }, {
        "code": "2191",
        "display": "Altri tumori benigni del corpo dell' utero"
      }, {
        "code": "2198",
        "display": "Altri tumori benigni di altre specificate parti dell' utero"
      }, {
        "code": "2199",
        "display": "Altri tumori benigni dell' utero, parte non specificata"
      } ]
    } ]
  }
}