{
  "resourceType": "ValueSet",
  "url": "http://hl7.org/fhir/sid/icd-9-cm-512",
  "version": "1.0",
  "name": "Diagnosi-Altri disturbi delle vie biliari",
  "title": "Altri disturbi delle vie biliari",
  "status": "active",
  "compose": {
    "include": [ {
      "system": "http://hl7.org/fhir/sid/icd-9-cm",
      "concept": [ {
        "code": "5760",
        "display": "Sindrome postcolecistectomia"
      }, {
        "code": "5761",
        "display": "Colangite"
      }, {
        "code": "5762",
        "display": "Ostruzione del dotto biliare"
      }, {
        "code": "5763",
        "display": "Perforazione del dotto biliare"
      }, {
        "code": "5764",
        "display": "Fistola del dotto biliare"
      }, {
        "code": "5765",
        "display": "Spasmo dello sfintere di Oddi"
      }, {
        "code": "5768",
        "display": "Altri disturbi specificati delle vie biliari"
      }, {
        "code": "5769",
        "display": "Disturbo non specificato delle vie biliari"
      } ]
    } ]
  }
}