{
  "resourceType": "ValueSet",
  "url": "http://hl7.org/fhir/sid/icd-9-cm-399",
  "version": "1.0",
  "name": "Diagnosi-Aterosclerosi",
  "title": "Aterosclerosi",
  "status": "active",
  "compose": {
    "include": [ {
      "system": "http://hl7.org/fhir/sid/icd-9-cm",
      "concept": [ {
        "code": "4400",
        "display": "Aterosclerosi dell' aorta"
      }, {
        "code": "4401",
        "display": "Aterosclerosi delle arterie renali"
      }, {
        "code": "4402",
        "display": "Aterosclerosi delle arterie native degli arti"
      }, {
        "code": "44020",
        "display": "Aterosclerosi delle arterie native degli arti, non specificata"
      }, {
        "code": "44021",
        "display": "Aterosclerosi delle arterie native degli arti con claudicazione intermittente"
      }, {
        "code": "44022",
        "display": "Aterosclerosi delle arterie native degli arti con dolore a riposo"
      }, {
        "code": "44023",
        "display": "Aterosclerosi delle arterie native degli arti con ulcerazioni"
      }, {
        "code": "44024",
        "display": "Aterosclerosi delle arterie native degli arti con gangrena"
      }, {
        "code": "44029",
        "display": "Altre aterosclerosi delle arterie native degli arti"
      }, {
        "code": "4403",
        "display": "Aterosclerosi di innesto vascolare degli arti"
      }, {
        "code": "44030",
        "display": "Aterosclerosi di innesto non specificato degli arti"
      }, {
        "code": "44031",
        "display": "Aterosclerosi di innesto venoso autologo degli arti"
      }, {
        "code": "44032",
        "display": "Aterosclerosi di innesto vascolare naturale non autologo degli arti"
      }, {
        "code": "4408",
        "display": "Aterosclerosi di altre arterie specificate"
      }, {
        "code": "4409",
        "display": "Aterosclerosi generalizzata e non specificata"
      } ]
    } ]
  }
}