{
  "resourceType": "ValueSet",
  "url": "http://hl7.org/fhir/sid/icd-9-cm-646",
  "version": "1.0",
  "name": "Diagnosi-Altre e non specificate patologie articolari",
  "title": "Altre e non specificate patologie articolari",
  "status": "active",
  "compose": {
    "include": [ {
      "system": "http://hl7.org/fhir/sid/icd-9-cm",
      "concept": [ {
        "code": "7190",
        "display": "Versamento articolare"
      }, {
        "code": "71900",
        "display": "Versamento articolare, sede non specificata"
      }, {
        "code": "71901",
        "display": "Versamento articolare, spalla"
      }, {
        "code": "71902",
        "display": "Versamento articolare, gomito"
      }, {
        "code": "71903",
        "display": "Versamento articolare, polso"
      }, {
        "code": "71904",
        "display": "Versamento articolare, carpo, metacarpo ed articolazioni interfalangee della mano"
      }, {
        "code": "71905",
        "display": "Versamento articolare, anca"
      }, {
        "code": "71906",
        "display": "Versamento articolare, ginocchio"
      }, {
        "code": "71907",
        "display": "Versamento articolare, tibio-tarsica ed articolazioni del piede"
      }, {
        "code": "71908",
        "display": "Versamento articolare, altre sedi specificate"
      }, {
        "code": "71909",
        "display": "Versamento articolare, sedi multiple"
      }, {
        "code": "7191",
        "display": "Emartro"
      }, {
        "code": "71910",
        "display": "Emartro, sede non specificata"
      }, {
        "code": "71911",
        "display": "Emartro, spalla"
      }, {
        "code": "71912",
        "display": "Emartro, gomito"
      }, {
        "code": "71913",
        "display": "Emartro, polso"
      }, {
        "code": "71914",
        "display": "Emartro, carpo, metacarpo ed articolazioni interfalangee della mano"
      }, {
        "code": "71915",
        "display": "Emartro, anca"
      }, {
        "code": "71916",
        "display": "Emartro, ginocchio"
      }, {
        "code": "71917",
        "display": "Emartro, tibio-tarsica ed articolazioni del piede"
      }, {
        "code": "71918",
        "display": "Emartro, altre sedi specificate"
      }, {
        "code": "71919",
        "display": "Emartro, sedi multiple"
      }, {
        "code": "7192",
        "display": "Sinovite villonodulare"
      }, {
        "code": "71920",
        "display": "Sinovite villonodulare, sede non specificata"
      }, {
        "code": "71921",
        "display": "Sinovite villonodulare, spalla"
      }, {
        "code": "71922",
        "display": "Sinovite villonodulare, gomito"
      }, {
        "code": "71923",
        "display": "Sinovite villonodulare, polso"
      }, {
        "code": "71924",
        "display": "Sinovite villonodulare, carpo, metacarpo ed articolazioni interfalangee della mano"
      }, {
        "code": "71925",
        "display": "Sinovite villonodulare, anca"
      }, {
        "code": "71926",
        "display": "Sinovite villonodulare, ginocchio"
      }, {
        "code": "71927",
        "display": "Sinovite villonodulare, tibio-tarsica ed articolazioni del piede"
      }, {
        "code": "71928",
        "display": "Sinovite villonodulare, altre sedi specificate"
      }, {
        "code": "71929",
        "display": "Sinovite villonodulare, sedi multiple"
      }, {
        "code": "7193",
        "display": "Reumatismo recidivante"
      }, {
        "code": "71930",
        "display": "Reumatismo recidivante, sede non specificata"
      }, {
        "code": "71931",
        "display": "Reumatismo recidivante, spalla"
      }, {
        "code": "71932",
        "display": "Reumatismo recidivante, gomito"
      }, {
        "code": "71933",
        "display": "Reumatismo recidivante, polso"
      }, {
        "code": "71934",
        "display": "Reumatismo recidivante, carpo, metacarpo ed articolazioni interfalangee della mano"
      }, {
        "code": "71935",
        "display": "Reumatismo recidivante, anca"
      }, {
        "code": "71936",
        "display": "Reumatismo recidivante, ginocchio"
      }, {
        "code": "71937",
        "display": "Reumatismo recidivante, tibio-tarsica ed articolazioni del piede"
      }, {
        "code": "71938",
        "display": "Reumatismo recidivante, altre sedi specificate"
      }, {
        "code": "71939",
        "display": "Reumatismo recidivante, sedi multiple"
      }, {
        "code": "7194",
        "display": "Dolore articolare"
      }, {
        "code": "71940",
        "display": "Artralgia, sede non specificata"
      }, {
        "code": "71941",
        "display": "Artralgia, spalla"
      }, {
        "code": "71942",
        "display": "Artralgia, gomito"
      }, {
        "code": "71943",
        "display": "Artralgia, polso"
      }, {
        "code": "71944",
        "display": "Artralgia. carpo, metacarpo ed articolazioni interfalangee della mano"
      }, {
        "code": "71945",
        "display": "Artralgia, anca"
      }, {
        "code": "71946",
        "display": "Artralgia, ginocchio"
      }, {
        "code": "71947",
        "display": "Artralgia, tibio-tarsica ed articolazioni del piede"
      }, {
        "code": "71948",
        "display": "Artralgia, altre sedi specificate"
      }, {
        "code": "71949",
        "display": "Artralgia, sedi multiple"
      }, {
        "code": "7195",
        "display": "Rigidita' articolare non classificata altrove"
      }, {
        "code": "71950",
        "display": "Rigidita' articolare non classificata altrove, sede non specificata"
      }, {
        "code": "71951",
        "display": "Rigidita' articolare non classificata altrove, spalla"
      }, {
        "code": "71952",
        "display": "Rigidita' articolare non classificata altrove, gomito"
      }, {
        "code": "71953",
        "display": "Rigidita' articolare non classificata altrove, polso"
      }, {
        "code": "71954",
        "display": "Rigidita' articolare non classificata altrove, carpo, metacarpo ed articolazioni interfalangee della mano"
      }, {
        "code": "71955",
        "display": "Rigidita' articolare non classificata altrove, anca"
      }, {
        "code": "71956",
        "display": "Rigidita' articolare non classificata altrove, ginocchio"
      }, {
        "code": "71957",
        "display": "Rigidita' articolare non classificata altrove, tibio-tarsica ed articolazioni del piede"
      }, {
        "code": "71958",
        "display": "Rigidita' articolare non classificata altrove, altre sedi specificate"
      }, {
        "code": "71959",
        "display": "Rigidita' articolare non classificata altrove, sedi multiple"
      }, {
        "code": "7196",
        "display": "Altri disturbi delle articolazioni"
      }, {
        "code": "71960",
        "display": "Altri disturbi delle articolazioni, sede non specificata"
      }, {
        "code": "71961",
        "display": "Altri disturbi delle articolazioni, spalla"
      }, {
        "code": "71962",
        "display": "Altri disturbi delle articolazioni, gomito"
      }, {
        "code": "71963",
        "display": "Altri disturbi delle articolazioni, polso"
      }, {
        "code": "71964",
        "display": "Altri disturbi delle articolazioni, carpo, metacarpo ed articolazioni interfalangee della mano"
      }, {
        "code": "71965",
        "display": "Altri disturbi delle articolazioni, anca"
      }, {
        "code": "71966",
        "display": "Altri disturbi delle articolazioni, ginocchio"
      }, {
        "code": "71967",
        "display": "Altri disturbi delle articolazioni, tibiotarsica ed articolazioni del piede"
      }, {
        "code": "71968",
        "display": "Altri disturbi delle articolazioni, altre sedi specificate"
      }, {
        "code": "71969",
        "display": "Altri disturbi delle articolazioni, sedi multiple"
      }, {
        "code": "7197",
        "display": "Zoppia"
      }, {
        "code": "7198",
        "display": "Altri disturbi specifici delle articolazioni"
      }, {
        "code": "71980",
        "display": "Altri disturbi specifici delle articolazioni, sede non specificata"
      }, {
        "code": "71981",
        "display": "Altri disturbi specifici delle articolazioni, spalla"
      }, {
        "code": "71982",
        "display": "Altri disturbi specifici delle articolazioni, gomito"
      }, {
        "code": "71983",
        "display": "Altri disturbi specifici delle articolazioni, polso"
      }, {
        "code": "71984",
        "display": "Altri disturbi specifici delle articolazioni, carpo, metacarpo ed articolazioni interfalangee della mano"
      }, {
        "code": "71985",
        "display": "Altri disturbi specifici delle articolazioni, anca"
      }, {
        "code": "71986",
        "display": "Altri disturbi specifici delle articolazioni, ginocchio"
      }, {
        "code": "71987",
        "display": "Altri disturbi specifici delle articolazioni, tibio-tarsica ed articolazioni del piede"
      }, {
        "code": "71988",
        "display": "Altri disturbi specifici delle articolazioni, altre sedi specificate"
      }, {
        "code": "71989",
        "display": "Altri disturbi specifici delle articolazioni, sedi multiple"
      }, {
        "code": "7199",
        "display": "Disturbi non specificati delle articolazioni"
      }, {
        "code": "71990",
        "display": "Disturbi non specificati delle articolazioni, sede non specificata"
      }, {
        "code": "71991",
        "display": "Disturbi non specificati delle articolazioni, spalla"
      }, {
        "code": "71992",
        "display": "Disturbi non specificati delle articolazioni, gomito"
      }, {
        "code": "71993",
        "display": "Disturbi non specificati delle articolazioni, polso"
      }, {
        "code": "71994",
        "display": "Disturbi non specificati delle articolazioni, carpo, metacarpo ed articolazioni interfalangee della mano"
      }, {
        "code": "71995",
        "display": "Disturbi non specificati delle articolazioni, anca"
      }, {
        "code": "71996",
        "display": "Disturbi non specificati delle articolazioni, ginocchio"
      }, {
        "code": "71997",
        "display": "Disturbi non specificati delle articolazioni, tibio-tarsica ed articolazioni del piede"
      }, {
        "code": "71998",
        "display": "Disturbi non specificati delle articolazioni, altre sedi specificate"
      }, {
        "code": "71999",
        "display": "Disturbi non specificati delle articolazioni, sedi multiple"
      } ]
    } ]
  }
}