{
  "resourceType": "ValueSet",
  "url": "http://hl7.org/fhir/sid/icd-9-cm-975",
  "version": "1.0",
  "name": "Diagnosi-Abitazione, problemi familiari ed economici",
  "title": "Abitazione, problemi familiari ed economici",
  "status": "active",
  "compose": {
    "include": [ {
      "system": "http://hl7.org/fhir/sid/icd-9-cm",
      "concept": [ {
        "code": "V600",
        "display": "Mancanza di abitazione"
      }, {
        "code": "V601",
        "display": "Abitazione inadeguata"
      }, {
        "code": "V602",
        "display": "Risorse materiali inadeguate"
      }, {
        "code": "V603",
        "display": "Persona che vive sola"
      }, {
        "code": "V604",
        "display": "Mancanza di un familiare capace di prestare cure"
      }, {
        "code": "V605",
        "display": "Cure per permettere le vacanze di familiari"
      }, {
        "code": "V606",
        "display": "Persona che vive in istituti"
      }, {
        "code": "V608",
        "display": "Altri problemi economici o relativi all'abitazione specificati"
      }, {
        "code": "V609",
        "display": "Problema economico o relativo all'abitazione non specificato"
      } ]
    } ]
  }
}