{
  "resourceType": "ValueSet",
  "url": "http://hl7.org/fhir/sid/icd-9-cm-977",
  "version": "1.0",
  "name": "Diagnosi-Altri problemi psicosociali",
  "title": "Altri problemi psicosociali",
  "status": "active",
  "compose": {
    "include": [ {
      "system": "http://hl7.org/fhir/sid/icd-9-cm",
      "concept": [ {
        "code": "V620",
        "display": "Mancanza di occupazione"
      }, {
        "code": "V621",
        "display": "Conseguenze negative dell' ambiente di lavoro"
      }, {
        "code": "V622",
        "display": "Altri problemi o disadattamento professionali"
      }, {
        "code": "V623",
        "display": "Problemi dell' educazione"
      }, {
        "code": "V624",
        "display": "Disadattamento sociale"
      }, {
        "code": "V625",
        "display": "Problemi legali"
      }, {
        "code": "V626",
        "display": "Rifiuto di trattamento per motivi religiosi o di coscienza"
      }, {
        "code": "V628",
        "display": "Altro affaticamento psichico o fisico, non classificato altrove"
      }, {
        "code": "V6281",
        "display": "Problemi interpersonali, non classificati altrove"
      }, {
        "code": "V6282",
        "display": "Lutto"
      }, {
        "code": "V6283",
        "display": "Persona responsabile di abuso fisico/ sessuale"
      }, {
        "code": "V6284",
        "display": "Ideazione suicida"
      }, {
        "code": "V6289",
        "display": "Altro affaticamento psichico o fisico, non classificato altrove"
      }, {
        "code": "V629",
        "display": "Problema psicosociale non specificato"
      } ]
    } ]
  }
}