{
  "resourceType": "ValueSet",
  "url": "http://hl7.org/fhir/sid/icd-9-cm-594",
  "version": "1.0",
  "name": "Diagnosi-Anomalie delle contrazioni uterine in travaglio",
  "title": "Anomalie delle contrazioni uterine in travaglio",
  "status": "active",
  "compose": {
    "include": [ {
      "system": "http://hl7.org/fhir/sid/icd-9-cm",
      "concept": [ {
        "code": "6610",
        "display": "Inerzia uterina primitiva"
      }, {
        "code": "66100",
        "display": "Inerzia uterina primitiva, episodio di cura non specificato"
      }, {
        "code": "66101",
        "display": "Inerzia uterina primitiva, parto, con o senza menzione delle manifestazioni antepartum"
      }, {
        "code": "66103",
        "display": "Inerzia uterina primitiva, condizione o complicazione antepartum"
      }, {
        "code": "6611",
        "display": "Inerzia uterina secondaria"
      }, {
        "code": "66110",
        "display": "Inerzia uterina secondaria, episodio di cura non specificato"
      }, {
        "code": "66111",
        "display": "Inerzia uterina secondaria, parto, con o senza menzione delle manifestazioni antepartum"
      }, {
        "code": "66113",
        "display": "Inerzia uterina secondaria, condizione o complicazione antepartum"
      }, {
        "code": "6612",
        "display": "Altre forme di inerzia uterina non specificate"
      }, {
        "code": "66120",
        "display": "Altre forme di inerzia uterina non specificate, episodio di cura non specificato"
      }, {
        "code": "66121",
        "display": "Altre forme di inerzia uterina non specificate, parto, con o senza menzione delle manifestazioni antepartum"
      }, {
        "code": "66123",
        "display": "Altre forme di inerzia uterina non specificate, condizione o complicazione antepartum"
      }, {
        "code": "6613",
        "display": "Travaglio precipitoso"
      }, {
        "code": "66130",
        "display": "Travaglio precipitoso, episodio di cura non specificato"
      }, {
        "code": "66131",
        "display": "Travaglio precipitoso, parto, con o senza menzione delle manifestazioni antepartum"
      }, {
        "code": "66133",
        "display": "Travaglio precipitoso, condizione o complicazione antepartum"
      }, {
        "code": "6614",
        "display": "Contrazioni uterine ipertoniche, incoordinate o prolungate"
      }, {
        "code": "66140",
        "display": "Contrazioni uterine ipertoniche, incoordinate o prolungate, episodio di cura non specificato"
      }, {
        "code": "66141",
        "display": "Contrazioni uterine ipertoniche, incoordinate o prolungate, parto, con o senza menzione delle manifestazioni antepartum"
      }, {
        "code": "66143",
        "display": "Contrazioni uterine ipertoniche, incoordinate o prolungate, condizione o complicazione antepartum"
      }, {
        "code": "6619",
        "display": "Anomalia del travaglio non specificata"
      }, {
        "code": "66190",
        "display": "Anomalia del travaglio non specificata, episodio di cura non specificato"
      }, {
        "code": "66191",
        "display": "Anomalia del travaglio non specificata, parto, con o senza menzione delle manifestazioni antepartum"
      }, {
        "code": "66193",
        "display": "Anomalia del travaglio non specificata, condizione o complicazione antepartum"
      } ]
    } ]
  }
}