{
  "resourceType": "ValueSet",
  "url": "http://hl7.org/fhir/sid/icd-9-cm-879",
  "version": "1.0",
  "name": "Diagnosi-Avvelenamento da ormoni e sostitutivi sintetici",
  "title": "Avvelenamento da ormoni e sostitutivi sintetici",
  "status": "active",
  "compose": {
    "include": [ {
      "system": "http://hl7.org/fhir/sid/icd-9-cm",
      "concept": [ {
        "code": "9620",
        "display": "Avvelenamento da adrenocorticosteroidi"
      }, {
        "code": "9621",
        "display": "Avvelenamento da androgeni e anabolizzanti"
      }, {
        "code": "9622",
        "display": "Avvelenamento da ormoni ovarici e sostitutivi sintetici"
      }, {
        "code": "9623",
        "display": "Avvelenamento da insuline e farmaci antidiabetici"
      }, {
        "code": "9624",
        "display": "Avvelenamento da ormoni ipofisari anteriori"
      }, {
        "code": "9625",
        "display": "Avvelenamento da ormoni ipofisari posteriori"
      }, {
        "code": "9626",
        "display": "Avvelenamento da paratiroide e derivati paratiroidei"
      }, {
        "code": "9627",
        "display": "Avvelenamento da tiroide e derivati tiroidei"
      }, {
        "code": "9628",
        "display": "Avvelenamento da farmaci antitiroidei"
      }, {
        "code": "9629",
        "display": "Avvelenamento da altri e non specificati ormoni e sostituti sintetici"
      } ]
    } ]
  }
}