{
  "resourceType": "ValueSet",
  "url": "http://hl7.org/fhir/sid/icd-9-cm-795",
  "version": "1.0",
  "name": "Diagnosi-Ferita del collo",
  "title": "Ferita del collo",
  "status": "active",
  "compose": {
    "include": [ {
      "system": "http://hl7.org/fhir/sid/icd-9-cm",
      "concept": [ {
        "code": "8740",
        "display": "Ferita di laringe e trachea, senza menzione di complicazioni"
      }, {
        "code": "87400",
        "display": "Ferita di laringe e trachea, senza menzione di complicazioni"
      }, {
        "code": "87401",
        "display": "Ferita di laringe, senza menzione di complicazioni"
      }, {
        "code": "87402",
        "display": "Ferita di trachea, senza menzione di complicazioni"
      }, {
        "code": "8741",
        "display": "Ferita di laringe e trachea, con complicazioni"
      }, {
        "code": "87410",
        "display": "Ferita di laringe e trachea, con complicazioni"
      }, {
        "code": "87411",
        "display": "Ferita di laringe, con complicazioni"
      }, {
        "code": "87412",
        "display": "Ferita di trachea, con complicazioni"
      }, {
        "code": "8742",
        "display": "Ferita della ghiandola tiroide, senza menzione di complicazioni"
      }, {
        "code": "8743",
        "display": "Ferita della ghiandola tiroide, con complicazioni"
      }, {
        "code": "8744",
        "display": "Ferita della faringe, senza menzione di complicazioni"
      }, {
        "code": "8745",
        "display": "Ferita della faringe, con complicazioni"
      }, {
        "code": "8748",
        "display": "Ferita del collo, altre e non specificate parti, senza menzione di complicazioni"
      }, {
        "code": "8749",
        "display": "Ferita del collo, altre e non specificate parti, con complicazioni"
      } ]
    } ]
  }
}