{
  "resourceType": "ValueSet",
  "url": "http://hl7.org/fhir/sid/icd-9-cm-904",
  "version": "1.0",
  "name": "Diagnosi-Effetti tossici di altri gas, fumi o vapori",
  "title": "Effetti tossici di altri gas, fumi o vapori",
  "status": "active",
  "compose": {
    "include": [ {
      "system": "http://hl7.org/fhir/sid/icd-9-cm",
      "concept": [ {
        "code": "9870",
        "display": "Effetti tossici di gas liquidi di petrolio"
      }, {
        "code": "9871",
        "display": "Effetti tossici di altri idrocarburi gassosi"
      }, {
        "code": "9872",
        "display": "Effetti tossici di ossidi nitrosi"
      }, {
        "code": "9873",
        "display": "Effetti tossici di anidride solforosa"
      }, {
        "code": "9874",
        "display": "Effetti tossici di freon"
      }, {
        "code": "9875",
        "display": "Effetti tossici di gas lacrimogeni"
      }, {
        "code": "9876",
        "display": "Effetti tossici di cloro gassoso"
      }, {
        "code": "9877",
        "display": "Effetti tossici di acido cianidrico gassoso"
      }, {
        "code": "9878",
        "display": "Effetti tossici di altri gas, fumi o vapori specificati"
      }, {
        "code": "9879",
        "display": "Effetti tossici di gas, fumi o vapori non specificati"
      } ]
    } ]
  }
}