{
  "resourceType": "ValueSet",
  "url": "http://hl7.org/fhir/sid/icd-9-cm-221",
  "version": "1.0",
  "name": "Diagnosi-Altri disturbi della tiroide",
  "title": "Altri disturbi della tiroide",
  "status": "active",
  "compose": {
    "include": [ {
      "system": "http://hl7.org/fhir/sid/icd-9-cm",
      "concept": [ {
        "code": "2460",
        "display": "Disturbi della secrezione di tirocalcitonina"
      }, {
        "code": "2461",
        "display": "Gozzo disormonogenico"
      }, {
        "code": "2462",
        "display": "Cisti della tiroide"
      }, {
        "code": "2463",
        "display": "Emorragia e infarto della tiroide"
      }, {
        "code": "2468",
        "display": "Altri disturbi specificati della tiroide"
      }, {
        "code": "2469",
        "display": "Disturbo non specificato della tiroide"
      } ]
    } ]
  }
}