{
  "resourceType": "ValueSet",
  "url": "http://hl7.org/fhir/sid/icd-9-cm-981",
  "version": "1.0",
  "name": "Diagnosi-Convalescenza e cure palliative",
  "title": "Convalescenza e cure palliative",
  "status": "active",
  "compose": {
    "include": [ {
      "system": "http://hl7.org/fhir/sid/icd-9-cm",
      "concept": [ {
        "code": "V660",
        "display": "Convalescenza successiva a chirurgia"
      }, {
        "code": "V661",
        "display": "Convalescenza successiva a radioterapia"
      }, {
        "code": "V662",
        "display": "Convalescenza successiva a chemioterapia"
      }, {
        "code": "V663",
        "display": "Convalescenza successiva a psicoterapia e ad altro trattamento per disturbo psichico"
      }, {
        "code": "V664",
        "display": "Convalescenza successiva a trattamento di frattura"
      }, {
        "code": "V665",
        "display": "Convalescenza successiva ad altro trattamento"
      }, {
        "code": "V666",
        "display": "Convalescenza successiva a trattamento misto"
      }, {
        "code": "V667",
        "display": "Cure palliative"
      }, {
        "code": "V669",
        "display": "Convalescenza non specificata"
      } ]
    } ]
  }
}