{
  "resourceType": "ValueSet",
  "url": "http://hl7.org/fhir/sid/icd-9-cm-584",
  "version": "1.0",
  "name": "Diagnosi-Gravidanza multipla",
  "title": "Gravidanza multipla",
  "status": "active",
  "compose": {
    "include": [ {
      "system": "http://hl7.org/fhir/sid/icd-9-cm",
      "concept": [ {
        "code": "6510",
        "display": "Gravidanza gemellare"
      }, {
        "code": "65100",
        "display": "Gravidanza gemellare, ricovero non specificato"
      }, {
        "code": "65101",
        "display": "Gravidanza gemellare, parto, con o senza menzione della condizione antepartum"
      }, {
        "code": "65103",
        "display": "Gravidanza gemellare, condizione o complicazione antepartum"
      }, {
        "code": "6511",
        "display": "Gravidanza trigemina"
      }, {
        "code": "65110",
        "display": "Gravidanza trigemina, ricovero non specificato"
      }, {
        "code": "65111",
        "display": "Gravidanza trigemina, parto, con o senza menzione della condizione antepartum"
      }, {
        "code": "65113",
        "display": "Gravidanza trigemina, condizione o complicazione antepartum"
      }, {
        "code": "6512",
        "display": "Gravidanza quadrigemina"
      }, {
        "code": "65120",
        "display": "Gravidanza quadrigemina, ricovero non specificato"
      }, {
        "code": "65121",
        "display": "Gravidanza quadrigemina, parto, con o senza menzione della condizione antepartum"
      }, {
        "code": "65123",
        "display": "Gravidanza quadrigemina, condizione o complicazione antepartum"
      }, {
        "code": "6513",
        "display": "Gravidanza gemellare con perdita fetale e ritenzione di un feto"
      }, {
        "code": "65130",
        "display": "Gravidanza gemellare con perdita fetale e ritenzione di un feto, ricovero non specificato"
      }, {
        "code": "65131",
        "display": "Gravidanza gemellare con perdita fetale e ritenzione di un feto, parto, con o senza menzione della condizione antepartum"
      }, {
        "code": "65133",
        "display": "Gravidanza gemellare con perdita fetale e ritenzione di un feto, condizione o complicazione antepartum"
      }, {
        "code": "6514",
        "display": "Gravidanza trigemina con perdita fetale e ritenzione di uno o piu' feti"
      }, {
        "code": "65140",
        "display": "Gravidanza trigemina con perdita fetale e ritenzione di uno o piu' feti, ricovero non specificato"
      }, {
        "code": "65141",
        "display": "Gravidanza trigemina con perdita fetale e ritenzione di uno o piu' feti, parto, con o senza menzione della condizione antepartum"
      }, {
        "code": "65143",
        "display": "Gravidanza trigemina con perdita fetale e ritenzione di uno o piu' feti, condizione o complicazione antepartum"
      }, {
        "code": "6515",
        "display": "Gravidanza quadrigemina con perdita fetale e ritenzione di uno o piu' feti"
      }, {
        "code": "65150",
        "display": "Gravidanza quadrigemina con perdita fetale e ritenzione di uno o piu' feti, ricovero non specificato"
      }, {
        "code": "65151",
        "display": "Gravidanza quadrigemina con perdita fetale e ritenzione di uno o piu' feti, parto, con o senza menzione della condizione antepartum"
      }, {
        "code": "65153",
        "display": "Gravidanza quadrigemina con perdita fetale e ritenzione di uno o piu' feti, condizione o complicazione antepartum"
      }, {
        "code": "6516",
        "display": "Altra gravidanza plurigemina con perdita fetale e ritenzione di uno o piu' feti"
      }, {
        "code": "65160",
        "display": "Altra gravidanza plurigemina con perdita fetale e ritenzione di uno o piu' feti, ricovero non specificato"
      }, {
        "code": "65161",
        "display": "Altra gravidanza plurigemina con perdita fetale e ritenzione di uno o piu' feti, parto, con o senza menzione della condizione antepartum"
      }, {
        "code": "65163",
        "display": "Altra gravidanza plurigemina con perdita fetale e ritenzione di uno o piu' feti, condizione o complicazione antepartum"
      }, {
        "code": "6517",
        "display": "Gravidanza multipla con (elettiva) riduzione fetale"
      }, {
        "code": "65170",
        "display": "Gravidanza multipla con (elettiva) riduzione fetale, ricovero non specificato"
      }, {
        "code": "65171",
        "display": "Gravidanza multipla con (elettiva) riduzione fetale, parto, con o senza menzione della condizione antepartum"
      }, {
        "code": "65173",
        "display": "Gravidanza multipla con (elettiva) riduzione fetale, condizione o complicazione antepartum"
      }, {
        "code": "6518",
        "display": "Altre gravidanze multiple altrimenti specificate"
      }, {
        "code": "65180",
        "display": "Altre gravidanze multiple altrimenti specificate, ricovero non specificato"
      }, {
        "code": "65181",
        "display": "Altre gravidanze multiple altrimenti specificate, parto, con o senza menzione della condizione antepartum"
      }, {
        "code": "65183",
        "display": "Altre gravidanze multiple altrimenti specificate, condizione o complicazione antepartum"
      }, {
        "code": "6519",
        "display": "Gravidanza multipla non specificata"
      }, {
        "code": "65190",
        "display": "Gravidanza multipla non specificata, ricovero non specificato"
      }, {
        "code": "65191",
        "display": "Gravidanza multipla non specificata, parto, con o senza menzione della condizione antepartum"
      }, {
        "code": "65193",
        "display": "Gravidanza multipla non specificata, condizione o complicazione antepartum"
      } ]
    } ]
  }
}