{
  "resourceType": "ValueSet",
  "url": "http://hl7.org/fhir/sid/icd-9-cm-320",
  "version": "1.0",
  "name": "Diagnosi-Disturbi del nervo facciale",
  "title": "Disturbi del nervo facciale",
  "status": "active",
  "compose": {
    "include": [ {
      "system": "http://hl7.org/fhir/sid/icd-9-cm",
      "concept": [ {
        "code": "3510",
        "display": "Paralisi di Bell"
      }, {
        "code": "3511",
        "display": "Ganglionite del ganglio genicolato"
      }, {
        "code": "3518",
        "display": "Altri disturbi del nervo facciale"
      }, {
        "code": "3519",
        "display": "Disturbo del nervo facciale non specificato"
      } ]
    } ]
  }
}