{
  "resourceType": "ValueSet",
  "url": "http://hl7.org/fhir/sid/icd-9-cm-900",
  "version": "1.0",
  "name": "Diagnosi-Effetti tossici di sostanze corrosive aromatiche, acidi e alcali caustici",
  "title": "Effetti tossici di sostanze corrosive aromatiche, acidi e alcali caustici",
  "status": "active",
  "compose": {
    "include": [ {
      "system": "http://hl7.org/fhir/sid/icd-9-cm",
      "concept": [ {
        "code": "9830",
        "display": "Effetti tossici di sostanze corrosive aromatiche, acidi e alcali caustici"
      }, {
        "code": "9831",
        "display": "Effetti tossici di acidi"
      }, {
        "code": "9832",
        "display": "Effetti tossici di alcali caustici"
      }, {
        "code": "9839",
        "display": "Effetti tossici di alcali non specificati"
      } ]
    } ]
  }
}