{
  "resourceType": "ValueSet",
  "url": "http://hl7.org/fhir/sid/icd-9-cm-313",
  "version": "1.0",
  "name": "Diagnosi-Altre sindromi paralitiche",
  "title": "Altre sindromi paralitiche",
  "status": "active",
  "compose": {
    "include": [ {
      "system": "http://hl7.org/fhir/sid/icd-9-cm",
      "concept": [ {
        "code": "3440",
        "display": "Quadriplegia e tetraparesi"
      }, {
        "code": "34400",
        "display": "Quadriplegia, non specificata"
      }, {
        "code": "34401",
        "display": "Quadriplegia, C1 - C4, completa"
      }, {
        "code": "34402",
        "display": "Quadriplegia, C1 - C4, incompleta"
      }, {
        "code": "34403",
        "display": "Quadriplegia, C5 - C7, completa"
      }, {
        "code": "34404",
        "display": "Quadriplegia, C5 - C7, incompleta"
      }, {
        "code": "34409",
        "display": "Altre quadriplegie"
      }, {
        "code": "3441",
        "display": "Paraplegia"
      }, {
        "code": "3442",
        "display": "Diplegia degli arti superiori"
      }, {
        "code": "3443",
        "display": "Monoplegia dell' arto inferiore"
      }, {
        "code": "34430",
        "display": "Monoplegia dell' arto inferiore a sede emisferica non specificata"
      }, {
        "code": "34431",
        "display": "Monoplegia dell' arto inferiore dell' emisfero dominante"
      }, {
        "code": "34432",
        "display": "Monoplegia dell' arto inferiore dell' emisfero non dominante"
      }, {
        "code": "3444",
        "display": "Monoplegia dell' arto superiore"
      }, {
        "code": "34440",
        "display": "Monoplegia dell' arto superiore a sede emisferica non specificata"
      }, {
        "code": "34441",
        "display": "Monoplegia dell' arto superiore dell' emisfero dominante"
      }, {
        "code": "34442",
        "display": "Monoplegia dell' arto superiore dell' emisfero non dominante"
      }, {
        "code": "3445",
        "display": "Monoplegia non specificata"
      }, {
        "code": "3446",
        "display": "Cauda Equina"
      }, {
        "code": "34460",
        "display": "Cauda Equina senza vescica neurologica"
      }, {
        "code": "34461",
        "display": "Cauda Equina con vescica neurologica"
      }, {
        "code": "3448",
        "display": "Altre sindromi paralitiche specificate"
      }, {
        "code": "34481",
        "display": "Sindrome dell' ''Uomo Incatenato''"
      }, {
        "code": "34489",
        "display": "Altra sindrome paralitica specificata"
      }, {
        "code": "3449",
        "display": "Paralisi, non specificata"
      } ]
    } ]
  }
}