{
  "resourceType": "ValueSet",
  "url": "http://hl7.org/fhir/sid/icd-9-cm-568",
  "version": "1.0",
  "name": "Diagnosi-Aborto indotto legalmente",
  "title": "Aborto indotto legalmente",
  "status": "active",
  "compose": {
    "include": [ {
      "system": "http://hl7.org/fhir/sid/icd-9-cm",
      "concept": [ {
        "code": "6350",
        "display": "Aborto indotto legalmente complicato da infezione del tratto genitale e pelvico"
      }, {
        "code": "63500",
        "display": "Aborto indotto legalmente complicato da infezione del tratto genitale e pelvico, non specificato se completo o incompleto"
      }, {
        "code": "63501",
        "display": "Aborto indotto legalmente complicato da infezione del tratto genitale e pelvico, incompleto"
      }, {
        "code": "63502",
        "display": "Aborto indotto legalmente complicato da infezione del tratto genitale e pelvico, completo"
      }, {
        "code": "6351",
        "display": "Aborto indotto legalmente complicato da emorragia tardiva o eccessiva"
      }, {
        "code": "63510",
        "display": "Aborto indotto legalmente complicato da emorragia tardiva o eccessiva, non specificato se completo o incompleto"
      }, {
        "code": "63511",
        "display": "Aborto indotto legalmente complicato da emorragia tardiva o eccessiva, incompleto"
      }, {
        "code": "63512",
        "display": "Aborto indotto legalmente complicato da emorragia tardiva o eccessiva, completo"
      }, {
        "code": "6352",
        "display": "Aborto indotto legalmente complicato da danno agli organi o tessuti pelvici"
      }, {
        "code": "63520",
        "display": "Aborto indotto legalmente complicato da danno agli organi o tessuti pelvici, non specificato se completo o incompleto"
      }, {
        "code": "63521",
        "display": "Aborto indotto legalmente complicato da danno agli organi o tessuti pelvici, incompleto"
      }, {
        "code": "63522",
        "display": "Aborto indotto legalmente complicato da danno agli organi o tessuti pelvici, completo"
      }, {
        "code": "6353",
        "display": "Aborto indotto legalmente complicato da insufficienza renale"
      }, {
        "code": "63530",
        "display": "Aborto indotto legalmente complicato da insufficienza renale, non specificato se completo o incompleto"
      }, {
        "code": "63531",
        "display": "Aborto indotto legalmente complicato da insufficienza renale, incompleto"
      }, {
        "code": "63532",
        "display": "Aborto indotto legalmente complicato da insufficienza renale, completo"
      }, {
        "code": "6354",
        "display": "Aborto indotto legalmente complicato da disordine metabolico"
      }, {
        "code": "63540",
        "display": "Aborto indotto legalmente complicato da disordine metabolico, non specificato se completo o incompleto"
      }, {
        "code": "63541",
        "display": "Aborto indotto legalmente complicato da disordine metabolico, incompleto"
      }, {
        "code": "63542",
        "display": "Aborto indotto legalmente complicato da disordine metabolico, completo"
      }, {
        "code": "6355",
        "display": "Aborto indotto legalmente complicato da shock"
      }, {
        "code": "63550",
        "display": "Aborto indotto legalmente complicato da shock, non specificato se completo o incompleto"
      }, {
        "code": "63551",
        "display": "Aborto indotto legalmente complicato da shock, incompleto"
      }, {
        "code": "63552",
        "display": "Aborto indotto legalmente complicato da shock, completo"
      }, {
        "code": "6356",
        "display": "Aborto indotto legalmente complicato da embolia"
      }, {
        "code": "63560",
        "display": "Aborto indotto legalmente complicato da embolia, non specificato se completo o incompleto"
      }, {
        "code": "63561",
        "display": "Aborto indotto legalmente complicato da embolia, incompleto"
      }, {
        "code": "63562",
        "display": "Aborto indotto legalmente complicato da embolia, completo"
      }, {
        "code": "6357",
        "display": "Aborto indotto legalmente con altre complicazioni specificate"
      }, {
        "code": "63570",
        "display": "Aborto indotto legalmente con altre complicazioni specificate, non specificato se completo o incompleto"
      }, {
        "code": "63571",
        "display": "Aborto indotto legalmente con altre complicazioni specificate, incompleto"
      }, {
        "code": "63572",
        "display": "Aborto indotto legalmente con altre complicazioni specificate, completo"
      }, {
        "code": "6358",
        "display": "Aborto indotto legalmente con complicazione non specificata"
      }, {
        "code": "63580",
        "display": "Aborto indotto legalmente con complicazione non specificata, non specificato se completo o incompleto"
      }, {
        "code": "63581",
        "display": "Aborto indotto legalmente con complicazione non specificata, incompleto"
      }, {
        "code": "63582",
        "display": "Aborto indotto legalmente con complicazione non specificata, completo"
      }, {
        "code": "6359",
        "display": "Aborto indotto legalmente senza complicazione riferita"
      }, {
        "code": "63590",
        "display": "Aborto indotto legalmente senza complicazione riferita, non specificato se completo o incompleto"
      }, {
        "code": "63591",
        "display": "Aborto indotto legalmente senza complicazione riferita, incompleto"
      }, {
        "code": "63592",
        "display": "Aborto indotto legalmente senza complicazione riferita, completo"
      } ]
    } ]
  }
}