{
  "resourceType": "ValueSet",
  "url": "http://hl7.org/fhir/sid/icd-9-cm-248",
  "version": "1.0",
  "name": "Diagnosi-Disordini dei liquidi, degli elettroliti e dell' equilibrio acido-base",
  "title": "Disordini dei liquidi, degli elettroliti e dell' equilibrio acido-base",
  "status": "active",
  "compose": {
    "include": [ {
      "system": "http://hl7.org/fhir/sid/icd-9-cm",
      "concept": [ {
        "code": "2760",
        "display": "Iperosmolarita' e/o ipernatriemia"
      }, {
        "code": "2761",
        "display": "Ipoosmolarita' e/o iponatriemia"
      }, {
        "code": "2762",
        "display": "Acidosi"
      }, {
        "code": "2763",
        "display": "Alcalosi"
      }, {
        "code": "2764",
        "display": "Disordini misti dell' equilibrio acido-base"
      }, {
        "code": "2765",
        "display": "Deplezione di volumi"
      }, {
        "code": "27650",
        "display": "Deplezione di volume, non specificato"
      }, {
        "code": "27651",
        "display": "Disidratazione"
      }, {
        "code": "27652",
        "display": "Ipovolemia"
      }, {
        "code": "2766",
        "display": "Replezione di volumi"
      }, {
        "code": "2767",
        "display": "Iperpotassemia"
      }, {
        "code": "2768",
        "display": "Ipopotassemia"
      }, {
        "code": "2769",
        "display": "Disordini dei liquidi e degli elettroliti non classificati altrove"
      } ]
    } ]
  }
}