{
  "resourceType": "ValueSet",
  "url": "http://hl7.org/fhir/sid/icd-9-cm-93",
  "version": "1.0",
  "name": "Diagnosi-Altre infezioni da spirochete",
  "title": "Altre infezioni da spirochete",
  "status": "active",
  "compose": {
    "include": [ {
      "system": "http://hl7.org/fhir/sid/icd-9-cm",
      "concept": [ {
        "code": "1040",
        "display": "Sifilide endemica non venerea"
      }, {
        "code": "1048",
        "display": "Altre infezioni da spirochete, specificate"
      }, {
        "code": "1049",
        "display": "Infezioni da spirochete, non specificate"
      } ]
    } ]
  }
}