{
  "resourceType": "ValueSet",
  "url": "http://hl7.org/fhir/sid/icd-9-cm-685",
  "version": "1.0",
  "name": "Diagnosi-Anomalie cromosomiche",
  "title": "Anomalie cromosomiche",
  "status": "active",
  "compose": {
    "include": [ {
      "system": "http://hl7.org/fhir/sid/icd-9-cm",
      "concept": [ {
        "code": "7580",
        "display": "Sindrome di Down"
      }, {
        "code": "7581",
        "display": "Sindrome di Patau"
      }, {
        "code": "7582",
        "display": "Sindrome di Edward"
      }, {
        "code": "7583",
        "display": "Sindromi da delezione autosomica"
      }, {
        "code": "75831",
        "display": "Sindrome del Cri-du-chat"
      }, {
        "code": "75832",
        "display": "Sindrome Velo-cardio-facciale"
      }, {
        "code": "75833",
        "display": "Altre microdelezioni"
      }, {
        "code": "75839",
        "display": "Altre delezioni autosomiche"
      }, {
        "code": "7584",
        "display": "Traslocazione autosomica bilanciata in individui normali"
      }, {
        "code": "7585",
        "display": "Altre manifestazioni dovute ad anomalie autosomiche"
      }, {
        "code": "7586",
        "display": "Disgenesia gonadica"
      }, {
        "code": "7587",
        "display": "Sindrome di Klinefelter"
      }, {
        "code": "7588",
        "display": "Altre manifestazioni dovute ad anomalie cromosomiche"
      }, {
        "code": "75881",
        "display": "Altre manifestazioni dovute ad anomalie dei cromosomi sessuali"
      }, {
        "code": "75889",
        "display": "Altro"
      }, {
        "code": "7589",
        "display": "Manifestazioni dovute ad anomalie di cromosomi non specificati"
      } ]
    } ]
  }
}