{
  "resourceType": "ValueSet",
  "url": "http://hl7.org/fhir/sid/icd-9-cm-505",
  "version": "1.0",
  "name": "Diagnosi-Altri disturbi dell' intestino",
  "title": "Altri disturbi dell' intestino",
  "status": "active",
  "compose": {
    "include": [ {
      "system": "http://hl7.org/fhir/sid/icd-9-cm",
      "concept": [ {
        "code": "5690",
        "display": "Polipo anale e rettale"
      }, {
        "code": "5691",
        "display": "Prolasso rettale"
      }, {
        "code": "5692",
        "display": "Stenosi del retto e dell' ano"
      }, {
        "code": "5693",
        "display": "Emorragia del retto e dell' ano"
      }, {
        "code": "5694",
        "display": "Altri disturbi specificati del retto e dell' ano"
      }, {
        "code": "56941",
        "display": "Ulcera dell' ano e del retto"
      }, {
        "code": "56942",
        "display": "Dolore anale e rettale"
      }, {
        "code": "56949",
        "display": "Altri disturbi specificati del retto e dell' ano"
      }, {
        "code": "5695",
        "display": "Ascesso intestinale"
      }, {
        "code": "5696",
        "display": "Complicanza di colostomia ed enterostomia"
      }, {
        "code": "56960",
        "display": "Complicanza non specificata di colostomia ed enterostomia"
      }, {
        "code": "56961",
        "display": "Infezione di colostomia ed enterostomia"
      }, {
        "code": "56962",
        "display": "Complicanza meccanica di colostomia ed enterostomia"
      }, {
        "code": "56969",
        "display": "Altra complicanza di colostomia ed enterostomia"
      }, {
        "code": "5698",
        "display": "Altri disturbi specificati dell' intestino"
      }, {
        "code": "56981",
        "display": "Fistola intestinale, escluso retto ed ano"
      }, {
        "code": "56982",
        "display": "Ulcera intestinale"
      }, {
        "code": "56983",
        "display": "Perforazione dell' intestino"
      }, {
        "code": "56984",
        "display": "Angiodisplasia dell' intestino, senza menzione di emorragia"
      }, {
        "code": "56985",
        "display": "Angiodisplasia dell' intestino, con emorragia"
      }, {
        "code": "56986",
        "display": "Lesione di Dieulafoy (emorragica) dell' intestino"
      }, {
        "code": "56989",
        "display": "Altri disturbi specificati dell' intestino"
      }, {
        "code": "5699",
        "display": "Disturbi non specificati dell' intestino"
      } ]
    } ]
  }
}