{
  "resourceType": "ValueSet",
  "url": "http://hl7.org/fhir/sid/icd-9-cm-983",
  "version": "1.0",
  "name": "Diagnosi-Contatti per scopi amministrativi",
  "title": "Contatti per scopi amministrativi",
  "status": "active",
  "compose": {
    "include": [ {
      "system": "http://hl7.org/fhir/sid/icd-9-cm",
      "concept": [ {
        "code": "V680",
        "display": "Rilascio di certificati medici"
      }, {
        "code": "V681",
        "display": "Ripetizione di ricette"
      }, {
        "code": "V682",
        "display": "Richiesta di perizia"
      }, {
        "code": "V688",
        "display": "Altri contatti per scopi amministrativi specificati"
      }, {
        "code": "V6881",
        "display": "Trasferimento del paziente senza esame ne¤ trattamento"
      }, {
        "code": "V6889",
        "display": "Altri contatti per scopi amministrativi specificati"
      }, {
        "code": "V689",
        "display": "Contatti per scopo amministrativo non specificato"
      } ]
    } ]
  }
}