{
  "resourceType": "ValueSet",
  "url": "http://hl7.org/fhir/sid/icd-9-cm-249",
  "version": "1.0",
  "name": "Diagnosi-Altri e non specificati disordini del metabolismo",
  "title": "Altri e non specificati disordini del metabolismo",
  "status": "active",
  "compose": {
    "include": [ {
      "system": "http://hl7.org/fhir/sid/icd-9-cm",
      "concept": [ {
        "code": "2770",
        "display": "Fibrosi cistica"
      }, {
        "code": "27700",
        "display": "Fibrosi cistica senza ileo da meconio"
      }, {
        "code": "27701",
        "display": "Fibrosi cistica con ileo da meconio"
      }, {
        "code": "27702",
        "display": "Fibrosi cistica con manifestazioni polmonari"
      }, {
        "code": "27703",
        "display": "Fibrosi cistica con manifestazioni gastrointestinali"
      }, {
        "code": "27709",
        "display": "Fibrosi cistica con altre manifestazioni"
      }, {
        "code": "2771",
        "display": "Disordini del metabolismo delle porfirine"
      }, {
        "code": "2772",
        "display": "Altri disordini del metabolismo delle purine e delle pirimidine"
      }, {
        "code": "2773",
        "display": "Amiloidosi"
      }, {
        "code": "27730",
        "display": "Amiloidosi, non specificata"
      }, {
        "code": "27731",
        "display": "Febbre mediterranea familiare"
      }, {
        "code": "27739",
        "display": "Altra amiloidosi"
      }, {
        "code": "2774",
        "display": "Disordini primitivi del metabolismo della bilirubina"
      }, {
        "code": "2775",
        "display": "Mucopolisaccaridosi"
      }, {
        "code": "2776",
        "display": "Altre carenze di enzimi circolanti"
      }, {
        "code": "2777",
        "display": "Sindrome X dismetabolica"
      }, {
        "code": "2778",
        "display": "Altri disordini specificati del metabolismo"
      }, {
        "code": "27781",
        "display": "Deficienza primaria di carnitina"
      }, {
        "code": "27782",
        "display": "Deficienza di carnitina da errori congeniti del metabolismo"
      }, {
        "code": "27783",
        "display": "Deficit iatrogeno di carnitina"
      }, {
        "code": "27784",
        "display": "Altri deficit secondari di carnitina"
      }, {
        "code": "27785",
        "display": "Disordini dell' ossidazione degli acidi grassi"
      }, {
        "code": "27786",
        "display": "Disordini dei perossisomi"
      }, {
        "code": "27787",
        "display": "Disordini del metabolismo mitocondriale"
      }, {
        "code": "27789",
        "display": "Altri specifici disordini del metabolismo"
      }, {
        "code": "2779",
        "display": "Disordini non specificati del metabolismo"
      } ]
    } ]
  }
}