{
  "resourceType": "ValueSet",
  "url": "http://hl7.org/fhir/sid/icd-9-cm-255",
  "version": "1.0",
  "name": "Diagnosi-Anemia emolitica acquisita",
  "title": "Anemia emolitica acquisita",
  "status": "active",
  "compose": {
    "include": [ {
      "system": "http://hl7.org/fhir/sid/icd-9-cm",
      "concept": [ {
        "code": "2830",
        "display": "Anemie emolitiche autoimmuni"
      }, {
        "code": "2831",
        "display": "Anemie emolitiche non autoimmuni"
      }, {
        "code": "28310",
        "display": "Anemia emolitica non autoimmune, non specificata"
      }, {
        "code": "28311",
        "display": "Sindrome uremico-emolitica"
      }, {
        "code": "28319",
        "display": "Altre anemie emolitiche non autoimmuni"
      }, {
        "code": "2832",
        "display": "Emoglobinuria da emolisi per cause esterne"
      }, {
        "code": "2839",
        "display": "Anemie emolitica acquisita, non specificata"
      } ]
    } ]
  }
}