{
  "resourceType": "ValueSet",
  "url": "http://hl7.org/fhir/sid/icd-9-cm-596",
  "version": "1.0",
  "name": "Diagnosi-Complicazioni del cordone ombelicale",
  "title": "Complicazioni del cordone ombelicale",
  "status": "active",
  "compose": {
    "include": [ {
      "system": "http://hl7.org/fhir/sid/icd-9-cm",
      "concept": [ {
        "code": "6630",
        "display": "Prolasso del cordone ombelicale"
      }, {
        "code": "66300",
        "display": "Prolasso del cordone ombelicale, episodio di cura non specificato"
      }, {
        "code": "66301",
        "display": "Prolasso del cordone ombelicale, parto, con o senza menzione delle manifestazioni antepartum"
      }, {
        "code": "66303",
        "display": "Prolasso del cordone ombelicale, condizione o complicazione antepartum"
      }, {
        "code": "6631",
        "display": "Cordone ombelicale attorno al collo, con compressione"
      }, {
        "code": "66310",
        "display": "Cordone ombelicale attorno al collo, con compressione, episodio di cura non specificato"
      }, {
        "code": "66311",
        "display": "Cordone ombelicale attorno al collo, con compressione, parto, con o senza menzione delle manifestazioni antepartum"
      }, {
        "code": "66313",
        "display": "Cordone ombelicale attorno al collo, con compressione, condizione o complicazione antepartum"
      }, {
        "code": "6632",
        "display": "Altri e non specificati uncinamenti del cordone, con compressione"
      }, {
        "code": "66320",
        "display": "Altri e non specificati uncinamenti del cordone, con compressione, episodio di cura non specificato"
      }, {
        "code": "66321",
        "display": "Altri e non specificati uncinamenti del cordone, con compressione, parto, con o senza menzione delle manifestazioni antepartum"
      }, {
        "code": "66323",
        "display": "Altri e non specificati uncinamenti del cordone, con compressione, condizione o complicazione antepartum"
      }, {
        "code": "6633",
        "display": "Altri e non specificati incarceramenti del cordone, senza menzione di compressione"
      }, {
        "code": "66330",
        "display": "Altri e non specificati incarceramenti del cordone, senza menzione di compressione, episodio di cura non specificato"
      }, {
        "code": "66331",
        "display": "Altri e non specificati incarceramenti del cordone, senza menzione di compressione, parto, con o senza menzione delle manifestazioni antepartum"
      }, {
        "code": "66333",
        "display": "Altri e non specificati incarceramenti del cordone, senza menzione di compressione, condizione o complicazione antepartum"
      }, {
        "code": "6634",
        "display": "Funicolo corto"
      }, {
        "code": "66340",
        "display": "Funicolo corto, episodio di cura non specificato"
      }, {
        "code": "66341",
        "display": "Funicolo corto, parto, con o senza menzione delle manifestazioni antepartum"
      }, {
        "code": "66343",
        "display": "Funicolo corto, condizione o complicazione antepartum"
      }, {
        "code": "6635",
        "display": "Vasi previ"
      }, {
        "code": "66350",
        "display": "Vasi previ, episodio di cura non specificato"
      }, {
        "code": "66351",
        "display": "Vasi previ, parto, con o senza menzione delle manifestazioni antepartum"
      }, {
        "code": "66353",
        "display": "Vasi previ, condizione o complicazione antepartum"
      }, {
        "code": "6636",
        "display": "Lesioni vascolari del cordone"
      }, {
        "code": "66360",
        "display": "Lesioni vascolari del cordone, episodio di cura non specificato"
      }, {
        "code": "66361",
        "display": "Lesioni vascolari del cordone, parto, con o senza menzione delle manifestazioni antepartum"
      }, {
        "code": "66363",
        "display": "Lesioni vascolari del cordone, condizione o complicazione antepartum"
      }, {
        "code": "66380",
        "display": "Altre complicazioni del cordone ombelicale, episodio di cura non specificato"
      }, {
        "code": "66381",
        "display": "Altre complicazioni del cordone ombelicale, parto, con o senza menzione delle manifestazioni antepartum"
      }, {
        "code": "66383",
        "display": "Altre complicazioni del cordone ombelicale, condizione o complicazione antepartum"
      }, {
        "code": "6639",
        "display": "Complicazione non specificata del cordone ombelicale"
      }, {
        "code": "66390",
        "display": "Complicazione non specificata del cordone ombelicale, episodio di cura non specificato"
      }, {
        "code": "66391",
        "display": "Complicazione non specificata del cordone ombelicale, parto, con o senza menzione delle manifestazioni antepartum"
      }, {
        "code": "66393",
        "display": "Complicazione non specificata del cordone ombelicale, condizione o complicazione antepartum"
      } ]
    } ]
  }
}