{
  "resourceType": "ValueSet",
  "url": "http://hl7.org/fhir/sid/icd-9-cm-988",
  "version": "1.0",
  "name": "Diagnosi-Esame speciale per l'individuazione di malattie virali e da Chlamidie",
  "title": "Esame speciale per l'individuazione di malattie virali e da Chlamidie",
  "status": "active",
  "compose": {
    "include": [ {
      "system": "http://hl7.org/fhir/sid/icd-9-cm",
      "concept": [ {
        "code": "V730",
        "display": "Esame per l'individuazione della poliomielite"
      }, {
        "code": "V731",
        "display": "Esame per l'individuazione del vaiolo"
      }, {
        "code": "V732",
        "display": "Esame per l'individuazione del morbillo"
      }, {
        "code": "V733",
        "display": "Esame per l'individuazione della rosolia"
      }, {
        "code": "V734",
        "display": "Esame per l'individuazione della febbre gialla"
      }, {
        "code": "V735",
        "display": "Esame per l'individuazione di altre malattie virali trasmesse da artropodi"
      }, {
        "code": "V736",
        "display": "Esame per l'individuazione del tracoma"
      }, {
        "code": "V738",
        "display": "Esame per l'individuazione di altre malattie virali e da Chlamidie, specificate"
      }, {
        "code": "V7388",
        "display": "Altre malattie da Chlamidie, specificate"
      }, {
        "code": "V7389",
        "display": "Altre malattie virali, specificate"
      }, {
        "code": "V739",
        "display": "Esame per l'individuazione di malattia virale e da Chlamidia, non specificata"
      }, {
        "code": "V7398",
        "display": "Esame per l'individuazione di malattia da Chlamidia, non specificata"
      }, {
        "code": "V7399",
        "display": "Esame per l'individuazione di malattia virale, non specificata"
      } ]
    } ]
  }
}