{
  "resourceType": "ValueSet",
  "url": "http://hl7.org/fhir/sid/icd-9-cm-535",
  "version": "1.0",
  "name": "Diagnosi-Altre patologie dell' uretra e del sistema urinario",
  "title": "Altre patologie dell' uretra e del sistema urinario",
  "status": "active",
  "compose": {
    "include": [ {
      "system": "http://hl7.org/fhir/sid/icd-9-cm",
      "concept": [ {
        "code": "5990",
        "display": "Infezione del sitema urinario, sito non specificato"
      }, {
        "code": "5991",
        "display": "Fistola uretrale"
      }, {
        "code": "5992",
        "display": "Diverticolo uretrale"
      }, {
        "code": "5993",
        "display": "Caruncola uretrale"
      }, {
        "code": "5994",
        "display": "Falsa strada uretrale"
      }, {
        "code": "5995",
        "display": "Prolasso della mucosa uretrale"
      }, {
        "code": "5996",
        "display": "Ostruzione urinaria"
      }, {
        "code": "59960",
        "display": "Ostruzione urinaria, non specificata"
      }, {
        "code": "59969",
        "display": "Ostruzione urinaria, non altrimenti classificata"
      }, {
        "code": "5997",
        "display": "Ematuria"
      }, {
        "code": "5998",
        "display": "Altre patologie specificate dell' uretra e del sistema urinario"
      }, {
        "code": "59981",
        "display": "Ipermobilita' uretrale"
      }, {
        "code": "59982",
        "display": "Deficienza intrinseca dello sfintere uretrale [ISD]"
      }, {
        "code": "59983",
        "display": "Instabilita' uretrale"
      }, {
        "code": "59984",
        "display": "Altre patologie specificate dell' uretra"
      }, {
        "code": "59989",
        "display": "Altre patologie specificate del sistema urinario"
      }, {
        "code": "5999",
        "display": "Patologia non specificata dell' uretra e del sistema urinario"
      } ]
    } ]
  }
}