{
  "resourceType": "ValueSet",
  "url": "http://hl7.org/fhir/sid/icd-9-cm-699",
  "version": "1.0",
  "name": "Diagnosi-Emorragia fetale e neonatale",
  "title": "Emorragia fetale e neonatale",
  "status": "active",
  "compose": {
    "include": [ {
      "system": "http://hl7.org/fhir/sid/icd-9-cm",
      "concept": [ {
        "code": "7720",
        "display": "Emorragia fetale"
      }, {
        "code": "7721",
        "display": "Emorragia intraventricolare"
      }, {
        "code": "77210",
        "display": "Grado non specificato"
      }, {
        "code": "77211",
        "display": "Grado I"
      }, {
        "code": "77212",
        "display": "Grado II"
      }, {
        "code": "77213",
        "display": "Grado III"
      }, {
        "code": "77214",
        "display": "Grado IV"
      }, {
        "code": "7722",
        "display": "Emorragia subaracnoidea"
      }, {
        "code": "7723",
        "display": "Emorragia ombelicale verificatasi dopo la nascita"
      }, {
        "code": "7724",
        "display": "Emorragia gastrointestinale del feto o del neonato"
      }, {
        "code": "7725",
        "display": "Emorragia surrenalica del feto o del neonato"
      }, {
        "code": "7726",
        "display": "Emorragia cutanea del feto o del neonato"
      }, {
        "code": "7728",
        "display": "Altra emorragia specificata del feto o del neonato"
      }, {
        "code": "7729",
        "display": "Emorragia non specificata del neonato"
      } ]
    } ]
  }
}