{
  "resourceType": "ValueSet",
  "url": "http://hl7.org/fhir/sid/icd-9-cm-794",
  "version": "1.0",
  "name": "Diagnosi-Altre ferite della testa",
  "title": "Altre ferite della testa",
  "status": "active",
  "compose": {
    "include": [ {
      "system": "http://hl7.org/fhir/sid/icd-9-cm",
      "concept": [ {
        "code": "8730",
        "display": "Altre ferite del cuoio capelluto senza menzione di complicazioni"
      }, {
        "code": "8731",
        "display": "Altre ferite del cuoio capelluto, con complicazioni"
      }, {
        "code": "8732",
        "display": "Altre ferite del naso, senza menzione di complicazioni"
      }, {
        "code": "87320",
        "display": "Altre ferite del naso, sito non specificato, senza menzione di complicazioni"
      }, {
        "code": "87321",
        "display": "Altre ferite del setto nasale, senza menzione di complicazioni"
      }, {
        "code": "87322",
        "display": "Altre ferite del cavita' nasale, senza menzione di complicazioni"
      }, {
        "code": "87323",
        "display": "Altre ferite del seno nasale, senza menzione di complicazioni"
      }, {
        "code": "87329",
        "display": "Altre ferite di siti multipli, senza menzione di complicazioni"
      }, {
        "code": "8733",
        "display": "Altre ferite del naso, con complicazioni"
      }, {
        "code": "87330",
        "display": "Altre ferite del naso, sito non specificato, con complicazioni"
      }, {
        "code": "87331",
        "display": "Altre ferite del setto nasale, con complicazioni"
      }, {
        "code": "87332",
        "display": "Altre ferite del cavita' nasale, con complicazioni"
      }, {
        "code": "87333",
        "display": "Altre ferite del seno nasale, con complicazioni"
      }, {
        "code": "87339",
        "display": "Altre ferite di siti multipli del naso, con complicazioni"
      }, {
        "code": "8734",
        "display": "Altre ferite della faccia senza menzione di complicazioni"
      }, {
        "code": "87340",
        "display": "Altre ferite della faccia, sito non specificato, senza menzione di complicazioni"
      }, {
        "code": "87341",
        "display": "Altre ferite della guancia, senza menzione di complicazioni"
      }, {
        "code": "87342",
        "display": "Altre ferite della fronte, senza menzione di complicazioni"
      }, {
        "code": "87343",
        "display": "Altre ferite del labbro, senza menzione di complicazioni"
      }, {
        "code": "87344",
        "display": "Altre ferite della mandibola, senza menzione di complicazioni"
      }, {
        "code": "87349",
        "display": "Altre ferite della faccia, altro e siti multipli, senza menzione di complicazioni"
      }, {
        "code": "8735",
        "display": "Altre ferite della faccia con complicazioni"
      }, {
        "code": "87350",
        "display": "Altre ferite della faccia, sito non specificato, con complicazioni"
      }, {
        "code": "87351",
        "display": "Altre ferite della guancia con complicazioni"
      }, {
        "code": "87352",
        "display": "Altre ferite della fronte con complicazioni"
      }, {
        "code": "87353",
        "display": "Altre ferite del labbro con complicazioni"
      }, {
        "code": "87354",
        "display": "Altre ferite della mandibola con complicazioni"
      }, {
        "code": "87359",
        "display": "Altre ferite della faccia, altro e siti multipli con complicazioni"
      }, {
        "code": "8736",
        "display": "Altre ferite di parti interne della bocca, senza menzione di complicazioni"
      }, {
        "code": "87360",
        "display": "Altre ferite di parti interne della bocca, sito non specificato, senza menzione di complicazioni"
      }, {
        "code": "87361",
        "display": "Altre ferite della mucosa boccale, senza menzione di complicazioni"
      }, {
        "code": "87362",
        "display": "Altre ferite della gengiva (processo alveolare), senza menzione di complicazioni"
      }, {
        "code": "87363",
        "display": "Altre ferite del dente (rotto) (fratturato) (dovuto ad evento traumatico)"
      }, {
        "code": "87364",
        "display": "Altre ferite di lingua e pavimento della bocca, senza menzione di complicazioni"
      }, {
        "code": "87365",
        "display": "Altre ferite del palato, senza menzione di complicazioni"
      }, {
        "code": "87369",
        "display": "Altre ferite di parti interne della bocca, altro e siti multipli, senza menzione di complicazioni"
      }, {
        "code": "8737",
        "display": "Altre ferite di parti interne della bocca, con complicazioni"
      }, {
        "code": "87370",
        "display": "Altre ferite di parti interne della bocca, sito non specificato, con complicazioni"
      }, {
        "code": "87371",
        "display": "Altre ferite della mucosa boccale, con complicazioni"
      }, {
        "code": "87372",
        "display": "Altre ferite della gengiva (processo alveolare), con complicazioni"
      }, {
        "code": "87373",
        "display": "Altre ferite del dente (rotto), con complicazioni"
      }, {
        "code": "87374",
        "display": "Altre ferite della lingua e pavimento della bocca, con complicazioni"
      }, {
        "code": "87375",
        "display": "Altre ferite del palato, con complicazioni"
      }, {
        "code": "87379",
        "display": "Altre ferite di parti interne della bocca, altro e siti multipli, con complicazioni"
      }, {
        "code": "8738",
        "display": "Altre e non specificate ferite della testa, senza menzione di complicazioni"
      }, {
        "code": "8739",
        "display": "Altre e non specificate ferite della testa, con complicazioni"
      } ]
    } ]
  }
}