{
  "resourceType": "ValueSet",
  "url": "http://hl7.org/fhir/sid/icd-9-cm-216",
  "version": "1.0",
  "name": "Diagnosi-Gozzo nodulare non tossico",
  "title": "Gozzo nodulare non tossico",
  "status": "active",
  "compose": {
    "include": [ {
      "system": "http://hl7.org/fhir/sid/icd-9-cm",
      "concept": [ {
        "code": "2410",
        "display": "Gozzo uninodulare non tossico"
      }, {
        "code": "2411",
        "display": "Gozzo multinodulare non tossico"
      }, {
        "code": "2419",
        "display": "Gozzo nodulare non tossico non specificato"
      } ]
    } ]
  }
}