{
  "resourceType": "ValueSet",
  "url": "http://hl7.org/fhir/sid/icd-9-cm-484",
  "version": "1.0",
  "name": "Diagnosi-Altri disturbi dello stomaco e del duodeno",
  "title": "Altri disturbi dello stomaco e del duodeno",
  "status": "active",
  "compose": {
    "include": [ {
      "system": "http://hl7.org/fhir/sid/icd-9-cm",
      "concept": [ {
        "code": "5370",
        "display": "Stenosi ipertrofica acquisita del piloro"
      }, {
        "code": "5371",
        "display": "Diverticolo gastrico"
      }, {
        "code": "5372",
        "display": "Ileo duodenale cronico - Ostruzione con dilatazione duodenale cronica"
      }, {
        "code": "5373",
        "display": "Altra ostruzione del duodeno"
      }, {
        "code": "5374",
        "display": "Fistola dello stomaco o del duodeno"
      }, {
        "code": "5375",
        "display": "Gastroptosi"
      }, {
        "code": "5376",
        "display": "Stomaco a clessidra o stenosi dello stomaco"
      }, {
        "code": "5378",
        "display": "Altri disturbi specificati dello stomaco e del duodeno"
      }, {
        "code": "53781",
        "display": "Pilorospasmo"
      }, {
        "code": "53782",
        "display": "Angiodisplasia dello stomaco e duodeno senza menzione di emorragia"
      }, {
        "code": "53783",
        "display": "Angiodisplasia dello stomaco e del duodeno con emorragia"
      }, {
        "code": "53784",
        "display": "Lesione di Dieulafoy (emorragica) dello stomaco e del duodeno"
      }, {
        "code": "53789",
        "display": "Altri disturbi specificati dello stomaco e del duodeno"
      }, {
        "code": "5379",
        "display": "Altro disturbo non specificato dello stomaco e del duodeno"
      } ]
    } ]
  }
}