{
  "resourceType": "ValueSet",
  "url": "http://hl7.org/fhir/sid/icd-9-cm-840",
  "version": "1.0",
  "name": "Diagnosi-Contusione dell' arto superiore",
  "title": "Contusione dell' arto superiore",
  "status": "active",
  "compose": {
    "include": [ {
      "system": "http://hl7.org/fhir/sid/icd-9-cm",
      "concept": [ {
        "code": "9230",
        "display": "Contusione di Spalla e braccio"
      }, {
        "code": "92300",
        "display": "Contusione della regione della spalla"
      }, {
        "code": "92301",
        "display": "Contusione della regione scapolare"
      }, {
        "code": "92302",
        "display": "Contusione della regione ascellare"
      }, {
        "code": "92303",
        "display": "Contusione del braccio superiore"
      }, {
        "code": "92309",
        "display": "Contusione dia sedi multiple"
      }, {
        "code": "9231",
        "display": "Contusione di gomito e avambraccio"
      }, {
        "code": "92310",
        "display": "Contusione dell' avambraccio"
      }, {
        "code": "92311",
        "display": "Contusione del gomito"
      }, {
        "code": "9232",
        "display": "Contusione di polso e mano, escluse le dita della mano da sole"
      }, {
        "code": "92320",
        "display": "Contusione della mano, escluse le dita da sole"
      }, {
        "code": "92321",
        "display": "Contusione del polso"
      }, {
        "code": "9233",
        "display": "Contusione delle dita della mano"
      }, {
        "code": "9238",
        "display": "Contusione di sedi multiple dell' arto superiore"
      }, {
        "code": "9239",
        "display": "Contusione di parte non specificata dell' arto superiore"
      } ]
    } ]
  }
}