{
  "resourceType": "ValueSet",
  "url": "http://hl7.org/fhir/sid/icd-9-cm-190",
  "version": "1.0",
  "name": "Diagnosi-Altri tumori benigni del connettivo e di altri tessuti molli",
  "title": "Altri tumori benigni del connettivo e di altri tessuti molli",
  "status": "active",
  "compose": {
    "include": [ {
      "system": "http://hl7.org/fhir/sid/icd-9-cm",
      "concept": [ {
        "code": "2150",
        "display": "Altri tumori benigni del connettivo e di altri tessuti molli di testa, faccia e collo"
      }, {
        "code": "2152",
        "display": "Altri tumori benigni del connettivo e di altri tessuti molli dell' arto superiore, compresa la spalla"
      }, {
        "code": "2153",
        "display": "Altri tumori benigni del connettivo e di altri tessuti molli dell' arto inferiore, compresa l'anca"
      }, {
        "code": "2154",
        "display": "Altri tumori benigni del connettivo e di altri tessuti molli del torace"
      }, {
        "code": "2155",
        "display": "Altri tumori benigni del connettivo e di altri tessuti molli dell' addome"
      }, {
        "code": "2156",
        "display": "Altri tumori benigni del connettivo e di altri tessuti molli della pelvi"
      }, {
        "code": "2157",
        "display": "Altri tumori benigni del connettivo e di altri tessuti molli del tronco, non specificati"
      }, {
        "code": "2158",
        "display": "Altri tumori benigni di altre sedi specificate"
      }, {
        "code": "2159",
        "display": "Altri tumori benigni del connettivo e di altri tessuti molli, sede non specificata"
      } ]
    } ]
  }
}