{
  "resourceType": "ValueSet",
  "url": "http://hl7.org/fhir/sid/icd-9-cm-52",
  "version": "1.0",
  "name": "Diagnosi-Altri esantemi virali",
  "title": "Altri esantemi virali",
  "status": "active",
  "compose": {
    "include": [ {
      "system": "http://hl7.org/fhir/sid/icd-9-cm",
      "concept": [ {
        "code": "0570",
        "display": "Eritema infettivo (quinta malattia)"
      }, {
        "code": "0578",
        "display": "Altri esantemi virali specificati"
      }, {
        "code": "0579",
        "display": "Esantemi virali non specificati"
      } ]
    } ]
  }
}