{
  "resourceType": "ValueSet",
  "url": "http://hl7.org/fhir/sid/icd-9-cm-432",
  "version": "1.0",
  "name": "Diagnosi-Altre malattie delle vie respiratorie superiori",
  "title": "Altre malattie delle vie respiratorie superiori",
  "status": "active",
  "compose": {
    "include": [ {
      "system": "http://hl7.org/fhir/sid/icd-9-cm",
      "concept": [ {
        "code": "4780",
        "display": "Ipertrofia dei turbinati nasali"
      }, {
        "code": "4781",
        "display": "Altre malattie delle cavita' nasali e dei seni paranasali"
      }, {
        "code": "47811",
        "display": "Mucosite nasale (ulcerativa)"
      }, {
        "code": "47819",
        "display": "Altre malattie delle cavita' nasali e dei seni paranasali"
      }, {
        "code": "4782",
        "display": "Altre malattie della faringe, non classificate altrove"
      }, {
        "code": "47820",
        "display": "Malattie della faringe non specificate"
      }, {
        "code": "47821",
        "display": "Cellulite della faringe o del nasofaringe"
      }, {
        "code": "47822",
        "display": "Ascesso parafaringeo"
      }, {
        "code": "47824",
        "display": "Ascesso retrofaringeo"
      }, {
        "code": "47825",
        "display": "Edema della faringe o del nasofaringe"
      }, {
        "code": "47826",
        "display": "Cisti della faringe o del nasofaringe"
      }, {
        "code": "47829",
        "display": "Altre malattie della faringe e del nasofaringe"
      }, {
        "code": "4783",
        "display": "Paralisi delle corde vocali o della laringe"
      }, {
        "code": "47830",
        "display": "Paralisi delle corde vocali non specificata"
      }, {
        "code": "47831",
        "display": "Paralisi delle corde vocali unilaterale parziale"
      }, {
        "code": "47832",
        "display": "Paralisi delle corde vocali unilaterale completa"
      }, {
        "code": "47833",
        "display": "Paralisi delle corde vocali bilaterale parziale"
      }, {
        "code": "47834",
        "display": "Paralisi delle corde vocali bilaterale completa"
      }, {
        "code": "4784",
        "display": "Polipo delle corde vocali o della laringe"
      }, {
        "code": "4785",
        "display": "Altre malattie delle corde vocali"
      }, {
        "code": "4786",
        "display": "Edema della laringe"
      }, {
        "code": "4787",
        "display": "Altre malattie della laringe, non classificate altrove"
      }, {
        "code": "47870",
        "display": "Malattie della laringe non specificate"
      }, {
        "code": "47871",
        "display": "Cellulite e pericondrite della laringe"
      }, {
        "code": "47874",
        "display": "Stenosi della laringe"
      }, {
        "code": "47875",
        "display": "Spasmo laringeo"
      }, {
        "code": "47879",
        "display": "Altre malattie della laringe"
      }, {
        "code": "4788",
        "display": "Reazione di ipersensibilita' delle vie respiratorie superiori, sede non specificata"
      }, {
        "code": "4789",
        "display": "Altre e non specificate malattie delle vie respiratorie superiori"
      } ]
    } ]
  }
}