{
  "resourceType": "ValueSet",
  "url": "http://hl7.org/fhir/sid/icd-9-cm-100",
  "version": "1.0",
  "name": "Diagnosi-Altre micosi",
  "title": "Altre micosi",
  "status": "active",
  "compose": {
    "include": [ {
      "system": "http://hl7.org/fhir/sid/icd-9-cm",
      "concept": [ {
        "code": "1170",
        "display": "Rinosporidiosi"
      }, {
        "code": "1171",
        "display": "Sporotricosi"
      }, {
        "code": "1172",
        "display": "Cromoblastomicosi"
      }, {
        "code": "1173",
        "display": "Aspergillosi"
      }, {
        "code": "1174",
        "display": "Micetomi micotici"
      }, {
        "code": "1175",
        "display": "Criptococcosi"
      }, {
        "code": "1176",
        "display": "Allescheriosi (Petriellidosis)"
      }, {
        "code": "1177",
        "display": "Zigomicosi (Ficomicosi o Mucormicosi)"
      }, {
        "code": "1178",
        "display": "Infezioni da funghi del genere Dematium (Feoifomicosi)"
      }, {
        "code": "1179",
        "display": "Altre e non specificate micosi"
      } ]
    } ]
  }
}