{
  "resourceType": "ValueSet",
  "url": "http://hl7.org/fhir/sid/icd-9-cm-87",
  "version": "1.0",
  "name": "Diagnosi-Infezione gonococcica",
  "title": "Infezione gonococcica",
  "status": "active",
  "compose": {
    "include": [ {
      "system": "http://hl7.org/fhir/sid/icd-9-cm",
      "concept": [ {
        "code": "0980",
        "display": "Infezione gonococcica [acuta] dell' apparato genitourinario inferiore"
      }, {
        "code": "0981",
        "display": "Infezione gonococcica [acuta] dell' apparato genitourinario superiore"
      }, {
        "code": "09810",
        "display": "Infezione gonococcica [acuta] dell' apparato genitourinario superiore, sede non specificata"
      }, {
        "code": "09811",
        "display": "Cistite gonococcica [acuta]"
      }, {
        "code": "09812",
        "display": "Prostatite gonococcica [acuta]"
      }, {
        "code": "09813",
        "display": "Epididimo-orchite gonococcica [acuta]"
      }, {
        "code": "09814",
        "display": "Gonorrea delle vescicole seminali [acuta]"
      }, {
        "code": "09815",
        "display": "Cervicite gonococcica [acuta]"
      }, {
        "code": "09816",
        "display": "Endometrite gonococcica [acuta]"
      }, {
        "code": "09817",
        "display": "Salpingite gonococcica [acuta]"
      }, {
        "code": "09819",
        "display": "Altre infezioni gonococciche [acute] dell' apparato genitourinario superiore"
      }, {
        "code": "0982",
        "display": "Infezione gonococcica cronica dell' apparato genitourinario inferiore"
      }, {
        "code": "0983",
        "display": "Infezione gonococcica cronica dell' apparato genitourinario superiore"
      }, {
        "code": "09830",
        "display": "Infezione gonococcica cronica dell' apparato genitourinario superiore, sede non specificata"
      }, {
        "code": "09831",
        "display": "Cistite gonococcica cronica"
      }, {
        "code": "09832",
        "display": "Prostatite gonococcica cronica"
      }, {
        "code": "09833",
        "display": "Epididimo-orchite gonococcica cronica"
      }, {
        "code": "09834",
        "display": "Gonorrea delle vescicole seminali cronica"
      }, {
        "code": "09835",
        "display": "Cervicite gonococcica cronica"
      }, {
        "code": "09836",
        "display": "Endometrite gonococcica cronica"
      }, {
        "code": "09837",
        "display": "Salpingite gonococcica cronica"
      }, {
        "code": "09839",
        "display": "Altre infezioni gonococciche croniche dell' apparato genitourinario superiore"
      }, {
        "code": "0984",
        "display": "Infezione gonococcica dell' occhio"
      }, {
        "code": "09840",
        "display": "Congiuntivite gonococcica [del neonato]"
      }, {
        "code": "09841",
        "display": "Iridociclite gonococcica"
      }, {
        "code": "09842",
        "display": "Endoftalmia gonococcica"
      }, {
        "code": "09843",
        "display": "Cheratite gonococcica"
      }, {
        "code": "09849",
        "display": "Altre infezioni gonococciche dell' occhio"
      }, {
        "code": "0985",
        "display": "Infezione gonococcica delle articolazioni"
      }, {
        "code": "09850",
        "display": "Artrite gonococcica"
      }, {
        "code": "09851",
        "display": "Sinovite e tenosinovite gonococciche"
      }, {
        "code": "09852",
        "display": "Borsite gonococcica"
      }, {
        "code": "09853",
        "display": "Spondilite gonococcica"
      }, {
        "code": "09859",
        "display": "Altre infezioni gonococciche delle articolazioni"
      }, {
        "code": "0986",
        "display": "Infezione gonococcica della faringe"
      }, {
        "code": "0987",
        "display": "Infezione gonococcica dell' ano e del retto"
      }, {
        "code": "0988",
        "display": "Infezione gonococcica di altre sedi specificate"
      }, {
        "code": "09881",
        "display": "Cheratosi gonococcica [blenorragica]"
      }, {
        "code": "09882",
        "display": "Meningite gonococcica"
      }, {
        "code": "09883",
        "display": "Pericardite gonococcica"
      }, {
        "code": "09884",
        "display": "Endocardite gonococcica"
      }, {
        "code": "09885",
        "display": "Altre malattie cardiache gonococciche"
      }, {
        "code": "09886",
        "display": "Peritonite gonococcica"
      }, {
        "code": "09889",
        "display": "Infezione gonococcica di altre sedi specificate"
      } ]
    } ]
  }
}