{
  "resourceType": "ValueSet",
  "url": "http://hl7.org/fhir/sid/icd-9-cm-380",
  "version": "1.0",
  "name": "Diagnosi-Altre malattie del circolo polmonare",
  "title": "Altre malattie del circolo polmonare",
  "status": "active",
  "compose": {
    "include": [ {
      "system": "http://hl7.org/fhir/sid/icd-9-cm",
      "concept": [ {
        "code": "4170",
        "display": "Fistola arterovenosa dei vasi polmonari"
      }, {
        "code": "4171",
        "display": "Aneurisma dell' arteria polmonare"
      }, {
        "code": "4178",
        "display": "Altre malattie del circolo polmonare"
      }, {
        "code": "4179",
        "display": "Altre malattie del circolo polmonare non specificate"
      } ]
    } ]
  }
}