{
  "resourceType": "ValueSet",
  "url": "http://hl7.org/fhir/sid/icd-9-cm-404",
  "version": "1.0",
  "name": "Diagnosi-Ateroembolismo",
  "title": "Ateroembolismo",
  "status": "active",
  "compose": {
    "include": [ {
      "system": "http://hl7.org/fhir/sid/icd-9-cm",
      "concept": [ {
        "code": "4450",
        "display": "Ateroembolismo delle estremita'"
      }, {
        "code": "44501",
        "display": "Ateroembolismo delle estremita' superiori"
      }, {
        "code": "44502",
        "display": "Ateroembolismo delle estremita' inferiori"
      }, {
        "code": "4458",
        "display": "Ateroembolismo di altre sedi"
      }, {
        "code": "44581",
        "display": "Ateroembolismo del rene"
      }, {
        "code": "44589",
        "display": "Ateroembolismo di altre sedi"
      } ]
    } ]
  }
}