{
  "resourceType": "ValueSet",
  "url": "http://hl7.org/fhir/sid/icd-9-cm-851",
  "version": "1.0",
  "name": "Diagnosi-Corpo estraneo nella trachea, nei bronchi e nei polmoni",
  "title": "Corpo estraneo nella trachea, nei bronchi e nei polmoni",
  "status": "active",
  "compose": {
    "include": [ {
      "system": "http://hl7.org/fhir/sid/icd-9-cm",
      "concept": [ {
        "code": "9340",
        "display": "Corpo estraneo nella trachea"
      }, {
        "code": "9341",
        "display": "Corpo estraneo nel bronco principale"
      }, {
        "code": "9348",
        "display": "Corpo estraneo in altra parte specificata di trachea, nei bronchi e nei polmoni"
      }, {
        "code": "9349",
        "display": "Corpo estraneo nell'albero respiratorio non specificato"
      } ]
    } ]
  }
}