{
  "resourceType": "ValueSet",
  "url": "http://hl7.org/fhir/sid/icd-9-cm-262",
  "version": "1.0",
  "name": "Diagnosi-Demenze",
  "title": "Demenze",
  "status": "active",
  "compose": {
    "include": [ {
      "system": "http://hl7.org/fhir/sid/icd-9-cm",
      "concept": [ {
        "code": "2900",
        "display": "Demenza senile, non complicata"
      }, {
        "code": "2901",
        "display": "Demenza presenile"
      }, {
        "code": "29010",
        "display": "Demenza presenile, non complicata"
      }, {
        "code": "29011",
        "display": "Demenza presenile con delirium"
      }, {
        "code": "29012",
        "display": "Demenza presenile con aspetti deliranti"
      }, {
        "code": "29013",
        "display": "Demenza presenile con aspetti depressivi"
      }, {
        "code": "2902",
        "display": "Demenza senile con aspetti deliranti o depressivi"
      }, {
        "code": "29020",
        "display": "Demenza senile con aspetti deliranti"
      }, {
        "code": "29021",
        "display": "Demenza senile con aspetti depressivi"
      }, {
        "code": "2903",
        "display": "Demenza senile con delirium"
      }, {
        "code": "2904",
        "display": "Demenza vascolare"
      }, {
        "code": "29040",
        "display": "Demenza vascolare, non complicata"
      }, {
        "code": "29041",
        "display": "Demenza vascolare con delirium"
      }, {
        "code": "29042",
        "display": "Demenza vascolare con deliri"
      }, {
        "code": "29043",
        "display": "Demenza vascolare con umore depresso"
      }, {
        "code": "2908",
        "display": "Altre manifestazioni psicotiche senili specificate"
      }, {
        "code": "2909",
        "display": "Manifestazioni psicotiche senili non specificate"
      } ]
    } ]
  }
}