{
  "resourceType": "ValueSet",
  "url": "http://hl7.org/fhir/sid/icd-9-cm-607",
  "version": "1.0",
  "name": "Diagnosi-Altre e non specificate complicazioni del puerperio, non classificate altrove",
  "title": "Altre e non specificate complicazioni del puerperio, non classificate altrove",
  "status": "active",
  "compose": {
    "include": [ {
      "system": "http://hl7.org/fhir/sid/icd-9-cm",
      "concept": [ {
        "code": "6740",
        "display": "Disturbi cerebrovascolari nel puerperio"
      }, {
        "code": "67400",
        "display": "Disturbi cerebrovascolari nel puerperio, episodio di assistenza non specificato"
      }, {
        "code": "67401",
        "display": "Disturbi cerebrovascolari nel puerperio, parto, con o senza menzione della condizione antepartum"
      }, {
        "code": "67402",
        "display": "Disturbi cerebrovascolari nel puerperio, parto, con menzione delle complicazioni postpartum"
      }, {
        "code": "67403",
        "display": "Disturbi cerebrovascolari nel puerperio, condizione o complicazione antepartum"
      }, {
        "code": "67404",
        "display": "Disturbi cerebrovascolari nel puerperio, condizione o complicazione postpartum"
      }, {
        "code": "6741",
        "display": "Riapertura di sutura di cesareo"
      }, {
        "code": "67410",
        "display": "Riapertura di sutura di cesareo, episodio di assistenza non specificato"
      }, {
        "code": "67412",
        "display": "Riapertura di sutura di cesareo, parto, con menzione delle complicazioni postpartum"
      }, {
        "code": "67414",
        "display": "Riapertura di sutura di cesareo, condizione o complicazione postpartum"
      }, {
        "code": "6742",
        "display": "Riapertura della sutura perineale"
      }, {
        "code": "67420",
        "display": "Riapertura della sutura perineale, episodio di assistenza non specificato"
      }, {
        "code": "67422",
        "display": "Riapertura della sutura perineale, parto, con menzione delle complicazioni postpartum"
      }, {
        "code": "67424",
        "display": "Riapertura della sutura perineale, condizione o complicazione postpartum"
      }, {
        "code": "6743",
        "display": "Altre complicazioni di suture chirurgiche ostetriche"
      }, {
        "code": "67430",
        "display": "Altre complicazioni di suture chirurgiche ostetriche, episodio di assistenza non specificato"
      }, {
        "code": "67432",
        "display": "Altre complicazioni di suture chirurgiche ostetriche, parto, con menzione delle complicazioni postpartum"
      }, {
        "code": "67434",
        "display": "Altre complicazioni di suture chirurgiche ostetriche, condizione o complicazione postpartum"
      }, {
        "code": "6744",
        "display": "Polipo placentare"
      }, {
        "code": "67440",
        "display": "Polipo placentare, episodio di assistenza non specificato"
      }, {
        "code": "67442",
        "display": "Polipo placentare, parto, con menzione delle complicazioni postpartum"
      }, {
        "code": "67444",
        "display": "Polipo placentare, condizione o complicazione postpartum"
      }, {
        "code": "6745",
        "display": "Cardiomiopatia peripartum"
      }, {
        "code": "67450",
        "display": "Cardiomiopatia peripartum, episodio di assistenza non specificato"
      }, {
        "code": "67451",
        "display": "Cardiomiopatia peripartum, parto, con o senza menzione della condizione antepartum"
      }, {
        "code": "67452",
        "display": "Cardiomiopatia peripartum, parto, con menzione delle complicazioni postpartum"
      }, {
        "code": "67453",
        "display": "Cardiomiopatia peripartum, condizione o complicazione antepartum"
      }, {
        "code": "67454",
        "display": "Cardiomiopatia peripartum, condizione o complicazione postpartum"
      }, {
        "code": "6748",
        "display": "Altre complicazioni del puerperio"
      }, {
        "code": "67480",
        "display": "Altre complicazioni del puerperio, episodio di assistenza non specificato"
      }, {
        "code": "67482",
        "display": "Altre complicazioni del puerperio, parto, con menzione delle complicazioni postpartum"
      }, {
        "code": "67484",
        "display": "Altre complicazioni del puerperio, condizione o complicazione postpartum"
      }, {
        "code": "6749",
        "display": "Altre complicazioni del puerperio, non specificate"
      }, {
        "code": "67490",
        "display": "Altre complicazioni del puerperio, non specificate, episodio di assistenza non specificato"
      }, {
        "code": "67492",
        "display": "Altre complicazioni del puerperio, non specificate, parto, con menzione delle complicazioni postpartum"
      }, {
        "code": "67494",
        "display": "Altre complicazioni del puerperio, non specificate, condizione o complicazione postpartum"
      } ]
    } ]
  }
}