{
  "resourceType": "ValueSet",
  "url": "http://hl7.org/fhir/sid/icd-9-cm-10",
  "version": "1.0",
  "name": "Diagnosi-Infezione tubercolare primaria",
  "title": "Infezione tubercolare primaria",
  "status": "active",
  "compose": {
    "include": [ {
      "system": "http://hl7.org/fhir/sid/icd-9-cm",
      "concept": [ {
        "code": "0100",
        "display": "Complesso tubercolare primario"
      }, {
        "code": "01000",
        "display": "Complesso tubercolare primario, non specificato"
      }, {
        "code": "01001",
        "display": "Complesso tubercolare primario, esame batteriologico o istologico non effettuato"
      }, {
        "code": "01002",
        "display": "Complesso tubercolare primario, risultato dell' esame batteriologico o istologico non conosciuto (allo stato attuale)"
      }, {
        "code": "01003",
        "display": "Complesso tubercolare primario, esame microscopico dell' espettorato positivo"
      }, {
        "code": "01004",
        "display": "Complesso tubercolare primario, esame microscopico dell' espettorato negativo, ma con esame colturale positivo"
      }, {
        "code": "01005",
        "display": "Complesso tubercolare primario, esame batteriologico negativo, ma tubercolosi confermata istologicamente"
      }, {
        "code": "01006",
        "display": "Complesso tubercolare primario, esami batteriologici o istologici negativi, ma tubercolosi confermata in laboratorio con altri metodi"
      }, {
        "code": "0101",
        "display": "Pleurite tubercolare in tubercolosi primaria progressiva"
      }, {
        "code": "01010",
        "display": "Pleurite tubercolare in tubercolosi primaria progressiva, non specificata"
      }, {
        "code": "01011",
        "display": "Pleurite tubercolare in tubercolosi primaria progressiva, esame batteriologico o istologico non effettuato"
      }, {
        "code": "01012",
        "display": "Pleurite tubercolare in tubercolosi primaria progressiva, risultato dell' esame batteriologico o istologico non conosciuto (allo stato attuale)"
      }, {
        "code": "01013",
        "display": "Pleurite tubercolare in tubercolosi primaria progressiva, esame microscopico dell' espettorato positivo"
      }, {
        "code": "01014",
        "display": "Pleurite tubercolare in tubercolosi primaria progressiva, esame microscopico dell' espettorato negativo, ma con esame colturale positivo"
      }, {
        "code": "01015",
        "display": "Pleurite tubercolare in tubercolosi primaria progressiva, esame batteriologico negativo, ma tubercolosi confermata istologicamente"
      }, {
        "code": "01016",
        "display": "Pleurite tubercolare in tubercolosi primaria progressiva, esame batteriologico o istologico negativo, ma tubercolosi confermata in laboratorio con altri metodi"
      }, {
        "code": "0108",
        "display": "Altre forme di tubercolosi primaria progressiva"
      }, {
        "code": "01080",
        "display": "Altre forme di tubercolosi primaria progressiva, non specificata"
      }, {
        "code": "01081",
        "display": "Altre forme di tubercolosi primaria progressiva, esame batteriologico o istologico non effettuato"
      }, {
        "code": "01082",
        "display": "Altre forme di tubercolosi primaria progressiva, risultato dell' esame batteriologico o istologico non conosciuto (allo stato attuale)"
      }, {
        "code": "01083",
        "display": "Altre forme di tubercolosi primaria progressiva, esame microscopico dell' espettorato positivo"
      }, {
        "code": "01084",
        "display": "Altre forme di tubercolosi primaria progressiva, esame microscopico dell' espettorato negativo, ma con esame colturale positivo"
      }, {
        "code": "01085",
        "display": "Altre forme di tubercolosi primaria progressiva, esame batteriologico negativo, ma tubercolosi confermata istologicamente"
      }, {
        "code": "01086",
        "display": "Altre forme di tubercolosi primaria progressiva, esami batteriologici o istologici negativi, ma tubercolosi confermata in laboratorio con altri metodi"
      }, {
        "code": "0109",
        "display": "Infezione tubercolare primaria, non specificata"
      }, {
        "code": "01090",
        "display": "Infezione tubercolare primaria, non specificata"
      }, {
        "code": "01091",
        "display": "Infezione tubercolare primaria, non specificata, esame batteriologico o istologico non effettuato"
      }, {
        "code": "01092",
        "display": "Infezione tubercolare primaria, non specificata, risultato dell' esame batteriologico o istologico non conosciuto (allo stato attuale)"
      }, {
        "code": "01093",
        "display": "Infezione tubercolare primaria, non specificata, esame microscopico dell' espettorato positivo"
      }, {
        "code": "01094",
        "display": "Infezione tubercolare primaria, non specificata, esame microscopico dell' espettorato negativo, ma con esame colturale positivo"
      }, {
        "code": "01095",
        "display": "Infezione tubercolare primaria, non specificata, esame batteriologico negativo, ma tubercolosi confermata istologicamente"
      }, {
        "code": "01096",
        "display": "Infezione tubercolare primaria, non specificata, esami batteriologici o istologici negativi, ma tubercolosi confermata in laboratorio con altri metodi"
      } ]
    } ]
  }
}