{
  "resourceType": "ValueSet",
  "url": "http://hl7.org/fhir/sid/icd-9-cm-960",
  "version": "1.0",
  "name": "Diagnosi-Altre Patologie successive a interventi chirurgici o procedure",
  "title": "Altre Patologie successive a interventi chirurgici o procedure",
  "status": "active",
  "compose": {
    "include": [ {
      "system": "http://hl7.org/fhir/sid/icd-9-cm",
      "concept": [ {
        "code": "V450",
        "display": "Dispositivo cardiaco postchirurgico in situ"
      }, {
        "code": "V4500",
        "display": "Dispositivo cardiaco non specificato in situ"
      }, {
        "code": "V4501",
        "display": "Stimolatore cardiaco in situ"
      }, {
        "code": "V4502",
        "display": "Defibrillatore cardiaco automatico impiantabile in situ"
      }, {
        "code": "V4509",
        "display": "Altro dispositivo cardiaco specificato in situ"
      }, {
        "code": "V451",
        "display": "Stato postchirurgico di dialisi renale"
      }, {
        "code": "V452",
        "display": "Presenza postchirurgica di dispositivo per il drenaggio del liquido cefalorachideo"
      }, {
        "code": "V453",
        "display": "Presenza postchirurgica di anastomosi o derivazione intestinale"
      }, {
        "code": "V454",
        "display": "Presenza postchirurgica di artrodesi"
      }, {
        "code": "V455",
        "display": "Presenza di dispositivo contraccettivo"
      }, {
        "code": "V4551",
        "display": "Presenza di dispositivo contraccettivo intrauterino"
      }, {
        "code": "V4552",
        "display": "Presenza di impianto contraccettivo sotto il derma"
      }, {
        "code": "V4559",
        "display": "Presenza di altro dispositivo contraccettivo"
      }, {
        "code": "V456",
        "display": "Stati postchirurgici successivi alla chirurgia dell' occhio e dei suoi annessi"
      }, {
        "code": "V4561",
        "display": "Stato postchirurgico successivo ad estrazione di cataratta"
      }, {
        "code": "V4569",
        "display": "Altri stati postchirurgici successivi a chirurgia dell' occhio e suoi annessi"
      }, {
        "code": "V457",
        "display": "Assenza acquisita di organi"
      }, {
        "code": "V4571",
        "display": "Mammella"
      }, {
        "code": "V4572",
        "display": "Intestino (crasso) (tenue)"
      }, {
        "code": "V4573",
        "display": "Rene"
      }, {
        "code": "V4574",
        "display": "Altre parti del tratto urinario"
      }, {
        "code": "V4575",
        "display": "Stomaco"
      }, {
        "code": "V4576",
        "display": "Polmone"
      }, {
        "code": "V4577",
        "display": "Organi genitali"
      }, {
        "code": "V4578",
        "display": "Occhio"
      }, {
        "code": "V4579",
        "display": "Assenza acquisita di altri organi"
      }, {
        "code": "V458",
        "display": "Altre Patologie successive a interventi chirurgici o procedure"
      }, {
        "code": "V4581",
        "display": "Stato postchirurgico di bypass aortocoronarico"
      }, {
        "code": "V4582",
        "display": "Presenza di angioplastica coronarica percutanea transluminale"
      }, {
        "code": "V4583",
        "display": "Presenza di impianto rimovibile di mammella"
      }, {
        "code": "V4584",
        "display": "Presenza di riparazione odontoiatrica"
      }, {
        "code": "V4585",
        "display": "Presenza di pompa d'insulina"
      }, {
        "code": "V4586",
        "display": "Condizione successiva a chirurgia bariatrica"
      }, {
        "code": "V4589",
        "display": "Altro stato postchirurgico"
      } ]
    } ]
  }
}