{
  "resourceType": "ValueSet",
  "url": "http://hl7.org/fhir/sid/icd-9-cm-737",
  "version": "1.0",
  "name": "Diagnosi-Frattura della clavicola",
  "title": "Frattura della clavicola",
  "status": "active",
  "compose": {
    "include": [ {
      "system": "http://hl7.org/fhir/sid/icd-9-cm",
      "concept": [ {
        "code": "8100",
        "display": "Frattura chiusa della clavicola"
      }, {
        "code": "81000",
        "display": "Frattura chiusa della clavicola, parte non specificata"
      }, {
        "code": "81001",
        "display": "Frattura chiusa dell' estremita' sternale della clavicola"
      }, {
        "code": "81002",
        "display": "Frattura chiusa del corpo della clavicola"
      }, {
        "code": "81003",
        "display": "Frattura chiusa dell' estremita' acromiale della clavicola"
      }, {
        "code": "8101",
        "display": "Frattura esposta della clavicola"
      }, {
        "code": "81010",
        "display": "Frattura esposta della clavicola, parte non specificata"
      }, {
        "code": "81011",
        "display": "Frattura esposta dell' estremita' sternale della clavicola"
      }, {
        "code": "81012",
        "display": "Frattura esposta del corpo della clavicola"
      }, {
        "code": "81013",
        "display": "Frattura dell' estremita' acromiale della clavicola"
      } ]
    } ]
  }
}