{
  "resourceType": "ValueSet",
  "url": "http://hl7.org/fhir/sid/icd-9-cm-970",
  "version": "1.0",
  "name": "Diagnosi-Controllo di aperture artificiali",
  "title": "Controllo di aperture artificiali",
  "status": "active",
  "compose": {
    "include": [ {
      "system": "http://hl7.org/fhir/sid/icd-9-cm",
      "concept": [ {
        "code": "V550",
        "display": "Controllo di tracheostomia"
      }, {
        "code": "V551",
        "display": "Controllo di gastrostomia"
      }, {
        "code": "V552",
        "display": "Controllo di ileostomia"
      }, {
        "code": "V553",
        "display": "Controllo di colostomia"
      }, {
        "code": "V554",
        "display": "Controllo di altra apertura artificiale dell' apparato digerente"
      }, {
        "code": "V555",
        "display": "Controllo di cistostomia"
      }, {
        "code": "V556",
        "display": "Controllo di altra apertura artificiale dell' apparato urinario"
      }, {
        "code": "V557",
        "display": "Controllo di vagina artificiale"
      }, {
        "code": "V558",
        "display": "Controllo di altra apertura artificiale specificata"
      }, {
        "code": "V559",
        "display": "Controllo di apertura artificiale non specificata"
      } ]
    } ]
  }
}