{
  "resourceType": "ValueSet",
  "url": "http://hl7.org/fhir/sid/icd-9-cm-602",
  "version": "1.0",
  "name": "Diagnosi-Altre complicazioni del travaglio e del parto, non altrimenti classificate",
  "title": "Altre complicazioni del travaglio e del parto, non altrimenti classificate",
  "status": "active",
  "compose": {
    "include": [ {
      "system": "http://hl7.org/fhir/sid/icd-9-cm",
      "concept": [ {
        "code": "6690",
        "display": "Sofferenza materna"
      }, {
        "code": "66900",
        "display": "Sofferenza materna, episodio di cura non specificato"
      }, {
        "code": "66901",
        "display": "Sofferenza materna, parto, con o senza menzione delle manifestazioni antepartum"
      }, {
        "code": "66902",
        "display": "Sofferenza materna, parto, con menzione delle complicazioni postpartum"
      }, {
        "code": "66903",
        "display": "Sofferenza materna, condizione o complicazione antepartum"
      }, {
        "code": "66904",
        "display": "Sofferenza materna, condizione o complicazione postpartum"
      }, {
        "code": "6691",
        "display": "Shock durante o dopo il travaglio"
      }, {
        "code": "66910",
        "display": "Shock durante o dopo il travaglio, episodio di cura non specificato"
      }, {
        "code": "66911",
        "display": "Shock durante o dopo il travaglio, parto, con o senza menzione delle manifestazioni antepartum"
      }, {
        "code": "66912",
        "display": "Shock durante o dopo il travaglio, parto, con menzione delle complicazioni postpartum"
      }, {
        "code": "66913",
        "display": "Shock durante o dopo il travaglio, condizione o complicazione antepartum"
      }, {
        "code": "66914",
        "display": "Shock durante o dopo il travaglio, condizione o complicazione postpartum"
      }, {
        "code": "6692",
        "display": "Sindrome da ipotensione materna"
      }, {
        "code": "66920",
        "display": "Sindrome da ipotensione materna, episodio di cura non specificato"
      }, {
        "code": "66921",
        "display": "Sindrome da ipotensione materna, parto, con o senza menzione delle manifestazioni antepartum"
      }, {
        "code": "66922",
        "display": "Sindrome da ipotensione materna, parto, con menzione delle complicazioni postpartum"
      }, {
        "code": "66923",
        "display": "Sindrome da ipotensione materna, condizione o complicazione antepartum"
      }, {
        "code": "66924",
        "display": "Sindrome da ipotensione materna, condizione o complicazione postpartum"
      }, {
        "code": "6693",
        "display": "Insufficienza renale acuta successiva al travaglio e al parto"
      }, {
        "code": "66930",
        "display": "Insufficienza renale acuta successiva al travaglio e al parto, episodio di cura non specificato"
      }, {
        "code": "66932",
        "display": "Insufficienza renale acuta successiva al travaglio e al parto, parto, con menzione delle complicazioni postpartum"
      }, {
        "code": "66934",
        "display": "Insufficienza renale acuta successiva al travaglio e al parto, condizione o complicazione postpartum"
      }, {
        "code": "6694",
        "display": "Altre complicazioni delle procedure e degli interventi chirurgici ostetrici"
      }, {
        "code": "66940",
        "display": "Altre complicazioni delle procedure e degli interventi chirurgici ostetrici, episodio di cura non specificato"
      }, {
        "code": "66941",
        "display": "Altre complicazioni delle procedure e degli interventi chirurgici ostetrici, parto, con o senza menzione delle manifestazioni antepartum"
      }, {
        "code": "66942",
        "display": "Altre complicazioni delle procedure e degli interventi chirurgici ostetrici, parto, con menzione delle complicazioni postpartum"
      }, {
        "code": "66943",
        "display": "Altre complicazioni delle procedure e degli interventi chirurgici ostetrici, condizione o complicazione antepartum"
      }, {
        "code": "66944",
        "display": "Altre complicazioni delle procedure e degli interventi chirurgici ostetrici, condizione o complicazione postpartum"
      }, {
        "code": "6695",
        "display": "Parto con applicazione di forcipe o ventosa, senza menzione dell' indicazione"
      }, {
        "code": "66950",
        "display": "Parto con applicazione di forcipe o ventosa, senza menzione dell' indicazione, episodio di cura non specificato"
      }, {
        "code": "66951",
        "display": "Parto con applicazione di forcipe o ventosa, senza menzione dell' indicazione, parto, con o senza menzione delle manifestazioni antepartum"
      }, {
        "code": "6696",
        "display": "Estrazione podalica, senza menzione dell' indicazione"
      }, {
        "code": "66960",
        "display": "Estrazione podalica, senza menzione dell' indicazione, episodio di cura non specificato"
      }, {
        "code": "66961",
        "display": "Estrazione podalica, senza menzione dell' indicazione, parto, con o senza menzione delle manifestazioni antepartum"
      }, {
        "code": "6697",
        "display": "Taglio cesareo, senza menzione dell' indicazione"
      }, {
        "code": "66970",
        "display": "Taglio cesareo, senza menzione dell' indicazione, episodio di cura non specificato"
      }, {
        "code": "66971",
        "display": "Taglio cesareo, senza menzione dell' indicazione, parto, con o senza menzione delle manifestazioni antepartum"
      }, {
        "code": "6698",
        "display": "Altre complicazioni del travaglio e del parto"
      }, {
        "code": "66980",
        "display": "Altre complicazioni del travaglio e del parto, episodio di cura non specificato"
      }, {
        "code": "66981",
        "display": "Altre complicazioni del travaglio e del parto, parto, con o senza menzione delle manifestazioni antepartum"
      }, {
        "code": "66982",
        "display": "Altre complicazioni del travaglio e del parto, parto, con menzione delle complicazioni postpartum"
      }, {
        "code": "66983",
        "display": "Altre complicazioni del travaglio e del parto, condizione o complicazione antepartum"
      }, {
        "code": "66984",
        "display": "Altre complicazioni del travaglio e del parto, condizione o complicazione postpartum"
      }, {
        "code": "6699",
        "display": "Complicazioni non specificate del travaglio e del parto"
      }, {
        "code": "66990",
        "display": "Complicazioni non specificate del travaglio e del parto, episodio di cura non specificato"
      }, {
        "code": "66991",
        "display": "Complicazioni non specificate del travaglio e del parto, parto, con o senza menzione delle manifestazioni antepartum"
      }, {
        "code": "66992",
        "display": "Complicazioni non specificate del travaglio e del parto, parto, con menzione delle complicazioni postpartum"
      }, {
        "code": "66993",
        "display": "Complicazioni non specificate del travaglio e del parto, condizione o complicazione antepartum"
      }, {
        "code": "66994",
        "display": "Complicazioni non specificate del travaglio e del parto, condizione o complicazione postpartum"
      } ]
    } ]
  }
}