{
  "resourceType": "ValueSet",
  "url": "http://hl7.org/fhir/sid/icd-9-cm-656",
  "version": "1.0",
  "name": "Diagnosi-Altri disturbi dei tessuti molli",
  "title": "Altri disturbi dei tessuti molli",
  "status": "active",
  "compose": {
    "include": [ {
      "system": "http://hl7.org/fhir/sid/icd-9-cm",
      "concept": [ {
        "code": "7290",
        "display": "Fibromialgia e reumatismi extrarticolari diffusi non specificati"
      }, {
        "code": "7291",
        "display": "Mialgia e miosite non specificate"
      }, {
        "code": "7292",
        "display": "Nevralgia, neurite e radicolite, non specificate"
      }, {
        "code": "7293",
        "display": "Pannicolite non specificata"
      }, {
        "code": "72930",
        "display": "Pannicolite, sede non specificata"
      }, {
        "code": "72931",
        "display": "Ipertrofia del corpo adiposo del ginocchio"
      }, {
        "code": "72939",
        "display": "Pannicolite di altre sedi"
      }, {
        "code": "7294",
        "display": "Fascite non specificata"
      }, {
        "code": "7295",
        "display": "Dolore degli arti"
      }, {
        "code": "7296",
        "display": "Corpo estraneo residuo nei tessuti molli"
      }, {
        "code": "7297",
        "display": "Sindrome compartimentale non traumatica"
      }, {
        "code": "72971",
        "display": "Sindrome compartimentale non traumatica delle estremita' superiori"
      }, {
        "code": "72972",
        "display": "Sindrome compartimentale non traumatica delle estremita' inferiori"
      }, {
        "code": "72973",
        "display": "Sindrome compartimentale non traumatica dell' addome"
      }, {
        "code": "72979",
        "display": "Sindrome compartimentale non traumatica di altre sedi"
      }, {
        "code": "7298",
        "display": "Altri sintomi relativi agli arti"
      }, {
        "code": "72981",
        "display": "Edema degli arti"
      }, {
        "code": "72982",
        "display": "Crampi degli arti"
      }, {
        "code": "72989",
        "display": "Altri sintomi degli arti"
      }, {
        "code": "7299",
        "display": "Altri e non specificati disturbi dei tessuti molli"
      } ]
    } ]
  }
}