{
  "resourceType": "ValueSet",
  "url": "http://hl7.org/fhir/sid/icd-9-cm-38",
  "version": "1.0",
  "name": "Diagnosi-Infezioni batteriche in manifestazioni morbose classificate altrove e di sede non specificata",
  "title": "Infezioni batteriche in manifestazioni morbose classificate altrove e di sede non specificata",
  "status": "active",
  "compose": {
    "include": [ {
      "system": "http://hl7.org/fhir/sid/icd-9-cm",
      "concept": [ {
        "code": "0410",
        "display": "Infezione streptococcica in manifestazioni morbose classificate altrove e di sede non specificata"
      }, {
        "code": "04100",
        "display": "Infezione streptococcica in manifestazioni morbose classificate altrove e di sede non specificata, Streptococco, non specificato"
      }, {
        "code": "04101",
        "display": "Infezione streptococcica in manifestazioni morbose classificate altrove e di sede non specificata, Streptococco, gruppo A"
      }, {
        "code": "04102",
        "display": "Infezione streptococcica in manifestazioni morbose classificate altrove e di sede non specificata, Streptococco, gruppo B"
      }, {
        "code": "04103",
        "display": "Infezione streptococcica in manifestazioni morbose classificate altrove e di sede non specificata, Streptococco, gruppo C"
      }, {
        "code": "04104",
        "display": "Infezione streptococcica in manifestazioni morbose classificate altrove e di sede non specificata, Streptococco, gruppo D"
      }, {
        "code": "04105",
        "display": "Infezione streptococcica in manifestazioni morbose classificate altrove e di sede non specificata, Streptococco, gruppo G"
      }, {
        "code": "04109",
        "display": "Infezione streptococcica in manifestazioni morbose classificate altrove e di sede non specificata, altri Streptococchi"
      }, {
        "code": "0411",
        "display": "Infezione stafilococcica in manifestazioni morbose classificate altrove e di sede non specificata"
      }, {
        "code": "04110",
        "display": "Infezione stafilococcica in manifestazioni morbose classificate altrove e di sede non specificata, Stafilococco, non specificato"
      }, {
        "code": "04111",
        "display": "Infezione stafilococcica in manifestazioni morbose classificate altrove e di sede non specificata, Stafilococco aureo"
      }, {
        "code": "04119",
        "display": "Infezione stafilococcica in manifestazioni morbose classificate altrove e di sede non specificata, altri Stafilococchi"
      }, {
        "code": "0412",
        "display": "Infezione pneumococcica in manifestazioni morbose classificate altrove e di sede non specificata"
      }, {
        "code": "0413",
        "display": "Infezione da bacillo di Friedlander in manifestazioni morbose classificate altrove e di sede non specificata"
      }, {
        "code": "0414",
        "display": "Infezione da Escherichia coli (E. coli) in manifestazioni morbose classificate altrove e di sede non specificata"
      }, {
        "code": "0415",
        "display": "Infezione Haemophilus influenzae (H. influenzae) in manifestazioni morbose classificate altrove e di sede non specificata"
      }, {
        "code": "0416",
        "display": "Infezione da Proteus (mirabilis) (morganii) in manifestazioni morbose classificate altrove e di sede non specificata"
      }, {
        "code": "0417",
        "display": "Infezione da Pseudomonas in manifestazioni morbose classificate altrove e di sede non specificata"
      }, {
        "code": "0418",
        "display": "Altre infezioni batteriche specificate in manifestazioni morbose classificate altrove e di sede non specificata"
      }, {
        "code": "04181",
        "display": "Altre infezioni batteriche specificate in manifestazioni morbose classificate altrove e di sede non specificata, Micoplasma"
      }, {
        "code": "04182",
        "display": "Altre infezioni batteriche specificate in manifestazioni morbose classificate altrove e di sede non specificata, Bacterioides fragilis"
      }, {
        "code": "04183",
        "display": "Altre infezioni batteriche specificate in manifestazioni morbose classificate altrove e di sede non specificata, Clostridium perfringens"
      }, {
        "code": "04184",
        "display": "Altre infezioni batteriche specificate in manifestazioni morbose classificate altrove e di sede non specificata, altri anaerobi"
      }, {
        "code": "04185",
        "display": "Altre infezioni batteriche specificate in manifestazioni morbose classificate altrove e di sede non specificata, altri organismi gram-negativi"
      }, {
        "code": "04186",
        "display": "Infezione da Helicobacter pylori (H. pylori)"
      }, {
        "code": "04189",
        "display": "Altre infezioni batteriche specificate in manifestazioni morbose classificate altrove e di sede non specificata, altri batteri specificati"
      }, {
        "code": "0419",
        "display": "Infezione batterica, non specificata, in manifestazioni morbose classificate altrove e di sede non specificata"
      } ]
    } ]
  }
}