{
  "resourceType": "ValueSet",
  "url": "http://hl7.org/fhir/sid/icd-9-cm-613",
  "version": "1.0",
  "name": "Diagnosi-Altri flemmoni e ascessi",
  "title": "Altri flemmoni e ascessi",
  "status": "active",
  "compose": {
    "include": [ {
      "system": "http://hl7.org/fhir/sid/icd-9-cm",
      "concept": [ {
        "code": "6820",
        "display": "Altri flemmoni e ascessi della faccia"
      }, {
        "code": "6821",
        "display": "Altri flemmoni e ascessi del collo"
      }, {
        "code": "6822",
        "display": "Altri flemmoni e ascessi Tronco"
      }, {
        "code": "6823",
        "display": "Altri flemmoni e ascessi, braccio e avambraccio"
      }, {
        "code": "6824",
        "display": "Altri flemmoni e ascessi, mano eccetto le dita e il pollice"
      }, {
        "code": "6825",
        "display": "Altri flemmoni e ascessi dei glutei"
      }, {
        "code": "6826",
        "display": "Altri flemmoni e ascessi, arto inferiore eccetto il piede"
      }, {
        "code": "6827",
        "display": "Altri flemmoni e ascessi del piede eccetto le dita"
      }, {
        "code": "6828",
        "display": "Altri flemmoni e ascessi di altre sedi specificate"
      }, {
        "code": "6829",
        "display": "Altri flemmoni e ascessi sedi non specificate"
      } ]
    } ]
  }
}