{
  "resourceType": "ValueSet",
  "url": "http://hl7.org/fhir/sid/icd-9-cm-617",
  "version": "1.0",
  "name": "Diagnosi-Altre infezioni localizzate della cute e del tessuto sottocutaneo",
  "title": "Altre infezioni localizzate della cute e del tessuto sottocutaneo",
  "status": "active",
  "compose": {
    "include": [ {
      "system": "http://hl7.org/fhir/sid/icd-9-cm",
      "concept": [ {
        "code": "6860",
        "display": "Pioderma"
      }, {
        "code": "68600",
        "display": "Pioderma, non specificato"
      }, {
        "code": "68601",
        "display": "Pioderma gangrenoso"
      }, {
        "code": "68609",
        "display": "Altro pioderma"
      }, {
        "code": "6861",
        "display": "Granuloma piogenico"
      }, {
        "code": "6868",
        "display": "Altre infezioni localizzate specificate della cute e del tessuto sottocutaneo"
      }, {
        "code": "6869",
        "display": "Infezioni localizzate non specificate della cute e del tessuto sottocutaneo"
      } ]
    } ]
  }
}