{
  "resourceType": "ValueSet",
  "url": "http://hl7.org/fhir/sid/icd-9-cm-241",
  "version": "1.0",
  "name": "Diagnosi-Altre carenze della nutrizione",
  "title": "Altre carenze della nutrizione",
  "status": "active",
  "compose": {
    "include": [ {
      "system": "http://hl7.org/fhir/sid/icd-9-cm",
      "concept": [ {
        "code": "2690",
        "display": "Carenza di vitamina K"
      }, {
        "code": "2691",
        "display": "Carenza di altre vitamine"
      }, {
        "code": "2692",
        "display": "Carenza vitaminica non specificata"
      }, {
        "code": "2693",
        "display": "Carenza di minerali, non classificata altrove"
      }, {
        "code": "2698",
        "display": "Altre carenze della nutrizione"
      }, {
        "code": "2699",
        "display": "Carenze nutrizionali non specificate"
      } ]
    } ]
  }
}