{
  "resourceType": "ValueSet",
  "url": "http://hl7.org/fhir/sid/icd-9-cm-702",
  "version": "1.0",
  "name": "Diagnosi-Disturbi endocrini e metabolici specifici del feto e del neonato",
  "title": "Disturbi endocrini e metabolici specifici del feto e del neonato",
  "status": "active",
  "compose": {
    "include": [ {
      "system": "http://hl7.org/fhir/sid/icd-9-cm",
      "concept": [ {
        "code": "7750",
        "display": "Sindrome del neonato di madre diabetica"
      }, {
        "code": "7751",
        "display": "Diabete mellito neonatale"
      }, {
        "code": "7752",
        "display": "Miastenia grave neonatale"
      }, {
        "code": "7753",
        "display": "Tireotossicosi neonatale"
      }, {
        "code": "7754",
        "display": "Ipocalcemia e ipomagnesemia neonatali"
      }, {
        "code": "7755",
        "display": "Altri disturbi elettrolitici transitori del neonato"
      }, {
        "code": "7756",
        "display": "Ipoglicemia neonatale"
      }, {
        "code": "7757",
        "display": "Acidosi metabolica tardiva del neonato"
      }, {
        "code": "7758",
        "display": "Altri disturbi endocrini e metabolici del neonato"
      }, {
        "code": "77581",
        "display": "Altra tipologia di acidosi del neonato"
      }, {
        "code": "77589",
        "display": "Disordini del metabolismo aminoacidico descritti come transitori"
      }, {
        "code": "7759",
        "display": "Disturbi endocrini e metabolici non specificati, del feto e del neonato"
      } ]
    } ]
  }
}