{
  "resourceType": "ValueSet",
  "url": "http://hl7.org/fhir/sid/icd-9-cm-406",
  "version": "1.0",
  "name": "Diagnosi-Altri disturbi delle arterie e delle arteriole",
  "title": "Altri disturbi delle arterie e delle arteriole",
  "status": "active",
  "compose": {
    "include": [ {
      "system": "http://hl7.org/fhir/sid/icd-9-cm",
      "concept": [ {
        "code": "4470",
        "display": "Fistola arterovenosa acquisita"
      }, {
        "code": "4471",
        "display": "Stenosi di arterie"
      }, {
        "code": "4472",
        "display": "Rottura di arterie"
      }, {
        "code": "4473",
        "display": "Iperplasia dell' arteria renale"
      }, {
        "code": "4474",
        "display": "Sindrome di compressione dell' arteria celiaca"
      }, {
        "code": "4475",
        "display": "Necrosi di arterie"
      }, {
        "code": "4476",
        "display": "Arterite non specificata"
      }, {
        "code": "4478",
        "display": "Altri disturbi specificati delle arterie e delle arteriole"
      }, {
        "code": "4479",
        "display": "Disturbi non specificati delle arterie e delle arteriole"
      } ]
    } ]
  }
}