{
  "resourceType": "ValueSet",
  "url": "http://hl7.org/fhir/sid/icd-9-cm-510",
  "version": "1.0",
  "name": "Diagnosi-Colelitiasi",
  "title": "Colelitiasi",
  "status": "active",
  "compose": {
    "include": [ {
      "system": "http://hl7.org/fhir/sid/icd-9-cm",
      "concept": [ {
        "code": "5740",
        "display": "Calcolosi della colecisti con colecistite acuta"
      }, {
        "code": "57400",
        "display": "Calcolosi della colecisti con colecistite acuta, senza menzione di ostruzione"
      }, {
        "code": "57401",
        "display": "Calcolosi della colecisti con colecistite acuta, con ostruzione"
      }, {
        "code": "5741",
        "display": "Calcolosi della colecisti con altra colecistite"
      }, {
        "code": "57410",
        "display": "Calcolosi della colecisti con altra colecistite, senza menzione di ostruzione"
      }, {
        "code": "57411",
        "display": "Calcolosi della colecisti con altra colecistite, con ostruzione"
      }, {
        "code": "5742",
        "display": "Calcolosi della colecisti senza menzione di colecistite"
      }, {
        "code": "57420",
        "display": "Calcolosi della colecisti senza menzione di colecistite, senza menzione di ostruzione"
      }, {
        "code": "57421",
        "display": "Calcolosi della colecisti senza menzione di colecistite, con ostruzione"
      }, {
        "code": "5743",
        "display": "Calcolosi del dotto biliare con colecistite acuta"
      }, {
        "code": "57430",
        "display": "Calcolosi del dotto biliare con colecistite acuta, senza menzione di ostruzione"
      }, {
        "code": "57431",
        "display": "Calcolosi del dotto biliare con colecistite acuta, con ostruzione"
      }, {
        "code": "5744",
        "display": "Calcolosi del dotto biliare con altra colecistite"
      }, {
        "code": "57440",
        "display": "Calcolosi del dotto biliare con altra colecistite, senza menzione di ostruzione"
      }, {
        "code": "57441",
        "display": "Calcolosi del dotto biliare con altra colecistite, con ostruzione"
      }, {
        "code": "5745",
        "display": "Calcolosi del dotto biliare senza menzione di colecistite"
      }, {
        "code": "57450",
        "display": "Calcolosi del dotto biliare senza menzione di colecistite, senza menzione di ostruzione"
      }, {
        "code": "57451",
        "display": "Calcolosi del dotto biliare senza menzione di colecistite, con ostruzione"
      }, {
        "code": "5746",
        "display": "Calcolosi della colecisti e del dotto biliare, con colecistite acuta"
      }, {
        "code": "57460",
        "display": "Calcolosi della colecisti e del dotto biliare, con colecistite acuta, senza menzione di ostruzione"
      }, {
        "code": "57461",
        "display": "Calcolosi della colecisti e del dotto biliare, con colecistite acuta, con ostruzione"
      }, {
        "code": "5747",
        "display": "Calcolosi della colecisti e del dotto biliare, con altre forme di colecistite"
      }, {
        "code": "57470",
        "display": "Calcolosi della colecisti e del dotto biliare, con altre forme di colecistite, senza menzione di ostruzione"
      }, {
        "code": "57471",
        "display": "Calcolosi della colecisti e del dotto biliare, con altre forme di colecistite, con ostruzione"
      }, {
        "code": "5748",
        "display": "Calcolosi della colecisti e del dotto biliare, con colecistite acuta e cronica"
      }, {
        "code": "57480",
        "display": "Calcolosi della colecisti e del dotto biliare, con colecistite acuta e cronica, senza menzione di ostruzione"
      }, {
        "code": "57481",
        "display": "Calcolosi della colecisti e del dotto biliare, con colecistite acuta e cronica, con ostruzione"
      }, {
        "code": "5749",
        "display": "Calcolosi della colecisti e del dotto biliare, senza colecistite"
      }, {
        "code": "57490",
        "display": "Calcolosi della colecisti e del dotto biliare, senza colecistite, senza menzione di ostruzione"
      }, {
        "code": "57491",
        "display": "Calcolosi della colecisti e del dotto biliare, senza colecistite, con ostruzione"
      } ]
    } ]
  }
}