{
  "resourceType": "ValueSet",
  "url": "http://hl7.org/fhir/sid/icd-9-cm-77",
  "version": "1.0",
  "name": "Diagnosi-Febbre ricorrente",
  "title": "Febbre ricorrente",
  "status": "active",
  "compose": {
    "include": [ {
      "system": "http://hl7.org/fhir/sid/icd-9-cm",
      "concept": [ {
        "code": "0870",
        "display": "Febbre ricorrente da pidocchi"
      }, {
        "code": "0871",
        "display": "Febbre ricorrente da zecche"
      }, {
        "code": "0879",
        "display": "Febbre ricorrente non specificata"
      } ]
    } ]
  }
}