{
  "resourceType": "ValueSet",
  "url": "http://hl7.org/fhir/sid/icd-9-cm-978",
  "version": "1.0",
  "name": "Diagnosi-Indisponibilita' di altri servizi medici",
  "title": "Indisponibilita' di altri servizi medici",
  "status": "active",
  "compose": {
    "include": [ {
      "system": "http://hl7.org/fhir/sid/icd-9-cm",
      "concept": [ {
        "code": "V630",
        "display": "Abitazione distante da ospedali o altri servizi medici"
      }, {
        "code": "V631",
        "display": "Servizi medici a domicilio non disponibili"
      }, {
        "code": "V632",
        "display": "Persona in attesa di ricovero in altro istituto piu' adeguato"
      }, {
        "code": "V638",
        "display": "Altri motivi specificati di indisponibilita' di servizi medici"
      }, {
        "code": "V639",
        "display": "Motivo non specificato di indisponibilita' di servizi medici"
      } ]
    } ]
  }
}