{
  "resourceType": "ValueSet",
  "url": "http://hl7.org/fhir/sid/icd-9-cm-734",
  "version": "1.0",
  "name": "Diagnosi-Frattura delle costola(e), dello sterno, della laringe e della trachea",
  "title": "Frattura delle costola(e), dello sterno, della laringe e della trachea",
  "status": "active",
  "compose": {
    "include": [ {
      "system": "http://hl7.org/fhir/sid/icd-9-cm",
      "concept": [ {
        "code": "8070",
        "display": "Frattura chiusa delle costola(e)"
      }, {
        "code": "80700",
        "display": "Frattura chiusa di costola(e), numero non specificato"
      }, {
        "code": "80701",
        "display": "Frattura chiusa di una costola"
      }, {
        "code": "80702",
        "display": "Frattura chiusa di due costole"
      }, {
        "code": "80703",
        "display": "Frattura chiusa di tre costole"
      }, {
        "code": "80704",
        "display": "Frattura chiusa di quattro costole"
      }, {
        "code": "80705",
        "display": "Frattura chiusa di cinque costole"
      }, {
        "code": "80706",
        "display": "Frattura chiusa di sei costole"
      }, {
        "code": "80707",
        "display": "Frattura chiusa di sette costole"
      }, {
        "code": "80708",
        "display": "Frattura chiusa di otto o piu' costole"
      }, {
        "code": "80709",
        "display": "Frattura chiusa di piu' costole, numero non specificato"
      }, {
        "code": "8071",
        "display": "Frattura esposta delle costola(e)"
      }, {
        "code": "80710",
        "display": "Frattura esposta di costola(e), numero non specificato"
      }, {
        "code": "80711",
        "display": "Frattura esposta di una costola"
      }, {
        "code": "80712",
        "display": "Frattura esposta di due costole"
      }, {
        "code": "80713",
        "display": "Frattura esposta di tre costole"
      }, {
        "code": "80714",
        "display": "Frattura esposta di quattro costole"
      }, {
        "code": "80715",
        "display": "Frattura esposta di cinque costole"
      }, {
        "code": "80716",
        "display": "Frattura esposta di sei costole"
      }, {
        "code": "80717",
        "display": "Frattura esposta di sette costole"
      }, {
        "code": "80718",
        "display": "Frattura esposta di otto o piu' costole"
      }, {
        "code": "80719",
        "display": "Frattura esposta di piu' costole, numero non specificato"
      }, {
        "code": "8072",
        "display": "Frattura chiusa dello sterno"
      }, {
        "code": "8073",
        "display": "Frattura esposta dello sterno"
      }, {
        "code": "8074",
        "display": "Torace con respirazione paradossa"
      }, {
        "code": "8075",
        "display": "Frattura chiusa di laringe e trachea"
      }, {
        "code": "8076",
        "display": "Frattura esposta di laringe e trachea"
      } ]
    } ]
  }
}