{
  "resourceType": "ValueSet",
  "url": "http://hl7.org/fhir/sid/icd-9-cm-115",
  "version": "1.0",
  "name": "Diagnosi-Acariasi",
  "title": "Acariasi",
  "status": "active",
  "compose": {
    "include": [ {
      "system": "http://hl7.org/fhir/sid/icd-9-cm",
      "concept": [ {
        "code": "1330",
        "display": "Scabbia"
      }, {
        "code": "1338",
        "display": "Altre acariasi"
      }, {
        "code": "1339",
        "display": "Acariasi, non specificata"
      } ]
    } ]
  }
}