{
  "resourceType": "ValueSet",
  "url": "http://hl7.org/fhir/sid/icd-9-cm-400",
  "version": "1.0",
  "name": "Diagnosi-Aneurisma dell' aorta e dissezione",
  "title": "Aneurisma dell' aorta e dissezione",
  "status": "active",
  "compose": {
    "include": [ {
      "system": "http://hl7.org/fhir/sid/icd-9-cm",
      "concept": [ {
        "code": "4410",
        "display": "Dissezione dell' aorta"
      }, {
        "code": "44100",
        "display": "Dissezione dell' aorta di sede non specificata"
      }, {
        "code": "44101",
        "display": "Dissezione dell' aorta, toracica"
      }, {
        "code": "44102",
        "display": "Dissezione dell' aorta, addominale"
      }, {
        "code": "44103",
        "display": "Dissezione dell' aorta toracoaddominale"
      }, {
        "code": "4411",
        "display": "Rottura di aneurisma toracico"
      }, {
        "code": "4412",
        "display": "Aneurisma toracico senza menzione di rottura"
      }, {
        "code": "4413",
        "display": "Rottura di aneurisma addominale"
      }, {
        "code": "4414",
        "display": "Aneurisma addominale senza menzione di rottura"
      }, {
        "code": "4415",
        "display": "Rottura di aneurisma aortico, di sede non specificata"
      }, {
        "code": "4416",
        "display": "Rottura di aneurisma toracoaddominale"
      }, {
        "code": "4417",
        "display": "Aneurisma toracoaddominale senza menzione di rottura"
      }, {
        "code": "4419",
        "display": "Aneurisma aortico di sede non specificata, senza menzione di rottura"
      } ]
    } ]
  }
}