{
  "resourceType": "ValueSet",
  "url": "http://hl7.org/fhir/sid/icd-9-cm-856",
  "version": "1.0",
  "name": "Diagnosi-Corpo estraneo nelle vie genitourinarie",
  "title": "Corpo estraneo nelle vie genitourinarie",
  "status": "active",
  "compose": {
    "include": [ {
      "system": "http://hl7.org/fhir/sid/icd-9-cm",
      "concept": [ {
        "code": "9390",
        "display": "Corpo estraneo in vescica e uretra"
      }, {
        "code": "9391",
        "display": "Corpo estraneo nell'utero, ogni parte"
      }, {
        "code": "9392",
        "display": "Corpo estraneo in vulva e vagina"
      }, {
        "code": "9393",
        "display": "Corpo estraneo nel pene"
      }, {
        "code": "9399",
        "display": "Corpo estraneo in sito non specificato"
      } ]
    } ]
  }
}