{
  "resourceType": "ValueSet",
  "url": "http://hl7.org/fhir/sid/icd-9-cm-392",
  "version": "1.0",
  "name": "Diagnosi-Altre e non specificate emorragie intracraniche",
  "title": "Altre e non specificate emorragie intracraniche",
  "status": "active",
  "compose": {
    "include": [ {
      "system": "http://hl7.org/fhir/sid/icd-9-cm",
      "concept": [ {
        "code": "4320",
        "display": "Emorragia extradurale non traumatica"
      }, {
        "code": "4321",
        "display": "Emorragia subdurale"
      }, {
        "code": "4329",
        "display": "Emorragia intracranica non specificata"
      } ]
    } ]
  }
}