{
  "resourceType": "ValueSet",
  "url": "http://hl7.org/fhir/sid/icd-9-cm-334",
  "version": "1.0",
  "name": "Diagnosi-Glaucoma",
  "title": "Glaucoma",
  "status": "active",
  "compose": {
    "include": [ {
      "system": "http://hl7.org/fhir/sid/icd-9-cm",
      "concept": [ {
        "code": "3650",
        "display": "Glaucoma borderline (glaucoma sospetto)"
      }, {
        "code": "36500",
        "display": "Preglaucoma, non specificato"
      }, {
        "code": "36501",
        "display": "Glaucoma ad angolo aperto con parametri borderline"
      }, {
        "code": "36502",
        "display": "Glaucoma ad angolo anatomico stretto"
      }, {
        "code": "36503",
        "display": "Glaucoma rispondente al cortisone"
      }, {
        "code": "36504",
        "display": "Ipertensione oculare"
      }, {
        "code": "3651",
        "display": "Glaucoma ad angolo aperto"
      }, {
        "code": "36510",
        "display": "Glaucoma ad angolo aperto, non specificato"
      }, {
        "code": "36511",
        "display": "Glaucoma primario ad angolo aperto"
      }, {
        "code": "36512",
        "display": "Glaucoma a bassa pressione"
      }, {
        "code": "36513",
        "display": "Glaucoma pigmentario"
      }, {
        "code": "36514",
        "display": "Glaucoma dell' infanzia"
      }, {
        "code": "36515",
        "display": "Stadio terminale del glaucoma ad angolo aperto"
      }, {
        "code": "3652",
        "display": "Glaucoma primario ad angolo chiuso"
      }, {
        "code": "36520",
        "display": "Glaucoma primario ad angolo chiuso, non specificato"
      }, {
        "code": "36521",
        "display": "Glaucoma ad intermittente chiusura d'angolo"
      }, {
        "code": "36522",
        "display": "Glaucoma acuto ad angolo chiuso"
      }, {
        "code": "36523",
        "display": "Glaucoma cronico ad angolo chiuso"
      }, {
        "code": "36524",
        "display": "Stadio terminale del glaucoma ad angolo chiuso"
      }, {
        "code": "3653",
        "display": "Glaucoma da corticosteroidi"
      }, {
        "code": "36531",
        "display": "Glaucoma da corticosteroidi, stadio glaucomatoso"
      }, {
        "code": "36532",
        "display": "Glaucoma da corticosteroidi, stadio residuo"
      }, {
        "code": "3654",
        "display": "Glaucoma associato ad anomalie congenite, distrofie e sindromi sistemiche"
      }, {
        "code": "36541",
        "display": "Glaucoma associato ad anomalie della camera anteriore"
      }, {
        "code": "36542",
        "display": "Glaucoma associato ad anomalie dell' iride"
      }, {
        "code": "36543",
        "display": "Glaucoma associato ad altre anomalie del segmento anteriore"
      }, {
        "code": "36544",
        "display": "Glaucoma associato a sindromi sistemiche"
      }, {
        "code": "3655",
        "display": "Glaucoma associato ad alterazioni del cristallino"
      }, {
        "code": "36551",
        "display": "Glaucoma facolitico"
      }, {
        "code": "36552",
        "display": "Glaucoma pseudoesfoliativo"
      }, {
        "code": "36559",
        "display": "Glaucoma associato ad altre alterazioni del cristallino"
      }, {
        "code": "3656",
        "display": "Glaucoma associato ad altre affezioni oculari"
      }, {
        "code": "36560",
        "display": "Glaucoma associato ad affezione oculare non specificata"
      }, {
        "code": "36561",
        "display": "Glaucoma associato a blocco pupillare"
      }, {
        "code": "36562",
        "display": "Glaucoma associato ad infiammazioni oculari"
      }, {
        "code": "36563",
        "display": "Glaucoma associato ad affezioni vascolari"
      }, {
        "code": "36564",
        "display": "Glaucoma associato a tumori o cisti"
      }, {
        "code": "36565",
        "display": "Glaucoma associato a traumi oculari"
      }, {
        "code": "3658",
        "display": "Altre forme specificate di glaucoma"
      }, {
        "code": "36581",
        "display": "Glaucoma ipersecretivo"
      }, {
        "code": "36582",
        "display": "Glaucoma da aumento della pressione venosa episclerale"
      }, {
        "code": "36583",
        "display": "Misdirezione dell' acqueo"
      }, {
        "code": "36589",
        "display": "Altri glaucomi specificati"
      }, {
        "code": "3659",
        "display": "Glaucoma non specificato"
      } ]
    } ]
  }
}