{
  "resourceType": "ValueSet",
  "url": "http://hl7.org/fhir/sid/icd-9-cm-642",
  "version": "1.0",
  "name": "Diagnosi-Artrosi",
  "title": "Artrosi",
  "status": "active",
  "compose": {
    "include": [ {
      "system": "http://hl7.org/fhir/sid/icd-9-cm",
      "concept": [ {
        "code": "7150",
        "display": "Artrosi generalizzata"
      }, {
        "code": "71500",
        "display": "Artrosi generalizzata, sedi non specificate"
      }, {
        "code": "71504",
        "display": "Artrosi generalizzata, interessamento preminente del carpo, metacarpo ed articolazioni interfalangee della mano"
      }, {
        "code": "71509",
        "display": "Artrosi generalizzata, sedi multiple"
      }, {
        "code": "7151",
        "display": "Artrosi localizzata, primaria"
      }, {
        "code": "71510",
        "display": "Artrosi localizzata primaria, sede non specificata"
      }, {
        "code": "71511",
        "display": "Artrosi localizzata primaria, spalla"
      }, {
        "code": "71512",
        "display": "Artrosi localizzata primaria, gomito"
      }, {
        "code": "71513",
        "display": "Artrosi localizzata primaria, polso"
      }, {
        "code": "71514",
        "display": "Artrosi localizzata primaria, carpo, metacarpo ed articolazioni interfalangee della mano"
      }, {
        "code": "71515",
        "display": "Artrosi localizzata primaria, anca"
      }, {
        "code": "71516",
        "display": "Artrosi localizzata primaria, ginocchio"
      }, {
        "code": "71517",
        "display": "Artrosi localizzata primaria, tibio-tarsica ed articolazioni del piede"
      }, {
        "code": "71518",
        "display": "Artrosi localizzata primaria, altre sedi specificate"
      }, {
        "code": "7152",
        "display": "Artrosi localizzata, secondaria"
      }, {
        "code": "71520",
        "display": "Artrosi localizzata secondaria, sede non specificata"
      }, {
        "code": "71521",
        "display": "Artrosi localizzata secondaria, spalla"
      }, {
        "code": "71522",
        "display": "Artrosi localizzata secondaria, gomito"
      }, {
        "code": "71523",
        "display": "Artrosi localizzata secondaria, polso"
      }, {
        "code": "71524",
        "display": "Artrosi localizzata secondaria, carpo, metacarpo ed articolazioni interfalangee della mano"
      }, {
        "code": "71525",
        "display": "Artrosi localizzata secondaria, anca"
      }, {
        "code": "71526",
        "display": "Artrosi localizzata secondaria, ginocchio"
      }, {
        "code": "71527",
        "display": "Artrosi localizzata secondaria, tibio-tarsica ed articolazioni del piede"
      }, {
        "code": "71528",
        "display": "Artrosi localizzata secondaria, altre sedi specificate"
      }, {
        "code": "7153",
        "display": "Artrosi localizzata, non specificata se primaria o secondaria"
      }, {
        "code": "71530",
        "display": "Artrosi localizzata, non specificata se primaria o secondaria, sede non specificata"
      }, {
        "code": "71531",
        "display": "Artrosi localizzata, non specificata se primaria o secondaria, spalla"
      }, {
        "code": "71532",
        "display": "Artrosi localizzata, non specificata se primaria o secondaria, gomito"
      }, {
        "code": "71533",
        "display": "Artrosi localizzata, non specificata se primaria o secondaria, polso"
      }, {
        "code": "71534",
        "display": "Artrosi localizzata, non specificata se primaria o secondaria, carpo, metacarpo ed articolazioni interfalangee della mano"
      }, {
        "code": "71535",
        "display": "Artrosi localizzata, non specificata se primaria o secondaria, anca"
      }, {
        "code": "71536",
        "display": "Artrosi localizzata, non specificata se primaria o secondaria, ginocchio"
      }, {
        "code": "71537",
        "display": "Artrosi localizzata, non specificata se primaria o secondaria, tibio-tarsica ed articolazioni del piede"
      }, {
        "code": "71538",
        "display": "Artrosi localizzata, non specificata se primaria o secondaria, altre sedi specificate"
      }, {
        "code": "7158",
        "display": "Artrosi con interessamento di piu' di una sede, non specificata se generalizzata"
      }, {
        "code": "71580",
        "display": "Artrosi con interessamento di piu' di una sede (non specificate), non generalizzata"
      }, {
        "code": "71589",
        "display": "Artrosi a sedi multiple non specificata se generalizzata"
      }, {
        "code": "7159",
        "display": "Artrosi non specificata se generalizzata o localizzata"
      }, {
        "code": "71590",
        "display": "Artrosi non specificata se generalizzata o localizzata, sede non specificata"
      }, {
        "code": "71591",
        "display": "Artrosi non specificata se generalizzata o localizzata, spalla"
      }, {
        "code": "71592",
        "display": "Artrosi non specificata se generalizzata o localizzata, gomito"
      }, {
        "code": "71593",
        "display": "Artrosi non specificata se generalizzata o localizzata, polso"
      }, {
        "code": "71594",
        "display": "Artrosi non specificata se generalizzata o localizzata, carpo, metacarpo ed articolazioni interfalangee della mano"
      }, {
        "code": "71595",
        "display": "Artrosi non specificata se generalizzata o localizzata, anca"
      }, {
        "code": "71596",
        "display": "Artrosi non specificata se generalizzata o localizzata, ginocchio"
      }, {
        "code": "71597",
        "display": "Artrosi non specificata se generalizzata o localizzata, tibio-tarsica ed articolazioni del piede"
      }, {
        "code": "71598",
        "display": "Artrosi non specificata se generalizzata o localizzata, altre sedi specificate"
      } ]
    } ]
  }
}