{
  "resourceType": "ValueSet",
  "url": "http://hl7.org/fhir/sid/icd-9-cm-490",
  "version": "1.0",
  "name": "Diagnosi-Ernia inguinale",
  "title": "Ernia inguinale",
  "status": "active",
  "compose": {
    "include": [ {
      "system": "http://hl7.org/fhir/sid/icd-9-cm",
      "concept": [ {
        "code": "5500",
        "display": "Ernia inguinale, con gangrena"
      }, {
        "code": "55000",
        "display": "Ernia inguinale monolaterale o non specificata, con gangrena"
      }, {
        "code": "55001",
        "display": "Ernia inguinale monolaterale o non specificata, ricorrente, con gangrena"
      }, {
        "code": "55002",
        "display": "Ernia inguinale bilaterale, con gangrena"
      }, {
        "code": "55003",
        "display": "Ernia inguinale bilaterale, ricorrente, con gangrena"
      }, {
        "code": "5501",
        "display": "Ernia inguinale, con ostruzione, senza menzione di gangrena"
      }, {
        "code": "55010",
        "display": "Ernia inguinale monolaterale o non specificata, con ostruzione, senza menzione di gangrena"
      }, {
        "code": "55011",
        "display": "Ernia inguinale monolaterale o non specificata, ricorrente, con ostruzione, senza menzione di gangrena"
      }, {
        "code": "55012",
        "display": "Ernia inguinale bilaterale, con ostruzione, senza menzione di gangrena"
      }, {
        "code": "55013",
        "display": "Ernia inguinale bilaterale, ricorrente, con ostruzione, senza menzione di gangrena"
      }, {
        "code": "5509",
        "display": "Ernia inguinale senza menzione di ostruzione o gangrena"
      }, {
        "code": "55090",
        "display": "Ernia inguinale monolaterale o non specificata, senza menzione di ostruzione o gangrena"
      }, {
        "code": "55091",
        "display": "Ernia inguinale monolaterale o non specificata, ricorrente, senza menzione di ostruzione o gangrena"
      }, {
        "code": "55092",
        "display": "Ernia inguinale bilaterale, senza menzione di ostruzione o gangrena"
      }, {
        "code": "55093",
        "display": "Ernia inguinale bilaterale, ricorrente, senza menzione di ostruzione o gangrena"
      } ]
    } ]
  }
}