{
  "resourceType": "ValueSet",
  "url": "http://hl7.org/fhir/sid/icd-9-cm-816",
  "version": "1.0",
  "name": "Diagnosi-Amputazione traumatica della gamba (completa) (parziale)",
  "title": "Amputazione traumatica della gamba (completa) (parziale)",
  "status": "active",
  "compose": {
    "include": [ {
      "system": "http://hl7.org/fhir/sid/icd-9-cm",
      "concept": [ {
        "code": "8970",
        "display": "Amputazione traumatica della gamba (completa) (parziale) unilaterale, sotto il ginocchio, senza menzione di complicazioni"
      }, {
        "code": "8971",
        "display": "Amputazione traumatica della gamba (completa) (parziale) unilaterale, sotto il ginocchio, con complicazioni"
      }, {
        "code": "8972",
        "display": "Amputazione traumatica della gamba (completa) (parziale) unilaterale, al ginocchio o sopra, senza menzione di complicazioni"
      }, {
        "code": "8973",
        "display": "Amputazione traumatica della gamba (completa) (parziale) unilaterale, al ginocchio o sopra, con complicazioni"
      }, {
        "code": "8974",
        "display": "Amputazione traumatica della gamba (completa) (parziale) unilaterale, altezza non specificata, senza menzione di complicazioni"
      }, {
        "code": "8975",
        "display": "Amputazione traumatica della gamba (completa) (parziale) unilaterale, altezza non specificata, con complicazioni"
      }, {
        "code": "8976",
        "display": "Amputazione traumatica della gamba (completa) (parziale) bilaterale, [ogni altezza], senza menzione di complicazioni"
      }, {
        "code": "8977",
        "display": "Amputazione traumatica della gamba (completa) (parziale) bilaterale, [ogni altezza], con complicazioni"
      } ]
    } ]
  }
}