{
  "resourceType": "ValueSet",
  "url": "http://hl7.org/fhir/sid/icd-9-cm-587",
  "version": "1.0",
  "name": "Diagnosi-Anomalie degli organi e dei tessuti molli della pelvi",
  "title": "Anomalie degli organi e dei tessuti molli della pelvi",
  "status": "active",
  "compose": {
    "include": [ {
      "system": "http://hl7.org/fhir/sid/icd-9-cm",
      "concept": [ {
        "code": "6540",
        "display": "Anomalie congenite dell' utero"
      }, {
        "code": "65400",
        "display": "Anomalie congenite dell' utero, ricovero non specificato"
      }, {
        "code": "65401",
        "display": "Anomalie congenite dell' utero, parto, con o senza menzione della condizione antepartum"
      }, {
        "code": "65402",
        "display": "Anomalie congenite dell' utero, parto, con menzione delle complicazioni postpartum"
      }, {
        "code": "65403",
        "display": "Anomalie congenite dell' utero, condizione o complicazione antepartum"
      }, {
        "code": "65404",
        "display": "Anomalie congenite dell' utero, condizione o complicazione postpartum"
      }, {
        "code": "6541",
        "display": "Tumori del corpo dell' utero"
      }, {
        "code": "65410",
        "display": "Tumori del corpo dell' utero, ricovero non specificato"
      }, {
        "code": "65411",
        "display": "Tumori del corpo dell' utero, parto, con o senza menzione della condizione antepartum"
      }, {
        "code": "65412",
        "display": "Tumori del corpo dell' utero, parto, con menzione delle complicazioni postpartum"
      }, {
        "code": "65413",
        "display": "Tumori del corpo dell' utero, condizione o complicazione antepartum"
      }, {
        "code": "65414",
        "display": "Tumori del corpo dell' utero, condizione o complicazione postpartum"
      }, {
        "code": "6542",
        "display": "Pregresso parto cesareo complicante la gravidanza, il parto e il puerperio"
      }, {
        "code": "65420",
        "display": "Pregresso parto cesareo complicante la gravidanza, il parto e il puerperio, ricovero non specificato"
      }, {
        "code": "65421",
        "display": "Pregresso parto cesareo complicante la gravidanza, il parto e il puerperio, parto, con o senza menzione della condizione antepartum"
      }, {
        "code": "65423",
        "display": "Pregresso parto cesareo complicante la gravidanza, il parto e il puerperio, condizione o complicazione antepartum"
      }, {
        "code": "6543",
        "display": "Utero gravido invertito e incarcerato"
      }, {
        "code": "65430",
        "display": "Utero gravido invertito e incarcerato, ricovero non specificato"
      }, {
        "code": "65431",
        "display": "Utero gravido invertito e incarcerato, parto, con o senza menzione della condizione antepartum"
      }, {
        "code": "65432",
        "display": "Utero gravido invertito e incarcerato, parto, con menzione delle complicazioni postpartum"
      }, {
        "code": "65433",
        "display": "Utero gravido invertito e incarcerato, condizione o complicazione antepartum"
      }, {
        "code": "65434",
        "display": "Utero gravido invertito e incarcerato, condizione o complicazione postpartum"
      }, {
        "code": "6544",
        "display": "Altre anomalie di forma o di posizione dell' utero gravido e delle strutture vicine"
      }, {
        "code": "65440",
        "display": "Altre anomalie di forma o di posizione dell' utero gravido e delle strutture vicine, ricovero non specificato"
      }, {
        "code": "65441",
        "display": "Altre anomalie di forma o di posizione dell' utero gravido e delle strutture vicine, parto, con o senza menzione della condizione antepartum"
      }, {
        "code": "65442",
        "display": "Altre anomalie di forma o di posizione dell' utero gravido e delle strutture vicine, parto, con menzione delle complicazioni postpartum"
      }, {
        "code": "65443",
        "display": "Altre anomalie di forma o di posizione dell' utero gravido e delle strutture vicine, condizione o complicazione antepartum"
      }, {
        "code": "65444",
        "display": "Altre anomalie di forma o di posizione dell' utero gravido e delle strutture vicine, condizione o complicazione postpartum"
      }, {
        "code": "6545",
        "display": "Incontinenza cervicale"
      }, {
        "code": "65450",
        "display": "Incontinenza cervicale, ricovero non specificato"
      }, {
        "code": "65451",
        "display": "Incontinenza cervicale, parto, con o senza menzione della condizione antepartum"
      }, {
        "code": "65452",
        "display": "Incontinenza cervicale, parto, con menzione delle complicazioni postpartum"
      }, {
        "code": "65453",
        "display": "Incontinenza cervicale, condizione o complicazione antepartum"
      }, {
        "code": "65454",
        "display": "Incontinenza cervicale, condizione o complicazione postpartum"
      }, {
        "code": "6546",
        "display": "Altre anomalie cervicali congenite o acquisite"
      }, {
        "code": "65460",
        "display": "Altre anomalie cervicali congenite o acquisite, ricovero non specificato"
      }, {
        "code": "65461",
        "display": "Altre anomalie cervicali congenite o acquisite, parto, con o senza menzione della condizione antepartum"
      }, {
        "code": "65462",
        "display": "Altre anomalie cervicali congenite o acquisite, parto, con menzione delle complicazioni postpartum"
      }, {
        "code": "65463",
        "display": "Altre anomalie cervicali congenite o acquisite, condizione o complicazione antepartum"
      }, {
        "code": "65464",
        "display": "Altre anomalie cervicali congenite o acquisite, condizione o complicazione postpartum"
      }, {
        "code": "6547",
        "display": "Anomalie congenite o acquisite della vagina"
      }, {
        "code": "65470",
        "display": "Anomalie congenite o acquisite della vagina, ricovero non specificato"
      }, {
        "code": "65471",
        "display": "Anomalie congenite o acquisite della vagina, parto, con o senza menzione della condizione antepartum"
      }, {
        "code": "65472",
        "display": "Anomalie congenite o acquisite della vagina, parto, con menzione delle complicazioni postpartum"
      }, {
        "code": "65473",
        "display": "Anomalie congenite o acquisite della vagina, condizione o complicazione antepartum"
      }, {
        "code": "65474",
        "display": "Anomalie congenite o acquisite della vagina, condizione o complicazione postpartum"
      }, {
        "code": "6548",
        "display": "Anomalie congenite o acquisite della vulva"
      }, {
        "code": "65480",
        "display": "Anomalie congenite o acquisite della vulva, ricovero non specificato"
      }, {
        "code": "65481",
        "display": "Anomalie congenite o acquisite della vulva, parto, con o senza menzione della condizione antepartum"
      }, {
        "code": "65482",
        "display": "Anomalie congenite o acquisite della vulva, parto, con menzione delle complicazioni postpartum"
      }, {
        "code": "65483",
        "display": "Anomalie congenite o acquisite della vulva, condizione o complicazione antepartum"
      }, {
        "code": "65484",
        "display": "Anomalie congenite o acquisite della vulva, condizione o complicazione postpartum"
      }, {
        "code": "6549",
        "display": "Altre e non specificate anomalie degli organi e dei tessuti molli della pelvi"
      }, {
        "code": "65490",
        "display": "Altre e non specificate, ricovero non specificato"
      }, {
        "code": "65491",
        "display": "Altre e non specificate, parto, con o senza menzione della condizione antepartum"
      }, {
        "code": "65492",
        "display": "Altre e non specificate, parto, con menzione delle complicazioni postpartum"
      }, {
        "code": "65493",
        "display": "Altre e non specificate, condizione o complicazione antepartum"
      }, {
        "code": "65494",
        "display": "Altre e non specificate, condizione o complicazione postpartum"
      } ]
    } ]
  }
}