{
  "resourceType": "ValueSet",
  "url": "http://hl7.org/fhir/sid/icd-9-cm-598",
  "version": "1.0",
  "name": "Diagnosi-Altri traumi ostetrici",
  "title": "Altri traumi ostetrici",
  "status": "active",
  "compose": {
    "include": [ {
      "system": "http://hl7.org/fhir/sid/icd-9-cm",
      "concept": [ {
        "code": "6650",
        "display": "Rottura dell' utero prima dell' inizio del travaglio"
      }, {
        "code": "66500",
        "display": "Rottura dell' utero prima dell' inizio del travaglio, episodio di cura non specificato"
      }, {
        "code": "66501",
        "display": "Rottura dell' utero prima dell' inizio del travaglio, parto, con o senza menzione delle manifestazioni antepartum"
      }, {
        "code": "66503",
        "display": "Rottura dell' utero prima dell' inizio del travaglio, condizione o complicazione antepartum"
      }, {
        "code": "6651",
        "display": "Rottura dell' utero durante il travaglio"
      }, {
        "code": "66510",
        "display": "Rottura dell' utero durante il travaglio, episodio di cura non specificato"
      }, {
        "code": "66511",
        "display": "Rottura dell' utero durante il travaglio, parto, con o senza menzione delle manifestazioni antepartum"
      }, {
        "code": "6652",
        "display": "Inversione dell' utero"
      }, {
        "code": "66520",
        "display": "Inversione dell' utero, episodio di cura non specificato"
      }, {
        "code": "66522",
        "display": "Inversione dell' utero, parto, con menzione delle complicazioni postpartum"
      }, {
        "code": "66524",
        "display": "Inversione dell' utero, condizione o complicazione postpartum"
      }, {
        "code": "6653",
        "display": "Lacerazione cervicale"
      }, {
        "code": "66530",
        "display": "Lacerazione cervicale, episodio di cura non specificato"
      }, {
        "code": "66531",
        "display": "Lacerazione cervicale, parto, con o senza menzione delle manifestazioni antepartum"
      }, {
        "code": "66534",
        "display": "Lacerazione cervicale, condizione o complicazione postpartum"
      }, {
        "code": "6654",
        "display": "Lacerazione vaginale alta"
      }, {
        "code": "66540",
        "display": "Lacerazione vaginale alta, episodio di cura non specificato"
      }, {
        "code": "66541",
        "display": "Lacerazione vaginale alta, parto, con o senza menzione delle manifestazioni antepartum"
      }, {
        "code": "66544",
        "display": "Lacerazione vaginale alta, condizione o complicazione postpartum"
      }, {
        "code": "6655",
        "display": "Altre lesioni di organi pelvici"
      }, {
        "code": "66550",
        "display": "Altre lesioni di organi pelvici, episodio di cura non specificato"
      }, {
        "code": "66551",
        "display": "Altre lesioni di organi pelvici, parto, con o senza menzione delle manifestazioni antepartum"
      }, {
        "code": "66554",
        "display": "Altre lesioni di organi pelvici, condizione o complicazione postpartum"
      }, {
        "code": "6656",
        "display": "Lesione alle giunture pelviche e ai legamenti"
      }, {
        "code": "66560",
        "display": "Lesione alle giunture pelviche e ai legamenti, episodio di cura non specificato"
      }, {
        "code": "66561",
        "display": "Lesione alle giunture pelviche e ai legamenti, parto, con o senza menzione delle manifestazioni antepartum"
      }, {
        "code": "66564",
        "display": "Lesione alle giunture pelviche e ai legamenti, condizione o complicazione postpartum"
      }, {
        "code": "6657",
        "display": "Ematoma pelvico"
      }, {
        "code": "66570",
        "display": "Ematoma pelvico, episodio di cura non specificato"
      }, {
        "code": "66571",
        "display": "Ematoma pelvico, parto, con o senza menzione delle manifestazioni antepartum"
      }, {
        "code": "66572",
        "display": "Ematoma pelvico, parto, con menzione delle complicazioni postpartum"
      }, {
        "code": "66574",
        "display": "Ematoma pelvico, condizione o complicazione postpartum"
      }, {
        "code": "6658",
        "display": "Altri traumi ostetrici specificati"
      }, {
        "code": "66580",
        "display": "Altri traumi ostetrici specificati, episodio di cura non specificato"
      }, {
        "code": "66581",
        "display": "Altri traumi ostetrici specificati, parto, con o senza menzione delle manifestazioni antepartum"
      }, {
        "code": "66582",
        "display": "Altri traumi ostetrici specificati, parto, con menzione delle complicazioni postpartum"
      }, {
        "code": "66583",
        "display": "Altri traumi ostetrici specificati, condizione o complicazione antepartum"
      }, {
        "code": "66584",
        "display": "Altri traumi ostetrici specificati, condizione o complicazione postpartum"
      }, {
        "code": "6659",
        "display": "Traumi ostetrici non specificati"
      }, {
        "code": "66590",
        "display": "Traumi ostetrici non specificati, episodio di cura non specificato"
      }, {
        "code": "66591",
        "display": "Traumi ostetrici non specificati, parto, con o senza menzione delle manifestazioni antepartum"
      }, {
        "code": "66592",
        "display": "Traumi ostetrici non specificati, parto, con menzione delle complicazioni postpartum"
      }, {
        "code": "66593",
        "display": "Traumi ostetrici non specificati, condizione o complicazione antepartum"
      }, {
        "code": "66594",
        "display": "Traumi ostetrici non specificati, condizione o complicazione postpartum"
      } ]
    } ]
  }
}