{
  "resourceType": "ValueSet",
  "url": "http://hl7.org/fhir/sid/icd-9-cm-662",
  "version": "1.0",
  "name": "Diagnosi-Deformazioni acquisite delle dita del piede",
  "title": "Deformazioni acquisite delle dita del piede",
  "status": "active",
  "compose": {
    "include": [ {
      "system": "http://hl7.org/fhir/sid/icd-9-cm",
      "concept": [ {
        "code": "7350",
        "display": "Alluce valgo (acquisito)"
      }, {
        "code": "7351",
        "display": "Alluce varo (acquisito)"
      }, {
        "code": "7352",
        "display": "Alluce rigido"
      }, {
        "code": "7353",
        "display": "Alluce a martello"
      }, {
        "code": "7354",
        "display": "Altre dita del piede a martello (acquisite)"
      }, {
        "code": "7355",
        "display": "Dita del piede ad artiglio (acquisite)"
      }, {
        "code": "7358",
        "display": "Altre deformazioni acquisite delle dita del piede"
      }, {
        "code": "7359",
        "display": "Deformazioni delle dita del piede non specificate"
      } ]
    } ]
  }
}