{
  "resourceType": "ValueSet",
  "url": "http://hl7.org/fhir/sid/icd-9-cm-518",
  "version": "1.0",
  "name": "Diagnosi-Glomerulonefrite cronica",
  "title": "Glomerulonefrite cronica",
  "status": "active",
  "compose": {
    "include": [ {
      "system": "http://hl7.org/fhir/sid/icd-9-cm",
      "concept": [ {
        "code": "5820",
        "display": "Glomerulonefrite cronica, con lesioni di glomerulonefrite proliferativa"
      }, {
        "code": "5821",
        "display": "Glomerulonefrite cronica, con lesioni di glomerulonefrite membranosa"
      }, {
        "code": "5822",
        "display": "Glomerulonefrite cronica, con lesioni di glomerulonefrite membranoproliferativa"
      }, {
        "code": "5824",
        "display": "Glomerulonefrite cronica, con lesioni di glomerulonefrite rapidamente progressiva"
      }, {
        "code": "5828",
        "display": "Glomerulonefrite cronica, con altre lesioni istologiche renali specificate"
      }, {
        "code": "58281",
        "display": "Glomerulonefrite cronica, in malattie classificate altrove"
      }, {
        "code": "58289",
        "display": "Glomerulonefrite cronica, con altre lesioni istologiche renali specificate"
      }, {
        "code": "5829",
        "display": "Glomerulonefrite cronica, con lesioni istologiche non specificate"
      } ]
    } ]
  }
}