{
  "resourceType": "ValueSet",
  "url": "http://hl7.org/fhir/sid/icd-9-cm-612",
  "version": "1.0",
  "name": "Diagnosi-Flemmone e ascesso delle dita delle mani e delle dita dei piedi",
  "title": "Flemmone e ascesso delle dita delle mani e delle dita dei piedi",
  "status": "active",
  "compose": {
    "include": [ {
      "system": "http://hl7.org/fhir/sid/icd-9-cm",
      "concept": [ {
        "code": "6810",
        "display": "Dita della mano"
      }, {
        "code": "68100",
        "display": "Flemmone e ascesso, non specificato"
      }, {
        "code": "68101",
        "display": "Patereccio"
      }, {
        "code": "68102",
        "display": "Onichia e paronichia delle dita della mano"
      }, {
        "code": "6811",
        "display": "Dita del piede"
      }, {
        "code": "68110",
        "display": "Flemmone e ascesso, non specificato"
      }, {
        "code": "68111",
        "display": "Onichia e paronichia delle dita del piede"
      }, {
        "code": "6819",
        "display": "Flemmone e ascesso di dito non specificato"
      } ]
    } ]
  }
}