{
  "resourceType": "ValueSet",
  "url": "http://hl7.org/fhir/sid/icd-9-cm-752",
  "version": "1.0",
  "name": "Diagnosi-Frattura di una o piu' ossa del tarso e metatarso",
  "title": "Frattura di una o piu' ossa del tarso e metatarso",
  "status": "active",
  "compose": {
    "include": [ {
      "system": "http://hl7.org/fhir/sid/icd-9-cm",
      "concept": [ {
        "code": "8250",
        "display": "Frattura del calcagno, chiusa"
      }, {
        "code": "8251",
        "display": "Frattura del calcagno, esposta"
      }, {
        "code": "8252",
        "display": "Frattura di altre ossa del tarso e del metatarso, chiusa"
      }, {
        "code": "82520",
        "display": "Frattura chiusa di osso non specificato del piede [eccetto dita del piede]"
      }, {
        "code": "82521",
        "display": "Frattura chiusa di astragalo"
      }, {
        "code": "82522",
        "display": "Frattura chiusa dello scafoide [navicolare]"
      }, {
        "code": "82523",
        "display": "Frattura chiusa dell' osso cuboide"
      }, {
        "code": "82524",
        "display": "Frattura chiusa cuneiforme, piede"
      }, {
        "code": "82525",
        "display": "Frattura chiusa di ossa del metatarso"
      }, {
        "code": "82529",
        "display": "Altra frattura chiusa del piede"
      }, {
        "code": "8253",
        "display": "Frattura di altre ossa del tarso e del metatarso, esposta"
      }, {
        "code": "82530",
        "display": "Frattura esposta di osso non specificato del piede [eccetto dita del piede]"
      }, {
        "code": "82531",
        "display": "Frattura esposta di astragalo"
      }, {
        "code": "82532",
        "display": "Frattura esposta dello scafoide [navicolare]"
      }, {
        "code": "82533",
        "display": "Frattura esposta di frattura esposta dell' osso cuboide"
      }, {
        "code": "82534",
        "display": "Frattura esposta cuneiforme, piede"
      }, {
        "code": "82535",
        "display": "Frattura esposta delle ossa del metatarso"
      }, {
        "code": "82539",
        "display": "Altra frattura esposta del piede"
      } ]
    } ]
  }
}