{
  "resourceType": "ValueSet",
  "url": "http://hl7.org/fhir/sid/icd-9-cm-641",
  "version": "1.0",
  "name": "Diagnosi-Artrite reumatoide ed altre poliartropatie infiammatorie",
  "title": "Artrite reumatoide ed altre poliartropatie infiammatorie",
  "status": "active",
  "compose": {
    "include": [ {
      "system": "http://hl7.org/fhir/sid/icd-9-cm",
      "concept": [ {
        "code": "7140",
        "display": "Artrite reumatoide"
      }, {
        "code": "7141",
        "display": "Sindrome di Felty"
      }, {
        "code": "7142",
        "display": "Altre artriti reumatoidi con interessamento viscerale o sistemico"
      }, {
        "code": "7143",
        "display": "Poliartrite cronica giovanile"
      }, {
        "code": "71430",
        "display": "Artrite reumatoide giovanile, cronica o non specificata, poliarticolare"
      }, {
        "code": "71431",
        "display": "Artrite reumatoide giovanile acuta poliarticolare"
      }, {
        "code": "71432",
        "display": "Artrite reumatoide giovanile pauciarticolare"
      }, {
        "code": "71433",
        "display": "Artrite reumatoide giovanile monoarticolare"
      }, {
        "code": "7144",
        "display": "Artropatia cronica post-traumatica"
      }, {
        "code": "7148",
        "display": "Altre poliartropatie infiammatorie specificate"
      }, {
        "code": "71481",
        "display": "Polmone reumatoide"
      }, {
        "code": "71489",
        "display": "Altre poliartropatie infiammatorie specificate"
      }, {
        "code": "7149",
        "display": "Poliartropatie infiammatorie non specificate"
      } ]
    } ]
  }
}