{
  "resourceType": "ValueSet",
  "url": "http://hl7.org/fhir/sid/icd-9-cm-810",
  "version": "1.0",
  "name": "Diagnosi-Ferita del ginocchio, della gamba [esclusa la coscia] e della caviglia",
  "title": "Ferita del ginocchio, della gamba [esclusa la coscia] e della caviglia",
  "status": "active",
  "compose": {
    "include": [ {
      "system": "http://hl7.org/fhir/sid/icd-9-cm",
      "concept": [ {
        "code": "8910",
        "display": "Ferita del ginocchio, della gamba [esclusa la coscia] e della caviglia senza menzione di complicazioni"
      }, {
        "code": "8911",
        "display": "Ferita del ginocchio, della gamba [esclusa la coscia] e della caviglia con complicazioni"
      }, {
        "code": "8912",
        "display": "Ferita del ginocchio, della gamba [esclusa la coscia] e della caviglia con interessamento dei tendini"
      } ]
    } ]
  }
}