{
  "resourceType": "ValueSet",
  "url": "http://hl7.org/fhir/sid/icd-9-cm-706",
  "version": "1.0",
  "name": "Diagnosi-Altre e mal definite manifestazioni morbose ad insorgenza perinatale",
  "title": "Altre e mal definite manifestazioni morbose ad insorgenza perinatale",
  "status": "active",
  "compose": {
    "include": [ {
      "system": "http://hl7.org/fhir/sid/icd-9-cm",
      "concept": [ {
        "code": "7790",
        "display": "Convulsioni del neonato"
      }, {
        "code": "7791",
        "display": "Altra e non specificata ipereccitabilita' di origine neurologica del neonato"
      }, {
        "code": "7792",
        "display": "Depressione cerebrale, coma ed altri segni di anormalita' cerebrale del feto o del neonato"
      }, {
        "code": "7793",
        "display": "Problemi alimentari del neonato"
      }, {
        "code": "7794",
        "display": "Reazioni a farmaci e intossicazioni specifiche del neonato"
      }, {
        "code": "7795",
        "display": "Sindrome da astinenza del neonato"
      }, {
        "code": "7796",
        "display": "Interruzione della gravidanza (riferita al feto)"
      }, {
        "code": "7797",
        "display": "Leucomalacia periventricolare"
      }, {
        "code": "7798",
        "display": "Altre manifestazioni specificate che hanno origine nel periodo perinatale"
      }, {
        "code": "77981",
        "display": "Bradicardia neonatale"
      }, {
        "code": "77982",
        "display": "Tachicardia neonatale"
      }, {
        "code": "77983",
        "display": "Recisione del cordone ombelicale effettuata in ritardo"
      }, {
        "code": "77984",
        "display": "Liquido tinto di meconio"
      }, {
        "code": "77985",
        "display": "Arresto cardiaco del neonato"
      }, {
        "code": "77989",
        "display": "Altre manifestazioni specificate che hanno origine nel periodo perinatale"
      }, {
        "code": "7799",
        "display": "Condizione non specificata che ha origine nel periodo perinatale"
      } ]
    } ]
  }
}