{
  "resourceType": "ValueSet",
  "url": "http://hl7.org/fhir/sid/icd-9-cm-690",
  "version": "1.0",
  "name": "Diagnosi-Feto o neonato affetto da altre complicazioni del travaglio e del parto",
  "title": "Feto o neonato affetto da altre complicazioni del travaglio e del parto",
  "status": "active",
  "compose": {
    "include": [ {
      "system": "http://hl7.org/fhir/sid/icd-9-cm",
      "concept": [ {
        "code": "7630",
        "display": "Parto ed estrazione podalica con ripercussioni sul feto o sul neonato"
      }, {
        "code": "7631",
        "display": "Altra presentazione anomala, malposizione e sproporzione fetopelvica durante il travaglio e il parto con ripercussioni sul feto o sul neonato"
      }, {
        "code": "7632",
        "display": "Applicazione di forcipe con ripercussioni sul feto o sul neonato"
      }, {
        "code": "7633",
        "display": "Applicazione di ventosa con ripercussioni sul feto o sul neonato"
      }, {
        "code": "7634",
        "display": "Parto cesareo con ripercussioni sul feto o sul neonato"
      }, {
        "code": "7635",
        "display": "Anestesia e analgesia della madre con ripercussioni sul feto o sul neonato"
      }, {
        "code": "7636",
        "display": "Parto precipitoso con ripercussioni sul feto o sul neonato"
      }, {
        "code": "7637",
        "display": "Contrazioni uterine anomale con ripercussioni sul feto o sul neonato"
      }, {
        "code": "7638",
        "display": "Altre complicazioni specificate del travaglio e del parto con ripercussioni sul feto o sul neonato"
      }, {
        "code": "76381",
        "display": "Anomalia del battito o della frequenza cardiaca del feto prima dell' inizio del travaglio"
      }, {
        "code": "76382",
        "display": "Anomalia del battito o della frequenza cardiaca del feto durante il travaglio"
      }, {
        "code": "76383",
        "display": "Anomalia del battito o della frequenza cardiaca del feto, non specificata rispetto al momento dell' insorgenza"
      }, {
        "code": "76384",
        "display": "Passaggio di meconio durante il parto"
      }, {
        "code": "76389",
        "display": "Altre complicazioni specificate del travaglio e del parto con ripercussioni sul feto o sul neonato"
      }, {
        "code": "7639",
        "display": "Altra e non specificata complicazione del travaglio e del parto con ripercussioni sul feto o sul neonato"
      } ]
    } ]
  }
}