{
  "resourceType": "ValueSet",
  "url": "http://hl7.org/fhir/sid/icd-9-cm-509",
  "version": "1.0",
  "name": "Diagnosi-Altri disturbi del fegato",
  "title": "Altri disturbi del fegato",
  "status": "active",
  "compose": {
    "include": [ {
      "system": "http://hl7.org/fhir/sid/icd-9-cm",
      "concept": [ {
        "code": "5730",
        "display": "Congestione epatica passiva cronica"
      }, {
        "code": "5731",
        "display": "Epatite in malattie virali classificate altrove"
      }, {
        "code": "5732",
        "display": "Epatite in altre malattie infettive classificate altrove"
      }, {
        "code": "5733",
        "display": "Epatite, non specificata"
      }, {
        "code": "5734",
        "display": "Infarto epatico"
      }, {
        "code": "5738",
        "display": "Altri disturbi epatici specificati"
      }, {
        "code": "5739",
        "display": "Disturbo epatico non specificato"
      } ]
    } ]
  }
}