{
  "resourceType": "ValueSet",
  "url": "http://hl7.org/fhir/sid/icd-9-cm-402",
  "version": "1.0",
  "name": "Diagnosi-Altre malattie vascolari periferiche",
  "title": "Altre malattie vascolari periferiche",
  "status": "active",
  "compose": {
    "include": [ {
      "system": "http://hl7.org/fhir/sid/icd-9-cm",
      "concept": [ {
        "code": "4430",
        "display": "Sindrome di Raynaud"
      }, {
        "code": "4431",
        "display": "Tromboangioite obliterante (morbo di Buerger)"
      }, {
        "code": "4432",
        "display": "Altre dissezioni di arterie"
      }, {
        "code": "44321",
        "display": "Dissezione dell' arteria carotide"
      }, {
        "code": "44322",
        "display": "Dissezione dell' arteria iliaca"
      }, {
        "code": "44323",
        "display": "Dissezione dell' arteria renale"
      }, {
        "code": "44324",
        "display": "Dissezione dell' arteria vertebrale"
      }, {
        "code": "44329",
        "display": "Dissezione di un'altra arteria"
      }, {
        "code": "4438",
        "display": "Altre malattie vascolari periferiche specificate"
      }, {
        "code": "44381",
        "display": "Angiopatia periferica in malattie classificate altrove"
      }, {
        "code": "44382",
        "display": "Eritromelalgia"
      }, {
        "code": "44389",
        "display": "Altre malattie vascolari periferiche"
      }, {
        "code": "4439",
        "display": "Malattia vascolare periferica non specificata"
      } ]
    } ]
  }
}