{
  "resourceType": "ValueSet",
  "url": "http://hl7.org/fhir/sid/icd-9-cm-99",
  "version": "1.0",
  "name": "Diagnosi-Infezione blastomicotica",
  "title": "Infezione blastomicotica",
  "status": "active",
  "compose": {
    "include": [ {
      "system": "http://hl7.org/fhir/sid/icd-9-cm",
      "concept": [ {
        "code": "1160",
        "display": "Blastomicosi"
      }, {
        "code": "1161",
        "display": "Paracoccidioidomicosi"
      }, {
        "code": "1162",
        "display": "Lobomicosi"
      } ]
    } ]
  }
}