{
  "resourceType": "ValueSet",
  "url": "http://hl7.org/fhir/sid/icd-9-cm-285",
  "version": "1.0",
  "name": "Diagnosi-Disturbo delle emozioni specifico dell' infanzia e dell' adolescenza",
  "title": "Disturbo delle emozioni specifico dell' infanzia e dell' adolescenza",
  "status": "active",
  "compose": {
    "include": [ {
      "system": "http://hl7.org/fhir/sid/icd-9-cm",
      "concept": [ {
        "code": "3130",
        "display": "Disturbo iperansioso"
      }, {
        "code": "3131",
        "display": "Disturbo con sensazioni di tristezza e di infelicita'"
      }, {
        "code": "3132",
        "display": "Ipersensibilita' , timidezza e isolamento sociale"
      }, {
        "code": "31321",
        "display": "Timidezza dell' infanzia"
      }, {
        "code": "31322",
        "display": "Introversione dell' infanzia"
      }, {
        "code": "31323",
        "display": "Mutismo selettivo"
      }, {
        "code": "3133",
        "display": "Problemi relazionali"
      }, {
        "code": "3138",
        "display": "Disturbi delle emozioni di altro tipo e misti dell' infanzia o dell' adolescenza"
      }, {
        "code": "31381",
        "display": "Disturbo oppositivo-provocatorio"
      }, {
        "code": "31382",
        "display": "Disturbo dell' identita'"
      }, {
        "code": "31383",
        "display": "Disturbo da scarso rendimento scolastico"
      }, {
        "code": "31389",
        "display": "Altro disturbo"
      }, {
        "code": "3139",
        "display": "Disturbo non specificato delle emozioni dell' infanzia o dell' adolescenza"
      } ]
    } ]
  }
}