{
  "resourceType": "ValueSet",
  "url": "http://hl7.org/fhir/sid/icd-9-cm-980",
  "version": "1.0",
  "name": "Diagnosi-Altre persone che entrano in contatto con i servizi sanitari",
  "title": "Altre persone che entrano in contatto con i servizi sanitari",
  "status": "active",
  "compose": {
    "include": [ {
      "system": "http://hl7.org/fhir/sid/icd-9-cm",
      "concept": [ {
        "code": "V650",
        "display": "Persona sana che accompagna una persona malata"
      }, {
        "code": "V651",
        "display": "Persona che entra in contatto con i servizi sanitari per conto di un'altra persona"
      }, {
        "code": "V6511",
        "display": "Visita pediatrica prenatale per mamma in attesa"
      }, {
        "code": "V6519",
        "display": "Altra persona che entra in contatto con i servizi sanitari per conto di un'altra persona"
      }, {
        "code": "V652",
        "display": "Persona che simula malattia"
      }, {
        "code": "V653",
        "display": "Consigli e controllo della dieta"
      }, {
        "code": "V654",
        "display": "Altri consigli, non classificati altrove"
      }, {
        "code": "V6540",
        "display": "Altri consigli specificati"
      }, {
        "code": "V6541",
        "display": "Consigli sull'esercizio fisico"
      }, {
        "code": "V6542",
        "display": "Consigli sull'uso e abuso di sostanze"
      }, {
        "code": "V6543",
        "display": "Consigli sulla prevenzione traumatologica"
      }, {
        "code": "V6544",
        "display": "Consigli sul virus della immunodeficienza umana (HIV)"
      }, {
        "code": "V6545",
        "display": "Consigli su altre malattie trasmesse sessualmente"
      }, {
        "code": "V6546",
        "display": "Addestramento all'uso di pompa insulinica"
      }, {
        "code": "V6549",
        "display": "Altri consigli specificati"
      }, {
        "code": "V655",
        "display": "Persona che teme di essere inferma senza che sia stata fatta alcuna diagnosi"
      }, {
        "code": "V658",
        "display": "Altre ragioni per entrare in contatto con i servizi sanitari"
      }, {
        "code": "V659",
        "display": "Ragione non specificata per entrare in contatto con i servizi sanitari"
      } ]
    } ]
  }
}