{
  "resourceType": "ValueSet",
  "url": "http://hl7.org/fhir/sid/icd-9-cm-697",
  "version": "1.0",
  "name": "Diagnosi-Altre malattie respiratorie del feto e del neonato",
  "title": "Altre malattie respiratorie del feto e del neonato",
  "status": "active",
  "compose": {
    "include": [ {
      "system": "http://hl7.org/fhir/sid/icd-9-cm",
      "concept": [ {
        "code": "7700",
        "display": "Polmonite congenita"
      }, {
        "code": "7701",
        "display": "Aspirazione fetale e neonatale"
      }, {
        "code": "77010",
        "display": "Aspirazione fetale e neonatale, non specificata"
      }, {
        "code": "77011",
        "display": "Aspirazione di meconio senza sintomi respiratori"
      }, {
        "code": "77012",
        "display": "Aspirazione di meconio con sintomi respiratori"
      }, {
        "code": "77013",
        "display": "Aspirazione di liquido amniotico limpido senza sintomi respiratori"
      }, {
        "code": "77014",
        "display": "Aspirazione di liquido amniotico limpido con sintomi respiratori"
      }, {
        "code": "77015",
        "display": "Aspirazione di sangue senza sintomi respiratori"
      }, {
        "code": "77016",
        "display": "Aspirazione di sangue con sintomi respiratori"
      }, {
        "code": "77017",
        "display": "Altra tipologia di aspirazione fetale e neonatale senza sintomi respiratori"
      }, {
        "code": "77018",
        "display": "Altro tipo di aspirazione fetale e neonatale con sintomi respiratori"
      }, {
        "code": "7702",
        "display": "Enfisema interstiziale e manifestazioni morbose correlate insorte nel periodo perinatale"
      }, {
        "code": "7703",
        "display": "Emorragia polmonare del feto o del neonato insorta nel periodo perinatale"
      }, {
        "code": "7704",
        "display": "Atelettasia primaria del neonato"
      }, {
        "code": "7705",
        "display": "Altra e non specificata atelettasia del neonato insorta nel periodo perinatale"
      }, {
        "code": "7706",
        "display": "Tachipnea transitoria del neonato"
      }, {
        "code": "7707",
        "display": "Malattia respiratoria cronica insorta nel periodo perinatale"
      }, {
        "code": "7708",
        "display": "Altri problemi respiratori del neonato"
      }, {
        "code": "77081",
        "display": "Apnea primaria del neonato"
      }, {
        "code": "77082",
        "display": "Altra tipologia di apnea del neonato"
      }, {
        "code": "77083",
        "display": "Crisi di cianosi del neonato"
      }, {
        "code": "77084",
        "display": "Insufficienza respiratoria del neonato"
      }, {
        "code": "77085",
        "display": "Aspirazione del contenuto gastrico in fase post-natale senza sintomi respiratori"
      }, {
        "code": "77086",
        "display": "Aspirazione del contenuto gastrico in fase post-natale con sintomi respiratori"
      }, {
        "code": "77087",
        "display": "Arresto respiratorio del neonato"
      }, {
        "code": "77088",
        "display": "Ipossiemia del neonato"
      }, {
        "code": "77089",
        "display": "Altri problemi respiratori dopo la nascita"
      }, {
        "code": "7709",
        "display": "Problema respiratorio non specificato del feto o del neonato"
      } ]
    } ]
  }
}