{
  "resourceType": "ValueSet",
  "url": "http://hl7.org/fhir/sid/icd-9-cm-514",
  "version": "1.0",
  "name": "Diagnosi-Emorragia gastrointestinale",
  "title": "Emorragia gastrointestinale",
  "status": "active",
  "compose": {
    "include": [ {
      "system": "http://hl7.org/fhir/sid/icd-9-cm",
      "concept": [ {
        "code": "5780",
        "display": "Ematemesi"
      }, {
        "code": "5781",
        "display": "Melena e rettorragia"
      }, {
        "code": "5789",
        "display": "Emorragia del tratto gastrointestinale, non specificata"
      } ]
    } ]
  }
}