{
  "resourceType": "ValueSet",
  "url": "http://hl7.org/fhir/sid/icd-9-cm-931",
  "version": "1.0",
  "name": "Diagnosi-Altra anamnesi personale con rischio di malattia",
  "title": "Altra anamnesi personale con rischio di malattia",
  "status": "active",
  "compose": {
    "include": [ {
      "system": "http://hl7.org/fhir/sid/icd-9-cm",
      "concept": [ {
        "code": "V150",
        "display": "Anamnesi personale di allergia diversa da quella provocata da sostanze medicinali, con rischio di malattia"
      }, {
        "code": "V1501",
        "display": "Anamnesi personale di allergia alle arachidi"
      }, {
        "code": "V1502",
        "display": "Anamnesi personale di allergia ai latticini"
      }, {
        "code": "V1503",
        "display": "Anamnesi personale di allergia alle uova"
      }, {
        "code": "V1504",
        "display": "Anamnesi personale di allergia ai frutti di mare"
      }, {
        "code": "V1505",
        "display": "Anamnesi personale di allergia ad altri alimenti"
      }, {
        "code": "V1506",
        "display": "Anamnesi personale di allergia agli insetti"
      }, {
        "code": "V1507",
        "display": "Anamnesi personale di allergia al lattice"
      }, {
        "code": "V1508",
        "display": "Anamnesi personale di allergia ai mezzi di contrasto radiografici"
      }, {
        "code": "V1509",
        "display": "Anamnesi personale di altra allergia diversa da quella provocata da sostanze medicinali"
      }, {
        "code": "V151",
        "display": "Anamnesi personale di chirurgia del cuore e dei grandi vasi, con rischio di malattia"
      }, {
        "code": "V152",
        "display": "Anamnesi personale di chirurgia di altri organi principali, con rischio di malattia"
      }, {
        "code": "V153",
        "display": "Anamnesi personale di irradiazione, con rischio di malattia"
      }, {
        "code": "V154",
        "display": "Anamnesi personale di trauma psichico, con rischio di malattia"
      }, {
        "code": "V1541",
        "display": "Anamnesi personale di trauma psichico da violenza fisica"
      }, {
        "code": "V1542",
        "display": "Anamnesi personale di trauma psichico da violenza emotiva"
      }, {
        "code": "V1549",
        "display": "Anamnesi personale di altro trauma psichico"
      }, {
        "code": "V155",
        "display": "Anamnesi personale di traumatismo, con rischio di malattia"
      }, {
        "code": "V156",
        "display": "Anamnesi personale di avvelenamento, con rischio di malattia"
      }, {
        "code": "V157",
        "display": "Anamnesi personale di contraccezione, con rischio di malattia"
      }, {
        "code": "V158",
        "display": "Altra anamnesi personale specificata con rischio di malattia"
      }, {
        "code": "V1581",
        "display": "Anamnesi personale di inadempimento della cura medica, con rischio di malattia"
      }, {
        "code": "V1582",
        "display": "Anamnesi personale di uso di tabacco"
      }, {
        "code": "V1584",
        "display": "Anamnesi personale di esposizione ad asbesto"
      }, {
        "code": "V1585",
        "display": "Anamnesi personale di esposizione a fluidi del corpo potenzialmente a rischio"
      }, {
        "code": "V1586",
        "display": "Anamnesi personale di esposizione a piombo"
      }, {
        "code": "V1587",
        "display": "Anamnesi personale di Ossigenazione"
      }, {
        "code": "V1588",
        "display": "Anamnesi personale di caduta"
      }, {
        "code": "V1589",
        "display": "Altra anamnesi personale specificata con rischio di malattia"
      }, {
        "code": "V159",
        "display": "Anamnesi personale non specificata con rischio di malattia"
      } ]
    } ]
  }
}