{
  "resourceType": "ValueSet",
  "url": "http://hl7.org/fhir/sid/icd-9-cm-337",
  "version": "1.0",
  "name": "Diagnosi-Disturbi visivi",
  "title": "Disturbi visivi",
  "status": "active",
  "compose": {
    "include": [ {
      "system": "http://hl7.org/fhir/sid/icd-9-cm",
      "concept": [ {
        "code": "3680",
        "display": "Ambliopia da anopsia"
      }, {
        "code": "36800",
        "display": "Ambliopia, non specificata"
      }, {
        "code": "36801",
        "display": "Ambliopia strabica"
      }, {
        "code": "36802",
        "display": "Ambliopia da deprivazione"
      }, {
        "code": "36803",
        "display": "Ambliopia rifrattiva"
      }, {
        "code": "3681",
        "display": "Disturbi visivi soggettivi"
      }, {
        "code": "36810",
        "display": "Disturbi visivi soggettivi, non specificati"
      }, {
        "code": "36811",
        "display": "Perdita visiva improvvisa"
      }, {
        "code": "36812",
        "display": "Perdita visiva transitoria"
      }, {
        "code": "36813",
        "display": "Disagio visivo"
      }, {
        "code": "36814",
        "display": "Distorsione visiva di forma e grandezza"
      }, {
        "code": "36815",
        "display": "Altre deformazioni visive e fenomeni endottici"
      }, {
        "code": "36816",
        "display": "Disturbi visivi psicofisici"
      }, {
        "code": "3682",
        "display": "Diplopia"
      }, {
        "code": "3683",
        "display": "Altri disturbi della visione binoculare"
      }, {
        "code": "36830",
        "display": "Disturbi della visione binoculare, non specificati"
      }, {
        "code": "36831",
        "display": "Soppressione della visione binoculare"
      }, {
        "code": "36832",
        "display": "Percezione visiva simultanea senza fusione"
      }, {
        "code": "36833",
        "display": "Fusione con stereopsi difettosa"
      }, {
        "code": "36834",
        "display": "Corrispondenza retinica anomala"
      }, {
        "code": "3684",
        "display": "Difetti del campo visivo"
      }, {
        "code": "36840",
        "display": "Difetto del campo visivo, non specificato"
      }, {
        "code": "36841",
        "display": "Scotoma interessante l'area centrale"
      }, {
        "code": "36842",
        "display": "Scotoma nell'area della macchia cieca"
      }, {
        "code": "36843",
        "display": "Difetti visivi a settore o arcuati"
      }, {
        "code": "36844",
        "display": "Altri difetti localizzati del campo visivo"
      }, {
        "code": "36845",
        "display": "Contrazioni o restringimenti generalizzati del campo visivo"
      }, {
        "code": "36846",
        "display": "Difetti del campo visivo omonimi bilaterali"
      }, {
        "code": "36847",
        "display": "Difetti del campo visivo eteronimi bilaterali"
      }, {
        "code": "3685",
        "display": "Disturbi della visione dei colori"
      }, {
        "code": "36851",
        "display": "Difetto protan"
      }, {
        "code": "36852",
        "display": "Difetto deutan"
      }, {
        "code": "36853",
        "display": "Difetto Tritan"
      }, {
        "code": "36854",
        "display": "Acromatopsia"
      }, {
        "code": "36855",
        "display": "Disturbi acquisiti della visione dei colori"
      }, {
        "code": "36859",
        "display": "Altri disturbi della visione dei colori"
      }, {
        "code": "3686",
        "display": "Cecita' notturna"
      }, {
        "code": "36860",
        "display": "Cecita' notturna, non specificata"
      }, {
        "code": "36861",
        "display": "Cecita' notturna congenita"
      }, {
        "code": "36862",
        "display": "Cecita' notturna acquisita"
      }, {
        "code": "36863",
        "display": "Curva anormale di adattamento all'oscurita'"
      }, {
        "code": "36869",
        "display": "Altre forme di cecita' notturna"
      }, {
        "code": "3688",
        "display": "Altri disturbi visivi specificati"
      }, {
        "code": "3689",
        "display": "Disturbi visivi non specificati"
      } ]
    } ]
  }
}