{
  "resourceType": "ValueSet",
  "url": "http://hl7.org/fhir/sid/icd-9-cm-950",
  "version": "1.0",
  "name": "Diagnosi-Altro parto multiplo (tre o piu' ), tutti nati vivi",
  "title": "Altro parto multiplo (tre o piu' ), tutti nati vivi",
  "status": "active",
  "compose": {
    "include": [ {
      "system": "http://hl7.org/fhir/sid/icd-9-cm",
      "concept": [ {
        "code": "V340",
        "display": "Altro parto multiplo (tre o piu' ), tutti nati vivi, nati in ospedale"
      }, {
        "code": "V3400",
        "display": "Altro parto multiplo (tre o piu' ), tutti nati vivi, nati in ospedale, nati senza menzione di taglio cesareo"
      }, {
        "code": "V3401",
        "display": "Altro parto multiplo (tre o piu' ), tutti nati vivi, nati in ospedale, nati con taglio cesareo"
      }, {
        "code": "V341",
        "display": "Altro parto multiplo (tre o piu' ), tutti nati vivi, nati prima dell' ammissione in ospedale"
      }, {
        "code": "V342",
        "display": "Altro parto multiplo (tre o piu' ), tutti nati vivi, nati fuori dall'ospedale e non ricoverati"
      } ]
    } ]
  }
}