{
  "resourceType": "ValueSet",
  "url": "http://hl7.org/fhir/sid/icd-9-cm-69",
  "version": "1.0",
  "name": "Diagnosi-Infezioni da virus e Chlamydiae in manifestazioni morbose classificate altrove e di sede non specificata",
  "title": "Infezioni da virus e Chlamydiae in manifestazioni morbose classificate altrove e di sede non specificata",
  "status": "active",
  "compose": {
    "include": [ {
      "system": "http://hl7.org/fhir/sid/icd-9-cm",
      "concept": [ {
        "code": "0790",
        "display": "Infezioni da Adenovirus in manifestazioni morbose classificate altrove e di sede non specificata"
      }, {
        "code": "0791",
        "display": "Infezioni da virus ECHO in manifestazioni morbose classificate altrove e di sede non specificata"
      }, {
        "code": "0792",
        "display": "Infezioni da virus Coxsackie in manifestazioni morbose classificate altrove e di sede non specificata"
      }, {
        "code": "0793",
        "display": "Infezioni da Rhinovirus in manifestazioni morbose classificate altrove e di sede non specificata"
      }, {
        "code": "0794",
        "display": "Papilloma virus umano in manifestazioni morbose classificate altrove e di sede non specificata"
      }, {
        "code": "0795",
        "display": "Retrovirus in manifestazioni morbose classificate altrove e di sede non specificata"
      }, {
        "code": "07950",
        "display": "Retrovirus, non specificati"
      }, {
        "code": "07951",
        "display": "Virus linfotropo delle cellule T umane, tipo I [HTLV-I]"
      }, {
        "code": "07952",
        "display": "Virus linfotropo delle cellule T umane, tipo II [HTLV-II]"
      }, {
        "code": "07953",
        "display": "Virus della immunodeficienza umana, tipo 2 [HIV-2]"
      }, {
        "code": "07959",
        "display": "Altri retrovirus, specificati"
      }, {
        "code": "0796",
        "display": "Virus respiratorio sinciziale"
      }, {
        "code": "0798",
        "display": "Altre infezioni da virus e Chlamydiae specificate"
      }, {
        "code": "07981",
        "display": "Infezioni da Hantavirus"
      }, {
        "code": "07982",
        "display": "SARS-Coronavirus associato"
      }, {
        "code": "07988",
        "display": "Altre infezioni da Chlamydiae, specificate"
      }, {
        "code": "07989",
        "display": "Altre infezioni virali specificate"
      }, {
        "code": "0799",
        "display": "Infezioni da virus e Chlamydiae, non specificate"
      }, {
        "code": "07998",
        "display": "Infezioni da Chlamydiae, non specificate"
      }, {
        "code": "07999",
        "display": "Infezioni virali, non specificate"
      } ]
    } ]
  }
}