{
  "resourceType": "ValueSet",
  "url": "http://hl7.org/fhir/sid/icd-9-cm-110",
  "version": "1.0",
  "name": "Diagnosi-Altre e non specificate elmintiasi",
  "title": "Altre e non specificate elmintiasi",
  "status": "active",
  "compose": {
    "include": [ {
      "system": "http://hl7.org/fhir/sid/icd-9-cm",
      "concept": [ {
        "code": "1280",
        "display": "Toxocariasi"
      }, {
        "code": "1281",
        "display": "Gnatostomiasi"
      }, {
        "code": "1288",
        "display": "Altre elmintiasi specificate"
      }, {
        "code": "1289",
        "display": "Infestazione da elminti, non specificata"
      } ]
    } ]
  }
}