{
  "resourceType": "ValueSet",
  "url": "http://hl7.org/fhir/sid/icd-9-cm-243",
  "version": "1.0",
  "name": "Diagnosi-Disordini del metabolismo e del trasporto dei carboidrati",
  "title": "Disordini del metabolismo e del trasporto dei carboidrati",
  "status": "active",
  "compose": {
    "include": [ {
      "system": "http://hl7.org/fhir/sid/icd-9-cm",
      "concept": [ {
        "code": "2710",
        "display": "Glicogenosi"
      }, {
        "code": "2711",
        "display": "Galattosemia"
      }, {
        "code": "2712",
        "display": "Intolleranza ereditaria al fruttosio"
      }, {
        "code": "2713",
        "display": "Deficit intestinale di disaccaridasi e malassorbimento dei disaccaridi"
      }, {
        "code": "2714",
        "display": "Glicosuria renale"
      }, {
        "code": "2718",
        "display": "Altri disordini specificati del trasporto e del metabolismo dei carboidrati"
      }, {
        "code": "2719",
        "display": "Disordini non specificati del metabolismo e del trasporto dei carboidrati"
      } ]
    } ]
  }
}