{
  "resourceType": "ValueSet",
  "url": "http://hl7.org/fhir/sid/icd-9-cm-961",
  "version": "1.0",
  "name": "Diagnosi-Dipendenza da apparecchiature meccaniche",
  "title": "Dipendenza da apparecchiature meccaniche",
  "status": "active",
  "compose": {
    "include": [ {
      "system": "http://hl7.org/fhir/sid/icd-9-cm",
      "concept": [ {
        "code": "V460",
        "display": "Dipendenza da aspiratore"
      }, {
        "code": "V461",
        "display": "Dipendenza da respitarore [Ventilatore]"
      }, {
        "code": "V4611",
        "display": "Stato di dipendenza da respiratore"
      }, {
        "code": "V4612",
        "display": "Insufficiente funzionamento di respiratore"
      }, {
        "code": "V4613",
        "display": "Distacco di respiratore[ventilatore]"
      }, {
        "code": "V4614",
        "display": "Problemi meccanici del respiratore [ventilatore]"
      }, {
        "code": "V462",
        "display": "Ossigeno supplementare"
      }, {
        "code": "V468",
        "display": "Dipendenza da altri apparecchi"
      }, {
        "code": "V469",
        "display": "Dipendenza da apparecchio non specificato"
      } ]
    } ]
  }
}