{
  "resourceType": "ValueSet",
  "url": "http://hl7.org/fhir/sid/icd-9-cm-623",
  "version": "1.0",
  "name": "Diagnosi-Affezioni eritematose",
  "title": "Affezioni eritematose",
  "status": "active",
  "compose": {
    "include": [ {
      "system": "http://hl7.org/fhir/sid/icd-9-cm",
      "concept": [ {
        "code": "6950",
        "display": "Eritema tossico"
      }, {
        "code": "6951",
        "display": "Eritema multiforme o polimorfo"
      }, {
        "code": "6952",
        "display": "Eritema nodoso"
      }, {
        "code": "6953",
        "display": "Rosacea"
      }, {
        "code": "6954",
        "display": "Lupus eritematoso"
      }, {
        "code": "6958",
        "display": "Altre affezioni eritematose specificate"
      }, {
        "code": "69581",
        "display": "Malattia di Ritter"
      }, {
        "code": "69589",
        "display": "Altre affezioni eritematose specificate"
      }, {
        "code": "6959",
        "display": "Affezioni eritematose non specificate"
      } ]
    } ]
  }
}