{
  "resourceType": "ValueSet",
  "url": "http://hl7.org/fhir/sid/icd-9-cm-253",
  "version": "1.0",
  "name": "Diagnosi-Altre anemie da carenza",
  "title": "Altre anemie da carenza",
  "status": "active",
  "compose": {
    "include": [ {
      "system": "http://hl7.org/fhir/sid/icd-9-cm",
      "concept": [ {
        "code": "2810",
        "display": "Anemia perniciosa"
      }, {
        "code": "2811",
        "display": "Altra anemia da carenza di vitamina B12"
      }, {
        "code": "2812",
        "display": "Anemia da carenza di folati"
      }, {
        "code": "2813",
        "display": "Altre anemie megaloblastiche specificate, non classificate altrove"
      }, {
        "code": "2814",
        "display": "Anemia da carenza proteica"
      }, {
        "code": "2818",
        "display": "Anemia associata ad altra carenza nutritiva specificata"
      }, {
        "code": "2819",
        "display": "Anemia da carenza non specificata"
      } ]
    } ]
  }
}