{
  "resourceType": "ValueSet",
  "url": "http://hl7.org/fhir/sid/icd-9-cm-544",
  "version": "1.0",
  "name": "Diagnosi-Altre patologie degli organi genitali maschili",
  "title": "Altre patologie degli organi genitali maschili",
  "status": "active",
  "compose": {
    "include": [ {
      "system": "http://hl7.org/fhir/sid/icd-9-cm",
      "concept": [ {
        "code": "6080",
        "display": "Flogosi delle vescichette seminali"
      }, {
        "code": "6081",
        "display": "Spermatocele"
      }, {
        "code": "6082",
        "display": "Torsione del testicolo"
      }, {
        "code": "60820",
        "display": "Torsione del testicolo, non specificato"
      }, {
        "code": "60821",
        "display": "Torsione extravaginale del funicolo spermatico"
      }, {
        "code": "60822",
        "display": "Torsione intravaginale del funicolo spermatico"
      }, {
        "code": "60823",
        "display": "Torsione dell' appendice del testicolo"
      }, {
        "code": "60824",
        "display": "Torsione dell' appendice dell' epididimo"
      }, {
        "code": "6083",
        "display": "Atrofia del testicolo"
      }, {
        "code": "6084",
        "display": "Altre patologie infiammatorie degli organi genitali maschili"
      }, {
        "code": "6088",
        "display": "Altre patologie specificate degli organi genitali maschili"
      }, {
        "code": "60881",
        "display": "Patologie degli organi genitali maschili in malattie classificate altrove"
      }, {
        "code": "60882",
        "display": "Ematospermia"
      }, {
        "code": "60883",
        "display": "Patologie vascolari degli organi genitali maschili"
      }, {
        "code": "60884",
        "display": "Chilocele della tunica vaginale"
      }, {
        "code": "60885",
        "display": "Stenosi degli organi genitali maschili"
      }, {
        "code": "60886",
        "display": "Edema degli organi genitali maschili"
      }, {
        "code": "60887",
        "display": "Eiaculazione retrograda"
      }, {
        "code": "60889",
        "display": "Altre patologie specificate degli organi genitali maschili"
      }, {
        "code": "6089",
        "display": "Patologia non specificata degli organi genitali maschili"
      } ]
    } ]
  }
}