{
  "resourceType": "ValueSet",
  "url": "http://hl7.org/fhir/sid/icd-9-cm-1",
  "version": "1.0",
  "name": "Diagnosi-Colera",
  "title": "Colera",
  "status": "active",
  "compose": {
    "include": [ {
      "system": "http://hl7.org/fhir/sid/icd-9-cm",
      "concept": [ {
        "code": "0010",
        "display": "Colera da Vibrio cholerae"
      }, {
        "code": "0011",
        "display": "Colera da Vibrio cholerae el tor"
      }, {
        "code": "0019",
        "display": "Colera non specificato"
      } ]
    } ]
  }
}