{
  "resourceType": "ValueSet",
  "url": "http://hl7.org/fhir/sid/icd-9-cm-579",
  "version": "1.0",
  "name": "Diagnosi-Altre complicazioni della gravidanza non classificate altrove",
  "title": "Altre complicazioni della gravidanza non classificate altrove",
  "status": "active",
  "compose": {
    "include": [ {
      "system": "http://hl7.org/fhir/sid/icd-9-cm",
      "concept": [ {
        "code": "6460",
        "display": "Feto papiraceo"
      }, {
        "code": "64600",
        "display": "Feto papiraceo, episodio di cura non specificato"
      }, {
        "code": "64601",
        "display": "Feto papiraceo, parto, con o senza menzione della condizione antepartum"
      }, {
        "code": "64603",
        "display": "Feto papiraceo, condizione o complicazione antepartum"
      }, {
        "code": "6461",
        "display": "Edema o aumento eccessivo del peso in gravidanza, senza menzione di ipertensione"
      }, {
        "code": "64610",
        "display": "Edema o aumento eccessivo del peso in gravidanza, senza menzione di ipertensione, episodio di cura non specificato"
      }, {
        "code": "64611",
        "display": "Edema o aumento eccessivo del peso in gravidanza, senza menzione di ipertensione, parto, con o senza menzione della condizione antepartum"
      }, {
        "code": "64612",
        "display": "Edema o aumento eccessivo del peso in gravidanza, senza menzione di ipertensione, parto, con menzione della complicazione postpartum"
      }, {
        "code": "64613",
        "display": "Edema o aumento eccessivo del peso in gravidanza, senza menzione di ipertensione, condizione o complicazione antepartum"
      }, {
        "code": "64614",
        "display": "Edema o aumento eccessivo del peso in gravidanza, senza menzione di ipertensione, condizione o complicazione postpartum"
      }, {
        "code": "6462",
        "display": "Malattia renale non specificata in gravidanza, senza menzione di ipertensione"
      }, {
        "code": "64620",
        "display": "Malattia renale non specificata in gravidanza, senza menzione di ipertensione, episodio di cura non specificato"
      }, {
        "code": "64621",
        "display": "Malattia renale non specificata in gravidanza, senza menzione di ipertensione, parto, con o senza menzione della condizione antepartum"
      }, {
        "code": "64622",
        "display": "Malattia renale non specificata in gravidanza, senza menzione di ipertensione, parto, con menzione della complicazione postpartum"
      }, {
        "code": "64623",
        "display": "Malattia renale non specificata in gravidanza, senza menzione di ipertensione, condizione o complicazione antepartum"
      }, {
        "code": "64624",
        "display": "Malattia renale non specificata in gravidanza, senza menzione di ipertensione, condizione o complicazione postpartum"
      }, {
        "code": "6463",
        "display": "Donna che abortisce abitualmente"
      }, {
        "code": "64630",
        "display": "Donna che abortisce abitualmente, episodio di cura non specificato"
      }, {
        "code": "64631",
        "display": "Donna che abortisce abitualmente, parto, con o senza menzione della condizione antepartum"
      }, {
        "code": "64633",
        "display": "Donna che abortisce abitualmente, condizione o complicazione antepartum"
      }, {
        "code": "6464",
        "display": "Nevrite periferica in gravidanza"
      }, {
        "code": "64640",
        "display": "Nevrite periferica in gravidanza, episodio di cura non specificato"
      }, {
        "code": "64641",
        "display": "Nevrite periferica in gravidanza, parto, con o senza menzione della condizione antepartum"
      }, {
        "code": "64642",
        "display": "Nevrite periferica in gravidanza, parto, con menzione della complicazione postpartum"
      }, {
        "code": "64643",
        "display": "Nevrite periferica in gravidanza, condizione o complicazione antepartum"
      }, {
        "code": "64644",
        "display": "Nevrite periferica in gravidanza, condizione o complicazione postpartum"
      }, {
        "code": "6465",
        "display": "Batteriuria asintomatica in gravidanza"
      }, {
        "code": "64650",
        "display": "Batteriuria asintomatica in gravidanza, episodio di cura non specificato"
      }, {
        "code": "64651",
        "display": "Batteriuria asintomatica in gravidanza, parto, con o senza menzione della condizione antepartum"
      }, {
        "code": "64652",
        "display": "Batteriuria asintomatica in gravidanza, parto, con menzione della complicazione postpartum"
      }, {
        "code": "64653",
        "display": "Batteriuria asintomatica in gravidanza, condizione o complicazione antepartum"
      }, {
        "code": "64654",
        "display": "Batteriuria asintomatica in gravidanza, condizione o complicazione postpartum"
      }, {
        "code": "6466",
        "display": "Infezioni dell' apparato genitourinario in gravidanza"
      }, {
        "code": "64660",
        "display": "Infezioni dell' apparato genitourinario in gravidanza, episodio di cura non specificato"
      }, {
        "code": "64661",
        "display": "Infezioni dell' apparato genitourinario in gravidanza, parto, con o senza menzione della condizione antepartum"
      }, {
        "code": "64662",
        "display": "Infezioni dell' apparato genitourinario in gravidanza, parto, con menzione della complicazione postpartum"
      }, {
        "code": "64663",
        "display": "Infezioni dell' apparato genitourinario in gravidanza, condizione o complicazione antepartum"
      }, {
        "code": "64664",
        "display": "Infezioni dell' apparato genitourinario in gravidanza, condizione o complicazione postpartum"
      }, {
        "code": "6467",
        "display": "Disordini del fegato in gravidanza"
      }, {
        "code": "64670",
        "display": "Disordini del fegato in gravidanza, episodio di cura non specificato"
      }, {
        "code": "64671",
        "display": "Disordini del fegato in gravidanza, parto, con o senza menzione della condizione antepartum"
      }, {
        "code": "64673",
        "display": "Disordini del fegato in gravidanza, condizione o complicazione antepartum"
      }, {
        "code": "6468",
        "display": "Altre complicazioni specificate della gravidanza"
      }, {
        "code": "64680",
        "display": "Altre complicazioni specificate della gravidanza, episodio di cura non specificato"
      }, {
        "code": "64681",
        "display": "Altre complicazioni specificate della gravidanza, parto, con o senza menzione della condizione antepartum"
      }, {
        "code": "64682",
        "display": "Altre complicazioni specificate della gravidanza, parto, con menzione della complicazione postpartum"
      }, {
        "code": "64683",
        "display": "Altre complicazioni specificate della gravidanza, condizione o complicazione antepartum"
      }, {
        "code": "64684",
        "display": "Altre complicazioni specificate della gravidanza, condizione o complicazione postpartum"
      }, {
        "code": "6469",
        "display": "Complicazione non specificata della gravidanza"
      }, {
        "code": "64690",
        "display": "Complicazione non specificata della gravidanza, episodio di cura non specificato"
      }, {
        "code": "64691",
        "display": "Complicazione non specificata della gravidanza, parto, con o senza menzione della condizione antepartum"
      }, {
        "code": "64693",
        "display": "Complicazione non specificata della gravidanza, condizione o complicazione antepartum"
      } ]
    } ]
  }
}