{
  "resourceType": "ValueSet",
  "url": "http://hl7.org/fhir/sid/icd-9-cm-990",
  "version": "1.0",
  "name": "Diagnosi-Esame speciale per l'individuazione di altre malattie infettive",
  "title": "Esame speciale per l'individuazione di altre malattie infettive",
  "status": "active",
  "compose": {
    "include": [ {
      "system": "http://hl7.org/fhir/sid/icd-9-cm",
      "concept": [ {
        "code": "V750",
        "display": "Esame per l'individuazione di rickettsiosi"
      }, {
        "code": "V751",
        "display": "Esame per l'individuazione di malaria"
      }, {
        "code": "V752",
        "display": "Esame per l'individuazione di leishmaniosi"
      }, {
        "code": "V753",
        "display": "Esame per l'individuazione di tripanosomiasi"
      }, {
        "code": "V754",
        "display": "Esame per l'individuazione di infezioni micotiche"
      }, {
        "code": "V755",
        "display": "Esame per l'individuazione di schistosomiasi"
      }, {
        "code": "V756",
        "display": "Esame per l'individuazione di filariasi"
      }, {
        "code": "V757",
        "display": "Esame per l'individuazione di elmintiasi intestinale"
      }, {
        "code": "V758",
        "display": "Esame per l'individuazione di altre infezioni parassitarie specificate"
      }, {
        "code": "V759",
        "display": "Esame per l'individuazione di malattia infettiva non specificata"
      } ]
    } ]
  }
}