{
  "resourceType": "ValueSet",
  "url": "http://hl7.org/fhir/sid/icd-9-cm-569",
  "version": "1.0",
  "name": "Diagnosi-Aborto illegale",
  "title": "Aborto illegale",
  "status": "active",
  "compose": {
    "include": [ {
      "system": "http://hl7.org/fhir/sid/icd-9-cm",
      "concept": [ {
        "code": "6360",
        "display": "Aborto illegale complicato da infezione del tratto genitale e pelvico"
      }, {
        "code": "63600",
        "display": "Aborto illegale complicato da infezione del tratto genitale e pelvico, non specificato se completo o incompleto"
      }, {
        "code": "63601",
        "display": "Aborto illegale complicato da infezione del tratto genitale e pelvico, incompleto"
      }, {
        "code": "63602",
        "display": "Aborto illegale complicato da infezione del tratto genitale e pelvico, completo"
      }, {
        "code": "6361",
        "display": "Aborto illegale complicato da emorragia tardiva o eccessiva"
      }, {
        "code": "63610",
        "display": "Aborto illegale complicato da emorragia tardiva o eccessiva, non specificato se completo o incompleto"
      }, {
        "code": "63611",
        "display": "Aborto illegale complicato da emorragia tardiva o eccessiva, incompleto"
      }, {
        "code": "63612",
        "display": "Aborto illegale complicato da emorragia tardiva o eccessiva, completo"
      }, {
        "code": "6362",
        "display": "Aborto illegale complicato da danno agli organi o tessuti pelvici"
      }, {
        "code": "63620",
        "display": "Aborto illegale complicato da danno agli organi o tessuti pelvici, non specificato se completo o incompleto"
      }, {
        "code": "63621",
        "display": "Aborto illegale complicato da danno agli organi o tessuti pelvici, incompleto"
      }, {
        "code": "63622",
        "display": "Aborto illegale complicato da danno agli organi o tessuti pelvici, completo"
      }, {
        "code": "6363",
        "display": "Aborto illegale complicato da insufficienza renale"
      }, {
        "code": "63630",
        "display": "Aborto illegale complicato da insufficienza renale, non specificato se completo o incompleto"
      }, {
        "code": "63631",
        "display": "Aborto illegale complicato da insufficienza renale, incompleto"
      }, {
        "code": "63632",
        "display": "Aborto illegale complicato da insufficienza renale, completo"
      }, {
        "code": "6364",
        "display": "Aborto illegale complicato da disordine metabolico"
      }, {
        "code": "63640",
        "display": "Aborto illegale complicato da disordine metabolico, non specificato se completo o incompleto"
      }, {
        "code": "63641",
        "display": "Aborto illegale complicato da disordine metabolico, incompleto"
      }, {
        "code": "63642",
        "display": "Aborto illegale complicato da disordine metabolico, completo"
      }, {
        "code": "6365",
        "display": "Aborto illegale complicato da shock"
      }, {
        "code": "63650",
        "display": "Aborto illegale complicato da shock, non specificato se completo o incompleto"
      }, {
        "code": "63651",
        "display": "Aborto illegale complicato da shock, incompleto"
      }, {
        "code": "63652",
        "display": "Aborto illegale complicato da shock, completo"
      }, {
        "code": "6366",
        "display": "Aborto illegale complicato da embolia"
      }, {
        "code": "63660",
        "display": "Aborto illegale complicato da embolia, non specificato se completo o incompleto"
      }, {
        "code": "63661",
        "display": "Aborto illegale complicato da embolia, incompleto"
      }, {
        "code": "63662",
        "display": "Aborto illegale complicato da embolia, completo"
      }, {
        "code": "6367",
        "display": "Aborto illegale con altre complicazioni specificate"
      }, {
        "code": "63670",
        "display": "Aborto illegale con altre complicazioni specificate, non specificato se completo o incompleto"
      }, {
        "code": "63671",
        "display": "Aborto illegale con altre complicazioni specificate, incompleto"
      }, {
        "code": "63672",
        "display": "Aborto illegale con altre complicazioni specificate, completo"
      }, {
        "code": "6368",
        "display": "Aborto illegale con complicazione non specificata"
      }, {
        "code": "63680",
        "display": "Aborto illegale con complicazione non specificata, non specificato se completo o incompleto"
      }, {
        "code": "63681",
        "display": "Aborto illegale con complicazione non specificata, incompleto"
      }, {
        "code": "63682",
        "display": "Aborto illegale con complicazione non specificata, completo"
      }, {
        "code": "6369",
        "display": "Aborto illegale senza complicazione riferita"
      }, {
        "code": "63690",
        "display": "Aborto illegale senza complicazione riferita, non specificato se completo o incompleto"
      }, {
        "code": "63691",
        "display": "Aborto illegale senza complicazione riferita incompleto"
      }, {
        "code": "63692",
        "display": "Aborto illegale senza complicazione riferita, completo"
      } ]
    } ]
  }
}