{
  "resourceType": "ValueSet",
  "url": "http://hl7.org/fhir/sid/icd-9-cm-639",
  "version": "1.0",
  "name": "Diagnosi-Artropatie da microcristalli",
  "title": "Artropatie da microcristalli",
  "status": "active",
  "compose": {
    "include": [ {
      "system": "http://hl7.org/fhir/sid/icd-9-cm",
      "concept": [ {
        "code": "7121",
        "display": "Condrocalcinosi da cristalli di fosfato bibasico di calcio"
      }, {
        "code": "71210",
        "display": "Condrocalcinosi da cristalli di fosfato bibasico di calcio, sede non specificata"
      }, {
        "code": "71211",
        "display": "Condrocalcinosi da cristalli di fosfato bibasico di calcio, spalla"
      }, {
        "code": "71212",
        "display": "Condrocalcinosi da cristalli di fosfato bibasico di calcio, gomito"
      }, {
        "code": "71213",
        "display": "Condrocalcinosi da cristalli di fosfato bibasico di calcio, polso"
      }, {
        "code": "71214",
        "display": "Condrocalcinosi da cristalli di fosfato bibasico di calcio, carpo, metacarpo ed articolazioni interfalangee della mano"
      }, {
        "code": "71215",
        "display": "Condrocalcinosi da cristalli di fosfato bibasico di calcio, anca"
      }, {
        "code": "71216",
        "display": "Condrocalcinosi da cristalli di fosfato bibasico di calcio, ginocchio"
      }, {
        "code": "71217",
        "display": "Condrocalcinosi da cristalli di fosfato bibasico di calcio, tibio-tarsica ed articolazioni del piede"
      }, {
        "code": "71218",
        "display": "Condrocalcinosi da cristalli di fosfato bibasico di calcio, altre sedi specificate"
      }, {
        "code": "71219",
        "display": "Condrocalcinosi da cristalli di fosfato bibasico di calcio, sedi multiple"
      }, {
        "code": "7122",
        "display": "Condrocalcinosi da cristalli di pirofosfato"
      }, {
        "code": "71220",
        "display": "Condrocalcinosi da cristalli di pirofosfato, sede non specificata"
      }, {
        "code": "71221",
        "display": "Condrocalcinosi da cristalli di pirofosfato, spalla"
      }, {
        "code": "71222",
        "display": "Condrocalcinosi da cristalli di pirofosfato, gomito"
      }, {
        "code": "71223",
        "display": "Condrocalcinosi da cristalli di pirofosfato, polso"
      }, {
        "code": "71224",
        "display": "Condrocalcinosi da cristalli di pirofosfato, carpo, metacarpo ed articolazioni interfalangee della mano"
      }, {
        "code": "71225",
        "display": "Condrocalcinosi da cristalli di pirofosfato, anca"
      }, {
        "code": "71226",
        "display": "Condrocalcinosi da cristalli di pirofosfato, ginocchio"
      }, {
        "code": "71227",
        "display": "Condrocalcinosi da cristalli di pirofosfato, tibio-tarsica ed articolazioni del piede"
      }, {
        "code": "71228",
        "display": "Condrocalcinosi da cristalli di pirofosfato, altre sedi specificate"
      }, {
        "code": "71229",
        "display": "Condrocalcinosi da cristalli di pirofosfato, sedi multiple"
      }, {
        "code": "7123",
        "display": "Condrocalcinosi non specificata"
      }, {
        "code": "71230",
        "display": "Condrocalcinosi non specificata, sede non specificata"
      }, {
        "code": "71231",
        "display": "Condrocalcinosi non specificata, spalla"
      }, {
        "code": "71232",
        "display": "Condrocalcinosi non specificata, gomito"
      }, {
        "code": "71233",
        "display": "Condrocalcinosi non specificata, polso"
      }, {
        "code": "71234",
        "display": "Condrocalcinosi non specificata, carpo, metacarpo ed articolazioni interfalangee della mano"
      }, {
        "code": "71235",
        "display": "Condrocalcinosi non specificata, anca"
      }, {
        "code": "71236",
        "display": "Condrocalcinosi non specificata, ginocchio"
      }, {
        "code": "71237",
        "display": "Condrocalcinosi non specificata, tibio-tarsica ed articolazioni del piede"
      }, {
        "code": "71238",
        "display": "Condrocalcinosi non specificata, altre sedi specificate"
      }, {
        "code": "71239",
        "display": "Condrocalcinosi non specificata, sedi multiple"
      }, {
        "code": "7128",
        "display": "Altre artropatie da microcristalli"
      }, {
        "code": "71280",
        "display": "Altre artropatie da microcristalli, sede non specificata"
      }, {
        "code": "71281",
        "display": "Altre artropatie da microcristalli, spalla"
      }, {
        "code": "71282",
        "display": "Altre artropatie da microcristalli, gomito"
      }, {
        "code": "71283",
        "display": "Altre artropatie da microcristalli, polso"
      }, {
        "code": "71284",
        "display": "Altre artropatie da microcristalli, carpo, metacarpo ed articolazioni interfalangee della mano"
      }, {
        "code": "71285",
        "display": "Altre artropatie da microcristalli, anca"
      }, {
        "code": "71286",
        "display": "Altre artropatie da microcristalli, ginocchio"
      }, {
        "code": "71287",
        "display": "Altre artropatie da microcristalli, tibio-tarsica ed articolazioni del piede"
      }, {
        "code": "71288",
        "display": "Altre artropatie da microcristalli, altre sedi specificate"
      }, {
        "code": "71289",
        "display": "Altre artropatie da microcristalli, sedi multiple"
      }, {
        "code": "7129",
        "display": "Artropatia non specificata da microcristalli"
      }, {
        "code": "71290",
        "display": "Artropatia non specificata da microcristalli, sede non specificata"
      }, {
        "code": "71291",
        "display": "Artropatia non specificata da microcristalli, spalla"
      }, {
        "code": "71292",
        "display": "Artropatia non specificata da microcristalli, gomito"
      }, {
        "code": "71293",
        "display": "Artropatia non specificata da microcristalli, polso"
      }, {
        "code": "71294",
        "display": "Artropatia non specificata da microcristalli, carpo, metacarpo ed articolazioni interfalangee della mano"
      }, {
        "code": "71295",
        "display": "Artropatia non specificata da microcristalli, anca"
      }, {
        "code": "71296",
        "display": "Artropatia non specificata da microcristalli, ginocchio"
      }, {
        "code": "71297",
        "display": "Artropatia non specificata da microcristalli, tibio-tarsica ed articolazioni del piede"
      }, {
        "code": "71298",
        "display": "Artropatia non specificata da microcristalli, altre sedi specificate"
      }, {
        "code": "71299",
        "display": "Artropatia non specificata da microcristalli, sedi multiple"
      } ]
    } ]
  }
}