{
  "resourceType": "ValueSet",
  "url": "http://hl7.org/fhir/sid/icd-9-cm-743",
  "version": "1.0",
  "name": "Diagnosi-Frattura di una o piu' falangi della mano",
  "title": "Frattura di una o piu' falangi della mano",
  "status": "active",
  "compose": {
    "include": [ {
      "system": "http://hl7.org/fhir/sid/icd-9-cm",
      "concept": [ {
        "code": "8160",
        "display": "Frattura chiusa"
      }, {
        "code": "81600",
        "display": "Frattura chiusa, una o piu' falangi, non specificata"
      }, {
        "code": "81601",
        "display": "Frattura chiusa, una o piu' falangi medie o prossimali"
      }, {
        "code": "81602",
        "display": "Frattura chiusa, una o piu' falangi distali"
      }, {
        "code": "81603",
        "display": "Frattura chiusa, siti multipli"
      }, {
        "code": "8161",
        "display": "Frattura esposta"
      }, {
        "code": "81610",
        "display": "Frattura esposta, una o piu' falangi, non specificata"
      }, {
        "code": "81611",
        "display": "Frattura esposta, una o piu' falangi medie o prossimali"
      }, {
        "code": "81612",
        "display": "Frattura esposta, una o piu' falangi distali"
      }, {
        "code": "81613",
        "display": "Frattura esposta, siti multipli"
      } ]
    } ]
  }
}