{
  "resourceType": "ValueSet",
  "url": "http://hl7.org/fhir/sid/icd-9-cm-887",
  "version": "1.0",
  "name": "Diagnosi-Avvelenamento da stimolanti del sistema nervoso centrale",
  "title": "Avvelenamento da stimolanti del sistema nervoso centrale",
  "status": "active",
  "compose": {
    "include": [ {
      "system": "http://hl7.org/fhir/sid/icd-9-cm",
      "concept": [ {
        "code": "9700",
        "display": "Avvelenamento da analettici"
      }, {
        "code": "9701",
        "display": "Avvelenamento da antagonisti degli oppiacei"
      }, {
        "code": "9708",
        "display": "Avvelenamento da altri stimolanti specificati del sistema nervoso centrale"
      }, {
        "code": "9709",
        "display": "Avvelenamento da stimolanti non specificati del sistema nervoso centrale"
      } ]
    } ]
  }
}