{
  "resourceType": "ValueSet",
  "url": "http://hl7.org/fhir/sid/icd-9-cm-916",
  "version": "1.0",
  "name": "Diagnosi-Complicazioni di cure mediche non classificate altrove",
  "title": "Complicazioni di cure mediche non classificate altrove",
  "status": "active",
  "compose": {
    "include": [ {
      "system": "http://hl7.org/fhir/sid/icd-9-cm",
      "concept": [ {
        "code": "9990",
        "display": "Vaccino generalizzato come complicazione di cure mediche, non classificate altrove"
      }, {
        "code": "9991",
        "display": "Embolia gassosa come complicazione di cure mediche, non classificata altrove"
      }, {
        "code": "9992",
        "display": "Altre complicazioni vascolari di cure mediche, non classificate altrove"
      }, {
        "code": "9993",
        "display": "Altre infezioni da cure mediche, non classificate altrove"
      }, {
        "code": "9994",
        "display": "Shock anafilattico da siero, non classificato altrove"
      }, {
        "code": "9995",
        "display": "Altre reazioni da siero, non classificate altrove"
      }, {
        "code": "9996",
        "display": "Reazione di incompatibilita' ABO, non classificata altrove"
      }, {
        "code": "9997",
        "display": "Reazione di incompatibilita' RH, non classificata altrove"
      }, {
        "code": "9998",
        "display": "Altre reazioni trasfusionali, non classificate altrove"
      }, {
        "code": "9999",
        "display": "Altre e non specificate complicazioni di cure mediche, non classificate altrove"
      } ]
    } ]
  }
}