{
  "resourceType": "ValueSet",
  "url": "http://hl7.org/fhir/sid/icd-9-cm-319",
  "version": "1.0",
  "name": "Diagnosi-Disturbi del nervo trigemino",
  "title": "Disturbi del nervo trigemino",
  "status": "active",
  "compose": {
    "include": [ {
      "system": "http://hl7.org/fhir/sid/icd-9-cm",
      "concept": [ {
        "code": "3501",
        "display": "Nevralgia del trigemino"
      }, {
        "code": "3502",
        "display": "Dolore facciale atipico"
      }, {
        "code": "3508",
        "display": "Altri specificati disturbi del nervo trigemino"
      }, {
        "code": "3509",
        "display": "Disturbo del nervo trigemino non specificato"
      } ]
    } ]
  }
}