{
  "resourceType": "ValueSet",
  "url": "http://hl7.org/fhir/sid/icd-9-cm-244",
  "version": "1.0",
  "name": "Diagnosi-Disordini del metabolismo dei lipidi",
  "title": "Disordini del metabolismo dei lipidi",
  "status": "active",
  "compose": {
    "include": [ {
      "system": "http://hl7.org/fhir/sid/icd-9-cm",
      "concept": [ {
        "code": "2720",
        "display": "Ipercolesterolemia pura"
      }, {
        "code": "2721",
        "display": "Ipergliceridemia pura"
      }, {
        "code": "2722",
        "display": "Iperlipidemia mista"
      }, {
        "code": "2723",
        "display": "Iperchilomicronemia"
      }, {
        "code": "2724",
        "display": "Altre e non specificate iperlipidemie"
      }, {
        "code": "2725",
        "display": "Carenza di lipoproteine"
      }, {
        "code": "2726",
        "display": "Lipodistrofia"
      }, {
        "code": "2727",
        "display": "Lipidosi"
      }, {
        "code": "2728",
        "display": "Altri disordini del metabolismo dei lipoidi"
      }, {
        "code": "2729",
        "display": "Disordini non specificati del metabolismo dei lipoidi"
      } ]
    } ]
  }
}