{
  "resourceType": "ValueSet",
  "url": "http://hl7.org/fhir/sid/icd-9-cm-463",
  "version": "1.0",
  "name": "Diagnosi-Altre pneumopatie alveolari e parietoalveolari",
  "title": "Altre pneumopatie alveolari e parietoalveolari",
  "status": "active",
  "compose": {
    "include": [ {
      "system": "http://hl7.org/fhir/sid/icd-9-cm",
      "concept": [ {
        "code": "5160",
        "display": "Proteinosi alveolare polmonare"
      }, {
        "code": "5161",
        "display": "Emosiderosi polmonare idiopatica"
      }, {
        "code": "5162",
        "display": "Microlitiasi alveolare polmonare"
      }, {
        "code": "5163",
        "display": "Alveolite fibrosante idiopatica"
      }, {
        "code": "5168",
        "display": "Altre pneumopatie alveolari e parietoalveolari specificate"
      }, {
        "code": "5169",
        "display": "Pneumopatie alveolari e parietoalveolari non specificate"
      } ]
    } ]
  }
}