{
  "resourceType": "ValueSet",
  "url": "http://hl7.org/fhir/sid/icd-9-cm-408",
  "version": "1.0",
  "name": "Diagnosi-Flebite e tromboflebite",
  "title": "Flebite e tromboflebite",
  "status": "active",
  "compose": {
    "include": [ {
      "system": "http://hl7.org/fhir/sid/icd-9-cm",
      "concept": [ {
        "code": "4510",
        "display": "Flebite e tromboflebite dei vasi superficiali delle estremita' inferiori"
      }, {
        "code": "4511",
        "display": "Flebite e tromboflebite delle vene profonde delle estremita' inferiori"
      }, {
        "code": "45111",
        "display": "Flebite e tromboflebite della vena femorale (profonda) (superficiale)"
      }, {
        "code": "45119",
        "display": "Flebite e tromboflebite di altre vene profonde delle estremita' inferiori"
      }, {
        "code": "4512",
        "display": "Flebite e tromboflebite delle estremita' inferiori, non specificate"
      }, {
        "code": "4518",
        "display": "Flebite e tromboflebite di altre sedi"
      }, {
        "code": "45181",
        "display": "Flebite e tromboflebite della vena iliaca"
      }, {
        "code": "45182",
        "display": "Flebite e tromboflebite delle vene superficiali delle estremita' superiori"
      }, {
        "code": "45183",
        "display": "Flebite e tromboflebite delle vene profonde delle estremita' superiori"
      }, {
        "code": "45184",
        "display": "Flebite e tromboflebite non specificate delle estremita' superiori"
      }, {
        "code": "45189",
        "display": "Flebite e tromboflebite di altre sedi"
      }, {
        "code": "4519",
        "display": "Flebite e tromboflebite di sedi non specificate"
      } ]
    } ]
  }
}