{
  "resourceType": "ValueSet",
  "url": "http://hl7.org/fhir/sid/icd-9-cm-933",
  "version": "1.0",
  "name": "Diagnosi-Anamnesi familiare di alcune malattie croniche invalidanti",
  "title": "Anamnesi familiare di alcune malattie croniche invalidanti",
  "status": "active",
  "compose": {
    "include": [ {
      "system": "http://hl7.org/fhir/sid/icd-9-cm",
      "concept": [ {
        "code": "V170",
        "display": "Anamnesi familiare di affezioni psichiatriche"
      }, {
        "code": "V171",
        "display": "Anamnesi familiare di attacco cerebrovascolare"
      }, {
        "code": "V172",
        "display": "Anamnesi familiare di altre malattie neurologiche"
      }, {
        "code": "V173",
        "display": "Anamnesi familiare di malattia ischemica del cuore"
      }, {
        "code": "V174",
        "display": "Anamnesi familiare di altre malattie cardiovascolari"
      }, {
        "code": "V175",
        "display": "Anamnesi familiare di asma"
      }, {
        "code": "V176",
        "display": "Anamnesi familiare di altre manifestazioni morbose respiratorie croniche"
      }, {
        "code": "V177",
        "display": "Anamnesi familiare di artrite"
      }, {
        "code": "V178",
        "display": "Anamnesi familiare di altre malattie osteomuscolari"
      }, {
        "code": "V1781",
        "display": "Anamnesi familiare di osteoporosi"
      }, {
        "code": "V1789",
        "display": "Anamnesi familiare di altre malattie osteomuscolari"
      } ]
    } ]
  }
}