{
  "resourceType": "ValueSet",
  "url": "http://hl7.org/fhir/sid/icd-9-cm-562",
  "version": "1.0",
  "name": "Diagnosi-Altre patologie degli organi genitali femminili",
  "title": "Altre patologie degli organi genitali femminili",
  "status": "active",
  "compose": {
    "include": [ {
      "system": "http://hl7.org/fhir/sid/icd-9-cm",
      "concept": [ {
        "code": "6290",
        "display": "Ematocele, nella donna, non classificato altrove"
      }, {
        "code": "6291",
        "display": "Idrocele del canale di Nuck"
      }, {
        "code": "6292",
        "display": "Mutilazione genitale femminile"
      }, {
        "code": "62920",
        "display": "Mutilazione genitale femminile, non specificata"
      }, {
        "code": "62921",
        "display": "Mutilazione genitale femminile di tipo I"
      }, {
        "code": "62922",
        "display": "Mutilazione genitale femminile di tipo II"
      }, {
        "code": "62923",
        "display": "Mutilazione genitale femminile di tipo"
      }, {
        "code": "62929",
        "display": "Altre mutilazioni dei genitali femminili"
      }, {
        "code": "6298",
        "display": "Altre patologie specificate degli organi genitali femminili"
      }, {
        "code": "62981",
        "display": "Aborto abituale senza gravidanza in atto"
      }, {
        "code": "62989",
        "display": "Altri disordini specificati degli organi genitali femminili"
      }, {
        "code": "6299",
        "display": "Patologia non specificata degli organi genitali femminili"
      } ]
    } ]
  }
}