{
  "resourceType": "ValueSet",
  "url": "http://hl7.org/fhir/sid/icd-9-cm-272",
  "version": "1.0",
  "name": "Diagnosi-Disturbi d'ansia, dissociativi e somatoformi",
  "title": "Disturbi d'ansia, dissociativi e somatoformi",
  "status": "active",
  "compose": {
    "include": [ {
      "system": "http://hl7.org/fhir/sid/icd-9-cm",
      "concept": [ {
        "code": "3000",
        "display": "Stati di ansia"
      }, {
        "code": "30000",
        "display": "Stato ansioso non specificato"
      }, {
        "code": "30001",
        "display": "Disturbo di panico senza agorafobia"
      }, {
        "code": "30002",
        "display": "Disturbo ansioso generalizzato"
      }, {
        "code": "30009",
        "display": "Altri"
      }, {
        "code": "3001",
        "display": "Disturbi dissociativi, di conversione e fittizi"
      }, {
        "code": "30010",
        "display": "Isteria non specificata"
      }, {
        "code": "30011",
        "display": "Disturbo da conversione"
      }, {
        "code": "30012",
        "display": "Amnesia dissociativa"
      }, {
        "code": "30013",
        "display": "Fuga dissociativa"
      }, {
        "code": "30014",
        "display": "Disturbo dissociativo dell' identita'"
      }, {
        "code": "30015",
        "display": "Disturbo o reazione dissociativa non specificata"
      }, {
        "code": "30016",
        "display": "Disturbo fittizio con predominanti segni e sintomi psicologici"
      }, {
        "code": "30019",
        "display": "Altro e non specificato disturbo fittizio"
      }, {
        "code": "3002",
        "display": "Disturbi fobici"
      }, {
        "code": "30020",
        "display": "Fobia, non specificata"
      }, {
        "code": "30021",
        "display": "Agorafobia con disturbo di panico"
      }, {
        "code": "30022",
        "display": "Agorafobia senza attacchi di panico riferiti"
      }, {
        "code": "30023",
        "display": "Fobia sociale"
      }, {
        "code": "30029",
        "display": "Altre fobie specifiche o isolate"
      }, {
        "code": "3003",
        "display": "Disturbi ossessivo-compulsivi"
      }, {
        "code": "3004",
        "display": "Disturbo distimico"
      }, {
        "code": "3005",
        "display": "Nevrastenia"
      }, {
        "code": "3006",
        "display": "Disturbo di depersonalizzazione"
      }, {
        "code": "3007",
        "display": "Ipocondria"
      }, {
        "code": "3008",
        "display": "Disturbi somatoformi"
      }, {
        "code": "30081",
        "display": "Disturbo di somatizzazione"
      }, {
        "code": "30082",
        "display": "Disturbo somatoforme indifferenziato"
      }, {
        "code": "30089",
        "display": "Altri disturbi somatoformi"
      }, {
        "code": "3009",
        "display": "Disturbomentale non psicotico non specificato"
      } ]
    } ]
  }
}