{
  "resourceType": "ValueSet",
  "url": "http://hl7.org/fhir/sid/icd-9-cm-22",
  "version": "1.0",
  "name": "Diagnosi-Brucellosi",
  "title": "Brucellosi",
  "status": "active",
  "compose": {
    "include": [ {
      "system": "http://hl7.org/fhir/sid/icd-9-cm",
      "concept": [ {
        "code": "0230",
        "display": "Brucella melitensis"
      }, {
        "code": "0231",
        "display": "Brucella abortus"
      }, {
        "code": "0232",
        "display": "Brucella suis"
      }, {
        "code": "0233",
        "display": "Brucella canis"
      }, {
        "code": "0238",
        "display": "Altre brucellosi"
      }, {
        "code": "0239",
        "display": "Brucellosi non specificata"
      } ]
    } ]
  }
}