{
  "resourceType": "ValueSet",
  "url": "http://hl7.org/fhir/sid/icd-9-cm-559",
  "version": "1.0",
  "name": "Diagnosi-Disordini mestruali ed altri sanguinamenti anomali del tratto genitale femminile",
  "title": "Disordini mestruali ed altri sanguinamenti anomali del tratto genitale femminile",
  "status": "active",
  "compose": {
    "include": [ {
      "system": "http://hl7.org/fhir/sid/icd-9-cm",
      "concept": [ {
        "code": "6260",
        "display": "Assenza di mestruazioni"
      }, {
        "code": "6261",
        "display": "Mestruazioni scarse o rare"
      }, {
        "code": "6262",
        "display": "Mestruazioni abbondanti o frequenti"
      }, {
        "code": "6263",
        "display": "Sanguinamento in epoca puberale"
      }, {
        "code": "6264",
        "display": "Irregolarita' del ciclo mestruale"
      }, {
        "code": "6265",
        "display": "Sanguinamento in fase ovulatoria"
      }, {
        "code": "6266",
        "display": "Metrorragia"
      }, {
        "code": "6267",
        "display": "Sanguinamento postcoitale"
      }, {
        "code": "6268",
        "display": "Altri disordini mestruali ed altri sanguinamenti anomali del tratto genitale femminile"
      }, {
        "code": "6269",
        "display": "Disordini mestruali ed altri sanguinamenti anomali del tratto genitale femminile non specificati"
      } ]
    } ]
  }
}