{
  "resourceType": "ValueSet",
  "url": "http://hl7.org/fhir/sid/icd-9-cm-773",
  "version": "1.0",
  "name": "Diagnosi-Distorsione e distrazione della regione sacroiliaca",
  "title": "Distorsione e distrazione della regione sacroiliaca",
  "status": "active",
  "compose": {
    "include": [ {
      "system": "http://hl7.org/fhir/sid/icd-9-cm",
      "concept": [ {
        "code": "8460",
        "display": "Distorsione e distrazione lombosacrale (articolazione) (legamento)"
      }, {
        "code": "8461",
        "display": "Distorsione e distrazione legamento sacroiliaco"
      }, {
        "code": "8462",
        "display": "Distorsione e distrazione sacrospinoso (legamento)"
      }, {
        "code": "8463",
        "display": "Distorsione e distrazione sacrotuberoso (legamento)"
      }, {
        "code": "8468",
        "display": "Distorsione e distrazione di altri siti specificati della regione sacroiliaca"
      }, {
        "code": "8469",
        "display": "Distorsione e distrazione di sito non specificato della regione sacroiliaca"
      } ]
    } ]
  }
}