{
  "resourceType": "ValueSet",
  "url": "http://hl7.org/fhir/sid/icd-9-cm-296",
  "version": "1.0",
  "name": "Diagnosi-Ascesso intracranico ed intrarachideo",
  "title": "Ascesso intracranico ed intrarachideo",
  "status": "active",
  "compose": {
    "include": [ {
      "system": "http://hl7.org/fhir/sid/icd-9-cm",
      "concept": [ {
        "code": "3240",
        "display": "Ascesso intracranico"
      }, {
        "code": "3241",
        "display": "Ascesso intrarachideo"
      }, {
        "code": "3249",
        "display": "Ascesso intracranico ed intrarachideo di sede non specificata"
      } ]
    } ]
  }
}