{
  "resourceType": "ValueSet",
  "url": "http://hl7.org/fhir/sid/icd-9-cm-754",
  "version": "1.0",
  "name": "Diagnosi-Altre, multiple e mal definite fratture dell' arto inferiore",
  "title": "Altre, multiple e mal definite fratture dell' arto inferiore",
  "status": "active",
  "compose": {
    "include": [ {
      "system": "http://hl7.org/fhir/sid/icd-9-cm",
      "concept": [ {
        "code": "8270",
        "display": "Altre, multiple e mal definite fratture dell' arto inferiore, chiusa"
      }, {
        "code": "8271",
        "display": "Altre, multiple e mal definite fratture dell' arto inferiore, esposta"
      } ]
    } ]
  }
}