{
  "resourceType": "ValueSet",
  "url": "http://hl7.org/fhir/sid/icd-9-cm-802",
  "version": "1.0",
  "name": "Diagnosi-Ferita del gomito, dell' avambraccio e del polso",
  "title": "Ferita del gomito, dell' avambraccio e del polso",
  "status": "active",
  "compose": {
    "include": [ {
      "system": "http://hl7.org/fhir/sid/icd-9-cm",
      "concept": [ {
        "code": "8810",
        "display": "Ferita del gomito, dell' avambraccio e del polso, senza menzione di complicazioni"
      }, {
        "code": "88100",
        "display": "Ferita dell' avambraccio, senza menzione di complicazione"
      }, {
        "code": "88101",
        "display": "Ferita del gomito, senza menzione di complicazione"
      }, {
        "code": "88102",
        "display": "Ferita del polso, senza menzione di complicazione"
      }, {
        "code": "8811",
        "display": "Ferita del gomito, dell' avambraccio e del polso con complicazioni"
      }, {
        "code": "88110",
        "display": "Ferita dell' avambraccio, con complicazioni"
      }, {
        "code": "88111",
        "display": "Ferita del gomito, con complicazioni"
      }, {
        "code": "88112",
        "display": "Ferita del polso, con complicazioni"
      }, {
        "code": "8812",
        "display": "Ferita del gomito, dell' avambraccio e del polso con interessamento dei tendini"
      }, {
        "code": "88120",
        "display": "Ferita dell' avambraccio, con interessamento dei tendini"
      }, {
        "code": "88121",
        "display": "Ferita del gomito, con interessamento dei tendini"
      }, {
        "code": "88122",
        "display": "Ferita del polso, con interessamento dei tendini"
      } ]
    } ]
  }
}