{
  "resourceType": "ValueSet",
  "url": "http://hl7.org/fhir/sid/icd-9-cm-588",
  "version": "1.0",
  "name": "Diagnosi-Anomalia fetale, conosciuta o sospetta che influenza il trattamento della madre",
  "title": "Anomalia fetale, conosciuta o sospetta che influenza il trattamento della madre",
  "status": "active",
  "compose": {
    "include": [ {
      "system": "http://hl7.org/fhir/sid/icd-9-cm",
      "concept": [ {
        "code": "6550",
        "display": "Malformazione del sistema nervoso centrale del feto"
      }, {
        "code": "65500",
        "display": "Malformazione del sistema nervoso centrale del feto, ricovero non specificato"
      }, {
        "code": "65501",
        "display": "Malformazione del sistema nervoso centrale del feto, parto, con o senza menzione della condizione antepartum"
      }, {
        "code": "65503",
        "display": "Malformazione del sistema nervoso centrale del feto, condizione o complicazione antepartum"
      }, {
        "code": "6551",
        "display": "Anomalia cromosomica del feto"
      }, {
        "code": "65510",
        "display": "Anomalia cromosomica del feto, ricovero non specificato"
      }, {
        "code": "65511",
        "display": "Anomalia cromosomica del feto, parto, con o senza menzione della condizione antepartum"
      }, {
        "code": "65513",
        "display": "Anomalia cromosomica del feto, condizione o complicazione antepartum"
      }, {
        "code": "6552",
        "display": "Malattia ereditaria familiare che puo' colpire il feto"
      }, {
        "code": "65520",
        "display": "Malattia ereditaria familiare che puo' colpire il feto, ricovero non specificato"
      }, {
        "code": "65521",
        "display": "Malattia ereditaria familiare che puo' colpire il feto, parto, con o senza menzione della condizione antepartum"
      }, {
        "code": "65523",
        "display": "Malattia ereditaria familiare che puo' colpire il feto, condizione o complicazione antepartum"
      }, {
        "code": "6553",
        "display": "Sospetta lesione del feto da malattia virale della madre"
      }, {
        "code": "65530",
        "display": "Sospetta lesione del feto da malattia virale della madre, ricovero non specificato"
      }, {
        "code": "65531",
        "display": "Sospetta lesione del feto da malattia virale della madre, parto, con o senza menzione della condizione antepartum"
      }, {
        "code": "65533",
        "display": "Sospetta lesione del feto da malattia virale della madre, condizione o complicazione antepartum"
      }, {
        "code": "6554",
        "display": "Sospetta lesione del feto da altre malattie della madre"
      }, {
        "code": "65540",
        "display": "Sospetta lesione del feto da altre malattie della madre, ricovero non specificato"
      }, {
        "code": "65541",
        "display": "Sospetta lesione del feto da altre malattie della madre, parto, con o senza menzione della condizione antepartum"
      }, {
        "code": "65543",
        "display": "Sospetta lesione del feto da altre malattie della madre, condizione o complicazione antepartum"
      }, {
        "code": "6555",
        "display": "Sospetta lesione del feto da farmaci"
      }, {
        "code": "65550",
        "display": "Sospetta lesione del feto da farmaci, ricovero non specificato"
      }, {
        "code": "65551",
        "display": "Sospetta lesione del feto da farmaci, parto, con o senza menzione della condizione antepartum"
      }, {
        "code": "65553",
        "display": "Sospetta lesione del feto da farmaci, condizione o complicazione antepartum"
      }, {
        "code": "6556",
        "display": "Sospetta lesione del feto da radiazioni"
      }, {
        "code": "65560",
        "display": "Sospetta lesione del feto da radiazioni, ricovero non specificato"
      }, {
        "code": "65561",
        "display": "Sospetta lesione del feto da radiazioni, parto, con o senza menzione della condizione antepartum"
      }, {
        "code": "65563",
        "display": "Sospetta lesione del feto da radiazioni, condizione o complicazione antepartum"
      }, {
        "code": "6557",
        "display": "Diminuzione dei movimenti fetali"
      }, {
        "code": "65570",
        "display": "Diminuzione dei movimenti fetali, ricovero non specificato"
      }, {
        "code": "65571",
        "display": "Diminuzione dei movimenti fetali, parto, con o senza menzione della condizione antepartum"
      }, {
        "code": "65573",
        "display": "Diminuzione dei movimenti fetali, condizione o complicazione antepartum"
      }, {
        "code": "6558",
        "display": "Altre anomalie del feto, conosciute o sospette, non classificate altrove"
      }, {
        "code": "65580",
        "display": "Altre anomalie del feto, conosciute o sospette, non classificate altrove, ricovero non specificato"
      }, {
        "code": "65581",
        "display": "Altre anomalie del feto, conosciute o sospette, non classificate altrove, parto, con o senza menzione della condizione antepartum"
      }, {
        "code": "65583",
        "display": "Altre anomalie del feto, conosciute o sospette, non classificate altrove, condizione o complicazione antepartum"
      }, {
        "code": "6559",
        "display": "Anomalia fetale non specificata"
      }, {
        "code": "65590",
        "display": "Anomalia fetale non specificata, ricovero non specificato"
      }, {
        "code": "65591",
        "display": "Anomalia fetale non specificata, parto, con o senza menzione della condizione antepartum"
      }, {
        "code": "65593",
        "display": "Anomalia fetale non specificata, condizione o complicazione antepartum"
      } ]
    } ]
  }
}