{
  "resourceType": "ValueSet",
  "url": "http://hl7.org/fhir/sid/icd-9-cm-774",
  "version": "1.0",
  "name": "Diagnosi-Distorsione e distrazione di altre e non specificate parti del dorso",
  "title": "Distorsione e distrazione di altre e non specificate parti del dorso",
  "status": "active",
  "compose": {
    "include": [ {
      "system": "http://hl7.org/fhir/sid/icd-9-cm",
      "concept": [ {
        "code": "8470",
        "display": "Distorsione e distrazione del collo"
      }, {
        "code": "8471",
        "display": "Distorsione e distrazione toracica"
      }, {
        "code": "8472",
        "display": "Distorsione e distrazione lombare"
      }, {
        "code": "8473",
        "display": "Distorsione e distrazione del sacro"
      }, {
        "code": "8474",
        "display": "Distorsione e distrazione del coccige"
      }, {
        "code": "8479",
        "display": "Distorsione e distrazione di sito non specificato del dorso"
      } ]
    } ]
  }
}