{
  "resourceType": "ValueSet",
  "url": "http://hl7.org/fhir/sid/icd-9-cm-803",
  "version": "1.0",
  "name": "Diagnosi-Ferita della mano, escluse le dita da sole",
  "title": "Ferita della mano, escluse le dita da sole",
  "status": "active",
  "compose": {
    "include": [ {
      "system": "http://hl7.org/fhir/sid/icd-9-cm",
      "concept": [ {
        "code": "8820",
        "display": "Ferita della mano, escluse le dita da sole, senza menzione di complicazioni"
      }, {
        "code": "8821",
        "display": "Ferita della mano, escluse le dita da sole, con complicazioni"
      }, {
        "code": "8822",
        "display": "Ferita della mano, escluse le dita da sole, con interessamento dei tendini"
      } ]
    } ]
  }
}