{
  "resourceType": "ValueSet",
  "url": "http://hl7.org/fhir/sid/icd-9-cm-953",
  "version": "1.0",
  "name": "Diagnosi-Altro parto multiplo (tre o piu' ), non specificato se di gemelli nati vivi o morti",
  "title": "Altro parto multiplo (tre o piu' ), non specificato se di gemelli nati vivi o morti",
  "status": "active",
  "compose": {
    "include": [ {
      "system": "http://hl7.org/fhir/sid/icd-9-cm",
      "concept": [ {
        "code": "V370",
        "display": "Altro parto multiplo (tre o piu' ), non specificato se di gemelli nati vivi o morti, nati in ospedale"
      }, {
        "code": "V3700",
        "display": "Altro parto multiplo (tre o piu' ), non specificato se di gemelli nati vivi o morti, nati in ospedale, senza menzione di taglio cesareo"
      }, {
        "code": "V3701",
        "display": "Altro parto multiplo (tre o piu' ), non specificato se di gemelli nati vivi o morti, nati in ospedale, con taglio cesareo"
      }, {
        "code": "V371",
        "display": "Altro parto multiplo (tre o piu' ), non specificato se di gemelli nati vivi o morti, nati prima dell' ammissione in ospedale"
      }, {
        "code": "V372",
        "display": "Altro parto multiplo (tre o piu' ), non specificato se di gemelli nati vivi o morti, nati fuori dall'ospedale"
      } ]
    } ]
  }
}