{
  "resourceType": "ValueSet",
  "url": "http://hl7.org/fhir/sid/icd-9-cm-768",
  "version": "1.0",
  "name": "Diagnosi-Distorsione e distrazione del gomito e dell' avambraccio",
  "title": "Distorsione e distrazione del gomito e dell' avambraccio",
  "status": "active",
  "compose": {
    "include": [ {
      "system": "http://hl7.org/fhir/sid/icd-9-cm",
      "concept": [ {
        "code": "8410",
        "display": "Distorsione e distrazione del legamento laterale esterno"
      }, {
        "code": "8411",
        "display": "Distorsione e distrazione del legamento laterale interno"
      }, {
        "code": "8412",
        "display": "Distorsione e distrazione radio-omerale (articolazione)"
      }, {
        "code": "8413",
        "display": "Distorsione e distrazione omerocubitale (articolazione)"
      }, {
        "code": "8418",
        "display": "Distorsione e distrazione di altri siti specificati del gomito e dell' avambraccio"
      }, {
        "code": "8419",
        "display": "Distorsione e distrazione di sito non specificato del gomito e dell' avambraccio"
      } ]
    } ]
  }
}