{
  "resourceType": "ValueSet",
  "url": "http://hl7.org/fhir/sid/icd-9-cm-902",
  "version": "1.0",
  "name": "Diagnosi-Effetti tossici di altri metalli",
  "title": "Effetti tossici di altri metalli",
  "status": "active",
  "compose": {
    "include": [ {
      "system": "http://hl7.org/fhir/sid/icd-9-cm",
      "concept": [ {
        "code": "9850",
        "display": "Effetti tossici del mercurio e suoi composti"
      }, {
        "code": "9851",
        "display": "Effetti tossici dell' arsenico e suoi composti"
      }, {
        "code": "9852",
        "display": "Effetti tossici del manganese e suoi composti"
      }, {
        "code": "9853",
        "display": "Effetti tossici del berillio e suoi composti"
      }, {
        "code": "9854",
        "display": "Effetti tossici dell' antimonio e suoi composti"
      }, {
        "code": "9855",
        "display": "Effetti tossici del cadmio e suoi composti"
      }, {
        "code": "9856",
        "display": "Effetti tossici del cromo"
      }, {
        "code": "9858",
        "display": "Effetti tossici di altri metalli specificati"
      }, {
        "code": "9859",
        "display": "Effetti tossici di metalli non specificati"
      } ]
    } ]
  }
}