{
  "resourceType": "ValueSet",
  "url": "http://hl7.org/fhir/sid/icd-9-cm-689",
  "version": "1.0",
  "name": "Diagnosi-Feto o neonato affetto da complicazioni della placenta, del cordone ombelicale e delle membrane",
  "title": "Feto o neonato affetto da complicazioni della placenta, del cordone ombelicale e delle membrane",
  "status": "active",
  "compose": {
    "include": [ {
      "system": "http://hl7.org/fhir/sid/icd-9-cm",
      "concept": [ {
        "code": "7620",
        "display": "Placenta previa con ripercussioni sul feto o sul neonato"
      }, {
        "code": "7621",
        "display": "Altre forme di distacco della placenta e di emorragia con ripercussioni sul feto o sul neonato"
      }, {
        "code": "7622",
        "display": "Altre e non specificate anomalie morfologiche e funzionali della placenta con ripercussioni sul feto o sul neonato"
      }, {
        "code": "7623",
        "display": "Sindromi di trasfusione placentare con ripercussioni sul feto o sul neonato"
      }, {
        "code": "7624",
        "display": "Prolasso del cordone ombelicale con ripercussioni sul feto o sul neonato"
      }, {
        "code": "7625",
        "display": "Altre compressioni del cordone ombelicale con ripercussioni sul feto o sul neonato"
      }, {
        "code": "7626",
        "display": "Altre e non specificate manifestazioni morbose del cordone ombelicale con ripercussioni sul feto o sul neonato"
      }, {
        "code": "7627",
        "display": "Corioamnionite con ripercussioni sul feto o sul neonato"
      }, {
        "code": "7628",
        "display": "Altre anomalie specificate del corion e dell' amnios con ripercussioni sul feto o sul neonato"
      }, {
        "code": "7629",
        "display": "Anomalia non specificata del corion e dell' amnios con ripercussioni sul feto o sul neonato"
      } ]
    } ]
  }
}