{
  "resourceType": "ValueSet",
  "url": "http://hl7.org/fhir/sid/icd-9-cm-207",
  "version": "1.0",
  "name": "Diagnosi-Carcinomi in situ della cute",
  "title": "Carcinomi in situ della cute",
  "status": "active",
  "compose": {
    "include": [ {
      "system": "http://hl7.org/fhir/sid/icd-9-cm",
      "concept": [ {
        "code": "2320",
        "display": "Carcinomi in situ della cute delle labbra"
      }, {
        "code": "2321",
        "display": "Carcinomi in situ della palpebra, compreso l'angolo palpebrale"
      }, {
        "code": "2322",
        "display": "Carcinomi in situ di orecchio e condotto uditivo esterno"
      }, {
        "code": "2323",
        "display": "Carcinomi in situ della cute di altre e non specificate parti della faccia"
      }, {
        "code": "2324",
        "display": "Carcinomi in situ di cuoio capelluto e cute del collo"
      }, {
        "code": "2325",
        "display": "Carcinomi in situ di cute del tronco, eccetto lo scroto"
      }, {
        "code": "2326",
        "display": "Carcinomi in situ della cute dell' arto superiore, compresa la spalla"
      }, {
        "code": "2327",
        "display": "Carcinomi in situ della cute dell' arto inferiore, compresa l'anca"
      }, {
        "code": "2328",
        "display": "Carcinomi in situ di altre sedi specificate della cute"
      }, {
        "code": "2329",
        "display": "Carcinomi in situ della cute, sede non specificata"
      } ]
    } ]
  }
}