{
  "resourceType": "ValueSet",
  "url": "http://hl7.org/fhir/sid/icd-9-cm-466",
  "version": "1.0",
  "name": "Diagnosi-Altre malattie dell' apparato respiratorio",
  "title": "Altre malattie dell' apparato respiratorio",
  "status": "active",
  "compose": {
    "include": [ {
      "system": "http://hl7.org/fhir/sid/icd-9-cm",
      "concept": [ {
        "code": "5190",
        "display": "Complicazioni della tracheostomia"
      }, {
        "code": "51900",
        "display": "Complicazioni della tracheostomia, non specificate"
      }, {
        "code": "51901",
        "display": "Infezioni della tracheostomia"
      }, {
        "code": "51902",
        "display": "Complicazioni meccaniche della tracheostomia"
      }, {
        "code": "51909",
        "display": "Altre complicazioni della tracheostomia"
      }, {
        "code": "5191",
        "display": "Altre malattie della trachea e dei bronchi, non classificate altrove"
      }, {
        "code": "51911",
        "display": "Broncospasmo acuto"
      }, {
        "code": "51919",
        "display": "Altre patologie della trachea e dei bronchi"
      }, {
        "code": "5192",
        "display": "Mediastinite"
      }, {
        "code": "5193",
        "display": "Altre malattie del mediastino, non classificate altrove"
      }, {
        "code": "5194",
        "display": "Disturbi del diaframma"
      }, {
        "code": "5198",
        "display": "Altre malattie dell' apparato respiratorio, non classificate altrove"
      }, {
        "code": "5199",
        "display": "Malattie dell' apparato respiratorio non specificate"
      } ]
    } ]
  }
}