{
  "resourceType": "ValueSet",
  "url": "http://hl7.org/fhir/sid/icd-9-cm-663",
  "version": "1.0",
  "name": "Diagnosi-Altre deformazioni acquisite degli arti",
  "title": "Altre deformazioni acquisite degli arti",
  "status": "active",
  "compose": {
    "include": [ {
      "system": "http://hl7.org/fhir/sid/icd-9-cm",
      "concept": [ {
        "code": "7360",
        "display": "Deformazioni acquisite dell' avambraccio, escluse le dita"
      }, {
        "code": "73600",
        "display": "Deformazioni acquisite dell' avambraccio, escluse le dita, non specificate"
      }, {
        "code": "73601",
        "display": "Gomito valgo (acquisito)"
      }, {
        "code": "73602",
        "display": "Gomito varo (acquisito)"
      }, {
        "code": "73603",
        "display": "Polso valgo (acquisito)"
      }, {
        "code": "73604",
        "display": "Polso varo (acquisito)"
      }, {
        "code": "73605",
        "display": "Mano cadente (acquisito)"
      }, {
        "code": "73606",
        "display": "Mano ad artiglio (acquisito)"
      }, {
        "code": "73607",
        "display": "Talipomano (mano torta), acquisita"
      }, {
        "code": "73609",
        "display": "Altre deformazioni acquisite dell' avambraccio, escluse le dita"
      }, {
        "code": "7361",
        "display": "Dita a martello"
      }, {
        "code": "7362",
        "display": "Altre deformazioni acquisite delle dita"
      }, {
        "code": "73620",
        "display": "Altre deformazioni acquisite non specificate delle dita"
      }, {
        "code": "73621",
        "display": "Altre deformazioni acquisite a bottoniera"
      }, {
        "code": "73622",
        "display": "Altre deformazioni acquisite a collo di cigno"
      }, {
        "code": "73629",
        "display": "Altre deformazioni acquisite delle dita"
      }, {
        "code": "7363",
        "display": "Deformazioni acquisite dell' anca"
      }, {
        "code": "73630",
        "display": "Deformazioni acquisite dell' anca, non specificate"
      }, {
        "code": "73631",
        "display": "Coxa valga (acquisita)"
      }, {
        "code": "73632",
        "display": "Coxa vara (acquisito)"
      }, {
        "code": "73639",
        "display": "Altre deformazioni acquisite dell' anca"
      }, {
        "code": "7364",
        "display": "Ginocchio valgo o varo (acquisito)"
      }, {
        "code": "73641",
        "display": "Ginocchio valgo (acquisito)"
      }, {
        "code": "73642",
        "display": "Ginocchio varo (acquisito)"
      }, {
        "code": "7365",
        "display": "Genu recurvatum (acquisito)"
      }, {
        "code": "7366",
        "display": "Altre deformazioni acquisite del ginocchio"
      }, {
        "code": "7367",
        "display": "Altre deformazioni acquisite della caviglia e del piede"
      }, {
        "code": "73670",
        "display": "Deformazioni acquisiste, non specificate, di caviglia e piede"
      }, {
        "code": "73671",
        "display": "Piede torto, acquisito"
      }, {
        "code": "73672",
        "display": "Piede equino, acquisito"
      }, {
        "code": "73673",
        "display": "Piede cavo, acquisito"
      }, {
        "code": "73674",
        "display": "Piede cavo con dita in griffe', acquisito"
      }, {
        "code": "73675",
        "display": "Piede cavovaro, acquisito"
      }, {
        "code": "73676",
        "display": "Altre deformazioni acquisite del calcagno"
      }, {
        "code": "73679",
        "display": "Altre deformazioni acquisite della caviglia e del piede"
      }, {
        "code": "7368",
        "display": "Deformazioni acquisite di altre parti degli arti"
      }, {
        "code": "73681",
        "display": "Dismetria acquisita dell' arto inferiore"
      }, {
        "code": "73689",
        "display": "Altre deformita' acquisite di altre parti degli arti"
      }, {
        "code": "7369",
        "display": "Deformazione acquisita degli arti, sede non specificata"
      } ]
    } ]
  }
}