{
  "resourceType": "ValueSet",
  "url": "http://hl7.org/fhir/sid/icd-9-cm-322",
  "version": "1.0",
  "name": "Diagnosi-Disturbi delle radici e dei plessi nervosi",
  "title": "Disturbi delle radici e dei plessi nervosi",
  "status": "active",
  "compose": {
    "include": [ {
      "system": "http://hl7.org/fhir/sid/icd-9-cm",
      "concept": [ {
        "code": "3530",
        "display": "Lesioni del plesso brachiale"
      }, {
        "code": "3531",
        "display": "Lesioni del plesso lombosacrale"
      }, {
        "code": "3532",
        "display": "Lesioni radicolari cervicali non classificate altrove"
      }, {
        "code": "3533",
        "display": "Lesioni radicolari toraciche non classificate altrove"
      }, {
        "code": "3534",
        "display": "Lesioni radicolari lombosacrali non classificate altrove"
      }, {
        "code": "3535",
        "display": "Amiotrofia nevralgica"
      }, {
        "code": "3536",
        "display": "Sindrome dell' arto fantasma"
      }, {
        "code": "3538",
        "display": "Altri disturbi delle radici e dei plessi nervosi"
      }, {
        "code": "3539",
        "display": "Disturbi non specificati delle radici e dei plessi nervosi"
      } ]
    } ]
  }
}