{
  "resourceType": "ValueSet",
  "url": "http://hl7.org/fhir/sid/icd-9-cm-246",
  "version": "1.0",
  "name": "Diagnosi-Gotta",
  "title": "Gotta",
  "status": "active",
  "compose": {
    "include": [ {
      "system": "http://hl7.org/fhir/sid/icd-9-cm",
      "concept": [ {
        "code": "2740",
        "display": "Artropatia gottosa"
      }, {
        "code": "2741",
        "display": "Nefropatia gottosa"
      }, {
        "code": "27410",
        "display": "Nefropatia gottosa non specificata"
      }, {
        "code": "27411",
        "display": "Nefrolitiasi da acido urico"
      }, {
        "code": "27419",
        "display": "Altra nefropatia gottosa"
      }, {
        "code": "2748",
        "display": "Gotta con altre manifestazioni specificate"
      }, {
        "code": "27481",
        "display": "Tofi dell' orecchio"
      }, {
        "code": "27482",
        "display": "Tofi in altre sedi"
      }, {
        "code": "27489",
        "display": "Altre manifestazioni gottose"
      }, {
        "code": "2749",
        "display": "Gotta non specificata"
      } ]
    } ]
  }
}