{
  "resourceType": "ValueSet",
  "url": "http://hl7.org/fhir/sid/icd-9-cm-215",
  "version": "1.0",
  "name": "Diagnosi-Gozzo semplice e non specificato",
  "title": "Gozzo semplice e non specificato",
  "status": "active",
  "compose": {
    "include": [ {
      "system": "http://hl7.org/fhir/sid/icd-9-cm",
      "concept": [ {
        "code": "2400",
        "display": "Gozzo specificato come semplice"
      }, {
        "code": "2409",
        "display": "Gozzo non specificato"
      } ]
    } ]
  }
}