{
  "resourceType": "ValueSet",
  "url": "http://hl7.org/fhir/sid/icd-9-cm-97",
  "version": "1.0",
  "name": "Diagnosi-Coccidioidomicosi",
  "title": "Coccidioidomicosi",
  "status": "active",
  "compose": {
    "include": [ {
      "system": "http://hl7.org/fhir/sid/icd-9-cm",
      "concept": [ {
        "code": "1140",
        "display": "Coccidioidomicosi primaria (polmonare)"
      }, {
        "code": "1141",
        "display": "Coccidioidomicosi primaria extrapolmonare"
      }, {
        "code": "1142",
        "display": "Meningite coccidioidale"
      }, {
        "code": "1143",
        "display": "Altre forme di coccidioidomicosi progressiva"
      }, {
        "code": "1144",
        "display": "Coccidioidomicosi polmonare cronica"
      }, {
        "code": "1145",
        "display": "Coccidioidomicosi polmonare, non specificata"
      }, {
        "code": "1149",
        "display": "Coccidioidomicosi, non specificata"
      } ]
    } ]
  }
}