{
  "resourceType": "ValueSet",
  "url": "http://hl7.org/fhir/sid/icd-9-cm-558",
  "version": "1.0",
  "name": "Diagnosi-Dolore e altri sintomi associati agli organi genitali femminili",
  "title": "Dolore e altri sintomi associati agli organi genitali femminili",
  "status": "active",
  "compose": {
    "include": [ {
      "system": "http://hl7.org/fhir/sid/icd-9-cm",
      "concept": [ {
        "code": "6250",
        "display": "Dispareunia"
      }, {
        "code": "6251",
        "display": "Vaginismo"
      }, {
        "code": "6252",
        "display": "Dolore di meta' ciclo"
      }, {
        "code": "6253",
        "display": "Dismenorrea"
      }, {
        "code": "6254",
        "display": "Sindromi da tensione premestruale"
      }, {
        "code": "6255",
        "display": "Sindrome da congestione pelvica"
      }, {
        "code": "6256",
        "display": "Incontinenza urinaria da sforzo nella donna"
      }, {
        "code": "6258",
        "display": "Altri sintomi specificati associati agli organi genitali femminili"
      }, {
        "code": "6259",
        "display": "Sintomo non specificato associato agli organi genitali femminili"
      } ]
    } ]
  }
}