{
  "resourceType": "ValueSet",
  "url": "http://hl7.org/fhir/sid/icd-9-cm-339",
  "version": "1.0",
  "name": "Diagnosi-Cheratite",
  "title": "Cheratite",
  "status": "active",
  "compose": {
    "include": [ {
      "system": "http://hl7.org/fhir/sid/icd-9-cm",
      "concept": [ {
        "code": "3700",
        "display": "Ulcera corneale"
      }, {
        "code": "37000",
        "display": "Ulcera corneale, non specificata"
      }, {
        "code": "37001",
        "display": "Ulcera marginale della cornea"
      }, {
        "code": "37002",
        "display": "Ulcera anulare della cornea"
      }, {
        "code": "37003",
        "display": "Ulcera corneale centrale"
      }, {
        "code": "37004",
        "display": "Ulcera con ipopion"
      }, {
        "code": "37005",
        "display": "Ulcera corneale micotica"
      }, {
        "code": "37006",
        "display": "Ulcera corneale perforata"
      }, {
        "code": "37007",
        "display": "Ulcera di Mooren"
      }, {
        "code": "3702",
        "display": "Cheratite superficiale senza congiuntivite"
      }, {
        "code": "37020",
        "display": "Cheratite superficiale, non specificata"
      }, {
        "code": "37021",
        "display": "Cheratite puntata"
      }, {
        "code": "37022",
        "display": "Cheratite maculare"
      }, {
        "code": "37023",
        "display": "Cheratite filamentosa"
      }, {
        "code": "37024",
        "display": "Fotocheratite"
      }, {
        "code": "3703",
        "display": "Alcuni tipi di cheratocongiuntivite"
      }, {
        "code": "37031",
        "display": "Cheratocongiuntivite flittenulare"
      }, {
        "code": "37032",
        "display": "Interessamento limbare e corneale nella congiuntivite primaverile"
      }, {
        "code": "37033",
        "display": "Cheratocongiuntivite secca, non specificata come Sjogren"
      }, {
        "code": "37034",
        "display": "Cheratocongiuntivite da esposizione"
      }, {
        "code": "37035",
        "display": "Cheratocongiuntivite neurotrofica"
      }, {
        "code": "3704",
        "display": "Altre e non specificate cheratocongiuntiviti"
      }, {
        "code": "37040",
        "display": "Cheratocongiuntivite, non specificata"
      }, {
        "code": "37044",
        "display": "Cheratite o cheratocongiuntivite in malattie esantematiche"
      }, {
        "code": "37049",
        "display": "Altre cheratocongiuntiviti"
      }, {
        "code": "3705",
        "display": "Cheratite interstiziale e profonda"
      }, {
        "code": "37050",
        "display": "Cheratite interstiziale, non specificata"
      }, {
        "code": "37052",
        "display": "Cheratite interstiziale diffusa"
      }, {
        "code": "37054",
        "display": "Cheratite sclerosante"
      }, {
        "code": "37055",
        "display": "Ascesso corneale"
      }, {
        "code": "37059",
        "display": "Altre cheratiti interstiziali e profonde"
      }, {
        "code": "3706",
        "display": "Neovascolarizzazione corneale"
      }, {
        "code": "37060",
        "display": "Neovascolarizzazione corneale, non specificata"
      }, {
        "code": "37061",
        "display": "Vascolarizzazione localizzata della cornea"
      }, {
        "code": "37062",
        "display": "Panno (corneale)"
      }, {
        "code": "37063",
        "display": "Vascolarizzazione profonda della cornea"
      }, {
        "code": "37064",
        "display": "Vasi fantasma (corneali)"
      }, {
        "code": "3708",
        "display": "Altre forme di cheratite"
      }, {
        "code": "3709",
        "display": "Cheratite non specificata"
      } ]
    } ]
  }
}