{
  "resourceType": "ValueSet",
  "url": "http://hl7.org/fhir/sid/icd-9-cm-489",
  "version": "1.0",
  "name": "Diagnosi-Altre malattie dell' appendice",
  "title": "Altre malattie dell' appendice",
  "status": "active",
  "compose": {
    "include": [ {
      "system": "http://hl7.org/fhir/sid/icd-9-cm",
      "concept": [ {
        "code": "5430",
        "display": "Iperplasia (linfoide) dell' appendice"
      }, {
        "code": "5439",
        "display": "Altra e non specificata patologia dell' appendice"
      } ]
    } ]
  }
}