{
  "resourceType": "ValueSet",
  "url": "http://hl7.org/fhir/sid/icd-9-cm-252",
  "version": "1.0",
  "name": "Diagnosi-Anemie da carenza di ferro",
  "title": "Anemie da carenza di ferro",
  "status": "active",
  "compose": {
    "include": [ {
      "system": "http://hl7.org/fhir/sid/icd-9-cm",
      "concept": [ {
        "code": "2800",
        "display": "Anemia da carenza di ferro secondaria a perdita ematica (cronica)"
      }, {
        "code": "2801",
        "display": "Anemia da carenza di ferro secondaria ad inadeguato apporto alimentare di ferro"
      }, {
        "code": "2808",
        "display": "Altre anemie da carenza di ferro specificate"
      }, {
        "code": "2809",
        "display": "Anemia da carenza di ferro, non specificata"
      } ]
    } ]
  }
}