{
  "resourceType": "ValueSet",
  "url": "http://hl7.org/fhir/sid/icd-9-cm-546",
  "version": "1.0",
  "name": "Diagnosi-Altri disturbi della mammella",
  "title": "Altri disturbi della mammella",
  "status": "active",
  "compose": {
    "include": [ {
      "system": "http://hl7.org/fhir/sid/icd-9-cm",
      "concept": [ {
        "code": "6110",
        "display": "Malattia infiammatoria della mammella"
      }, {
        "code": "6111",
        "display": "Ipertrofia della mammella"
      }, {
        "code": "6112",
        "display": "Fessure (ragadi) del capezzolo"
      }, {
        "code": "6113",
        "display": "Necrosi del grasso del seno"
      }, {
        "code": "6114",
        "display": "Atrofia della mammella"
      }, {
        "code": "6115",
        "display": "Galattocele"
      }, {
        "code": "6116",
        "display": "Galattorrea non associata con il parto"
      }, {
        "code": "6117",
        "display": "Segni e sintomi nella mammella"
      }, {
        "code": "61171",
        "display": "Mastodinia"
      }, {
        "code": "61172",
        "display": "Gonfiore o massa nella mammella"
      }, {
        "code": "61179",
        "display": "Altri segni e sintomi della mammella"
      }, {
        "code": "6118",
        "display": "Altri specificati disturbi della mammella"
      }, {
        "code": "6119",
        "display": "Disturbi non specificati della mammella"
      } ]
    } ]
  }
}