{
  "resourceType": "ValueSet",
  "url": "http://hl7.org/fhir/sid/icd-9-cm-264",
  "version": "1.0",
  "name": "Diagnosi-Disturbi mentali indotti da sostanze",
  "title": "Disturbi mentali indotti da sostanze",
  "status": "active",
  "compose": {
    "include": [ {
      "system": "http://hl7.org/fhir/sid/icd-9-cm",
      "concept": [ {
        "code": "2920",
        "display": "Astinenza da sostanze"
      }, {
        "code": "2921",
        "display": "Disturbi psicotici indotti da sostanze"
      }, {
        "code": "29211",
        "display": "Disturbo psicotico con deliri indotto da sostanze"
      }, {
        "code": "29212",
        "display": "Disturbo psicotico con allucinazioni indotto da sostanze"
      }, {
        "code": "2922",
        "display": "Intossicazione patologica da sostanze"
      }, {
        "code": "2928",
        "display": "Altri disturbi mentali specificati indotti da sostanze"
      }, {
        "code": "29281",
        "display": "Delirium indotto da sostanze"
      }, {
        "code": "29282",
        "display": "Demenza persistente indotta da sostanze"
      }, {
        "code": "29283",
        "display": "Disturbo amnesico persistente indotto da sostanze"
      }, {
        "code": "29284",
        "display": "Disturbo dell' umore indotto da sostanze"
      }, {
        "code": "29285",
        "display": "Disturbi del sonno indotti da sostanze"
      }, {
        "code": "29289",
        "display": "Altri"
      }, {
        "code": "2929",
        "display": "Disturbi mentali non specificati indotti da sostanze"
      } ]
    } ]
  }
}