{
  "resourceType": "ValueSet",
  "url": "http://hl7.org/fhir/sid/icd-9-cm-12",
  "version": "1.0",
  "name": "Diagnosi-Altre forme di tubercolosi dell' apparato respiratorio",
  "title": "Altre forme di tubercolosi dell' apparato respiratorio",
  "status": "active",
  "compose": {
    "include": [ {
      "system": "http://hl7.org/fhir/sid/icd-9-cm",
      "concept": [ {
        "code": "0120",
        "display": "Pleurite tubercolare"
      }, {
        "code": "01200",
        "display": "Pleurite tubercolare, non specificata"
      }, {
        "code": "01201",
        "display": "Pleurite tubercolare, esame batteriologico o istologico non effettuato"
      }, {
        "code": "01202",
        "display": "Pleurite tubercolare, risultato dell' esame batteriologico o istologico non conosciuto (allo stato attuale)"
      }, {
        "code": "01203",
        "display": "Pleurite tubercolare, esame microscopico dell' espettorato positivo"
      }, {
        "code": "01204",
        "display": "Pleurite tubercolare, esame microscopico dell' espettorato negativo, ma con esame colturale positivo"
      }, {
        "code": "01205",
        "display": "Pleurite tubercolare, esame batteriologico negativo, ma tubercolosi confermata istologicamente"
      }, {
        "code": "01206",
        "display": "Pleurite tubercolare, esami batteriologici o istologici negativi, ma tubercolosi confermata in laboratorio con altri metodi"
      }, {
        "code": "0121",
        "display": "Tubercolosi dei linfonodi intratoracici"
      }, {
        "code": "01210",
        "display": "Tubercolosi dei linfonodi intratoracici, non specificata"
      }, {
        "code": "01211",
        "display": "Tubercolosi dei linfonodi intratoracici, esame batteriologico o istologico non effettuato"
      }, {
        "code": "01212",
        "display": "Tubercolosi dei linfonodi intratoracici, risultato dell' esame batteriologico o istologico non conosciuto (allo stato attuale)"
      }, {
        "code": "01213",
        "display": "Tubercolosi dei linfonodi intratoracici, esame microscopico dell' espettorato positivo"
      }, {
        "code": "01214",
        "display": "Tubercolosi dei linfonodi intratoracici, esame microscopico dell' espettorato negativo, ma con esame colturale positivo"
      }, {
        "code": "01215",
        "display": "Tubercolosi dei linfonodi intratoracici, esame batteriologico negativo, ma tubercolosi confermata istologicamente"
      }, {
        "code": "01216",
        "display": "Tubercolosi dei linfonodi intratoracici, esami batteriologici o istologici negativi, ma tubercolosi confermata in laboratorio con altri metodi"
      }, {
        "code": "0122",
        "display": "Tubercolosi isolata della trachea e dei bronchi"
      }, {
        "code": "01220",
        "display": "Tubercolosi isolata della trachea e dei bronchi, non specificata"
      }, {
        "code": "01221",
        "display": "Tubercolosi isolata della trachea e dei bronchi, esame batteriologico o istologico non effettuato"
      }, {
        "code": "01222",
        "display": "Tubercolosi isolata della trachea e dei bronchi, risultato dell' esame batteriologico o istologico non conosciuto (allo stato attuale)"
      }, {
        "code": "01223",
        "display": "Tubercolosi isolata della trachea e dei bronchi, esame microscopico dell' espettorato positivo"
      }, {
        "code": "01224",
        "display": "Tubercolosi isolata della trachea e dei bronchi, esame microscopico dell' espettorato negativo, ma con esame colturale positivo"
      }, {
        "code": "01225",
        "display": "Tubercolosi isolata della trachea e dei bronchi, esame batteriologico negativo, ma tubercolosi confermata istologicamente"
      }, {
        "code": "01226",
        "display": "Tubercolosi isolata della trachea e dei bronchi, esami batteriologici o istologici negativi, ma tubercolosi confermata in laboratorio con altri metodi"
      }, {
        "code": "0123",
        "display": "Laringite tubercolare"
      }, {
        "code": "01230",
        "display": "Laringite tubercolare, non specificata"
      }, {
        "code": "01231",
        "display": "Laringite tubercolare, esame batteriologico o istologico non effettuato"
      }, {
        "code": "01232",
        "display": "Laringite tubercolare, risultato dell' esame batteriologico o istologico non conosciuto (allo stato attuale)"
      }, {
        "code": "01233",
        "display": "Laringite tubercolare, esame microscopico dell' espettorato positivo"
      }, {
        "code": "01234",
        "display": "Laringite tubercolare, esame microscopico dell' espettorato negativo, ma con esame colturale positivo"
      }, {
        "code": "01235",
        "display": "Laringite tubercolare, esame batteriologico negativo, ma tubercolosi confermata istologicamente"
      }, {
        "code": "01236",
        "display": "Laringite tubercolare, esami batteriologici o istologici negativi, ma tubercolosi confermata in laboratorio con altri metodi"
      }, {
        "code": "0128",
        "display": "Altre forme di tubercolosi respiratoria"
      }, {
        "code": "01280",
        "display": "Altre forme di tubercolosi respiratoria, non specificata"
      }, {
        "code": "01281",
        "display": "Altre forme di tubercolosi respiratoria, esame batteriologico o istologico non effettuato"
      }, {
        "code": "01282",
        "display": "Altre forme di tubercolosi respiratoria, risultato dell' esame batteriologico o istologico non conosciuto (allo stato attuale)"
      }, {
        "code": "01283",
        "display": "Altre forme di tubercolosi respiratoria, esame microscopico dell' espettorato positivo"
      }, {
        "code": "01284",
        "display": "Altre forme di tubercolosi respiratoria, esame microscopico dell' espettorato negativo, ma con esame colturale positivo"
      }, {
        "code": "01285",
        "display": "Altre forme di tubercolosi respiratoria, esame batteriologico negativo, ma tubercolosi confermata istologicamente"
      }, {
        "code": "01286",
        "display": "Altre forme di tubercolosi respiratoria, esami batteriologici o istologici negativi, ma tubercolosi confermata in laboratorio con altri metodi"
      } ]
    } ]
  }
}