{
  "resourceType": "ValueSet",
  "url": "http://hl7.org/fhir/sid/icd-9-cm-807",
  "version": "1.0",
  "name": "Diagnosi-Amputazione traumatica delle altre dita della mano (completa) (parziale)",
  "title": "Amputazione traumatica delle altre dita della mano (completa) (parziale)",
  "status": "active",
  "compose": {
    "include": [ {
      "system": "http://hl7.org/fhir/sid/icd-9-cm",
      "concept": [ {
        "code": "8860",
        "display": "Amputazione traumatica delle altre dita della mano (completa) (parziale senza menzione di complicazioni"
      }, {
        "code": "8861",
        "display": "Amputazione traumatica delle altre dita della mano (completa) (parziale con complicazioni"
      } ]
    } ]
  }
}