{
  "resourceType": "ValueSet",
  "url": "http://hl7.org/fhir/sid/icd-9-cm-686",
  "version": "1.0",
  "name": "Diagnosi-Altre anomalie congenite non specificate",
  "title": "Altre anomalie congenite non specificate",
  "status": "active",
  "compose": {
    "include": [ {
      "system": "http://hl7.org/fhir/sid/icd-9-cm",
      "concept": [ {
        "code": "7590",
        "display": "Anomalie della milza"
      }, {
        "code": "7591",
        "display": "Anomalie della ghiandola surrene"
      }, {
        "code": "7592",
        "display": "Anomalie di altre ghiandole endocrine"
      }, {
        "code": "7593",
        "display": "Situs inversus"
      }, {
        "code": "7594",
        "display": "Gemelli congiunti"
      }, {
        "code": "7595",
        "display": "Sclerosi tuberosa"
      }, {
        "code": "7596",
        "display": "Altri amartomi, non classificati altrove"
      }, {
        "code": "7597",
        "display": "Anomalie congenite multiple, cos|' descritte"
      }, {
        "code": "7598",
        "display": "Altre anomalie specificate"
      }, {
        "code": "75981",
        "display": "Sindrome di Prader-Willi"
      }, {
        "code": "75982",
        "display": "Sindrome di Marfan"
      }, {
        "code": "75983",
        "display": "Sindrome della X fragile"
      }, {
        "code": "75989",
        "display": "Altro"
      }, {
        "code": "7599",
        "display": "Anomalie congenite, non specificate"
      } ]
    } ]
  }
}