{
  "resourceType": "ValueSet",
  "url": "http://hl7.org/fhir/sid/icd-9-cm-58",
  "version": "1.0",
  "name": "Diagnosi-Febbre emorragica da artropodi",
  "title": "Febbre emorragica da artropodi",
  "status": "active",
  "compose": {
    "include": [ {
      "system": "http://hl7.org/fhir/sid/icd-9-cm",
      "concept": [ {
        "code": "0650",
        "display": "Febbre emorragica della Crimea [CHF da virus Congo]"
      }, {
        "code": "0651",
        "display": "Febbre emorragica di Omsk"
      }, {
        "code": "0652",
        "display": "Malattia della foresta di Kyasanur"
      }, {
        "code": "0653",
        "display": "Altre febbri emorragiche da zecche"
      }, {
        "code": "0654",
        "display": "Febbre emorragica da zanzare"
      }, {
        "code": "0658",
        "display": "Altre febbri emorragiche da artropodi, specificate"
      }, {
        "code": "0659",
        "display": "Febbri emorragiche da artropodi, non specificate"
      } ]
    } ]
  }
}