{
  "resourceType": "ValueSet",
  "url": "http://hl7.org/fhir/sid/icd-9-cm-967",
  "version": "1.0",
  "name": "Diagnosi-Collocazione e sistemazione di protesi",
  "title": "Collocazione e sistemazione di protesi",
  "status": "active",
  "compose": {
    "include": [ {
      "system": "http://hl7.org/fhir/sid/icd-9-cm",
      "concept": [ {
        "code": "V520",
        "display": "Collocazione e sistemazione di braccio artificiale (completo)(parziale)"
      }, {
        "code": "V521",
        "display": "Collocazione e sistemazione di gamba artificiale (completa)(parziale)"
      }, {
        "code": "V522",
        "display": "Collocazione e sistemazione di occhio artificiale"
      }, {
        "code": "V523",
        "display": "Collocazione e sistemazione di protesi dentaria"
      }, {
        "code": "V524",
        "display": "Collocazione e sistemazione di protesi e impianto mammario"
      }, {
        "code": "V528",
        "display": "Collocazione e sistemazione di altra protesi specificata"
      }, {
        "code": "V529",
        "display": "Collocazione e sistemazione di protesi non specificata"
      } ]
    } ]
  }
}