{
  "resourceType": "ValueSet",
  "url": "http://hl7.org/fhir/sid/icd-9-cm-360",
  "version": "1.0",
  "name": "Diagnosi-Febbre reumatica con complicazioni cardiache",
  "title": "Febbre reumatica con complicazioni cardiache",
  "status": "active",
  "compose": {
    "include": [ {
      "system": "http://hl7.org/fhir/sid/icd-9-cm",
      "concept": [ {
        "code": "3910",
        "display": "Pericardite reumatica acuta"
      }, {
        "code": "3911",
        "display": "Endocardite reumatica acuta"
      }, {
        "code": "3912",
        "display": "Miocardite reumatica acuta"
      }, {
        "code": "3918",
        "display": "Altre cardiopatie reumatiche acute"
      }, {
        "code": "3919",
        "display": "Cardiopatia reumatica acuta non specificata"
      } ]
    } ]
  }
}