{
  "resourceType": "ValueSet",
  "url": "http://hl7.org/fhir/sid/icd-9-cm-570",
  "version": "1.0",
  "name": "Diagnosi-Aborto non specificato",
  "title": "Aborto non specificato",
  "status": "active",
  "compose": {
    "include": [ {
      "system": "http://hl7.org/fhir/sid/icd-9-cm",
      "concept": [ {
        "code": "6370",
        "display": "Aborto non specificato complicato da infezione del tratto genitale e pelvico"
      }, {
        "code": "63700",
        "display": "Aborto non specificato complicato da infezione del tratto genitale e pelvico, non specificato se completo o incompleto"
      }, {
        "code": "63701",
        "display": "Aborto non specificato complicato da infezione del tratto genitale e pelvico, incompleto"
      }, {
        "code": "63702",
        "display": "Aborto non specificato complicato da infezione del tratto genitale e pelvico, completo"
      }, {
        "code": "6371",
        "display": "Aborto non specificato complicato da emorragia tardiva o eccessiva"
      }, {
        "code": "63710",
        "display": "Aborto non specificato complicato da emorragia tardiva o eccessiva, non specificato se completo o incompleto"
      }, {
        "code": "63711",
        "display": "Aborto non specificato complicato da emorragia tardiva o eccessiva, incompleto"
      }, {
        "code": "63712",
        "display": "Aborto non specificato complicato da emorragia tardiva o eccessiva, completo"
      }, {
        "code": "6372",
        "display": "Aborto non specificato complicato da danno agli organi o tessuti pelvici"
      }, {
        "code": "63720",
        "display": "Aborto non specificato complicato da danno agli organi o tessuti pelvici, non specificato se completo o incompleto"
      }, {
        "code": "63721",
        "display": "Aborto non specificato complicato da danno agli organi o tessuti pelvici, incompleto"
      }, {
        "code": "63722",
        "display": "Aborto non specificato complicato da danno agli organi o tessuti pelvici, completo"
      }, {
        "code": "6373",
        "display": "Aborto non specificato complicato da insufficienza renale"
      }, {
        "code": "63730",
        "display": "Aborto non specificato complicato da insufficienza renale, non specificato se completo o incompleto"
      }, {
        "code": "63731",
        "display": "Aborto non specificato complicato da insufficienza renale, incompleto"
      }, {
        "code": "63732",
        "display": "Aborto non specificato complicato da insufficienza renale, completo"
      }, {
        "code": "6374",
        "display": "Aborto non specificato complicato da disordine metabolico"
      }, {
        "code": "63740",
        "display": "Aborto non specificato complicato da disordine metabolico, non specificato se completo o incompleto"
      }, {
        "code": "63741",
        "display": "Aborto non specificato complicato da disordine metabolico, incompleto"
      }, {
        "code": "63742",
        "display": "Aborto non specificato complicato da disordine metabolico, completo"
      }, {
        "code": "6375",
        "display": "Aborto non specificato complicato da shock"
      }, {
        "code": "63750",
        "display": "Aborto non specificato complicato da shock, non specificato se completo o incompleto"
      }, {
        "code": "63751",
        "display": "Aborto non specificato complicato da shock, incompleto"
      }, {
        "code": "63752",
        "display": "Aborto non specificato complicato da shock, completo"
      }, {
        "code": "6376",
        "display": "Aborto non specificato complicato da embolia"
      }, {
        "code": "63760",
        "display": "Aborto non specificato complicato da embolia, non specificato se completo o incompleto"
      }, {
        "code": "63761",
        "display": "Aborto non specificato complicato da embolia, incompleto"
      }, {
        "code": "63762",
        "display": "Aborto non specificato complicato da embolia, completo"
      }, {
        "code": "6377",
        "display": "Aborto non specificato con altre complicazioni specificate"
      }, {
        "code": "63770",
        "display": "Aborto non specificato con altre complicazioni specificate, non specificato se completo o incompleto"
      }, {
        "code": "63771",
        "display": "Aborto non specificato con altre complicazioni specificate, incompleto"
      }, {
        "code": "63772",
        "display": "Aborto non specificato con altre complicazioni specificate, completo"
      }, {
        "code": "6378",
        "display": "Aborto non specificato con complicazione non specificata"
      }, {
        "code": "63780",
        "display": "Aborto non specificato con complicazione non specificata, non specificato se completo o incompleto"
      }, {
        "code": "63781",
        "display": "Aborto non specificato con complicazione non specificata, incompleto"
      }, {
        "code": "63782",
        "display": "Aborto non specificato con complicazione non specificata, completo"
      }, {
        "code": "6379",
        "display": "Aborto non specificato senza complicazione riferita"
      }, {
        "code": "63790",
        "display": "Aborto non specificato senza complicazione riferita, non specificato se completo o incompleto"
      }, {
        "code": "63791",
        "display": "Aborto non specificato senza complicazione riferita, incompleto"
      }, {
        "code": "63792",
        "display": "Aborto non specificato senza complicazione riferita, completo"
      } ]
    } ]
  }
}