{
  "resourceType": "ValueSet",
  "url": "http://hl7.org/fhir/sid/icd-9-cm-414",
  "version": "1.0",
  "name": "Diagnosi-Disturbi non infettivi dei vasi linfatici",
  "title": "Disturbi non infettivi dei vasi linfatici",
  "status": "active",
  "compose": {
    "include": [ {
      "system": "http://hl7.org/fhir/sid/icd-9-cm",
      "concept": [ {
        "code": "4570",
        "display": "Sindrome linfadematosa postmastectomia"
      }, {
        "code": "4571",
        "display": "Altri linfoedemi"
      }, {
        "code": "4572",
        "display": "Linfangite"
      }, {
        "code": "4578",
        "display": "Altri disturbi non infettivi dei vasi linfatici"
      }, {
        "code": "4579",
        "display": "Disturbi non specificati non infettivi dei vasi linfatici"
      } ]
    } ]
  }
}