{
  "resourceType": "ValueSet",
  "url": "http://hl7.org/fhir/sid/icd-9-cm-229",
  "version": "1.0",
  "name": "Diagnosi-Anomalie della funzione testicolare",
  "title": "Anomalie della funzione testicolare",
  "status": "active",
  "compose": {
    "include": [ {
      "system": "http://hl7.org/fhir/sid/icd-9-cm",
      "concept": [ {
        "code": "2570",
        "display": "Iperfunzione testicolare"
      }, {
        "code": "2571",
        "display": "Insufficienza testicolare iatrogena"
      }, {
        "code": "2572",
        "display": "Altre ipofunzioni testicolari"
      }, {
        "code": "2578",
        "display": "Altra disfunzione testicolare"
      }, {
        "code": "2579",
        "display": "Disfunzione testicolare non specificata"
      } ]
    } ]
  }
}