{
  "resourceType": "ValueSet",
  "url": "http://hl7.org/fhir/sid/icd-9-cm-738",
  "version": "1.0",
  "name": "Diagnosi-Frattura della scapola",
  "title": "Frattura della scapola",
  "status": "active",
  "compose": {
    "include": [ {
      "system": "http://hl7.org/fhir/sid/icd-9-cm",
      "concept": [ {
        "code": "8110",
        "display": "Frattura chiusa della scapola"
      }, {
        "code": "81100",
        "display": "Frattura chiusa della scapola, parte non specificata"
      }, {
        "code": "81101",
        "display": "Frattura chiusa dell' acromion della scapola"
      }, {
        "code": "81102",
        "display": "Frattura chiusa del processo coracoideo della scapola"
      }, {
        "code": "81103",
        "display": "Frattura chiusa della cavita' glenoidea e del collo della scapola"
      }, {
        "code": "81109",
        "display": "Frattura chiusa di altra parte della scapola"
      }, {
        "code": "8111",
        "display": "Frattura esposta della scapola"
      }, {
        "code": "81110",
        "display": "Frattura esposta della scapola, parte non specificata"
      }, {
        "code": "81111",
        "display": "Frattura esposta dell' acromion della scapola"
      }, {
        "code": "81112",
        "display": "Frattura esposta del processo coracoideo della scapola"
      }, {
        "code": "81113",
        "display": "Frattura esposta della cavita' glenoidea e del collo della scapola"
      }, {
        "code": "81119",
        "display": "Frattura esposta di altra parte della scapola"
      } ]
    } ]
  }
}