{
  "resourceType": "ValueSet",
  "url": "http://hl7.org/fhir/sid/icd-9-cm-317",
  "version": "1.0",
  "name": "Diagnosi-Altre condizioni patologiche dell' encefalo",
  "title": "Altre condizioni patologiche dell' encefalo",
  "status": "active",
  "compose": {
    "include": [ {
      "system": "http://hl7.org/fhir/sid/icd-9-cm",
      "concept": [ {
        "code": "3480",
        "display": "Cisti cerebrali"
      }, {
        "code": "3481",
        "display": "Danno encefalico da anossia"
      }, {
        "code": "3482",
        "display": "Ipertensione endocranica benigna"
      }, {
        "code": "3483",
        "display": "Encefalopatia non classificata altrove"
      }, {
        "code": "34830",
        "display": "Encefalopatia non specificata"
      }, {
        "code": "34831",
        "display": "Encefalopatia metabolica"
      }, {
        "code": "34839",
        "display": "Altre encefalopatie"
      }, {
        "code": "3484",
        "display": "Compressione dell' encefalo"
      }, {
        "code": "3485",
        "display": "Edema cerebrale"
      }, {
        "code": "3488",
        "display": "Altre condizioni patologiche dell' encefalo"
      }, {
        "code": "3489",
        "display": "Condizioni patologiche dell' encefalo non specificate"
      } ]
    } ]
  }
}