{
  "resourceType": "ValueSet",
  "url": "http://hl7.org/fhir/sid/icd-9-cm-311",
  "version": "1.0",
  "name": "Diagnosi-Emiplegia e emiparesi",
  "title": "Emiplegia e emiparesi",
  "status": "active",
  "compose": {
    "include": [ {
      "system": "http://hl7.org/fhir/sid/icd-9-cm",
      "concept": [ {
        "code": "3420",
        "display": "Emiplegia flaccida"
      }, {
        "code": "34200",
        "display": "Emiplegia flaccida ed emiparesi a sede emisferica non specificata"
      }, {
        "code": "34201",
        "display": "Emiplegia flaccida ed emiparesi dell' emisfero dominante"
      }, {
        "code": "34202",
        "display": "Emiplegia flaccida ed emiparesi dell' emisfero non dominante"
      }, {
        "code": "3421",
        "display": "Emiplegia spastica"
      }, {
        "code": "34210",
        "display": "Emiplegia spastica ed emiparesi a sede emisferica non specificata"
      }, {
        "code": "34211",
        "display": "Emiplegia spastica ed emiparesi dell' emisfero dominante"
      }, {
        "code": "34212",
        "display": "Emiplegia spastica ed emiparesi dell' emisfero non dominante"
      }, {
        "code": "3428",
        "display": "Altra emiplegia specificata"
      }, {
        "code": "34280",
        "display": "Altra emiplegia specificata ed emiparesi a sede emisferica non specificata"
      }, {
        "code": "34281",
        "display": "Altra emiplegia specificata ed emiparesi dell' emisfero dominante"
      }, {
        "code": "34282",
        "display": "Altra emiplegia specificata ed emiparesi dell' emisfero non dominante"
      }, {
        "code": "3429",
        "display": "Emiplegia, non specificata"
      }, {
        "code": "34290",
        "display": "Emiplegia non specificata ed emiparesi a sede emisferica non specificata"
      }, {
        "code": "34291",
        "display": "Emiplegia non specificata ed emiparesi dell' emisfero dominante"
      }, {
        "code": "34292",
        "display": "Emiplegia non specificata ed emiparesi dell' emisfero non dominante"
      } ]
    } ]
  }
}