{
  "resourceType": "ValueSet",
  "url": "http://hl7.org/fhir/sid/icd-9-cm-906",
  "version": "1.0",
  "name": "Diagnosi-Effetti tossici di altre sostanze di origine principalmente non medicamentosa",
  "title": "Effetti tossici di altre sostanze di origine principalmente non medicamentosa",
  "status": "active",
  "compose": {
    "include": [ {
      "system": "http://hl7.org/fhir/sid/icd-9-cm",
      "concept": [ {
        "code": "9890",
        "display": "Effetti tossici di acido cianidrico e cianuri"
      }, {
        "code": "9891",
        "display": "Effetti tossici di stricnina e suoi sali"
      }, {
        "code": "9892",
        "display": "Effetti tossici di idrocarburi clorati"
      }, {
        "code": "9893",
        "display": "Effetti tossici di composti organofosforici e carbamati"
      }, {
        "code": "9894",
        "display": "Effetti tossici di altri pesticidi non classificati altrove"
      }, {
        "code": "9895",
        "display": "Effetti tossici di veleno di origine animale"
      }, {
        "code": "9896",
        "display": "Effetti tossici di saponi e detergenti"
      }, {
        "code": "9897",
        "display": "Effetti tossici di aflatossine e altre micotossine (contaminanti gli alimenti)"
      }, {
        "code": "9898",
        "display": "Effetti tossici di altre sostanze di origine principalmente non medicamentosa"
      }, {
        "code": "98981",
        "display": "Effetti tossici dell' asbesto"
      }, {
        "code": "98982",
        "display": "Effetti tossici del lattice"
      }, {
        "code": "98983",
        "display": "Effetti tossici del silicone"
      }, {
        "code": "98984",
        "display": "Effetti tossici del tabacco"
      }, {
        "code": "98989",
        "display": "Effetti tossici di altre sostanze di origine principalmente non medicamentosa, non classificate altrove"
      }, {
        "code": "9899",
        "display": "Effetti tossici di sostanze non specificate di origine principalmente non medicamentosa"
      } ]
    } ]
  }
}