{
  "resourceType": "ValueSet",
  "url": "http://hl7.org/fhir/sid/icd-9-cm-643",
  "version": "1.0",
  "name": "Diagnosi-Altre artropatie non specificate",
  "title": "Altre artropatie non specificate",
  "status": "active",
  "compose": {
    "include": [ {
      "system": "http://hl7.org/fhir/sid/icd-9-cm",
      "concept": [ {
        "code": "7160",
        "display": "Malattia di Kaschin-Beck"
      }, {
        "code": "71600",
        "display": "Malattia di Kaschin-Beck, sede non specificata"
      }, {
        "code": "71601",
        "display": "Malattia di Kaschin-Beck, spalla"
      }, {
        "code": "71602",
        "display": "Malattia di Kaschin-Beck, gomito"
      }, {
        "code": "71603",
        "display": "Malattia di Kaschin-Beck, polso"
      }, {
        "code": "71604",
        "display": "Malattia di Kaschin-Beck, carpo, metacarpo ed articolazioni interfalangee della mano"
      }, {
        "code": "71605",
        "display": "Malattia di Kaschin-Beck, anca"
      }, {
        "code": "71606",
        "display": "Malattia di Kaschin-Beck, ginocchio"
      }, {
        "code": "71607",
        "display": "Malattia di Kaschin-Beck, tibio-tarsica ed articolazioni del piede"
      }, {
        "code": "71608",
        "display": "Malattia di Kaschin-Beck, altre sedi specificate"
      }, {
        "code": "71609",
        "display": "Malattia di Kaschin-Beck, sedi multiple"
      }, {
        "code": "7161",
        "display": "Artropatia traumatica"
      }, {
        "code": "71610",
        "display": "Artropatia traumatica, sede non specificata"
      }, {
        "code": "71611",
        "display": "Artropatia traumatica, spalla"
      }, {
        "code": "71612",
        "display": "Artropatia traumatica, gomito"
      }, {
        "code": "71613",
        "display": "Artropatia traumatica, polso"
      }, {
        "code": "71614",
        "display": "Artropatia traumatica, carpo, metacarpo ed articolazioni interfalangee della mano"
      }, {
        "code": "71615",
        "display": "Artropatia traumatica, anca"
      }, {
        "code": "71616",
        "display": "Artropatia traumatica, ginocchio"
      }, {
        "code": "71617",
        "display": "Artropatia traumatica, tibio-tarsica ed articolazioni del piede"
      }, {
        "code": "71618",
        "display": "Artropatia traumatica, altre sedi specificate"
      }, {
        "code": "71619",
        "display": "Artropatia traumatica, sedi multiple"
      }, {
        "code": "7162",
        "display": "Artrite allergica"
      }, {
        "code": "71620",
        "display": "Artrite allergica, sede non specificata"
      }, {
        "code": "71621",
        "display": "Artrite allergica, spalla"
      }, {
        "code": "71622",
        "display": "Artrite allergica, gomito"
      }, {
        "code": "71623",
        "display": "Artrite allergica, polso"
      }, {
        "code": "71624",
        "display": "Artrite allergica, carpo, metacarpo ed articolazioni interfalangee della mano"
      }, {
        "code": "71625",
        "display": "Artrite allergica, anca"
      }, {
        "code": "71626",
        "display": "Artrite allergica, ginocchio"
      }, {
        "code": "71627",
        "display": "Artrite allergica, tibio-tarsica ed articolazioni del piede"
      }, {
        "code": "71628",
        "display": "Artrite allergica, altre sedi specificate"
      }, {
        "code": "71629",
        "display": "Artrite allergica, sedi multiple"
      }, {
        "code": "7163",
        "display": "Artrite postclimaterica"
      }, {
        "code": "71630",
        "display": "Artrite postclimaterica, sede non specificata"
      }, {
        "code": "71631",
        "display": "Artrite postclimaterica, spalla"
      }, {
        "code": "71632",
        "display": "Artrite postclimaterica, gomito"
      }, {
        "code": "71633",
        "display": "Artrite postclimaterica, polso"
      }, {
        "code": "71634",
        "display": "Artrite postclimaterica, carpo, metacarpo ed articolazioni interfalangee della mano"
      }, {
        "code": "71635",
        "display": "Artrite postclimaterica, anca"
      }, {
        "code": "71636",
        "display": "Artrite postclimaterica, ginocchio"
      }, {
        "code": "71637",
        "display": "Artrite postclimaterica, tibio-tarsica ed articolazioni del piede"
      }, {
        "code": "71638",
        "display": "Artrite postclimaterica, altre sedi specificate"
      }, {
        "code": "71639",
        "display": "Artrite postclimaterica, sedi multiple"
      }, {
        "code": "7164",
        "display": "Artropatia transitoria"
      }, {
        "code": "71640",
        "display": "Artropatia transitoria, sede non specificata"
      }, {
        "code": "71641",
        "display": "Artropatia transitoria, spalla"
      }, {
        "code": "71642",
        "display": "Artropatia transitoria, gomito"
      }, {
        "code": "71643",
        "display": "Artropatia transitoria, polso"
      }, {
        "code": "71644",
        "display": "Artropatia transitoria, carpo, metacarpo ed articolazioni interfalangee della mano"
      }, {
        "code": "71645",
        "display": "Artropatia transitoria, anca"
      }, {
        "code": "71646",
        "display": "Artropatia transitoria, ginocchio"
      }, {
        "code": "71647",
        "display": "Artropatia transitoria, tibio-tarsica ed articolazioni del piede"
      }, {
        "code": "71648",
        "display": "Artropatia transitoria, altre sedi specificate"
      }, {
        "code": "71649",
        "display": "Artropatia transitoria, sedi multiple"
      }, {
        "code": "7165",
        "display": "Poliartropatia o poliartrite non specificata"
      }, {
        "code": "71650",
        "display": "Poliartropatia o poliartrite non specificata, sede non specificata"
      }, {
        "code": "71651",
        "display": "Poliartropatia o poliartrite non specificata, spalla"
      }, {
        "code": "71652",
        "display": "Poliartropatia o poliartrite non specificata, gomito"
      }, {
        "code": "71653",
        "display": "Poliartropatia o poliartrite non specificata, polso"
      }, {
        "code": "71654",
        "display": "Poliartropatia o poliartrite non specificata, carpo, metacarpo ed articolazioni interfalangee della mano"
      }, {
        "code": "71655",
        "display": "Poliartropatia o poliartrite non specificata, anca"
      }, {
        "code": "71656",
        "display": "Poliartropatia o poliartrite non specificata, ginocchio"
      }, {
        "code": "71657",
        "display": "Poliartropatia o poliartrite non specificata, tibio-tarsica ed articolazioni del piede"
      }, {
        "code": "71658",
        "display": "Poliartropatia o poliartrite non specificata, altre sedi specificate"
      }, {
        "code": "71659",
        "display": "Poliartropatia o poliartrite non specificata, sedi multiple"
      }, {
        "code": "7166",
        "display": "Monoartrite non specificata"
      }, {
        "code": "71660",
        "display": "Monoartrite non specificata, sede non specificata"
      }, {
        "code": "71661",
        "display": "Monoartrite non specificata, spalla"
      }, {
        "code": "71662",
        "display": "Monoartrite non specificata, gomito"
      }, {
        "code": "71663",
        "display": "Monoartrite non specificata, polso"
      }, {
        "code": "71664",
        "display": "Monoartrite non specificata, carpo, metacarpo ed articolazioni interfalangee della mano"
      }, {
        "code": "71665",
        "display": "Monoartrite non specificata, anca"
      }, {
        "code": "71666",
        "display": "Monoartrite non specificata, ginocchio"
      }, {
        "code": "71667",
        "display": "Monoartrite non specificata, tibio-tarsica ed articolazioni del piede"
      }, {
        "code": "71668",
        "display": "Monoartrite non specificata, altre sedi specificate"
      }, {
        "code": "7168",
        "display": "Altre artropatie specificate"
      }, {
        "code": "71680",
        "display": "Altre artropatie specificate, sede non specificata"
      }, {
        "code": "71681",
        "display": "Altre artropatie specificate, spalla"
      }, {
        "code": "71682",
        "display": "Altre artropatie specificate, gomito"
      }, {
        "code": "71683",
        "display": "Altre artropatie specificate, polso"
      }, {
        "code": "71684",
        "display": "Altre artropatie specificate, carpo, metacarpo ed articolazioni interfalangee della mano"
      }, {
        "code": "71685",
        "display": "Altre artropatie specificate, anca"
      }, {
        "code": "71686",
        "display": "Altre artropatie specificate, ginocchio"
      }, {
        "code": "71687",
        "display": "Altre artropatie specificate, tibio-tarsica ed articolazioni del piede"
      }, {
        "code": "71688",
        "display": "Altre artropatie specificate, altre sedi specificate"
      }, {
        "code": "71689",
        "display": "Altre artropatie specificate, sedi multiple"
      }, {
        "code": "7169",
        "display": "Artropatia non specificata"
      }, {
        "code": "71690",
        "display": "Artropatia non specificata, sede non specificata"
      }, {
        "code": "71691",
        "display": "Artropatia non specificata, spalla"
      }, {
        "code": "71692",
        "display": "Artropatia non specificata, gomito"
      }, {
        "code": "71693",
        "display": "Artropatia non specificata, polso"
      }, {
        "code": "71694",
        "display": "Artropatia non specificata, carpo, metacarpo ed articolazioni interfalangee della mano"
      }, {
        "code": "71695",
        "display": "Artropatia non specificata, anca"
      }, {
        "code": "71696",
        "display": "Artropatia non specificata, ginocchio"
      }, {
        "code": "71697",
        "display": "Artropatia non specificata, tibio-tarsica ed articolazioni del piede"
      }, {
        "code": "71698",
        "display": "Artropatia non specificata, altre sedi specificate"
      }, {
        "code": "71699",
        "display": "Artropatia non specificata, sedi multiple"
      } ]
    } ]
  }
}