{
  "resourceType": "ValueSet",
  "url": "http://hl7.org/fhir/sid/icd-9-cm-3",
  "version": "1.0",
  "name": "Diagnosi-Altre infezioni da Salmonella",
  "title": "Altre infezioni da Salmonella",
  "status": "active",
  "compose": {
    "include": [ {
      "system": "http://hl7.org/fhir/sid/icd-9-cm",
      "concept": [ {
        "code": "0030",
        "display": "Gastroenterite da Salmonella"
      }, {
        "code": "0031",
        "display": "Setticemia da Salmonella"
      }, {
        "code": "0032",
        "display": "Infezioni localizzate da Salmonella"
      }, {
        "code": "00320",
        "display": "Infezioni localizzate da Salmonella, non specificate"
      }, {
        "code": "00321",
        "display": "Meningite da Salmonella"
      }, {
        "code": "00322",
        "display": "Polmonite da Salmonella"
      }, {
        "code": "00323",
        "display": "Artrite da Salmonella"
      }, {
        "code": "00324",
        "display": "Osteomielite da Salmonella"
      }, {
        "code": "00329",
        "display": "Altre infezioni localizzate da Salmonella"
      }, {
        "code": "0038",
        "display": "Altre infezioni specifiche da Salmonella"
      }, {
        "code": "0039",
        "display": "Infezioni da Salmonella non specificate"
      } ]
    } ]
  }
}