{
  "resourceType": "ValueSet",
  "url": "http://hl7.org/fhir/sid/icd-9-cm-591",
  "version": "1.0",
  "name": "Diagnosi-Altri problemi collegati alla cavita' amniotica e alle membrane",
  "title": "Altri problemi collegati alla cavita' amniotica e alle membrane",
  "status": "active",
  "compose": {
    "include": [ {
      "system": "http://hl7.org/fhir/sid/icd-9-cm",
      "concept": [ {
        "code": "6580",
        "display": "Oligoidramnios"
      }, {
        "code": "65800",
        "display": "Oligoidramnios, ricovero non specificato"
      }, {
        "code": "65801",
        "display": "Oligoidramnios, parto, con o senza menzione della condizione antepartum"
      }, {
        "code": "65803",
        "display": "Oligoidramnios, condizione o complicazione antepartum"
      }, {
        "code": "6581",
        "display": "Rottura prematura delle membrane"
      }, {
        "code": "65810",
        "display": "Rottura prematura delle membrane, ricovero non specificato"
      }, {
        "code": "65811",
        "display": "Rottura prematura delle membrane, parto, con o senza menzione della condizione antepartum"
      }, {
        "code": "65813",
        "display": "Rottura prematura delle membrane, condizione o complicazione antepartum"
      }, {
        "code": "6582",
        "display": "Parto ritardato dopo rottura spontanea o non specificata delle membrane"
      }, {
        "code": "65820",
        "display": "Parto ritardato dopo rottura spontanea o non specificata delle membrane, ricovero non specificato"
      }, {
        "code": "65821",
        "display": "Parto ritardato dopo rottura spontanea o non specificata delle membrane, parto, con o senza menzione della condizione antepartum"
      }, {
        "code": "65823",
        "display": "Parto ritardato dopo rottura spontanea o non specificata delle membrane, condizione o complicazione antepartum"
      }, {
        "code": "6583",
        "display": "Parto ritardato dopo rottura artificiale delle membrane"
      }, {
        "code": "65830",
        "display": "Parto ritardato dopo rottura artificiale delle membrane, ricovero non specificato"
      }, {
        "code": "65831",
        "display": "Parto ritardato dopo rottura artificiale delle membrane, parto, con o senza menzione della condizione antepartum"
      }, {
        "code": "65833",
        "display": "Parto ritardato dopo rottura artificiale delle membrane, condizione o complicazione antepartum"
      }, {
        "code": "6584",
        "display": "Infezione della cavita' amniotica"
      }, {
        "code": "65840",
        "display": "Infezione della cavita' amniotica, ricovero non specificato"
      }, {
        "code": "65841",
        "display": "Infezione della cavita' amniotica, parto, con o senza menzione della condizione antepartum"
      }, {
        "code": "65843",
        "display": "Infezione della cavita' amniotica, condizione o complicazione antepartum"
      }, {
        "code": "6588",
        "display": "Altri problemi collegati alla cavita' amniotica e alle membrane"
      }, {
        "code": "65880",
        "display": "Altri problemi collegati alla cavita' amniotica e alle membrane, ricovero non specificato"
      }, {
        "code": "65881",
        "display": "Altri problemi collegati alla cavita' amniotica e alle membrane, parto, con o senza menzione della condizione antepartum"
      }, {
        "code": "65883",
        "display": "Altri problemi collegati alla cavita' amniotica e alle membrane, condizione o complicazione antepartum"
      }, {
        "code": "6589",
        "display": "Altri problemi non specificati collegati alla cavita' amniotica e alle membrane"
      }, {
        "code": "65890",
        "display": "Altri problemi non specificati collegati alla cavita' amniotica e alle membrane, ricovero non specificato"
      }, {
        "code": "65891",
        "display": "Altri problemi non specificati collegati alla cavita' amniotica e alle membrane cificato, parto, con o senza menzione della condizione antepartum"
      }, {
        "code": "65893",
        "display": "Altri problemi non specificati collegati alla cavita' amniotica e alle membrane, condizione o complicazione antepartum"
      } ]
    } ]
  }
}