{
  "resourceType": "ValueSet",
  "url": "http://hl7.org/fhir/sid/icd-9-cm-650",
  "version": "1.0",
  "name": "Diagnosi-Altre patologie della regione cervicale",
  "title": "Altre patologie della regione cervicale",
  "status": "active",
  "compose": {
    "include": [ {
      "system": "http://hl7.org/fhir/sid/icd-9-cm",
      "concept": [ {
        "code": "7230",
        "display": "Stenosi del canale vertebrale cervicale"
      }, {
        "code": "7231",
        "display": "Cervicalgia"
      }, {
        "code": "7232",
        "display": "Sindromi cervicocraniale"
      }, {
        "code": "7233",
        "display": "Sindrome cervicobrachiale (diffusa)"
      }, {
        "code": "7234",
        "display": "Neurite o radicolite brachiale SAI"
      }, {
        "code": "7235",
        "display": "Torcicollo non specificato"
      }, {
        "code": "7236",
        "display": "Pannicolite specificata della regione cervicale"
      }, {
        "code": "7237",
        "display": "Ossificazione del legamento longitudinale posteriore del rachide cervicale"
      }, {
        "code": "7238",
        "display": "Altre sindromi interessanti la regione cervicale"
      }, {
        "code": "7239",
        "display": "Patologie non altrimenti specificate della regione cervicale"
      } ]
    } ]
  }
}