{
  "resourceType": "ValueSet",
  "url": "http://hl7.org/fhir/sid/icd-9-cm-914",
  "version": "1.0",
  "name": "Diagnosi-Altre complicazioni di protesi, impianti e innesti interni",
  "title": "Altre complicazioni di protesi, impianti e innesti interni",
  "status": "active",
  "compose": {
    "include": [ {
      "system": "http://hl7.org/fhir/sid/icd-9-cm",
      "concept": [ {
        "code": "9970",
        "display": "Complicazioni del sistema nervoso centrale non classificate altrove"
      }, {
        "code": "99700",
        "display": "Complicazioni del sistema nervoso, non specificate"
      }, {
        "code": "99701",
        "display": "Complicazioni del sistema nervoso centrale"
      }, {
        "code": "99702",
        "display": "Infarto o emorragia cerebrovascolare iatrogena"
      }, {
        "code": "99709",
        "display": "Altre complicazioni del sistema nervoso"
      }, {
        "code": "9971",
        "display": "Complicazioni cardiache, non classificate altrove"
      }, {
        "code": "9972",
        "display": "Complicazioni vascolari periferiche, non classificate altrove"
      }, {
        "code": "9973",
        "display": "Complicazioni respiratorie, non classificate altrove"
      }, {
        "code": "9974",
        "display": "Complicazioni gastrointestinali, non classificate altrove"
      }, {
        "code": "9975",
        "display": "Complicazioni urinarie, non classificate altrove"
      }, {
        "code": "9976",
        "display": "Complicazioni tardive su troncone di amputazione"
      }, {
        "code": "99760",
        "display": "Complicazioni tardive non specificate su troncone di amputazione"
      }, {
        "code": "99761",
        "display": "Neuroma su troncone di amputazione"
      }, {
        "code": "99762",
        "display": "Infezione (cronica) su troncone di amputazione"
      }, {
        "code": "99769",
        "display": "Altre complicazioni tardive su troncone di amputazione"
      }, {
        "code": "9977",
        "display": "Complicazioni vascolari di altri vasi sanguigni"
      }, {
        "code": "99771",
        "display": "Complicazioni vascolari dell' arteria mesenterica"
      }, {
        "code": "99772",
        "display": "Complicazioni vascolari dell' arteria renale"
      }, {
        "code": "99779",
        "display": "Complicazioni vascolari di altri vasi sanguigni"
      }, {
        "code": "9979",
        "display": "Complicazioni interessanti altri sistemi specificati dell' organismo, non classificate altrove"
      }, {
        "code": "99791",
        "display": "Ipertensione"
      }, {
        "code": "99799",
        "display": "Altre complicazioni interessanti altri sistemi specificati dell' organismo, non classificate altrove"
      } ]
    } ]
  }
}