{
  "resourceType": "ValueSet",
  "url": "http://hl7.org/fhir/sid/icd-9-cm-808",
  "version": "1.0",
  "name": "Diagnosi-Amputazione traumatica del braccio e della mano (completa) (parziale)",
  "title": "Amputazione traumatica del braccio e della mano (completa) (parziale)",
  "status": "active",
  "compose": {
    "include": [ {
      "system": "http://hl7.org/fhir/sid/icd-9-cm",
      "concept": [ {
        "code": "8870",
        "display": "Amputazione traumatica del braccio unilaterale, sotto il gomito, senza menzione di complicazioni"
      }, {
        "code": "8871",
        "display": "Amputazione traumatica del braccio unilaterale, sotto il gomito, con complicazioni"
      }, {
        "code": "8872",
        "display": "Amputazione traumatica del braccio unilaterale, al gomito o sopra, senza menzione di complicazioni"
      }, {
        "code": "8873",
        "display": "Amputazione traumatica del braccio unilaterale, al gomito o sopra, con complicazioni"
      }, {
        "code": "8874",
        "display": "Amputazione traumatica del braccio unilaterale, altezza non specificata, senza menzione di complicazioni"
      }, {
        "code": "8875",
        "display": "Amputazione traumatica del braccio unilaterale, altezza non specificata, con complicazioni"
      }, {
        "code": "8876",
        "display": "Amputazione traumatica del braccio bilaterale [ogni altezza] senza menzione di complicazioni una mano e l'altro braccio"
      }, {
        "code": "8877",
        "display": "Amputazione traumatica del braccio bilaterale [ogni altezza] con complicazioni"
      } ]
    } ]
  }
}