{
  "resourceType": "ValueSet",
  "url": "http://hl7.org/fhir/sid/icd-9-cm-206",
  "version": "1.0",
  "name": "Diagnosi-Carcinomi in situ dell' apparato respiratorio",
  "title": "Carcinomi in situ dell' apparato respiratorio",
  "status": "active",
  "compose": {
    "include": [ {
      "system": "http://hl7.org/fhir/sid/icd-9-cm",
      "concept": [ {
        "code": "2310",
        "display": "Carcinomi in situ della laringe"
      }, {
        "code": "2311",
        "display": "Carcinomi in situ della trachea"
      }, {
        "code": "2312",
        "display": "Carcinomi in situ di bronchi e polmoni"
      }, {
        "code": "2318",
        "display": "Carcinomi in situ di altre sedi specificate dell' apparato respiratorio"
      }, {
        "code": "2319",
        "display": "Carcinomi in situ dell' apparato respiratorio, sede non specificata"
      } ]
    } ]
  }
}