{
  "resourceType": "ValueSet",
  "url": "http://hl7.org/fhir/sid/icd-9-cm-770",
  "version": "1.0",
  "name": "Diagnosi-Distorsione e distrazione dell' anca e della coscia",
  "title": "Distorsione e distrazione dell' anca e della coscia",
  "status": "active",
  "compose": {
    "include": [ {
      "system": "http://hl7.org/fhir/sid/icd-9-cm",
      "concept": [ {
        "code": "8430",
        "display": "Distorsione e distrazione iliofemorale (legamento)"
      }, {
        "code": "8431",
        "display": "Distorsione e distrazione ischiocapsulare (legamento)"
      }, {
        "code": "8438",
        "display": "Distorsione e distrazione di altri siti specificati dell' anca e della coscia"
      }, {
        "code": "8439",
        "display": "Distorsione e distrazione di sito non specificato dell' anca e della coscia"
      } ]
    } ]
  }
}