{
  "resourceType": "ValueSet",
  "url": "http://hl7.org/fhir/sid/icd-9-cm-985",
  "version": "1.0",
  "name": "Diagnosi-Esame medico generale",
  "title": "Esame medico generale",
  "status": "active",
  "compose": {
    "include": [ {
      "system": "http://hl7.org/fhir/sid/icd-9-cm",
      "concept": [ {
        "code": "V700",
        "display": "Esame medico generale di routine in un servizio di cura"
      }, {
        "code": "V701",
        "display": "Esame psichiatrico generale, richiesto dalle autorita'"
      }, {
        "code": "V702",
        "display": "Esame psichiatrico generale, altro e non specificato"
      }, {
        "code": "V703",
        "display": "Altro esame medico generale per scopi amministrativi"
      }, {
        "code": "V704",
        "display": "Esame per ragioni medico-legali"
      }, {
        "code": "V705",
        "display": "Esame della salute di definiti gruppi di popolazione"
      }, {
        "code": "V706",
        "display": "Esame della salute nel corso di indagini sulla popolazione"
      }, {
        "code": "V707",
        "display": "Esame su gruppi di controllo per ricerche cliniche"
      }, {
        "code": "V708",
        "display": "Altri esami medici generali specificati"
      }, {
        "code": "V709",
        "display": "Esame medico generale non specificato"
      } ]
    } ]
  }
}