{
  "resourceType": "ValueSet",
  "url": "http://hl7.org/fhir/sid/icd-9-cm-775",
  "version": "1.0",
  "name": "Diagnosi-Altre e mal definite distorsioni e distrazioni",
  "title": "Altre e mal definite distorsioni e distrazioni",
  "status": "active",
  "compose": {
    "include": [ {
      "system": "http://hl7.org/fhir/sid/icd-9-cm",
      "concept": [ {
        "code": "8480",
        "display": "Altra e mal definita distorsione e distrazione di cartilagine del setto nasale"
      }, {
        "code": "8481",
        "display": "Altra e mal definite distorsione e distrazione mascellare"
      }, {
        "code": "8482",
        "display": "Altra e mal definita distorsione e distrazione della regione tiroidea"
      }, {
        "code": "8483",
        "display": "Altra e mal definita distorsione e distrazione delle costole"
      }, {
        "code": "8484",
        "display": "Altra e mal definite distorsione e distrazione dello sterno"
      }, {
        "code": "84840",
        "display": "Altra e mal definita distorsione e distrazione di sito non specificato"
      }, {
        "code": "84841",
        "display": "Altra e mal definita distorsione e distrazione sternoclavicolare (articolazione) (legamento)"
      }, {
        "code": "84842",
        "display": "Altra e mal definita distorsione e distrazione condrosternale (articolazione)"
      }, {
        "code": "84849",
        "display": "Altra e mal definita distorsione e distrazione dello sterno"
      }, {
        "code": "8485",
        "display": "Altra e mal definita distorsione e distrazione del bacino"
      }, {
        "code": "8488",
        "display": "Altri siti specificati di distorsioni e distrazioni"
      }, {
        "code": "8489",
        "display": "Sito non specificato di distorsioni e distrazioni"
      } ]
    } ]
  }
}