{
  "resourceType": "ValueSet",
  "url": "http://hl7.org/fhir/sid/icd-9-cm-895",
  "version": "1.0",
  "name": "Diagnosi-Avvelenamento da vaccini batterici",
  "title": "Avvelenamento da vaccini batterici",
  "status": "active",
  "compose": {
    "include": [ {
      "system": "http://hl7.org/fhir/sid/icd-9-cm",
      "concept": [ {
        "code": "9780",
        "display": "Avvelenamento da vaccino contro il BCG"
      }, {
        "code": "9781",
        "display": "Avvelenamento da vaccino contro il tifo e paratifo"
      }, {
        "code": "9782",
        "display": "Avvelenamento da vaccino contro il colera"
      }, {
        "code": "9783",
        "display": "Avvelenamento da vaccino conto la peste"
      }, {
        "code": "9784",
        "display": "Avvelenamento da vaccino contro il tetano"
      }, {
        "code": "9785",
        "display": "Avvelenamento da vaccino contro la difterite"
      }, {
        "code": "9786",
        "display": "Avvelenamento da vaccino contro la pertosse, compresi i vaccini misti con componente antipertosse"
      }, {
        "code": "9788",
        "display": "Avvelenamento da altri e non specificati vaccini batterici"
      }, {
        "code": "9789",
        "display": "Avvelenamento da vaccini batterici misti, esclusi quelli con componente antipertosse"
      } ]
    } ]
  }
}