{
  "resourceType": "ValueSet",
  "url": "http://hl7.org/fhir/sid/icd-9-cm-609",
  "version": "1.0",
  "name": "Diagnosi-Altri problemi del seno associati con la gravidanza, il puerperio e l'allattazione",
  "title": "Altri problemi del seno associati con la gravidanza, il puerperio e l'allattazione",
  "status": "active",
  "compose": {
    "include": [ {
      "system": "http://hl7.org/fhir/sid/icd-9-cm",
      "concept": [ {
        "code": "6760",
        "display": "Capezzolo retratto"
      }, {
        "code": "67600",
        "display": "Capezzolo retratto, episodio di assistenza non specificato"
      }, {
        "code": "67601",
        "display": "Capezzolo retratto, parto, con o senza menzione della condizione antepartum"
      }, {
        "code": "67602",
        "display": "Capezzolo retratto, parto, con menzione delle complicazioni postpartum"
      }, {
        "code": "67603",
        "display": "Capezzolo retratto, condizione o complicazione antepartum"
      }, {
        "code": "67604",
        "display": "Capezzolo retratto, condizione o complicazione postpartum"
      }, {
        "code": "6761",
        "display": "Ragadi del capezzolo"
      }, {
        "code": "67610",
        "display": "Ragadi del capezzolo, episodio di assistenza non specificato"
      }, {
        "code": "67611",
        "display": "Ragadi del capezzolo, parto, con o senza menzione della condizione antepartum"
      }, {
        "code": "67612",
        "display": "Ragadi del capezzolo, parto, con menzione delle complicazioni postpartum"
      }, {
        "code": "67613",
        "display": "Ragadi del capezzolo, condizione o complicazione antepartum"
      }, {
        "code": "67614",
        "display": "Ragadi del capezzolo, condizione o complicazione postpartum"
      }, {
        "code": "6762",
        "display": "Ingorgo della mammella"
      }, {
        "code": "67620",
        "display": "Ingorgo della mammella, episodio di assistenza non specificato"
      }, {
        "code": "67621",
        "display": "Ingorgo della mammella, parto, con o senza menzione della condizione antepartum"
      }, {
        "code": "67622",
        "display": "Ingorgo della mammella, parto, con menzione delle complicazioni postpartum"
      }, {
        "code": "67623",
        "display": "Ingorgo della mammella, condizione o complicazione antepartum"
      }, {
        "code": "67624",
        "display": "Ingorgo della mammella, condizione o complicazione postpartum"
      }, {
        "code": "6763",
        "display": "Altre e non specificati disturbi del seno"
      }, {
        "code": "67630",
        "display": "Altri e non specificati disturbi del seno, episodio di assistenza non specificato"
      }, {
        "code": "67631",
        "display": "Altri e non specificati disturbi del seno, parto, con o senza menzione della condizione antepartum"
      }, {
        "code": "67632",
        "display": "Altri e non specificati disturbi del seno, parto, con menzione delle complicazioni postpartum"
      }, {
        "code": "67633",
        "display": "Altri e non specificati disturbi del seno, condizione o complicazione antepartum"
      }, {
        "code": "67634",
        "display": "Altri e non specificati disturbi del seno, condizione o complicazione postpartum"
      }, {
        "code": "6764",
        "display": "Mancato allattamento"
      }, {
        "code": "67640",
        "display": "Mancato allattamento, episodio di assistenza non specificato"
      }, {
        "code": "67641",
        "display": "Mancato allattamento, parto, con o senza menzione della condizione antepartum"
      }, {
        "code": "67642",
        "display": "Mancato allattamento, parto, con menzione delle complicazioni postpartum"
      }, {
        "code": "67643",
        "display": "Mancato allattamento, condizione o complicazione antepartum"
      }, {
        "code": "67644",
        "display": "Mancato allattamento, condizione o complicazione postpartum"
      }, {
        "code": "6765",
        "display": "Soppressione della lattazione"
      }, {
        "code": "67650",
        "display": "Soppressione della lattazione, episodio di assistenza non specificato"
      }, {
        "code": "67651",
        "display": "Soppressione della lattazione, parto, con o senza menzione della condizione antepartum"
      }, {
        "code": "67652",
        "display": "Soppressione della lattazione, parto, con menzione delle complicazioni postpartum"
      }, {
        "code": "67653",
        "display": "Soppressione della lattazione, condizione o complicazione antepartum"
      }, {
        "code": "67654",
        "display": "Soppressione della lattazione, condizione o complicazione postpartum"
      }, {
        "code": "6766",
        "display": "Galattorrea"
      }, {
        "code": "67660",
        "display": "Galattorrea, episodio di assistenza non specificato"
      }, {
        "code": "67661",
        "display": "Galattorrea, parto, con o senza menzione della condizione antepartum"
      }, {
        "code": "67662",
        "display": "Galattorrea, parto, con menzione delle complicazioni postpartum"
      }, {
        "code": "67663",
        "display": "Galattorrea, condizione o complicazione antepartum"
      }, {
        "code": "67664",
        "display": "Galattorrea, condizione o complicazione postpartum"
      }, {
        "code": "6768",
        "display": "Altri disordini della lattazione"
      }, {
        "code": "67680",
        "display": "Altri disordini della lattazione, episodio di assistenza non specificato"
      }, {
        "code": "67681",
        "display": "Altri disordini della lattazione, parto, con o senza menzione della condizione antepartum"
      }, {
        "code": "67682",
        "display": "Altri disordini della lattazione, parto, con menzione delle complicazioni postpartum"
      }, {
        "code": "67683",
        "display": "Altri disordini della lattazione, condizione o complicazione antepartum"
      }, {
        "code": "67684",
        "display": "Altri disordini della lattazione, condizione o complicazione postpartum"
      }, {
        "code": "6769",
        "display": "Disordini della lattazione non specificati"
      }, {
        "code": "67690",
        "display": "Disordini della lattazione non specificati, episodio di assistenza non specificato"
      }, {
        "code": "67691",
        "display": "Disordini della lattazione non specificati, parto, con o senza menzione della condizione antepartum"
      }, {
        "code": "67692",
        "display": "Disordini della lattazione non specificati, parto, con menzione delle complicazioni postpartum"
      }, {
        "code": "67693",
        "display": "Disordini della lattazione non specificati, condizione o complicazione antepartum"
      }, {
        "code": "67694",
        "display": "Disordini della lattazione non specificati, condizione o complicazione postpartum"
      } ]
    } ]
  }
}