{
  "resourceType": "ValueSet",
  "url": "http://hl7.org/fhir/sid/icd-9-cm-386",
  "version": "1.0",
  "name": "Diagnosi-Cardiomiopatie",
  "title": "Cardiomiopatie",
  "status": "active",
  "compose": {
    "include": [ {
      "system": "http://hl7.org/fhir/sid/icd-9-cm",
      "concept": [ {
        "code": "4250",
        "display": "Fibrosi endomiocardica"
      }, {
        "code": "4251",
        "display": "Cardiomiopatia ipertrofica ostruttiva"
      }, {
        "code": "4252",
        "display": "Malattia di Becker"
      }, {
        "code": "4253",
        "display": "Fibroelastosi endocardica"
      }, {
        "code": "4254",
        "display": "Altre cardiomiopatie primitive"
      }, {
        "code": "4255",
        "display": "Cardiomiopatia alcoolica"
      }, {
        "code": "4257",
        "display": "Cardiomiopatie nutritive e metaboliche"
      }, {
        "code": "4258",
        "display": "Cardiomiopatia in altre malattie classificate altrove"
      }, {
        "code": "4259",
        "display": "Cardiomiopatia secondaria, non specificata"
      } ]
    } ]
  }
}