{
  "resourceType": "ValueSet",
  "url": "http://hl7.org/fhir/sid/icd-9-cm-73",
  "version": "1.0",
  "name": "Diagnosi-Altre rickettsiosi",
  "title": "Altre rickettsiosi",
  "status": "active",
  "compose": {
    "include": [ {
      "system": "http://hl7.org/fhir/sid/icd-9-cm",
      "concept": [ {
        "code": "0830",
        "display": "Febbre Q"
      }, {
        "code": "0831",
        "display": "Febbre delle trincee"
      }, {
        "code": "0832",
        "display": "Rickettsial pox"
      }, {
        "code": "0838",
        "display": "Altre rickettsiosi, specificate"
      }, {
        "code": "0839",
        "display": "Rickettsiosi, non specificate"
      } ]
    } ]
  }
}