{
  "resourceType": "ValueSet",
  "url": "http://hl7.org/fhir/sid/icd-9-cm-723",
  "version": "1.0",
  "name": "Diagnosi-Altri reperti anormali non specifici",
  "title": "Altri reperti anormali non specifici",
  "status": "active",
  "compose": {
    "include": [ {
      "system": "http://hl7.org/fhir/sid/icd-9-cm",
      "concept": [ {
        "code": "7960",
        "display": "Reperti tossicologici anormali non specifici"
      }, {
        "code": "7961",
        "display": "Riflessi anormali"
      }, {
        "code": "7962",
        "display": "Reperto occasionale di ipertensione"
      }, {
        "code": "7963",
        "display": "Lettura non specifica di pressione bassa del sangue"
      }, {
        "code": "7964",
        "display": "Altri reperti clinici anormali"
      }, {
        "code": "7965",
        "display": "Reperto anomalo in screening prenatale"
      }, {
        "code": "7966",
        "display": "Reperto anomalo in screening neonatale"
      }, {
        "code": "7969",
        "display": "Altri reperti anormali non specifici"
      } ]
    } ]
  }
}