{
  "resourceType": "ValueSet",
  "url": "http://hl7.org/fhir/sid/icd-9-cm-674",
  "version": "1.0",
  "name": "Diagnosi-Altre anomalie congenite del sistema circolatorio",
  "title": "Altre anomalie congenite del sistema circolatorio",
  "status": "active",
  "compose": {
    "include": [ {
      "system": "http://hl7.org/fhir/sid/icd-9-cm",
      "concept": [ {
        "code": "7470",
        "display": "Dotto arterioso pervio"
      }, {
        "code": "7471",
        "display": "Coartazione dell' aorta"
      }, {
        "code": "74710",
        "display": "Coartazione aortica (preduttale) (postduttale)"
      }, {
        "code": "74711",
        "display": "Interruzione dell' arco aortico"
      }, {
        "code": "7472",
        "display": "Altre anomalie dell' aorta"
      }, {
        "code": "74720",
        "display": "Anomalie dell' aorta, non specificate"
      }, {
        "code": "74721",
        "display": "Anomalie dell' arco aortico"
      }, {
        "code": "74722",
        "display": "Atresia e stenosi dell' aorta"
      }, {
        "code": "74729",
        "display": "Altro"
      }, {
        "code": "7473",
        "display": "Anomalie dell' arteria polmonare"
      }, {
        "code": "7474",
        "display": "Anomalie dei grandi vasi venosi"
      }, {
        "code": "74740",
        "display": "Anomalie dei grandi vasi venosi, non specificate"
      }, {
        "code": "74741",
        "display": "Connessione totalmente anomala delle vene polmonari"
      }, {
        "code": "74742",
        "display": "Connessione venosa polmonare parzialmente anomala"
      }, {
        "code": "74749",
        "display": "Altre anomalie dei grossi vasi venosi"
      }, {
        "code": "7475",
        "display": "Assenza o ipoplasia dell' arteria ombelicale"
      }, {
        "code": "7476",
        "display": "Altre anomalie del sistema vascolare periferico"
      }, {
        "code": "74760",
        "display": "Anomalia del sistema vascolare periferico, di sito non specificato"
      }, {
        "code": "74761",
        "display": "Anomalie dei vasi gastrointestinali"
      }, {
        "code": "74762",
        "display": "Anomalie dei vasi renali"
      }, {
        "code": "74763",
        "display": "Anomalie vascolari degli arti superiori"
      }, {
        "code": "74764",
        "display": "Anomalie vascolari degli arti inferiori"
      }, {
        "code": "74769",
        "display": "Anomalie di altre sedi specificate del sistema vascolare periferico"
      }, {
        "code": "7478",
        "display": "Altre anomalie specificate del sistema circolatorio"
      }, {
        "code": "74781",
        "display": "Anomalie del sistema cerebrovascolare"
      }, {
        "code": "74782",
        "display": "Anomalie dei vasi spinali"
      }, {
        "code": "74783",
        "display": "Circolazione fetale persistente"
      }, {
        "code": "74789",
        "display": "Altro"
      }, {
        "code": "7479",
        "display": "Anomalie non specificate del sistema circolatorio"
      } ]
    } ]
  }
}