{
  "resourceType": "ValueSet",
  "url": "http://hl7.org/fhir/sid/icd-9-cm-675",
  "version": "1.0",
  "name": "Diagnosi-Anomalie congenite dell' apparato respiratorio",
  "title": "Anomalie congenite dell' apparato respiratorio",
  "status": "active",
  "compose": {
    "include": [ {
      "system": "http://hl7.org/fhir/sid/icd-9-cm",
      "concept": [ {
        "code": "7480",
        "display": "Atresia delle coane"
      }, {
        "code": "7481",
        "display": "Altre anomalie del naso"
      }, {
        "code": "7482",
        "display": "Membrana laringea"
      }, {
        "code": "7483",
        "display": "Altre anomalie della laringe, trachea e bronchi"
      }, {
        "code": "7484",
        "display": "Cisti congenita polmonare"
      }, {
        "code": "7485",
        "display": "Agenesia, ipoplasia e displasia del polmone"
      }, {
        "code": "7486",
        "display": "Altre anomalie del polmone"
      }, {
        "code": "74860",
        "display": "Anomalie del polmone, non specificate"
      }, {
        "code": "74861",
        "display": "Bronchiectasie congenite"
      }, {
        "code": "74869",
        "display": "Altro"
      }, {
        "code": "7488",
        "display": "Altre anomalie specificate dell' apparato respiratorio"
      }, {
        "code": "7489",
        "display": "Anomalie non specificate dell' apparato respiratorio"
      } ]
    } ]
  }
}