{
  "resourceType": "ValueSet",
  "url": "http://hl7.org/fhir/sid/icd-9-cm-208",
  "version": "1.0",
  "name": "Diagnosi-Carcinomi in situ della mammella e dell' apparato urogenitale",
  "title": "Carcinomi in situ della mammella e dell' apparato urogenitale",
  "status": "active",
  "compose": {
    "include": [ {
      "system": "http://hl7.org/fhir/sid/icd-9-cm",
      "concept": [ {
        "code": "2330",
        "display": "Carcinomi in situ della mammella"
      }, {
        "code": "2331",
        "display": "Carcinomi in situ della cervice uterina"
      }, {
        "code": "2332",
        "display": "Carcinomi in situ di altre e non specificate parti dell' utero"
      }, {
        "code": "2333",
        "display": "Carcinomi in situ di altri e non specificati organi genitali femminili"
      }, {
        "code": "2334",
        "display": "Carcinomi in situ della prostata"
      }, {
        "code": "2335",
        "display": "Carcinomi in situ del pene"
      }, {
        "code": "2336",
        "display": "Carcinomi in situ di altri e non specificati organi genitali maschili"
      }, {
        "code": "2337",
        "display": "Carcinomi in situ della vescica"
      }, {
        "code": "2339",
        "display": "Carcinomi in situ di altri e non specificati organi urinari"
      } ]
    } ]
  }
}