{
  "resourceType": "ValueSet",
  "url": "http://hl7.org/fhir/sid/icd-9-cm-5",
  "version": "1.0",
  "name": "Diagnosi-Altre intossicazioni alimentari (batteriche)",
  "title": "Altre intossicazioni alimentari (batteriche)",
  "status": "active",
  "compose": {
    "include": [ {
      "system": "http://hl7.org/fhir/sid/icd-9-cm",
      "concept": [ {
        "code": "0050",
        "display": "Intossicazione alimentare da Stafilococco"
      }, {
        "code": "0051",
        "display": "Botulismo"
      }, {
        "code": "0052",
        "display": "Intossicazione alimentare da Clostridium perfringens (C. welchii)"
      }, {
        "code": "0053",
        "display": "Intossicazione alimentare da altri Clostridi"
      }, {
        "code": "0054",
        "display": "Intossicazione alimentare da Vibrio parahaemolyticus"
      }, {
        "code": "0058",
        "display": "Altre intossicazioni alimentari batteriche"
      }, {
        "code": "00581",
        "display": "Intossicazione alimentare da Vibrio vulnificus"
      }, {
        "code": "00589",
        "display": "Altre intossicazioni alimentari batteriche"
      }, {
        "code": "0059",
        "display": "Intossicazione alimentare non specificata"
      } ]
    } ]
  }
}