{
  "resourceType": "ValueSet",
  "url": "http://hl7.org/fhir/sid/icd-9-cm-629",
  "version": "1.0",
  "name": "Diagnosi-Altre dermatosi",
  "title": "Altre dermatosi",
  "status": "active",
  "compose": {
    "include": [ {
      "system": "http://hl7.org/fhir/sid/icd-9-cm",
      "concept": [ {
        "code": "7020",
        "display": "Cheratosi attinica"
      }, {
        "code": "7021",
        "display": "Cheratosi seborroica"
      }, {
        "code": "70211",
        "display": "Cheratosi seborroica infiammata"
      }, {
        "code": "70219",
        "display": "Altre cheratosi seborroiche"
      }, {
        "code": "7028",
        "display": "Altre dermatosi specificate"
      } ]
    } ]
  }
}