{
  "resourceType": "ValueSet",
  "url": "http://hl7.org/fhir/sid/icd-9-cm-1000",
  "version": "1.0",
  "name": "Diagnosi-Indice di massa corporea [BMI]",
  "title": "Indice di massa corporea [BMI]",
  "status": "active",
  "compose": {
    "include": [ {
      "system": "http://hl7.org/fhir/sid/icd-9-cm",
      "concept": [ {
        "code": "V850",
        "display": "Indice di massa corporea inferiore a 19, adulti"
      }, {
        "code": "V851",
        "display": "Indice di massa corporea tra 19 e 24, adulti"
      }, {
        "code": "V852",
        "display": "Indice di massa corporea tra 25 e 29, adulti"
      }, {
        "code": "V8521",
        "display": "Indice di massa corporea tra 25.0 e 25.9, adulti"
      }, {
        "code": "V8522",
        "display": "Indice di massa corporea tra 26.0 e 26.9, adulti"
      }, {
        "code": "V8523",
        "display": "Indice di massa corporea tra 27.0 e 27.9, adulti"
      }, {
        "code": "V8524",
        "display": "Indice di massa corporea tra 28.0 e 28.9, adulti"
      }, {
        "code": "V8525",
        "display": "Indice di massa corporea tra 29.0 e 29.9, adulti"
      }, {
        "code": "V853",
        "display": "Indice di massa corporea tra 30 e 39, adulti"
      }, {
        "code": "V8530",
        "display": "Indice di massa corporea tra 30.0 e 30.9, adulti"
      }, {
        "code": "V8531",
        "display": "Indice di massa corporea tra 31.0 e 31.9, adulti"
      }, {
        "code": "V8532",
        "display": "Indice di massa corporea tra 32.0 e 32.9, adulti"
      }, {
        "code": "V8533",
        "display": "Indice di massa corporea tra 33.0 e 33.9, adulti"
      }, {
        "code": "V8534",
        "display": "Indice di massa corporea tra 34.0 e 34.9, adulti"
      }, {
        "code": "V8535",
        "display": "Indice di massa corporea tra 35.0 e 35.9, adulti"
      }, {
        "code": "V8536",
        "display": "Indice di massa corporea tra 36.0 e 36.9, adulti"
      }, {
        "code": "V8537",
        "display": "Indice di massa corporea tra 37.0 e 37.9, adulti"
      }, {
        "code": "V8538",
        "display": "Indice di massa corporea tra 38.0 e 38.9, adulti"
      }, {
        "code": "V8539",
        "display": "Indice di massa corporea tra 39.0 e 39.9, adulti"
      }, {
        "code": "V854",
        "display": "Indice di massa corporea pari o superiore a 40, adulti"
      }, {
        "code": "V855",
        "display": "Indice di massa corporea, pediatrico"
      }, {
        "code": "V8551",
        "display": "Indice di massa corporea, pediatrico, inferiore al 5º percentile per eta'"
      }, {
        "code": "V8552",
        "display": "Indice di massa corporea, pediatrico, dal 5º percentile all'84º percentile per eta'"
      }, {
        "code": "V8553",
        "display": "Indice di massa corporea, pediatrico, dall' 85º percentile all'94º percentile per eta'"
      }, {
        "code": "V8554",
        "display": "Indice di massa corporea, pediatrico, uguale o superiore al 95º percentile per eta'"
      } ]
    } ]
  }
}