{
  "resourceType": "ValueSet",
  "url": "http://hl7.org/fhir/sid/icd-9-cm-927",
  "version": "1.0",
  "name": "Diagnosi-Anamnesi personale di disturbo psichico",
  "title": "Anamnesi personale di disturbo psichico",
  "status": "active",
  "compose": {
    "include": [ {
      "system": "http://hl7.org/fhir/sid/icd-9-cm",
      "concept": [ {
        "code": "V110",
        "display": "Anamnesi personale di schizofrenia"
      }, {
        "code": "V111",
        "display": "Anamnesi personale di disturbi affettivi"
      }, {
        "code": "V112",
        "display": "Anamnesi personale di neurosi"
      }, {
        "code": "V113",
        "display": "Anamnesi personale di alcoolismo"
      }, {
        "code": "V118",
        "display": "Anamnesi personale di altri disturbi psichici"
      }, {
        "code": "V119",
        "display": "Anamnesi personale di disturbo psichico non specificato"
      } ]
    } ]
  }
}