{
  "resourceType": "ValueSet",
  "url": "http://hl7.org/fhir/sid/icd-9-cm-776",
  "version": "1.0",
  "name": "Diagnosi-Concussione",
  "title": "Concussione",
  "status": "active",
  "compose": {
    "include": [ {
      "system": "http://hl7.org/fhir/sid/icd-9-cm",
      "concept": [ {
        "code": "8500",
        "display": "Concussione con nessuna perdita di coscienza"
      }, {
        "code": "8501",
        "display": "Concussione con breve perdita di coscienza"
      }, {
        "code": "85011",
        "display": "Con perdita di coscienza di durata inferiore o uguale a 30 minuti"
      }, {
        "code": "85012",
        "display": "Con perdita di coscienza di durata compresa tra 31 e 59 minuti"
      }, {
        "code": "8502",
        "display": "Concussione con moderata perdita di coscienza"
      }, {
        "code": "8503",
        "display": "Concussione con prolungata perdita di coscienza e ritorno al livello di coscienza preesistente"
      }, {
        "code": "8504",
        "display": "Concussione con prolungata perdita di coscienza, senza ritorno al livello di coscienza preesistente"
      }, {
        "code": "8505",
        "display": "Concussione con perdita di coscienza di durata non specificata"
      }, {
        "code": "8509",
        "display": "Con concussione, non specificata"
      } ]
    } ]
  }
}