{
  "resourceType": "ValueSet",
  "url": "http://hl7.org/fhir/sid/icd-9-cm-814",
  "version": "1.0",
  "name": "Diagnosi-Amputazione traumatica delle dita del piede (completa) (parziale)",
  "title": "Amputazione traumatica delle dita del piede (completa) (parziale)",
  "status": "active",
  "compose": {
    "include": [ {
      "system": "http://hl7.org/fhir/sid/icd-9-cm",
      "concept": [ {
        "code": "8950",
        "display": "Amputazione traumatica delle dita del piede (completa) (parziale)senza menzione di complicazioni"
      }, {
        "code": "8951",
        "display": "Amputazione traumatica delle dita del piede (completa) (parziale)con complicazioni"
      } ]
    } ]
  }
}