{
  "resourceType": "ValueSet",
  "url": "http://hl7.org/fhir/sid/icd-9-cm-741",
  "version": "1.0",
  "name": "Diagnosi-Frattura delle ossa del carpo",
  "title": "Frattura delle ossa del carpo",
  "status": "active",
  "compose": {
    "include": [ {
      "system": "http://hl7.org/fhir/sid/icd-9-cm",
      "concept": [ {
        "code": "8140",
        "display": "Frattura chiusa"
      }, {
        "code": "81400",
        "display": "Frattura chiusa, ossa del carpo, non specificate"
      }, {
        "code": "81401",
        "display": "Frattura chiusa, navicolare del polso [scafoide]"
      }, {
        "code": "81402",
        "display": "Frattura chiusa, osso semilunare del polso"
      }, {
        "code": "81403",
        "display": "Frattura chiusa, osso cuneiforme del polso"
      }, {
        "code": "81404",
        "display": "Frattura chiusa, osso pisiforme"
      }, {
        "code": "81405",
        "display": "Frattura chiusa, osso a trapezio [multiangolare piu' largo]"
      }, {
        "code": "81406",
        "display": "Frattura chiusa, osso trapezoide [multiangolare piu' piccolo]"
      }, {
        "code": "81407",
        "display": "Frattura chiusa, osso capitato [grande osso]"
      }, {
        "code": "81408",
        "display": "Frattura chiusa, osso uncinato[unciforme]"
      }, {
        "code": "81409",
        "display": "Frattura chiusa, altro"
      }, {
        "code": "8141",
        "display": "Frattura esposta"
      }, {
        "code": "81410",
        "display": "Frattura esposta, ossa del carpo, non specificate"
      }, {
        "code": "81411",
        "display": "Frattura esposta, navicolare del polso [scafoide]"
      }, {
        "code": "81412",
        "display": "Frattura esposta, osso semilunare del polso"
      }, {
        "code": "81413",
        "display": "Frattura esposta, osso cuneiforme del polso"
      }, {
        "code": "81414",
        "display": "Frattura esposta, osso pisiforme"
      }, {
        "code": "81415",
        "display": "Frattura esposta, osso a trapezio [multiangolare piu' largo]"
      }, {
        "code": "81416",
        "display": "Frattura esposta, osso trapezoide [multiangolare piu' piccolo]"
      }, {
        "code": "81417",
        "display": "Frattura esposta, osso capitato [grande osso]"
      }, {
        "code": "81418",
        "display": "Frattura esposta, osso uncinato [unciforme]"
      }, {
        "code": "81419",
        "display": "Frattura esposta, altro"
      } ]
    } ]
  }
}