{
  "resourceType": "ValueSet",
  "url": "http://hl7.org/fhir/sid/icd-9-cm-290",
  "version": "1.0",
  "name": "Diagnosi-Altri ritardi mentali specificati",
  "title": "Altri ritardi mentali specificati",
  "status": "active",
  "compose": {
    "include": [ {
      "system": "http://hl7.org/fhir/sid/icd-9-cm",
      "concept": [ {
        "code": "3180",
        "display": "Ritardo mentale di media gravita'"
      }, {
        "code": "3181",
        "display": "Ritardo mentale grave"
      }, {
        "code": "3182",
        "display": "Ritardo mentale profondo"
      } ]
    } ]
  }
}