{
  "resourceType": "ValueSet",
  "url": "http://hl7.org/fhir/sid/icd-9-cm-806",
  "version": "1.0",
  "name": "Diagnosi-Amputazione traumatica del pollice (completa) (parziale)",
  "title": "Amputazione traumatica del pollice (completa) (parziale)",
  "status": "active",
  "compose": {
    "include": [ {
      "system": "http://hl7.org/fhir/sid/icd-9-cm",
      "concept": [ {
        "code": "8850",
        "display": "Amputazione traumatica del pollice (completa) (parziale) senza menzione di complicazioni"
      }, {
        "code": "8851",
        "display": "Amputazione traumatica del pollice (completa) (parziale) con complicazioni"
      } ]
    } ]
  }
}