{
  "resourceType": "ValueSet",
  "url": "http://hl7.org/fhir/sid/icd-9-cm-314",
  "version": "1.0",
  "name": "Diagnosi-Epilessie e crisi ricorrenti",
  "title": "Epilessie e crisi ricorrenti",
  "status": "active",
  "compose": {
    "include": [ {
      "system": "http://hl7.org/fhir/sid/icd-9-cm",
      "concept": [ {
        "code": "3450",
        "display": "Epilessia generalizzata non convulsiva"
      }, {
        "code": "34500",
        "display": "Epilessia generalizzata non convulsiva, senza menzione di epilessia non trattabile"
      }, {
        "code": "34501",
        "display": "Epilessia generalizzata non convulsiva, con epilessia non trattabile"
      }, {
        "code": "3451",
        "display": "Epilessia generalizzata convulsiva"
      }, {
        "code": "34510",
        "display": "Epilessia generalizzata convulsiva, senza menzione di epilessia non trattabile"
      }, {
        "code": "34511",
        "display": "Epilessia generalizzata convulsiva, con epilessia non trattabile"
      }, {
        "code": "3452",
        "display": "Stato di piccolo male, epilettico"
      }, {
        "code": "3453",
        "display": "Stato di grande male, epilettico"
      }, {
        "code": "3454",
        "display": "Epilessia e sindromi epilettiche con crisi parziali complesse correlate alla sede (focali) (parziali)"
      }, {
        "code": "34540",
        "display": "Epilessia e sindromi epilettiche con crisi parziali complesse correlate alla sede (focali) (parziali), senza menzione di epilessia non trattabile"
      }, {
        "code": "34541",
        "display": "Epilessia e sindromi epilettiche con crisi parziali complesse correlate alla sede (focali) (parziali), con epilessia non trattabile"
      }, {
        "code": "3455",
        "display": "Epilessia e sindromi epilettiche con crisi parziali semplici correlate alla sede (focali) (parziali)"
      }, {
        "code": "34550",
        "display": "Epilessia e sindromi epilettiche con crisi parziali semplici correlate alla sede (focali) (parziali), senza menzione di epilessia non trattabile"
      }, {
        "code": "34551",
        "display": "Epilessia e sindromi epilettiche con crisi parziali semplici correlate alla sede (focali) (parziali), con epilessia non trattabile"
      }, {
        "code": "3456",
        "display": "Spasmi infantili"
      }, {
        "code": "34560",
        "display": "Spasmi infantili, senza menzione di epilessia non trattabile"
      }, {
        "code": "34561",
        "display": "Spasmi infantili, con epilessia non trattabile"
      }, {
        "code": "3457",
        "display": "Epilessia parziale continua"
      }, {
        "code": "34570",
        "display": "Epilessia parziale continua, senza menzione di epilessia non trattabile"
      }, {
        "code": "34571",
        "display": "Epilessia parziale continua, con epilessia non trattabile"
      }, {
        "code": "3458",
        "display": "Altre forme di epilessia e crisi ricorrenti"
      }, {
        "code": "34580",
        "display": "Altre forme di epilessia e crisi ricorrenti, senza menzione di epilessia non trattabile"
      }, {
        "code": "34581",
        "display": "Altre forme di epilessia e crisi ricorrenti, con epilessia non trattabile"
      }, {
        "code": "3459",
        "display": "Epilessia, non specificata"
      }, {
        "code": "34590",
        "display": "Epilessia, non specificata, senza menzione di epilessia non trattabile"
      }, {
        "code": "34591",
        "display": "Epilessia, non specificata, con epilessia non trattabile"
      } ]
    } ]
  }
}