{
  "resourceType": "ValueSet",
  "url": "http://hl7.org/fhir/sid/icd-9-cm-929",
  "version": "1.0",
  "name": "Diagnosi-Anamnesi personale di altre malattie",
  "title": "Anamnesi personale di altre malattie",
  "status": "active",
  "compose": {
    "include": [ {
      "system": "http://hl7.org/fhir/sid/icd-9-cm",
      "concept": [ {
        "code": "V130",
        "display": "Anamnesi personale di disturbi dell' apparato urinario"
      }, {
        "code": "V1300",
        "display": "Anamnesi personale di disturbo non specificato dell' apparato urinario"
      }, {
        "code": "V1302",
        "display": "Anamnesi personale di infezione urinaria (del tratto)"
      }, {
        "code": "V1303",
        "display": "Anamnesi personale di sindrome nefrosica"
      }, {
        "code": "V1301",
        "display": "Anamnesi personale di calcoli urinari"
      }, {
        "code": "V1309",
        "display": "Anamnesi personale di altri disturbi specificati dell' apparato urinario"
      }, {
        "code": "V131",
        "display": "Anamnesi personale di malattia trofoblastica"
      }, {
        "code": "V132",
        "display": "Anamnesi personale di altri disturbi ostetrici e dell' apparato genitale"
      }, {
        "code": "V1321",
        "display": "Anamnesi personale di travaglio pretermine"
      }, {
        "code": "V1329",
        "display": "Anamnesi personale di altri disturbi ostetrici e dell' apparato genitale"
      }, {
        "code": "V133",
        "display": "Anamnesi personale di malattie della pelle e del tessuto sottocutaneo"
      }, {
        "code": "V134",
        "display": "Anamnesi personale di artrite"
      }, {
        "code": "V135",
        "display": "Anamnesi personale di altri disturbi osteomuscolari"
      }, {
        "code": "V136",
        "display": "Anamnesi personale di malformazioni congenite"
      }, {
        "code": "V1361",
        "display": "Anamnesi personale di ipospadia"
      }, {
        "code": "V1369",
        "display": "Anamnesi personale di altre malformazioni congenite"
      }, {
        "code": "V137",
        "display": "Anamnesi personale di problemi perinatali"
      }, {
        "code": "V138",
        "display": "Anamnesi personale di altre malattie specificate"
      }, {
        "code": "V139",
        "display": "Anamnesi personale di malattia non specificata"
      } ]
    } ]
  }
}