{
  "resourceType": "ValueSet",
  "url": "http://hl7.org/fhir/sid/icd-9-cm-813",
  "version": "1.0",
  "name": "Diagnosi-Ferite multiple e non specificate dell' arto inferiore",
  "title": "Ferite multiple e non specificate dell' arto inferiore",
  "status": "active",
  "compose": {
    "include": [ {
      "system": "http://hl7.org/fhir/sid/icd-9-cm",
      "concept": [ {
        "code": "8940",
        "display": "Ferite multiple e non specificate dell' arto inferiore senza menzione di complicazioni"
      }, {
        "code": "8941",
        "display": "Ferite multiple e non specificate dell' arto inferiore con complicazioni"
      }, {
        "code": "8942",
        "display": "Ferite multiple e non specificate dell' arto inferiore con interessamento dei tendini"
      } ]
    } ]
  }
}