{
  "resourceType": "ValueSet",
  "url": "http://hl7.org/fhir/sid/icd-9-cm-369",
  "version": "1.0",
  "name": "Diagnosi-Cardiopatia ipertensiva",
  "title": "Cardiopatia ipertensiva",
  "status": "active",
  "compose": {
    "include": [ {
      "system": "http://hl7.org/fhir/sid/icd-9-cm",
      "concept": [ {
        "code": "4020",
        "display": "Cardiopatia ipertensiva maligna"
      }, {
        "code": "40200",
        "display": "Cardiopatia ipertensiva maligna senza insufficienza cardiaca"
      }, {
        "code": "40201",
        "display": "Cardiopatia ipertensiva maligna con insufficienza cardiaca"
      }, {
        "code": "4021",
        "display": "Cardiopatia ipertensiva benigna"
      }, {
        "code": "40210",
        "display": "Cardiopatia ipertensiva benigna senza insufficienza cardiaca"
      }, {
        "code": "40211",
        "display": "Cardiopatia ipertensiva benigna con insufficienza cardiaca"
      }, {
        "code": "4029",
        "display": "Cardiopatia ipertensiva non specificata"
      }, {
        "code": "40290",
        "display": "Cardiopatia ipertensiva non specificata senza insufficienza cardiaca"
      }, {
        "code": "40291",
        "display": "Cardiopatia ipertensiva non specificata con insufficienza cardiaca"
      } ]
    } ]
  }
}