{
  "resourceType": "ValueSet",
  "url": "http://hl7.org/fhir/sid/icd-9-cm-908",
  "version": "1.0",
  "name": "Diagnosi-Effetti del freddo",
  "title": "Effetti del freddo",
  "status": "active",
  "compose": {
    "include": [ {
      "system": "http://hl7.org/fhir/sid/icd-9-cm",
      "concept": [ {
        "code": "9910",
        "display": "Congelamento della faccia"
      }, {
        "code": "9911",
        "display": "Congelamento della mano"
      }, {
        "code": "9912",
        "display": "Congelamento del piede"
      }, {
        "code": "9913",
        "display": "Congelamento di altre e non specificate sedi"
      }, {
        "code": "9914",
        "display": "Piede da immersione"
      }, {
        "code": "9915",
        "display": "Geloni"
      }, {
        "code": "9916",
        "display": "Ipotermia"
      }, {
        "code": "9918",
        "display": "Altri specificati effetti del freddo"
      }, {
        "code": "9919",
        "display": "Effetti del freddo non specificati"
      } ]
    } ]
  }
}