{
  "resourceType": "ValueSet",
  "url": "http://hl7.org/fhir/sid/icd-9-cm-538",
  "version": "1.0",
  "name": "Diagnosi-Altre patologie della prostata",
  "title": "Altre patologie della prostata",
  "status": "active",
  "compose": {
    "include": [ {
      "system": "http://hl7.org/fhir/sid/icd-9-cm",
      "concept": [ {
        "code": "6020",
        "display": "Calcolosi prostatica"
      }, {
        "code": "6021",
        "display": "Congestione o emorragia della prostata"
      }, {
        "code": "6022",
        "display": "Atrofia della prostata"
      }, {
        "code": "6023",
        "display": "Displasia della prostata"
      }, {
        "code": "6028",
        "display": "Altre patologie specificate della prostata"
      }, {
        "code": "6029",
        "display": "Patologia non specificata della prostata"
      } ]
    } ]
  }
}