{
  "resourceType": "ValueSet",
  "url": "http://hl7.org/fhir/sid/icd-9-cm-640",
  "version": "1.0",
  "name": "Diagnosi-Artropatia associata ad altri disturbi classificati altrove",
  "title": "Artropatia associata ad altri disturbi classificati altrove",
  "status": "active",
  "compose": {
    "include": [ {
      "system": "http://hl7.org/fhir/sid/icd-9-cm",
      "concept": [ {
        "code": "7130",
        "display": "Artropatia associata ad altri disturbi endocrini e metabolici"
      }, {
        "code": "7131",
        "display": "Artropatia associata a manifestazioni morbose gastrointestinali non infettive"
      }, {
        "code": "7132",
        "display": "Artropatia associata ad affezioni ematologiche"
      }, {
        "code": "7133",
        "display": "Artropatia associata ad affezioni dermatologiche"
      }, {
        "code": "7134",
        "display": "Artropatia associata ad affezioni respiratorie"
      }, {
        "code": "7135",
        "display": "Artropatia associata a disturbi neurologici"
      }, {
        "code": "7136",
        "display": "Artropatia associata a reazioni di ipersensibilita'"
      }, {
        "code": "7137",
        "display": "Altre malattie sistemiche con complicazioni articolari"
      }, {
        "code": "7138",
        "display": "Artropatia associata ad altre manifestazioni morbose classificate altrove"
      } ]
    } ]
  }
}