{
  "resourceType": "ValueSet",
  "url": "http://hl7.org/fhir/sid/icd-9-cm-86",
  "version": "1.0",
  "name": "Diagnosi-Altre forme di sifilide e non specificata",
  "title": "Altre forme di sifilide e non specificata",
  "status": "active",
  "compose": {
    "include": [ {
      "system": "http://hl7.org/fhir/sid/icd-9-cm",
      "concept": [ {
        "code": "0970",
        "display": "Sifilide tardiva non specificata"
      }, {
        "code": "0971",
        "display": "Sifilide latente non specificata"
      }, {
        "code": "0979",
        "display": "Sifilide non specificata"
      } ]
    } ]
  }
}