{
  "resourceType": "ValueSet",
  "url": "http://hl7.org/fhir/sid/icd-9-cm-938",
  "version": "1.0",
  "name": "Diagnosi-Gravidanza normale",
  "title": "Gravidanza normale",
  "status": "active",
  "compose": {
    "include": [ {
      "system": "http://hl7.org/fhir/sid/icd-9-cm",
      "concept": [ {
        "code": "V220",
        "display": "Controllo di prima gravidanza normale"
      }, {
        "code": "V221",
        "display": "Controllo di altra gravidanza normale"
      }, {
        "code": "V222",
        "display": "Reperto accidentale di gravidanza"
      } ]
    } ]
  }
}