{
  "resourceType": "ValueSet",
  "url": "http://hl7.org/fhir/sid/icd-9-cm-465",
  "version": "1.0",
  "name": "Diagnosi-Altre malattie del polmone",
  "title": "Altre malattie del polmone",
  "status": "active",
  "compose": {
    "include": [ {
      "system": "http://hl7.org/fhir/sid/icd-9-cm",
      "concept": [ {
        "code": "5180",
        "display": "Collasso polmonare"
      }, {
        "code": "5181",
        "display": "Enfisema interstiziale"
      }, {
        "code": "5182",
        "display": "Enfisema compensatorio"
      }, {
        "code": "5183",
        "display": "Eosinofilia polmonare"
      }, {
        "code": "5184",
        "display": "Edema polmonare acuto, non specificato"
      }, {
        "code": "5185",
        "display": "Insufficienza polmonare successiva a trauma o a intervento chirurgico"
      }, {
        "code": "5186",
        "display": "Aspergillosi broncopolmonare allergica"
      }, {
        "code": "5187",
        "display": "Lesione polmonare acuta post-trasfusionale"
      }, {
        "code": "5188",
        "display": "Altre malattie del polmone"
      }, {
        "code": "51881",
        "display": "Insufficienza respiratoria acuta"
      }, {
        "code": "51882",
        "display": "Altre insufficienze polmonari, non classificate altrove"
      }, {
        "code": "51883",
        "display": "Insufficienza respiratoria cronica"
      }, {
        "code": "51884",
        "display": "Insufficienza respiratoria acuta e cronica"
      }, {
        "code": "51889",
        "display": "Altre malattie del polmone, non classificate altrove"
      } ]
    } ]
  }
}