{
  "resourceType": "ValueSet",
  "url": "http://hl7.org/fhir/sid/icd-9-cm-952",
  "version": "1.0",
  "name": "Diagnosi-Altro parto multiplo (tre o piu' ), alcuni nati vivi e altri nati morti",
  "title": "Altro parto multiplo (tre o piu' ), alcuni nati vivi e altri nati morti",
  "status": "active",
  "compose": {
    "include": [ {
      "system": "http://hl7.org/fhir/sid/icd-9-cm",
      "concept": [ {
        "code": "V360",
        "display": "Altro parto multiplo (tre o piu' ), alcuni nati vivi e altri nati morti, nati in ospedale"
      }, {
        "code": "V3600",
        "display": "Altro parto multiplo (tre o piu' ), alcuni nati vivi e altri nati morti, nati in ospedale, senza menzione di taglio cesareo"
      }, {
        "code": "V3601",
        "display": "Altro parto multiplo (tre o piu' ), alcuni nati vivi e altri nati morti, nati in ospedale, con taglio cesareo"
      }, {
        "code": "V361",
        "display": "Altro parto multiplo (tre o piu' ), alcuni nati vivi e altri nati morti, nati prima dell' ammissione in ospedale"
      }, {
        "code": "V362",
        "display": "Altro parto multiplo (tre o piu' ), alcuni nati vivi e altri nati morti, nati fuori dall'ospedale e non ricoverati"
      } ]
    } ]
  }
}