{
  "resourceType": "ValueSet",
  "url": "http://hl7.org/fhir/sid/icd-9-cm-528",
  "version": "1.0",
  "name": "Diagnosi-Calcolosi renale ed ureterale",
  "title": "Calcolosi renale ed ureterale",
  "status": "active",
  "compose": {
    "include": [ {
      "system": "http://hl7.org/fhir/sid/icd-9-cm",
      "concept": [ {
        "code": "5920",
        "display": "Calcolosi renale"
      }, {
        "code": "5921",
        "display": "Calcolosi ureterale"
      }, {
        "code": "5929",
        "display": "Calcolosi urinaria, non specificata"
      } ]
    } ]
  }
}