{
  "resourceType": "ValueSet",
  "url": "http://hl7.org/fhir/sid/icd-9-cm-529",
  "version": "1.0",
  "name": "Diagnosi-Altre patologie del rene e dell' uretere",
  "title": "Altre patologie del rene e dell' uretere",
  "status": "active",
  "compose": {
    "include": [ {
      "system": "http://hl7.org/fhir/sid/icd-9-cm",
      "concept": [ {
        "code": "5930",
        "display": "Ptosi renale"
      }, {
        "code": "5931",
        "display": "Rene ipertrofico"
      }, {
        "code": "5932",
        "display": "Cisti renale acquisita"
      }, {
        "code": "5933",
        "display": "Stenosi o inginocchiamento acquisito dell' uretere"
      }, {
        "code": "5934",
        "display": "Altre ostruzioni ureterali"
      }, {
        "code": "5935",
        "display": "Idrouretere"
      }, {
        "code": "5936",
        "display": "Proteinuria posturale"
      }, {
        "code": "5937",
        "display": "Reflusso vescicoureterale"
      }, {
        "code": "59370",
        "display": "Reflusso vescicoureterale, non specificato o senza nefropatia da reflusso"
      }, {
        "code": "59371",
        "display": "Reflusso vescicoureterale, con nefropatia da reflusso, monolaterale"
      }, {
        "code": "59372",
        "display": "Reflusso vescicoureterale, con nefropatia da reflusso, bilaterale"
      }, {
        "code": "59373",
        "display": "Reflusso vescicoureterale, con nefropatia da reflusso SAI"
      }, {
        "code": "5938",
        "display": "Altre patologie del rene e dell' uretere specificate"
      }, {
        "code": "59381",
        "display": "Patologie vascolari del rene"
      }, {
        "code": "59382",
        "display": "Fistola ureterale"
      }, {
        "code": "59389",
        "display": "Altre patologie del rene e dell' uretere, tipo specificato"
      }, {
        "code": "5939",
        "display": "Patologia non specificata del rene e dell' uretere"
      } ]
    } ]
  }
}