{
  "resourceType": "ValueSet",
  "url": "http://hl7.org/fhir/sid/icd-9-cm-877",
  "version": "1.0",
  "name": "Diagnosi-Avvelenamento da antibiotici",
  "title": "Avvelenamento da antibiotici",
  "status": "active",
  "compose": {
    "include": [ {
      "system": "http://hl7.org/fhir/sid/icd-9-cm",
      "concept": [ {
        "code": "9600",
        "display": "Avvelenamento da penicilline"
      }, {
        "code": "9601",
        "display": "Avvelenamento da antibiotici antifungini"
      }, {
        "code": "9602",
        "display": "Avvelenamento dal gruppo del cloramfenicolo"
      }, {
        "code": "9603",
        "display": "Avvelenamento da eritromicina e altri macrolidi"
      }, {
        "code": "9604",
        "display": "Avvelenamento dal gruppo delle tetracicline"
      }, {
        "code": "9605",
        "display": "Avvelenamento dal gruppo delle cefalosporine"
      }, {
        "code": "9606",
        "display": "Avvelenamento da antibiotici antimicobatterici"
      }, {
        "code": "9607",
        "display": "Avvelenamento da antibiotici antineoplastici"
      }, {
        "code": "9608",
        "display": "Avvelenamento da altri antibiotici specificati"
      }, {
        "code": "9609",
        "display": "Avvelenamento da antibiotici non specificati"
      } ]
    } ]
  }
}