{
  "resourceType": "ValueSet",
  "url": "http://hl7.org/fhir/sid/icd-9-cm-209",
  "version": "1.0",
  "name": "Diagnosi-Carcinomi in situ di altre e non specificate sedi",
  "title": "Carcinomi in situ di altre e non specificate sedi",
  "status": "active",
  "compose": {
    "include": [ {
      "system": "http://hl7.org/fhir/sid/icd-9-cm",
      "concept": [ {
        "code": "2340",
        "display": "Carcinomi in situ dell' occhio"
      }, {
        "code": "2348",
        "display": "Carcinomi in situ di altre sedi specificate"
      }, {
        "code": "2349",
        "display": "Carcinomi in situ, sede non specificata"
      } ]
    } ]
  }
}