{
  "resourceType": "ValueSet",
  "url": "http://hl7.org/fhir/sid/icd-9-cm-792",
  "version": "1.0",
  "name": "Diagnosi-Ferita del globo oculare",
  "title": "Ferita del globo oculare",
  "status": "active",
  "compose": {
    "include": [ {
      "system": "http://hl7.org/fhir/sid/icd-9-cm",
      "concept": [ {
        "code": "8710",
        "display": "Lacerazione oculare senza prolasso del tessuto intraoculare"
      }, {
        "code": "8711",
        "display": "Lacerazione oculare con prolasso o esposizione del tessuto intraoculare"
      }, {
        "code": "8712",
        "display": "Rottura dell' occhio con perdita parziale del tessuto intraoculare"
      }, {
        "code": "8713",
        "display": "Avulsione dell' occhio"
      }, {
        "code": "8714",
        "display": "Lacerazione dell' occhio non specificata"
      }, {
        "code": "8715",
        "display": "Penetrazione del globo oculare con corpo estraneo magnetico"
      }, {
        "code": "8716",
        "display": "Penetrazione del globo oculare con corpo estraneo (non magnetico)"
      }, {
        "code": "8717",
        "display": "Penetrazione oculare non specificata"
      }, {
        "code": "8719",
        "display": "Ferita non specificata del globo oculare"
      } ]
    } ]
  }
}