{
  "resourceType": "ValueSet",
  "url": "http://hl7.org/fhir/sid/icd-9-cm-270",
  "version": "1.0",
  "name": "Diagnosi-Altre psicosi non organiche",
  "title": "Altre psicosi non organiche",
  "status": "active",
  "compose": {
    "include": [ {
      "system": "http://hl7.org/fhir/sid/icd-9-cm",
      "concept": [ {
        "code": "2980",
        "display": "Psicosi di tipo depressivo"
      }, {
        "code": "2981",
        "display": "Psicosi, tipo agitato"
      }, {
        "code": "2982",
        "display": "Confusione reattiva"
      }, {
        "code": "2983",
        "display": "Reazione paranoide acuta"
      }, {
        "code": "2984",
        "display": "Psicosi paranoide psicogena"
      }, {
        "code": "2988",
        "display": "Altre e non specificate psicosi reattive"
      }, {
        "code": "2989",
        "display": "Psicosi non specificata"
      } ]
    } ]
  }
}