{
  "resourceType": "ValueSet",
  "url": "http://hl7.org/fhir/sid/icd-9-cm-68",
  "version": "1.0",
  "name": "Diagnosi-Altre malattie da virus e da Chlamydiae",
  "title": "Altre malattie da virus e da Chlamydiae",
  "status": "active",
  "compose": {
    "include": [ {
      "system": "http://hl7.org/fhir/sid/icd-9-cm",
      "concept": [ {
        "code": "0780",
        "display": "Mollusco contagioso"
      }, {
        "code": "0781",
        "display": "Porro virale"
      }, {
        "code": "07810",
        "display": "Porro virale, non specificato"
      }, {
        "code": "07811",
        "display": "Condiloma acuminato"
      }, {
        "code": "07819",
        "display": "Altri porri virali specificati"
      }, {
        "code": "0782",
        "display": "Sudamina"
      }, {
        "code": "0783",
        "display": "Malattia da graffio di gatto"
      }, {
        "code": "0784",
        "display": "Afta epizootica"
      }, {
        "code": "0785",
        "display": "Malattia citomegalica"
      }, {
        "code": "0786",
        "display": "Nefrite emorragica con nefrosi"
      }, {
        "code": "0787",
        "display": "Febbre emorragica da Arenavirus"
      }, {
        "code": "0788",
        "display": "Altre malattie da virus e Chlamydiae, specificate"
      }, {
        "code": "07881",
        "display": "Vertigine epidemica"
      }, {
        "code": "07882",
        "display": "Sindrome da vomito epidemico"
      }, {
        "code": "07888",
        "display": "Altre malattie da Chlamydiae, specificate"
      }, {
        "code": "07889",
        "display": "Altre malattie da virus, specificate"
      } ]
    } ]
  }
}