{
  "resourceType": "ValueSet",
  "url": "http://hl7.org/fhir/sid/icd-9-cm-108",
  "version": "1.0",
  "name": "Diagnosi-Anchilostomiasi e necatoriasi",
  "title": "Anchilostomiasi e necatoriasi",
  "status": "active",
  "compose": {
    "include": [ {
      "system": "http://hl7.org/fhir/sid/icd-9-cm",
      "concept": [ {
        "code": "1260",
        "display": "Anchilostomiasi da Ancylostoma duodenale"
      }, {
        "code": "1261",
        "display": "Necatoriasi da Necator americanus"
      }, {
        "code": "1262",
        "display": "Necatoriasi da Ancylostoma braziliense"
      }, {
        "code": "1263",
        "display": "Anchilostomiasi da Ancylostoma ceylanicum"
      }, {
        "code": "1268",
        "display": "Anchilostomiasi da altri anchilostomi specificati"
      }, {
        "code": "1269",
        "display": "Anchilostomiasi e necatoriasi, non specificate"
      } ]
    } ]
  }
}