{
  "resourceType": "ValueSet",
  "url": "http://hl7.org/fhir/sid/icd-9-cm-203",
  "version": "1.0",
  "name": "Diagnosi-Emangioma e linfangioma, ogni sede",
  "title": "Emangioma e linfangioma, ogni sede",
  "status": "active",
  "compose": {
    "include": [ {
      "system": "http://hl7.org/fhir/sid/icd-9-cm",
      "concept": [ {
        "code": "2280",
        "display": "Emangioma, ogni sede"
      }, {
        "code": "22800",
        "display": "Emangioma di sede non specificata"
      }, {
        "code": "22801",
        "display": "Emangioma della cute e del tessuto sottocutaneo"
      }, {
        "code": "22802",
        "display": "Emangioma delle strutture intracraniche"
      }, {
        "code": "22803",
        "display": "Emangioma della retina"
      }, {
        "code": "22804",
        "display": "Emangioma delle strutture intraaddominali"
      }, {
        "code": "22809",
        "display": "Emangioma di altre sedi"
      }, {
        "code": "2281",
        "display": "Linfangioma, ogni sede"
      } ]
    } ]
  }
}