{
  "resourceType": "ValueSet",
  "url": "http://hl7.org/fhir/sid/icd-9-cm-240",
  "version": "1.0",
  "name": "Diagnosi-Carenza di vitamina D",
  "title": "Carenza di vitamina D",
  "status": "active",
  "compose": {
    "include": [ {
      "system": "http://hl7.org/fhir/sid/icd-9-cm",
      "concept": [ {
        "code": "2680",
        "display": "Rachitismo, attivo"
      }, {
        "code": "2681",
        "display": "Rachitismo, postumi"
      }, {
        "code": "2682",
        "display": "Osteomalacia non specificata"
      }, {
        "code": "2689",
        "display": "Carenza non specificata di vitamina D"
      } ]
    } ]
  }
}