{
  "resourceType": "ValueSet",
  "url": "http://hl7.org/fhir/sid/icd-9-cm-779",
  "version": "1.0",
  "name": "Diagnosi-Altre e non specificate emorragie intracraniche consecutive a traumatismo",
  "title": "Altre e non specificate emorragie intracraniche consecutive a traumatismo",
  "status": "active",
  "compose": {
    "include": [ {
      "system": "http://hl7.org/fhir/sid/icd-9-cm",
      "concept": [ {
        "code": "8530",
        "display": "Altre e non specificate emorragie intracraniche consecutive a traumatismo, senza menzione di ferita intracranica esposta"
      }, {
        "code": "85300",
        "display": "Altre e non specificate emorragie intracraniche consecutive a traumatismo, senza menzione di ferita intracranica esposta, stato di coscienza non specificato"
      }, {
        "code": "85301",
        "display": "Altre e non specificate emorragie intracraniche consecutive a traumatismo, senza menzione di ferita intracranica esposta, senza perdita di coscienza"
      }, {
        "code": "85302",
        "display": "Altre e non specificate emorragie intracraniche consecutive a traumatismo, senza menzione di ferita intracranica esposta, con breve [meno di un'ora] perdita di coscienza"
      }, {
        "code": "85303",
        "display": "Altre e non specificate emorragie intracraniche consecutive a traumatismo, senza menzione di ferita intracranica esposta, con moderata [1-24 ore] perdita di coscienza"
      }, {
        "code": "85304",
        "display": "Altre e non specificate emorragie intracraniche consecutive a traumatismo, senza menzione di ferita intracranica esposta, con prolungata [piu' di 24 ore] perdita di coscienza e ritorno al livello di coscienza preesistente"
      }, {
        "code": "85305",
        "display": "Altre e non specificate emorragie intracraniche consecutive a traumatismo, senza menzione di ferita intracranica esposta, con prolungata [piu' di 24 ore] perdita di coscienza senza ritorno al livello di coscienza preesistente"
      }, {
        "code": "85306",
        "display": "Altre e non specificate emorragie intracraniche consecutive a traumatismo, senza menzione di ferita intracranica esposta, con perdita di coscienza di durata non specificata"
      }, {
        "code": "85309",
        "display": "Altre e non specificate emorragie intracraniche consecutive a traumatismo, senza menzione di ferita intracranica esposta, con concussione, non specificata"
      }, {
        "code": "8531",
        "display": "Altre e non specificate emorragie intracraniche consecutive a traumatismo, con ferita intracranica esposta"
      }, {
        "code": "85310",
        "display": "Altre e non specificate emorragie intracraniche consecutive a traumatismo, con ferita intracranica esposta, stato di coscienza non specificato"
      }, {
        "code": "85311",
        "display": "Altre e non specificate emorragie intracraniche consecutive a traumatismo, con ferita intracranica esposta, senza perdita di coscienza"
      }, {
        "code": "85312",
        "display": "Altre e non specificate emorragie intracraniche consecutive a traumatismo, con ferita intracranica esposta, con breve [meno di un'ora] perdita di coscienza"
      }, {
        "code": "85313",
        "display": "Altre e non specificate emorragie intracraniche consecutive a traumatismo, con ferita intracranica esposta, con moderata [1-24 ore] perdita di coscienza"
      }, {
        "code": "85314",
        "display": "Altre e non specificate emorragie intracraniche consecutive a traumatismo, con ferita intracranica esposta, con prolungata [piu' di 24 ore] perdita di coscienza e ritorno al livello di coscienza preesistente"
      }, {
        "code": "85315",
        "display": "Altre e non specificate emorragie intracraniche consecutive a traumatismo, con ferita intracranica esposta, con prolungata [piu' di 24 ore] perdita di coscienza senza ritorno al livello di coscienza preesistente"
      }, {
        "code": "85316",
        "display": "Altre e non specificate emorragie intracraniche consecutive a traumatismo, con ferita intracranica esposta, con perdita di coscienza di durata non specificata"
      }, {
        "code": "85319",
        "display": "Altre e non specificate emorragie intracraniche consecutive a traumatismo, con ferita intracranica esposta, con concussione, non specificata"
      } ]
    } ]
  }
}