{
  "resourceType": "ValueSet",
  "url": "http://hl7.org/fhir/sid/icd-9-cm-681",
  "version": "1.0",
  "name": "Diagnosi-Alcune malformazioni congenite del sistema muscoloscheletrico",
  "title": "Alcune malformazioni congenite del sistema muscoloscheletrico",
  "status": "active",
  "compose": {
    "include": [ {
      "system": "http://hl7.org/fhir/sid/icd-9-cm",
      "concept": [ {
        "code": "7540",
        "display": "Malformazioni congenite del cranio, della faccia e della mascella"
      }, {
        "code": "7541",
        "display": "Malformazione congenita del muscolo sternocleidomastoideo"
      }, {
        "code": "7542",
        "display": "Della colonna"
      }, {
        "code": "7543",
        "display": "Lussazione congenita dell' anca"
      }, {
        "code": "75430",
        "display": "Lussazione congenita dell' anca, unilaterale"
      }, {
        "code": "75431",
        "display": "Lussazione congenita dell' anca, bilaterale"
      }, {
        "code": "75432",
        "display": "Sublussazione congenita dell' anca, unilaterale"
      }, {
        "code": "75433",
        "display": "Sublussazione congenita dell' anca, bilaterale"
      }, {
        "code": "75435",
        "display": "Lussazione congenita di un'anca con sublussazione dell' altra"
      }, {
        "code": "7544",
        "display": "Genu recurvatum congenito e incurvatura delle ossa lunghe della gamba"
      }, {
        "code": "75440",
        "display": "Genu recurvatum"
      }, {
        "code": "75441",
        "display": "Lussazione congenita del ginocchio (con genu recurvatum)"
      }, {
        "code": "75442",
        "display": "Curvatura congenita del femore"
      }, {
        "code": "75443",
        "display": "Curvatura congenita di tibia e fibula"
      }, {
        "code": "75444",
        "display": "Curvatura congenita non specificata di ossa lunghe della gamba"
      }, {
        "code": "7545",
        "display": "Malformazioni del piede in varismo"
      }, {
        "code": "75450",
        "display": "Piede talo varo"
      }, {
        "code": "75451",
        "display": "Piede talo equino"
      }, {
        "code": "75452",
        "display": "Metatarso varo primitivo"
      }, {
        "code": "75453",
        "display": "Metatarso varo"
      }, {
        "code": "75459",
        "display": "Altro"
      }, {
        "code": "7546",
        "display": "Malformazioni del piede in valgismo"
      }, {
        "code": "75460",
        "display": "Piede talo valgo"
      }, {
        "code": "75461",
        "display": "Piede piatto congenito"
      }, {
        "code": "75462",
        "display": "Piede talo calcaneo valgo"
      }, {
        "code": "75469",
        "display": "Altro"
      }, {
        "code": "7547",
        "display": "Altre malformazioni del piede"
      }, {
        "code": "75470",
        "display": "Piede torto non specificato"
      }, {
        "code": "75471",
        "display": "Piede talo cavo"
      }, {
        "code": "75479",
        "display": "Altro"
      }, {
        "code": "7548",
        "display": "Altre anomalie specificate non teratogeniche"
      }, {
        "code": "75481",
        "display": "Pectus excavatum"
      }, {
        "code": "75482",
        "display": "Petto carenato"
      }, {
        "code": "75489",
        "display": "Altro"
      } ]
    } ]
  }
}