{
  "resourceType": "ValueSet",
  "url": "http://hl7.org/fhir/sid/icd-9-cm-44",
  "version": "1.0",
  "name": "Diagnosi-Altre malattie virali del sistema nervoso centrale non trasmesse da artropodi",
  "title": "Altre malattie virali del sistema nervoso centrale non trasmesse da artropodi",
  "status": "active",
  "compose": {
    "include": [ {
      "system": "http://hl7.org/fhir/sid/icd-9-cm",
      "concept": [ {
        "code": "0490",
        "display": "Coriomeningite linfocitaria non trasmessa da artropodi"
      }, {
        "code": "0491",
        "display": "Meningite da Adenovirus non trasmessa da artropodi"
      }, {
        "code": "0498",
        "display": "Altre malattie virali del sistema nervoso centrale specificate non trasmesse da artropodi"
      }, {
        "code": "0499",
        "display": "Malattie virali del sistema nervoso centrale non specificate non trasmesse da artropodi"
      } ]
    } ]
  }
}