{
  "resourceType": "ValueSet",
  "url": "http://hl7.org/fhir/sid/icd-9-cm-930",
  "version": "1.0",
  "name": "Diagnosi-Anamnesi personale di allergia a sostanze medicinali",
  "title": "Anamnesi personale di allergia a sostanze medicinali",
  "status": "active",
  "compose": {
    "include": [ {
      "system": "http://hl7.org/fhir/sid/icd-9-cm",
      "concept": [ {
        "code": "V140",
        "display": "Anamnesi personale di allergia alla penicillina"
      }, {
        "code": "V141",
        "display": "Anamnesi personale di allergia ad altra sostanza antibiotica"
      }, {
        "code": "V142",
        "display": "Anamnesi personale di allergia a sulfamidici"
      }, {
        "code": "V143",
        "display": "Anamnesi personale di allergia ad altra sostanza anti-infettiva"
      }, {
        "code": "V144",
        "display": "Anamnesi personale di allergia a sostanza anestetica"
      }, {
        "code": "V145",
        "display": "Anamnesi personale di allergia a sostanza narcotica"
      }, {
        "code": "V146",
        "display": "Anamnesi personale di allergia a sostanza analgesica"
      }, {
        "code": "V147",
        "display": "Anamnesi personale di allergia a siero o vaccino"
      }, {
        "code": "V148",
        "display": "Anamnesi personale di allergia ad altre sostanze medicinali specificate"
      }, {
        "code": "V149",
        "display": "Anamnesi personale di allergia a sostanza medicinale non specificata"
      } ]
    } ]
  }
}