{
  "resourceType": "ValueSet",
  "url": "http://hl7.org/fhir/sid/icd-9-cm-353",
  "version": "1.0",
  "name": "Diagnosi-Altri disturbi della membrana timpanica",
  "title": "Altri disturbi della membrana timpanica",
  "status": "active",
  "compose": {
    "include": [ {
      "system": "http://hl7.org/fhir/sid/icd-9-cm",
      "concept": [ {
        "code": "3840",
        "display": "Timpanite acuta senza menzione di otite media"
      }, {
        "code": "38400",
        "display": "Timpanite acuta, non specificata"
      }, {
        "code": "38401",
        "display": "Timpanite bollosa"
      }, {
        "code": "38409",
        "display": "Altre timpaniti acute senza menzione di otite media"
      }, {
        "code": "3841",
        "display": "Timpanite cronica senza menzione di otite media"
      }, {
        "code": "3842",
        "display": "Perforazione della membrana timpanica"
      }, {
        "code": "38420",
        "display": "Perforazione della membrana timpanica, non specificata"
      }, {
        "code": "38421",
        "display": "Perforazione centrale della membrana timpanica"
      }, {
        "code": "38422",
        "display": "Perforazione attica della membrana timpanica"
      }, {
        "code": "38423",
        "display": "Altre perforazioni marginali della membrana timpanica"
      }, {
        "code": "38424",
        "display": "Perforazioni multiple della membrana timpanica"
      }, {
        "code": "38425",
        "display": "Perforazione totale della membrana timpanica"
      }, {
        "code": "3848",
        "display": "Altri disturbi specificati della membrana timpanica"
      }, {
        "code": "38481",
        "display": "Membrana timpanica atrofica flaccida"
      }, {
        "code": "38482",
        "display": "Membrana timpanica atrofica non flaccida"
      }, {
        "code": "3849",
        "display": "Disturbi non specificati della membrana timpanica"
      } ]
    } ]
  }
}