{
  "resourceType": "ValueSet",
  "url": "http://hl7.org/fhir/sid/icd-9-cm-29",
  "version": "1.0",
  "name": "Diagnosi-Difterite",
  "title": "Difterite",
  "status": "active",
  "compose": {
    "include": [ {
      "system": "http://hl7.org/fhir/sid/icd-9-cm",
      "concept": [ {
        "code": "0320",
        "display": "Difterite delle fauci"
      }, {
        "code": "0321",
        "display": "Difterite rinofaringea"
      }, {
        "code": "0322",
        "display": "Difterite nasale anteriore"
      }, {
        "code": "0323",
        "display": "Difterite laringea"
      }, {
        "code": "0328",
        "display": "Altre forme di difterite"
      }, {
        "code": "03281",
        "display": "Difterite congiuntivale"
      }, {
        "code": "03282",
        "display": "Miocardite difterica"
      }, {
        "code": "03283",
        "display": "Peritonite difterica"
      }, {
        "code": "03284",
        "display": "Cistite difterica"
      }, {
        "code": "03285",
        "display": "Difterite cutanea"
      }, {
        "code": "03289",
        "display": "Altre forme di difterite"
      }, {
        "code": "0329",
        "display": "Difterite non specificata"
      } ]
    } ]
  }
}