{
  "resourceType": "ValueSet",
  "url": "http://hl7.org/fhir/sid/icd-9-cm-247",
  "version": "1.0",
  "name": "Diagnosi-Disordini del metabolismo dei minerali",
  "title": "Disordini del metabolismo dei minerali",
  "status": "active",
  "compose": {
    "include": [ {
      "system": "http://hl7.org/fhir/sid/icd-9-cm",
      "concept": [ {
        "code": "2750",
        "display": "Disordini del metabolismo del ferro"
      }, {
        "code": "2751",
        "display": "Disordini del metabolismo del rame"
      }, {
        "code": "2752",
        "display": "Disordini del metabolismo del magnesio"
      }, {
        "code": "2753",
        "display": "Disordini del metabolismo del fosforo"
      }, {
        "code": "2754",
        "display": "Disordini del metabolismo del calcio"
      }, {
        "code": "27540",
        "display": "Disordini del metabolismo del calcio, non specificati"
      }, {
        "code": "27541",
        "display": "Ipocalcemia"
      }, {
        "code": "27542",
        "display": "Ipercalcemia"
      }, {
        "code": "27549",
        "display": "Altri disordini del metabolismo del calcio"
      }, {
        "code": "2758",
        "display": "Altri disordini del metabolismo dei minerali"
      }, {
        "code": "2759",
        "display": "Disordini non specificati del metabolismo dei minerali"
      } ]
    } ]
  }
}