{
  "resourceType": "ValueSet",
  "url": "http://hl7.org/fhir/sid/icd-9-cm-295",
  "version": "1.0",
  "name": "Diagnosi-Encefalite, mielite, ed encefalomielite",
  "title": "Encefalite, mielite, ed encefalomielite",
  "status": "active",
  "compose": {
    "include": [ {
      "system": "http://hl7.org/fhir/sid/icd-9-cm",
      "concept": [ {
        "code": "3230",
        "display": "Encefalite, mielite ed encefalomielite in malattie virali classificate altrove"
      }, {
        "code": "32301",
        "display": "Encefalite ed encefalomielite in malattie virali classificate altrove"
      }, {
        "code": "32302",
        "display": "Mielite in malattie virali classificate altrove"
      }, {
        "code": "3231",
        "display": "Encefalite, mielite ed encefalomielite in malattie da Rickettsie classificate altrove"
      }, {
        "code": "3232",
        "display": "Encefalite, mielite ed encefalomielite in malattie da protozoi classificate altrove"
      }, {
        "code": "3234",
        "display": "Altre encefaliti, mieliti ed encefalomieliti da infezioni classificate altrove"
      }, {
        "code": "32341",
        "display": "Altre encefaliti e encefalomieliti da infezioni classificate altrove"
      }, {
        "code": "32342",
        "display": "Altre mieliti da infezioni classificate altrove"
      }, {
        "code": "3235",
        "display": "Encefalite, mielite ed encefalomielite successive a procedure di immunizzazione"
      }, {
        "code": "32351",
        "display": "Encefaliti ed encefalomieliti successive a procedure di immunizzazione"
      }, {
        "code": "32352",
        "display": "Mieliti successive a procedure di immunizzazione"
      }, {
        "code": "3236",
        "display": "Encefalite, mielite ed encefalomielite postinfettiva"
      }, {
        "code": "32361",
        "display": "Encefalomielite acuta disseminata infettiva (ADEM)"
      }, {
        "code": "32362",
        "display": "Altre encefaliti ed encefalomieliti post-infettive"
      }, {
        "code": "32363",
        "display": "Mielite post-infettiva"
      }, {
        "code": "3237",
        "display": "Encefalite, mielite ed encefalomielite tossiche"
      }, {
        "code": "32371",
        "display": "Encefalite ed encefalomielite tossiche"
      }, {
        "code": "32372",
        "display": "Mielite tossica"
      }, {
        "code": "3238",
        "display": "Altre cause di encefalite, mielite ed encefalomielite"
      }, {
        "code": "32381",
        "display": "Altre cause di encefalite ed encefalomielite"
      }, {
        "code": "32382",
        "display": "Altre cause di mielite"
      }, {
        "code": "3239",
        "display": "Cause non specificate di encefalite, mielite ed encefalomielite"
      } ]
    } ]
  }
}