{
  "resourceType": "ValueSet",
  "url": "http://hl7.org/fhir/sid/icd-9-cm-261",
  "version": "1.0",
  "name": "Diagnosi-Altre malattie del sangue e degli organi ematopoietici",
  "title": "Altre malattie del sangue e degli organi ematopoietici",
  "status": "active",
  "compose": {
    "include": [ {
      "system": "http://hl7.org/fhir/sid/icd-9-cm",
      "concept": [ {
        "code": "2890",
        "display": "Policitemia secondaria"
      }, {
        "code": "2891",
        "display": "Linfadenite cronica"
      }, {
        "code": "2892",
        "display": "Linfadenite mesenterica non specifica"
      }, {
        "code": "2893",
        "display": "Linfadenite non specificata, eccetto quella mesenterica"
      }, {
        "code": "2894",
        "display": "Splenomegalia"
      }, {
        "code": "2895",
        "display": "Altre malattie della milza"
      }, {
        "code": "28950",
        "display": "Malattia della milza, non specificata"
      }, {
        "code": "28951",
        "display": "Splenomegalia cronica congestizia"
      }, {
        "code": "28952",
        "display": "Sequestro splenico"
      }, {
        "code": "28953",
        "display": "Splenomegalia neutropenica"
      }, {
        "code": "28959",
        "display": "Altre"
      }, {
        "code": "2896",
        "display": "Policitemia familiare"
      }, {
        "code": "2897",
        "display": "Metaemoglobinemia"
      }, {
        "code": "2898",
        "display": "Altre malattie specificate del sangue e degli organi ematopoietici"
      }, {
        "code": "28981",
        "display": "Stato ipercoagulativo primario"
      }, {
        "code": "28982",
        "display": "Stato ipercoagulativo secondario"
      }, {
        "code": "28983",
        "display": "Mielofibrosi"
      }, {
        "code": "28989",
        "display": "Altre malattie specificate del sangue e degli organi ematopoietici"
      }, {
        "code": "2899",
        "display": "Malattie del sangue e degli organi ematopoietici non specificate"
      } ]
    } ]
  }
}