{
  "resourceType": "ValueSet",
  "url": "http://hl7.org/fhir/sid/icd-9-cm-257",
  "version": "1.0",
  "name": "Diagnosi-Altre e non specificate anemie",
  "title": "Altre e non specificate anemie",
  "status": "active",
  "compose": {
    "include": [ {
      "system": "http://hl7.org/fhir/sid/icd-9-cm",
      "concept": [ {
        "code": "2850",
        "display": "Anemia sideroblastica"
      }, {
        "code": "2851",
        "display": "Anemia postemorragica acuta"
      }, {
        "code": "2852",
        "display": "Anemie da malattie croniche"
      }, {
        "code": "28521",
        "display": "Anemia in malattia cronica renale"
      }, {
        "code": "28522",
        "display": "Anemia in malattia neoplastica"
      }, {
        "code": "28529",
        "display": "Anemia da altre malattie croniche"
      }, {
        "code": "2858",
        "display": "Altre anemie specificate"
      }, {
        "code": "2859",
        "display": "Anemia, non specificata"
      } ]
    } ]
  }
}