{
  "resourceType": "ValueSet",
  "url": "http://hl7.org/fhir/sid/icd-9-cm-118",
  "version": "1.0",
  "name": "Diagnosi-Altre e non specificate malattie infettive e parassitarie",
  "title": "Altre e non specificate malattie infettive e parassitarie",
  "status": "active",
  "compose": {
    "include": [ {
      "system": "http://hl7.org/fhir/sid/icd-9-cm",
      "concept": [ {
        "code": "1360",
        "display": "Ainhum"
      }, {
        "code": "1361",
        "display": "Sindrome di Bechet"
      }, {
        "code": "1362",
        "display": "Infestazioni specifiche da amebe a vita libera"
      }, {
        "code": "1363",
        "display": "Pneumocistosi"
      }, {
        "code": "1364",
        "display": "Psorospermiasi"
      }, {
        "code": "1365",
        "display": "Sarcosporidiosi"
      }, {
        "code": "1368",
        "display": "Altre malattie infettive e parassitarie specificate"
      }, {
        "code": "1369",
        "display": "Malattie infettive e parassitarie non specificate"
      } ]
    } ]
  }
}