{
  "resourceType": "ValueSet",
  "url": "http://hl7.org/fhir/sid/icd-9-cm-78",
  "version": "1.0",
  "name": "Diagnosi-Altre malattie da artropodi",
  "title": "Altre malattie da artropodi",
  "status": "active",
  "compose": {
    "include": [ {
      "system": "http://hl7.org/fhir/sid/icd-9-cm",
      "concept": [ {
        "code": "0880",
        "display": "Bartonellosi"
      }, {
        "code": "0888",
        "display": "Altre malattie da artropodi specificate"
      }, {
        "code": "08881",
        "display": "Malattia di Lyme"
      }, {
        "code": "08882",
        "display": "Babesiosi"
      }, {
        "code": "08889",
        "display": "Altre malattie da artropodi specificate"
      }, {
        "code": "0889",
        "display": "Malattie da artropodi non specificate"
      } ]
    } ]
  }
}