{
  "resourceType": "ValueSet",
  "url": "http://hl7.org/fhir/sid/icd-9-cm-880",
  "version": "1.0",
  "name": "Diagnosi-Avvelenamento da sostanze essenzialmente sistemiche",
  "title": "Avvelenamento da sostanze essenzialmente sistemiche",
  "status": "active",
  "compose": {
    "include": [ {
      "system": "http://hl7.org/fhir/sid/icd-9-cm",
      "concept": [ {
        "code": "9630",
        "display": "Avvelenamento da farmaci antiallergici e antiemetici"
      }, {
        "code": "9631",
        "display": "Avvelenamento da farmaci antineoplastici e immunosoppressori"
      }, {
        "code": "9632",
        "display": "Avvelenamento da agenti acidificanti"
      }, {
        "code": "9633",
        "display": "Avvelenamento da agenti alcalinizzanti"
      }, {
        "code": "9634",
        "display": "Avvelenamento da enzimi non classificati altrove"
      }, {
        "code": "9635",
        "display": "Avvelenamento da vitamine non classificate altrove"
      }, {
        "code": "9638",
        "display": "Avvelenamento da altri agenti sistemici specificati"
      }, {
        "code": "9639",
        "display": "Avvelenamento da agenti sistemici non specificati"
      } ]
    } ]
  }
}