{
  "resourceType": "ValueSet",
  "url": "http://hl7.org/fhir/sid/icd-9-cm-732",
  "version": "1.0",
  "name": "Diagnosi-Frattura della colonna vertebrale senza menzione di lesione del midollo spinale",
  "title": "Frattura della colonna vertebrale senza menzione di lesione del midollo spinale",
  "status": "active",
  "compose": {
    "include": [ {
      "system": "http://hl7.org/fhir/sid/icd-9-cm",
      "concept": [ {
        "code": "8050",
        "display": "Frattura chiusa delle vertebre cervicali senza menzione di lesione del midollo spinale"
      }, {
        "code": "80500",
        "display": "Frattura chiusa delle vertebre cervicali, sede non specificata"
      }, {
        "code": "80501",
        "display": "Frattura chiusa della prima vertebra cervicale"
      }, {
        "code": "80502",
        "display": "Frattura chiusa della seconda vertebra cervicale"
      }, {
        "code": "80503",
        "display": "Frattura chiusa della terza vertebra cervicale"
      }, {
        "code": "80504",
        "display": "Frattura chiusa della quarta vertebra cervicale"
      }, {
        "code": "80505",
        "display": "Frattura chiusa della quinta vertebra cervicale"
      }, {
        "code": "80506",
        "display": "Frattura chiusa della sesta vertebra cervicale"
      }, {
        "code": "80507",
        "display": "Frattura chiusa della settima vertebra cervicale"
      }, {
        "code": "80508",
        "display": "Frattura chiusa di piu' vertebre cervicali"
      }, {
        "code": "8051",
        "display": "Frattura esposta di vertebre cervicali senza menzione di lesione del midollo spinale"
      }, {
        "code": "80510",
        "display": "Frattura esposta delle vertebre cervicali, sede non specificata"
      }, {
        "code": "80511",
        "display": "Frattura esposta della prima vertebra cervicale"
      }, {
        "code": "80512",
        "display": "Frattura esposta della seconda vertebra cervicale"
      }, {
        "code": "80513",
        "display": "Frattura esposta della terza vertebra cervicale"
      }, {
        "code": "80514",
        "display": "Frattura esposta della quarta vertebra cervicale"
      }, {
        "code": "80515",
        "display": "Frattura esposta della quinta vertebra cervicale"
      }, {
        "code": "80516",
        "display": "Frattura esposta della sesta vertebra cervicale"
      }, {
        "code": "80517",
        "display": "Frattura esposta della settima vertebra cervicale"
      }, {
        "code": "80518",
        "display": "Frattura esposta di piu' vertebre cervicali"
      }, {
        "code": "8052",
        "display": "Frattura chiusa della colonna dorsale (toracica) senza menzione di lesione del midollo spinale"
      }, {
        "code": "8053",
        "display": "Frattura esposta della colonna dorsale (toracica) senza menzione di lesione del midollo spinale"
      }, {
        "code": "8054",
        "display": "Frattura chiusa delle vertebre lombari senza menzione di lesione del midollo"
      }, {
        "code": "8055",
        "display": "Frattura esposta delle vertebre lombari senza menzione di lesione del midollo"
      }, {
        "code": "8056",
        "display": "Frattura chiusa di sacro e coccige senza menzione di lesione del midollo"
      }, {
        "code": "8057",
        "display": "Frattura esposta di sacro e coccige senza menzione di lesione del midollo"
      }, {
        "code": "8058",
        "display": "Frattura chiusa della colonna vertebrale senza menzione di lesione del midollo, sede non specificata"
      }, {
        "code": "8059",
        "display": "Frattura esposta della colonna vertebrale senza menzione di lesione del midollo, sede non specificata"
      } ]
    } ]
  }
}