{
  "resourceType": "ValueSet",
  "url": "http://hl7.org/fhir/sid/icd-9-cm-530",
  "version": "1.0",
  "name": "Diagnosi-Calcolo del tratto urinario inferiore",
  "title": "Calcolo del tratto urinario inferiore",
  "status": "active",
  "compose": {
    "include": [ {
      "system": "http://hl7.org/fhir/sid/icd-9-cm",
      "concept": [ {
        "code": "5940",
        "display": "Calcolo in diverticolo vescicale"
      }, {
        "code": "5941",
        "display": "Altro calcolo vescicale"
      }, {
        "code": "5942",
        "display": "Calcolo uretrale"
      }, {
        "code": "5948",
        "display": "Altro calcolo del tratto urinario inferiore"
      }, {
        "code": "5949",
        "display": "Calcolo del tratto urinario inferiore, non specificato"
      } ]
    } ]
  }
}