{
  "resourceType": "ValueSet",
  "url": "http://hl7.org/fhir/sid/icd-9-cm-403",
  "version": "1.0",
  "name": "Diagnosi-Embolia e trombosi arteriose",
  "title": "Embolia e trombosi arteriose",
  "status": "active",
  "compose": {
    "include": [ {
      "system": "http://hl7.org/fhir/sid/icd-9-cm",
      "concept": [ {
        "code": "4440",
        "display": "Embolia e trombosi dell' aorta addominale"
      }, {
        "code": "4441",
        "display": "Embolia e trombosi dell' aorta toracica"
      }, {
        "code": "4442",
        "display": "Embolia e trombosi delle arterie degli arti"
      }, {
        "code": "44421",
        "display": "Embolia e trombosi delle arterie degli arti superiori"
      }, {
        "code": "44422",
        "display": "Embolia e trombosi delle arterie degli arti inferiori"
      }, {
        "code": "4448",
        "display": "Embolia e trombosi di altre arterie specificate"
      }, {
        "code": "44481",
        "display": "Embolia e trombosi dell' arteria iliaca"
      }, {
        "code": "44489",
        "display": "Embolia e trombosi di altre arterie"
      }, {
        "code": "4449",
        "display": "Embolia e trombosi di arteria non specificata"
      } ]
    } ]
  }
}