{
  "resourceType": "ValueSet",
  "url": "http://hl7.org/fhir/sid/icd-9-cm-373",
  "version": "1.0",
  "name": "Diagnosi-Infarto miocardico acuto",
  "title": "Infarto miocardico acuto",
  "status": "active",
  "compose": {
    "include": [ {
      "system": "http://hl7.org/fhir/sid/icd-9-cm",
      "concept": [ {
        "code": "4100",
        "display": "Infarto miocardico acuto della parete anterolaterale"
      }, {
        "code": "41000",
        "display": "Infarto miocardico acuto della parete anterolaterale, episodio di assistenza non specificato"
      }, {
        "code": "41001",
        "display": "Infarto miocardico acuto della parete anterolaterale, episodio iniziale di assistenza"
      }, {
        "code": "41002",
        "display": "Infarto miocardico acuto della parete anterolaterale, episodio successivo di assistenza"
      }, {
        "code": "4101",
        "display": "Infarto miocardico acuto di altra parte della parete anteriore"
      }, {
        "code": "41010",
        "display": "Infarto miocardico acuto di altra parte della parete anteriore, episodio di assistenza non specificato"
      }, {
        "code": "41011",
        "display": "Infarto miocardico acuto di altra parte della parete anteriore, episodio iniziale di assistenza"
      }, {
        "code": "41012",
        "display": "Infarto miocardico acuto di altra parte della parete anteriore, episodio successivo di assistenza"
      }, {
        "code": "4102",
        "display": "Infarto miocardico acuto della parete inferolaterale"
      }, {
        "code": "41020",
        "display": "Infarto miocardico acuto della parete inferolaterale, episodio di assistenza non specificato"
      }, {
        "code": "41021",
        "display": "Infarto miocardico acuto della parete inferolaterale, episodio iniziale di assistenza"
      }, {
        "code": "41022",
        "display": "Infarto miocardico acuto della parete inferolaterale, episodio successivo di assistenza"
      }, {
        "code": "4103",
        "display": "Infarto miocardico acuto della parete inferoposteriore"
      }, {
        "code": "41030",
        "display": "Infarto miocardico acuto della parete inferoposteriore, episodio di assistenza non specificato"
      }, {
        "code": "41031",
        "display": "Infarto miocardico acuto della parete inferoposteriore, episodio iniziale di assistenza"
      }, {
        "code": "41032",
        "display": "Infarto miocardico acuto della parete inferoposteriore, episodio successivo di assistenza"
      }, {
        "code": "4104",
        "display": "Infarto miocardico acuto di altra parte della parete inferiore infarto: parete diaframmatica (coinvolgente la porzione contigua del setto interventricolare) inferiore (parete) SAI (coinvolgente la porzione contigua del setto interventricolare)"
      }, {
        "code": "41040",
        "display": "Infarto miocardico acuto di altra parte della parete inferiore, episodio di assistenza non specificato"
      }, {
        "code": "41041",
        "display": "Infarto miocardico acuto di altra parte della parete inferiore, episodio iniziale di assistenza"
      }, {
        "code": "41042",
        "display": "Infarto miocardico acuto di altra parte della parete inferiore, episodio successivo di assistenza"
      }, {
        "code": "4105",
        "display": "Infarto miocardico acuto di altra parte della parete laterale infarto: latero-apicale latero-basale laterale alto posterolaterale"
      }, {
        "code": "41050",
        "display": "Infarto miocardico acuto di altra parte della parete laterale, episodio di assistenza non specificato"
      }, {
        "code": "41051",
        "display": "Infarto miocardico acuto di altra parte della parete laterale, episodio iniziale di assistenza"
      }, {
        "code": "41052",
        "display": "Infarto miocardico acuto di altra parte della parete laterale, episodio successivo di assistenza"
      }, {
        "code": "4106",
        "display": "Infarto vero della parete posteriore infarto: posterobasale esattamente posteriore"
      }, {
        "code": "41060",
        "display": "Infarto strettamente posteriore, episodio di assistenza non specificato"
      }, {
        "code": "41061",
        "display": "Infarto strettamente posteriore, episodio iniziale di assistenza"
      }, {
        "code": "41062",
        "display": "Infarto strettamente posteriore, episodio successivo di assistenza"
      }, {
        "code": "4107",
        "display": "Infarto subendocardico"
      }, {
        "code": "41070",
        "display": "Infarto subendocardico, episodio di assistenza non specificato"
      }, {
        "code": "41071",
        "display": "Infarto subendocardico, episodio iniziale di assistenza"
      }, {
        "code": "41072",
        "display": "Infarto subendocardico, episodio successivo di assistenza"
      }, {
        "code": "4108",
        "display": "Infarto miocardico acuto di altre sedi specificate infarto: atrio muscolo papillare strettamente settale"
      }, {
        "code": "41080",
        "display": "Infarto miocardico acuto di altre sedi specificate, episodio di assistenza non specificato"
      }, {
        "code": "41081",
        "display": "Infarto miocardico acuto di altre sedi specificate, episodio iniziale di assistenza"
      }, {
        "code": "41082",
        "display": "Infarto miocardico acuto di altre sedi specificate, episodio successivo di assistenza"
      }, {
        "code": "4109",
        "display": "Infarto miocardico acuto a sede non specificata"
      }, {
        "code": "41090",
        "display": "Infarto miocardico acuto a sede non specificata, episodio di assistenza non specificato"
      }, {
        "code": "41091",
        "display": "Infarto miocardico acuto a sede non specificata, episodio iniziale di assistenza"
      }, {
        "code": "41092",
        "display": "Infarto miocardico acuto a sede non specificata, episodio successivo di assistenza"
      } ]
    } ]
  }
}