{
  "resourceType": "ValueSet",
  "url": "http://hl7.org/fhir/sid/icd-9-cm-361",
  "version": "1.0",
  "name": "Diagnosi-Corea reumatica",
  "title": "Corea reumatica",
  "status": "active",
  "compose": {
    "include": [ {
      "system": "http://hl7.org/fhir/sid/icd-9-cm",
      "concept": [ {
        "code": "3920",
        "display": "Corea reumatica con complicazioni cardiache"
      }, {
        "code": "3929",
        "display": "Corea reumatica senza menzione di complicazioni cardiache"
      } ]
    } ]
  }
}