{
  "resourceType": "ValueSet",
  "url": "http://hl7.org/fhir/sid/icd-9-cm-910",
  "version": "1.0",
  "name": "Diagnosi-Effetti della pressione atmosferica",
  "title": "Effetti della pressione atmosferica",
  "status": "active",
  "compose": {
    "include": [ {
      "system": "http://hl7.org/fhir/sid/icd-9-cm",
      "concept": [ {
        "code": "9930",
        "display": "Barotrauma otitico"
      }, {
        "code": "9931",
        "display": "Barotrauma sinusale"
      }, {
        "code": "9932",
        "display": "Altri e non specificati effetti dell' altitudine"
      }, {
        "code": "9933",
        "display": "Malattia dei cassoni"
      }, {
        "code": "9934",
        "display": "Effetti della pressione dell' aria causati da esplosione"
      }, {
        "code": "9938",
        "display": "Altri effetti specificati della pressione atmosferica"
      }, {
        "code": "9939",
        "display": "Effetti non specificati della pressione atmosferica"
      } ]
    } ]
  }
}