{
  "resourceType": "ValueSet",
  "url": "http://hl7.org/fhir/sid/icd-9-cm-327",
  "version": "1.0",
  "name": "Diagnosi-Disturbi neuromuscolari",
  "title": "Disturbi neuromuscolari",
  "status": "active",
  "compose": {
    "include": [ {
      "system": "http://hl7.org/fhir/sid/icd-9-cm",
      "concept": [ {
        "code": "3580",
        "display": "Miastenia grave"
      }, {
        "code": "35800",
        "display": "Miastenia grave senza (acuta) esacerbazione"
      }, {
        "code": "35801",
        "display": "Miastenia grave con (acuta) esacerbazione"
      }, {
        "code": "3581",
        "display": "Sindromi miasteniche in malattie classificate altrove"
      }, {
        "code": "3582",
        "display": "Disturbi neuromuscolari da tossici"
      }, {
        "code": "3588",
        "display": "Altri specificati disturbi neuromuscolari"
      }, {
        "code": "3589",
        "display": "Disturbi neuromuscolari non specificati"
      } ]
    } ]
  }
}