{
  "resourceType": "ValueSet",
  "url": "http://hl7.org/fhir/sid/icd-9-cm-935",
  "version": "1.0",
  "name": "Diagnosi-Anamnesi familiare di altre manifestazioni morbose",
  "title": "Anamnesi familiare di altre manifestazioni morbose",
  "status": "active",
  "compose": {
    "include": [ {
      "system": "http://hl7.org/fhir/sid/icd-9-cm",
      "concept": [ {
        "code": "V190",
        "display": "Anamnesi familiare di cecita' o abbassamento della vista"
      }, {
        "code": "V191",
        "display": "Anamnesi familiare di altri disturbi dell' occhio"
      }, {
        "code": "V192",
        "display": "Anamnesi familiare di sordita' o abbassamento dell' udito"
      }, {
        "code": "V193",
        "display": "Anamnesi familiare di altri disturbi dell' orecchio"
      }, {
        "code": "V194",
        "display": "Anamnesi familiare di affezioni cutanee"
      }, {
        "code": "V195",
        "display": "Anamnesi familiare di malformazioni congenite"
      }, {
        "code": "V196",
        "display": "Anamnesi familiare di disturbi allergici"
      }, {
        "code": "V197",
        "display": "Anamnesi familiare di consanguineita'"
      }, {
        "code": "V198",
        "display": "Anamnesi familiare di altra condizione morbosa"
      } ]
    } ]
  }
}