{
  "resourceType": "ValueSet",
  "url": "http://hl7.org/fhir/sid/icd-9-cm-330",
  "version": "1.0",
  "name": "Diagnosi-Distacco e rotture della retina",
  "title": "Distacco e rotture della retina",
  "status": "active",
  "compose": {
    "include": [ {
      "system": "http://hl7.org/fhir/sid/icd-9-cm",
      "concept": [ {
        "code": "3610",
        "display": "Distacco di retina con rottura retinica"
      }, {
        "code": "36100",
        "display": "Distacco della retina con rottura retinica, non specificato"
      }, {
        "code": "36101",
        "display": "Recente distacco della retina, parziale, con rottura singola"
      }, {
        "code": "36102",
        "display": "Recente distacco della retina, parziale, con rotture multiple"
      }, {
        "code": "36103",
        "display": "Distacco recente parziale della retina, con rottura gigante"
      }, {
        "code": "36104",
        "display": "Distacco recente parziale della retina, con dialisi retinica"
      }, {
        "code": "36105",
        "display": "Distacco recente della retina, totale o subtotale"
      }, {
        "code": "36106",
        "display": "Distacco della retina inveterato, parziale"
      }, {
        "code": "36107",
        "display": "Distacco inveterato della retina, totale o subtotale"
      }, {
        "code": "3611",
        "display": "Retinoschisi e cisti della retina"
      }, {
        "code": "36110",
        "display": "Retinoschisi, non specificata"
      }, {
        "code": "36111",
        "display": "Retinoschisi piana"
      }, {
        "code": "36112",
        "display": "Retinoschisi bollosa"
      }, {
        "code": "36113",
        "display": "Cisti retiniche primarie"
      }, {
        "code": "36114",
        "display": "Cisti retiniche secondarie"
      }, {
        "code": "36119",
        "display": "Altre retinoschisi e cisti retiniche"
      }, {
        "code": "3612",
        "display": "Distacco sieroso della retina"
      }, {
        "code": "3613",
        "display": "Rotture retiniche senza distacco"
      }, {
        "code": "36130",
        "display": "Rottura retinica, non specificata"
      }, {
        "code": "36131",
        "display": "Foro rotondo retinico senza distacco"
      }, {
        "code": "36132",
        "display": "Lacerazione retinica a ferro di cavallo senza distacco"
      }, {
        "code": "36133",
        "display": "Rotture multiple della retina senza distacco"
      }, {
        "code": "3618",
        "display": "Altre forme di distacco retinico"
      }, {
        "code": "36181",
        "display": "Distacco retinico da trazione"
      }, {
        "code": "36189",
        "display": "Altre forme di distacco della retina"
      }, {
        "code": "3619",
        "display": "Distacco retinico non specificato"
      } ]
    } ]
  }
}