{
  "resourceType": "ValueSet",
  "url": "http://hl7.org/fhir/sid/icd-9-cm-751",
  "version": "1.0",
  "name": "Diagnosi-Frattura della caviglia",
  "title": "Frattura della caviglia",
  "status": "active",
  "compose": {
    "include": [ {
      "system": "http://hl7.org/fhir/sid/icd-9-cm",
      "concept": [ {
        "code": "8240",
        "display": "Frattura del malleolo interno, chiusa"
      }, {
        "code": "8241",
        "display": "Frattura del malleolo interno, esposta"
      }, {
        "code": "8242",
        "display": "Frattura del malleolo esterno, chiusa"
      }, {
        "code": "8243",
        "display": "Frattura del malleolo esterno, esposta"
      }, {
        "code": "8244",
        "display": "Frattura bimalleolare, chiusa"
      }, {
        "code": "8245",
        "display": "Frattura bimalleolare, esposta"
      }, {
        "code": "8246",
        "display": "Frattura trimalleolare, chiusa"
      }, {
        "code": "8247",
        "display": "Frattura trimalleolare, esposta"
      }, {
        "code": "8248",
        "display": "Frattura della caviglia non specificata, chiusa"
      }, {
        "code": "8249",
        "display": "Frattura della caviglia non specificata, esposta"
      } ]
    } ]
  }
}