{
  "resourceType": "ValueSet",
  "url": "http://hl7.org/fhir/sid/icd-9-cm-105",
  "version": "1.0",
  "name": "Diagnosi-Altre infezioni da cestodi",
  "title": "Altre infezioni da cestodi",
  "status": "active",
  "compose": {
    "include": [ {
      "system": "http://hl7.org/fhir/sid/icd-9-cm",
      "concept": [ {
        "code": "1230",
        "display": "Infestazione da Tenia solium, forma intestinale"
      }, {
        "code": "1231",
        "display": "Cisticercosi"
      }, {
        "code": "1232",
        "display": "Infestazione da Tenia saginata"
      }, {
        "code": "1233",
        "display": "Teniasi, non specificata"
      }, {
        "code": "1234",
        "display": "Botriocefalosi intestinale"
      }, {
        "code": "1235",
        "display": "Sparganosi (botriocefalosi larvale)"
      }, {
        "code": "1236",
        "display": "Teniasi da Hymenolepis (diminuta) (nana)"
      }, {
        "code": "1238",
        "display": "Altre infezioni da cestodi specificate"
      }, {
        "code": "1239",
        "display": "Infezioni da cestodi, non specificata"
      } ]
    } ]
  }
}