{
  "resourceType": "ValueSet",
  "url": "http://hl7.org/fhir/sid/icd-9-cm-778",
  "version": "1.0",
  "name": "Diagnosi-Emorragia subaracnoidea, subdurale ed extradurale consecutive a traumatismo",
  "title": "Emorragia subaracnoidea, subdurale ed extradurale consecutive a traumatismo",
  "status": "active",
  "compose": {
    "include": [ {
      "system": "http://hl7.org/fhir/sid/icd-9-cm",
      "concept": [ {
        "code": "8520",
        "display": "Emorragia subaracnoidea consecutiva a traumatismo senza menzione di ferita intracranica esposta"
      }, {
        "code": "85200",
        "display": "Emorragia subaracnoidea consecutiva a traumatismo senza menzione di ferita intracranica esposta, stato di coscienza non specificato"
      }, {
        "code": "85201",
        "display": "Emorragia subaracnoidea consecutiva a traumatismo senza menzione di ferita intracranica esposta, senza perdita di coscienza"
      }, {
        "code": "85202",
        "display": "Emorragia subaracnoidea consecutiva a traumatismo senza menzione di ferita intracranica esposta, con breve [meno di un'ora] perdita di coscienza"
      }, {
        "code": "85203",
        "display": "Emorragia subaracnoidea consecutiva a traumatismo senza menzione di ferita intracranica esposta, con moderata [1-24 ore] perdita di coscienza"
      }, {
        "code": "85204",
        "display": "Emorragia subaracnoidea consecutiva a traumatismo senza menzione di ferita intracranica esposta, con prolungata [piu' di 24 ore] perdita di coscienza e ritorno al livello di coscienza preesistente"
      }, {
        "code": "85205",
        "display": "Emorragia subaracnoidea consecutiva a traumatismo senza menzione di ferita intracranica esposta, con prolungata [piu' di 24 ore] perdita di coscienza senza ritorno al livello di coscienza preesistente"
      }, {
        "code": "85206",
        "display": "Emorragia subaracnoidea consecutiva a traumatismo senza menzione di ferita intracranica esposta, con perdita di coscienza di durata non specificata"
      }, {
        "code": "85209",
        "display": "Emorragia subaracnoidea consecutiva a traumatismo senza menzione di ferita intracranica esposta, con concussione, non specificata"
      }, {
        "code": "8521",
        "display": "Emorragia subaracnoidea consecutiva a traumatismo con ferita intracranica esposta"
      }, {
        "code": "85210",
        "display": "Emorragia subaracnoidea consecutiva a traumatismo con ferita intracranica esposta, stato di coscienza non specificato"
      }, {
        "code": "85211",
        "display": "Emorragia subaracnoidea consecutiva a traumatismo con ferita intracranica esposta, senza perdita di coscienza"
      }, {
        "code": "85212",
        "display": "Emorragia subaracnoidea consecutiva a traumatismo con ferita intracranica esposta, con breve [meno di un'ora] perdita di coscienza"
      }, {
        "code": "85213",
        "display": "Emorragia subaracnoidea consecutiva a traumatismo con ferita intracranica esposta, con moderata [1-24 ore] perdita di coscienza"
      }, {
        "code": "85214",
        "display": "Emorragia subaracnoidea consecutiva a traumatismo con ferita intracranica esposta, con prolungata [piu' di 24 ore] perdita di coscienza e ritorno al livello di coscienza preesistente"
      }, {
        "code": "85215",
        "display": "Emorragia subaracnoidea consecutiva a traumatismo con ferita intracranica esposta, con prolungata [piu' di 24 ore] perdita di coscienza senza ritorno al livello di coscienza preesistente"
      }, {
        "code": "85216",
        "display": "Emorragia subaracnoidea consecutiva a traumatismo con ferita intracranica esposta, con perdita di coscienza di durata non specificata"
      }, {
        "code": "85219",
        "display": "Emorragia subaracnoidea consecutiva a traumatismo con ferita intracranica esposta, con concussione, non specificata"
      }, {
        "code": "8522",
        "display": "Emorragia subdurale consecutiva a traumatismo senza menzione di ferita intracranica esposta"
      }, {
        "code": "85220",
        "display": "Emorragia subdurale consecutiva a traumatismo senza menzione di ferita intracranica esposta, stato di coscienza non specificato"
      }, {
        "code": "85221",
        "display": "Emorragia subdurale consecutiva a traumatismo senza menzione di ferita intracranica esposta, senza perdita di coscienza"
      }, {
        "code": "85222",
        "display": "Emorragia subdurale consecutiva a traumatismo senza menzione di ferita intracranica esposta, con breve [meno di un'ora] perdita di coscienza"
      }, {
        "code": "85223",
        "display": "Emorragia subdurale consecutiva a traumatismo senza menzione di ferita intracranica esposta, con moderata [1-24 ore] perdita di coscienza"
      }, {
        "code": "85224",
        "display": "Emorragia subdurale consecutiva a traumatismo senza menzione di ferita intracranica esposta, con prolungata [piu' di 24 ore] perdita di coscienza e ritorno al livello di coscienza preesistente"
      }, {
        "code": "85225",
        "display": "Emorragia subdurale consecutiva a traumatismo senza menzione di ferita intracranica esposta, con prolungata [piu' di 24 ore] perdita di coscienza senza ritorno al livello di coscienza preesistente"
      }, {
        "code": "85226",
        "display": "Emorragia subdurale consecutiva a traumatismo senza menzione di ferita intracranica esposta, con perdita di coscienza di durata non specificata"
      }, {
        "code": "85229",
        "display": "Emorragia subdurale consecutiva a traumatismo senza menzione di ferita intracranica esposta, con concussione, non specificata"
      }, {
        "code": "8523",
        "display": "Emorragia subdurale consecutiva a traumatismo con ferita intracranica esposta"
      }, {
        "code": "85230",
        "display": "Emorragia subdurale consecutiva a traumatismo con ferita intracranica esposta, stato di coscienza non specificato"
      }, {
        "code": "85231",
        "display": "Emorragia subdurale consecutiva a traumatismo con ferita intracranica esposta, senza perdita di coscienza"
      }, {
        "code": "85232",
        "display": "Emorragia subdurale consecutiva a traumatismo con ferita intracranica esposta, con breve [meno di un'ora] perdita di coscienza"
      }, {
        "code": "85233",
        "display": "Emorragia subdurale consecutiva a traumatismo con ferita intracranica esposta, con moderata [1-24 ore] perdita di coscienza"
      }, {
        "code": "85234",
        "display": "Emorragia subdurale consecutiva a traumatismo con ferita intracranica esposta, con prolungata [piu' di 24 ore] perdita di coscienza e ritorno al livello di coscienza preesistente"
      }, {
        "code": "85235",
        "display": "Emorragia subdurale consecutiva a traumatismo con ferita intracranica esposta, con prolungata [piu' di 24 ore] perdita di coscienza senza ritorno al livello di coscienza preesistente"
      }, {
        "code": "85236",
        "display": "Emorragia subdurale consecutiva a traumatismo con ferita intracranica esposta, con perdita di coscienza di durata non specificata"
      }, {
        "code": "85239",
        "display": "Emorragia subdurale consecutiva a traumatismo con ferita intracranica esposta, con concussione, non specificata"
      }, {
        "code": "8524",
        "display": "Emorragia extradurale consecutiva a traumatismo senza menzione di ferita intracranica esposta"
      }, {
        "code": "85240",
        "display": "Emorragia extradurale consecutiva a traumatismo senza menzione di ferita intracranica esposta, stato di coscienza non specificato"
      }, {
        "code": "85241",
        "display": "Emorragia extradurale consecutiva a traumatismo senza menzione di ferita intracranica esposta, senza perdita di coscienza"
      }, {
        "code": "85242",
        "display": "Emorragia extradurale consecutiva a traumatismo senza menzione di ferita intracranica esposta, con breve [meno di un'ora] perdita di coscienza"
      }, {
        "code": "85243",
        "display": "Emorragia extradurale consecutiva a traumatismo senza menzione di ferita intracranica esposta, con moderata [1-24 ore] perdita di coscienza"
      }, {
        "code": "85244",
        "display": "Emorragia extradurale consecutiva a traumatismo senza menzione di ferita intracranica esposta, con prolungata [piu' di 24 ore] perdita di coscienza e ritorno al livello di coscienza preesistente"
      }, {
        "code": "85245",
        "display": "Emorragia extradurale consecutiva a traumatismo senza menzione di ferita intracranica esposta, con prolungata [piu' di 24 ore] perdita di coscienza senza ritorno al livello di coscienza preesistente"
      }, {
        "code": "85246",
        "display": "Emorragia extradurale consecutiva a traumatismo senza menzione di ferita intracranica esposta, con perdita di coscienza di durata non specificata"
      }, {
        "code": "85249",
        "display": "Emorragia extradurale consecutiva a traumatismo senza menzione di ferita intracranica esposta, con concussione, non specificata"
      }, {
        "code": "8525",
        "display": "Emorragia extradurale consecutiva a traumatismo con ferita intracranica esposta"
      }, {
        "code": "85250",
        "display": "Emorragia extradurale consecutiva a traumatismo con ferita intracranica esposta, stato di coscienza non specificato"
      }, {
        "code": "85251",
        "display": "Emorragia extradurale consecutiva a traumatismo con ferita intracranica esposta, senza perdita di coscienza"
      }, {
        "code": "85252",
        "display": "Emorragia extradurale consecutiva a traumatismo con ferita intracranica esposta, con breve [meno di un'ora] perdita di coscienza"
      }, {
        "code": "85253",
        "display": "Emorragia extradurale consecutiva a traumatismo con ferita intracranica esposta, con moderata [1-24 ore] perdita di coscienza"
      }, {
        "code": "85254",
        "display": "Emorragia extradurale consecutiva a traumatismo con ferita intracranica esposta, con prolungata [piu' di 24 ore] perdita di coscienza e ritorno al livello di coscienza preesistente"
      }, {
        "code": "85255",
        "display": "Emorragia extradurale consecutiva a traumatismo con ferita intracranica esposta, con prolungata [piu' di 24 ore] perdita di coscienza senza ritorno al livello di coscienza preesistente"
      }, {
        "code": "85256",
        "display": "Emorragia extradurale consecutiva a traumatismo con ferita intracranica esposta, con perdita di coscienza di durata non specificata"
      }, {
        "code": "85259",
        "display": "Emorragia extradurale consecutiva a traumatismo con ferita intracranica esposta, con concussione, non specificata"
      } ]
    } ]
  }
}