{
  "resourceType": "ValueSet",
  "url": "http://hl7.org/fhir/sid/icd-9-cm-103",
  "version": "1.0",
  "name": "Diagnosi-Altre infestazioni da trematodi",
  "title": "Altre infestazioni da trematodi",
  "status": "active",
  "compose": {
    "include": [ {
      "system": "http://hl7.org/fhir/sid/icd-9-cm",
      "concept": [ {
        "code": "1210",
        "display": "Opistorchiasi"
      }, {
        "code": "1211",
        "display": "Clonorchiasi"
      }, {
        "code": "1212",
        "display": "Paragonimiasi"
      }, {
        "code": "1213",
        "display": "Fascioliasi"
      }, {
        "code": "1214",
        "display": "Fasciolopsiasi"
      }, {
        "code": "1215",
        "display": "Metagonimiasi"
      }, {
        "code": "1216",
        "display": "Eterofiiasi"
      }, {
        "code": "1218",
        "display": "Altre infestazioni da trematodi specificate"
      }, {
        "code": "1219",
        "display": "Infestazioni da trematodi, non specificate"
      } ]
    } ]
  }
}