{
  "resourceType": "ValueSet",
  "url": "http://hl7.org/fhir/sid/icd-9-cm-800",
  "version": "1.0",
  "name": "Diagnosi-Ferite di altre e non specificate sedi, esclusi gli arti",
  "title": "Ferite di altre e non specificate sedi, esclusi gli arti",
  "status": "active",
  "compose": {
    "include": [ {
      "system": "http://hl7.org/fhir/sid/icd-9-cm",
      "concept": [ {
        "code": "8790",
        "display": "Mammella, senza menzione di complicazioni"
      }, {
        "code": "8791",
        "display": "Mammella, con complicazioni"
      }, {
        "code": "8792",
        "display": "Parete addominale anteriore, senza menzione di complicazioni"
      }, {
        "code": "8793",
        "display": "Parete addominale anteriore, con complicazioni"
      }, {
        "code": "8794",
        "display": "Parete addominale laterale, senza menzione di complicazioni"
      }, {
        "code": "8795",
        "display": "Parete addominale laterale, con complicazioni"
      }, {
        "code": "8796",
        "display": "Altre e non specificate parti del tronco, senza menzione di complicazioni"
      }, {
        "code": "8797",
        "display": "Altre e non specificate parti del tronco, con complicazioni"
      }, {
        "code": "8798",
        "display": "Ferite (multiple) di sede non specificata, senza menzione di complicazioni"
      }, {
        "code": "8799",
        "display": "Ferite (multiple) di sede non specificata, con complicazioni"
      } ]
    } ]
  }
}