{
  "resourceType": "ValueSet",
  "url": "http://hl7.org/fhir/sid/icd-9-cm-772",
  "version": "1.0",
  "name": "Diagnosi-Distorsione e distrazione della caviglia e del piede",
  "title": "Distorsione e distrazione della caviglia e del piede",
  "status": "active",
  "compose": {
    "include": [ {
      "system": "http://hl7.org/fhir/sid/icd-9-cm",
      "concept": [ {
        "code": "8450",
        "display": "Distorsione e distrazione della caviglia"
      }, {
        "code": "84500",
        "display": "Distorsione e distrazione di sito non specificato della caviglia"
      }, {
        "code": "84501",
        "display": "Distorsione e distrazione del deltoide (legamento), caviglia"
      }, {
        "code": "84502",
        "display": "Distorsione e distrazione calcaneoperoneale (legamento)"
      }, {
        "code": "84503",
        "display": "Distorsione e distrazione tibioperoneale (legamento), distale"
      }, {
        "code": "84509",
        "display": "Distorsione e distrazione di altro sito della caviglia"
      }, {
        "code": "8451",
        "display": "Distorsione e distrazione del piede"
      }, {
        "code": "84510",
        "display": "Distorsione e distrazione di sito non specificato del piede"
      }, {
        "code": "84511",
        "display": "Distorsione e distrazione tarsometatarsale (articolazione) (legamento)"
      }, {
        "code": "84512",
        "display": "Distorsione e distrazione metatarsofalangea (articolazione)"
      }, {
        "code": "84513",
        "display": "Distorsione e distrazione interfalangea (articolazione), dito del piede"
      }, {
        "code": "84519",
        "display": "Distorsione e distrazione di altro sito del piede"
      } ]
    } ]
  }
}