{
  "resourceType": "ValueSet",
  "url": "http://hl7.org/fhir/sid/icd-9-cm-269",
  "version": "1.0",
  "name": "Diagnosi-Disturbi deliranti",
  "title": "Disturbi deliranti",
  "status": "active",
  "compose": {
    "include": [ {
      "system": "http://hl7.org/fhir/sid/icd-9-cm",
      "concept": [ {
        "code": "2970",
        "display": "Stato paranoide semplice"
      }, {
        "code": "2971",
        "display": "Disturbo delirante"
      }, {
        "code": "2972",
        "display": "Parafrenia"
      }, {
        "code": "2973",
        "display": "Disturbo psicotico condiviso"
      }, {
        "code": "2978",
        "display": "Altri stati paranoidi specificati"
      }, {
        "code": "2979",
        "display": "Stato paranoide non specificato"
      } ]
    } ]
  }
}