{
  "resourceType": "ValueSet",
  "url": "http://hl7.org/fhir/sid/icd-9-cm-442",
  "version": "1.0",
  "name": "Diagnosi-Bronchite cronica",
  "title": "Bronchite cronica",
  "status": "active",
  "compose": {
    "include": [ {
      "system": "http://hl7.org/fhir/sid/icd-9-cm",
      "concept": [ {
        "code": "4910",
        "display": "Bronchite cronica semplice"
      }, {
        "code": "4911",
        "display": "Bronchite cronica mucopurulenta"
      }, {
        "code": "4912",
        "display": "Bronchite cronica ostruttiva"
      }, {
        "code": "49120",
        "display": "Bronchite cronica ostruttiva, senza esacerbazione"
      }, {
        "code": "49121",
        "display": "Bronchite cronica ostruttiva, con esacerbazione (acuta)"
      }, {
        "code": "49122",
        "display": "Bronchite cronica ostruttiva con bronchite acuta"
      }, {
        "code": "4918",
        "display": "Altre bronchiti croniche"
      }, {
        "code": "4919",
        "display": "Bronchite cronica non specificata"
      } ]
    } ]
  }
}