{
  "resourceType": "ValueSet",
  "url": "http://hl7.org/fhir/sid/icd-9-cm-909",
  "version": "1.0",
  "name": "Diagnosi-Effetti del calore e della luce",
  "title": "Effetti del calore e della luce",
  "status": "active",
  "compose": {
    "include": [ {
      "system": "http://hl7.org/fhir/sid/icd-9-cm",
      "concept": [ {
        "code": "9920",
        "display": "Colpo di calore e colpo di sole"
      }, {
        "code": "9921",
        "display": "Sincope da calore"
      }, {
        "code": "9922",
        "display": "Crampi da calore"
      }, {
        "code": "9923",
        "display": "Esaurimento da calore, anidrotico"
      }, {
        "code": "9924",
        "display": "Esaurimento da calore per perdita di sali"
      }, {
        "code": "9925",
        "display": "Esaurimento da calore non specificato"
      }, {
        "code": "9926",
        "display": "Affaticamento da calore, transitorio"
      }, {
        "code": "9927",
        "display": "Edema da calore"
      }, {
        "code": "9928",
        "display": "Altri specificati effetti da calore"
      }, {
        "code": "9929",
        "display": "Effetti non specificati del caldo e della luce"
      } ]
    } ]
  }
}