{
  "resourceType": "ValueSet",
  "url": "http://hl7.org/fhir/sid/icd-9-cm-905",
  "version": "1.0",
  "name": "Diagnosi-Effetti tossici di sostanze nocive ingerite come alimenti",
  "title": "Effetti tossici di sostanze nocive ingerite come alimenti",
  "status": "active",
  "compose": {
    "include": [ {
      "system": "http://hl7.org/fhir/sid/icd-9-cm",
      "concept": [ {
        "code": "9880",
        "display": "Effetti tossici di pesce e molluschi ingeriti come alimenti"
      }, {
        "code": "9881",
        "display": "Effetti tossici di funghi ingeriti come alimenti"
      }, {
        "code": "9882",
        "display": "Effetti tossici di bacche e altri vegetali ingeriti come alimenti"
      }, {
        "code": "9888",
        "display": "Effetti tossici di altre sostanze nocive specificate ingerite come alimenti"
      }, {
        "code": "9889",
        "display": "Effetti tossici di sostanze nocive non specificate ingerite come alimenti"
      } ]
    } ]
  }
}