{
  "resourceType": "ValueSet",
  "url": "http://hl7.org/fhir/sid/icd-9-cm-701",
  "version": "1.0",
  "name": "Diagnosi-Altro ittero perinatale",
  "title": "Altro ittero perinatale",
  "status": "active",
  "compose": {
    "include": [ {
      "system": "http://hl7.org/fhir/sid/icd-9-cm",
      "concept": [ {
        "code": "7740",
        "display": "Ittero perinatale da anemie emolitiche ereditarie"
      }, {
        "code": "7741",
        "display": "Ittero perinatale da altre emolisi massive"
      }, {
        "code": "7742",
        "display": "Ittero neonatale associato a parto pretermine"
      }, {
        "code": "7743",
        "display": "Ittero neonatale da ritardo della coniugazione"
      }, {
        "code": "77430",
        "display": "Ittero neonatale da ritardo della coniugazione con causa non specificata"
      }, {
        "code": "77431",
        "display": "Ittero neonatale da ritardo della coniugazione, da malattia classificata altrove"
      }, {
        "code": "77439",
        "display": "Ittero neonatale dovuto ad altro ritardo della coniugazione"
      }, {
        "code": "7744",
        "display": "Ittero perinatale da danno epatocellulare"
      }, {
        "code": "7745",
        "display": "Ittero perinatale da altre cause"
      }, {
        "code": "7746",
        "display": "Ittero fetale e neonatale non specificato"
      }, {
        "code": "7747",
        "display": "Kernicterus del feto o del neonato non dovuto a isoimmunizzazione"
      } ]
    } ]
  }
}