{
  "resourceType": "ValueSet",
  "url": "http://hl7.org/fhir/sid/icd-9-cm-96",
  "version": "1.0",
  "name": "Diagnosi-Candidiasi",
  "title": "Candidiasi",
  "status": "active",
  "compose": {
    "include": [ {
      "system": "http://hl7.org/fhir/sid/icd-9-cm",
      "concept": [ {
        "code": "1120",
        "display": "Candidiasi della bocca"
      }, {
        "code": "1121",
        "display": "Candidiasi della vulva e della vagina"
      }, {
        "code": "1122",
        "display": "Candidiasi di altre sedi urogenitali"
      }, {
        "code": "1123",
        "display": "Candidiasi della pelle e delle unghie"
      }, {
        "code": "1124",
        "display": "Candidiasi del polmone"
      }, {
        "code": "1125",
        "display": "Candidiasi disseminata"
      }, {
        "code": "1128",
        "display": "Candidiasi di altre sedi specificate"
      }, {
        "code": "11281",
        "display": "Endocardite da Candida"
      }, {
        "code": "11282",
        "display": "Otite esterna da Candida"
      }, {
        "code": "11283",
        "display": "Meningite da Candida"
      }, {
        "code": "11284",
        "display": "Esofagite da Candida"
      }, {
        "code": "11285",
        "display": "Enterite da Candida"
      }, {
        "code": "11289",
        "display": "Altre candidiasi di altre sedi specificate"
      }, {
        "code": "1129",
        "display": "Candidiasi di sede non specificata"
      } ]
    } ]
  }
}