{
  "resourceType": "ValueSet",
  "url": "http://hl7.org/fhir/sid/icd-9-cm-736",
  "version": "1.0",
  "name": "Diagnosi-Fratture mal definite del tronco",
  "title": "Fratture mal definite del tronco",
  "status": "active",
  "compose": {
    "include": [ {
      "system": "http://hl7.org/fhir/sid/icd-9-cm",
      "concept": [ {
        "code": "8090",
        "display": "Fratture chiusa del tronco"
      }, {
        "code": "8091",
        "display": "Frattura esposta del tronco"
      } ]
    } ]
  }
}