{
  "resourceType": "ValueSet",
  "url": "http://hl7.org/fhir/sid/icd-9-cm-796",
  "version": "1.0",
  "name": "Diagnosi-Ferita del torace (parete)",
  "title": "Ferita del torace (parete)",
  "status": "active",
  "compose": {
    "include": [ {
      "system": "http://hl7.org/fhir/sid/icd-9-cm",
      "concept": [ {
        "code": "8750",
        "display": "Ferita del torace (parete) senza menzione di complicazioni"
      }, {
        "code": "8751",
        "display": "Ferita del torace (parete) con complicazioni"
      } ]
    } ]
  }
}