{
  "resourceType": "ValueSet",
  "url": "http://hl7.org/fhir/sid/icd-9-cm-899",
  "version": "1.0",
  "name": "Diagnosi-Effetti tossici di altri solventi derivati dal petrolio",
  "title": "Effetti tossici di altri solventi derivati dal petrolio",
  "status": "active",
  "compose": {
    "include": [ {
      "system": "http://hl7.org/fhir/sid/icd-9-cm",
      "concept": [ {
        "code": "9820",
        "display": "Effetti tossici di benzene ed omologhi"
      }, {
        "code": "9821",
        "display": "Effetti tossici del tetracloruro di carbonio"
      }, {
        "code": "9822",
        "display": "Effetti tossici del solfuro di carbonio"
      }, {
        "code": "9823",
        "display": "Effetti tossici di altri idrocarburi clorati utilizzati come solventi"
      }, {
        "code": "9824",
        "display": "Effetti tossici di nitroglicole"
      }, {
        "code": "9828",
        "display": "Effetti tossici di altri solventi non derivati dal petrolio"
      } ]
    } ]
  }
}