{
  "resourceType": "ValueSet",
  "url": "http://hl7.org/fhir/sid/icd-9-cm-989",
  "version": "1.0",
  "name": "Diagnosi-Esame speciale per l'individuazione di malattie batteriche e da Spirochete",
  "title": "Esame speciale per l'individuazione di malattie batteriche e da Spirochete",
  "status": "active",
  "compose": {
    "include": [ {
      "system": "http://hl7.org/fhir/sid/icd-9-cm",
      "concept": [ {
        "code": "V740",
        "display": "Esame per l'individuazione di colera"
      }, {
        "code": "V741",
        "display": "Esame per l'individuazione di tubercolosi polmonare"
      }, {
        "code": "V742",
        "display": "Esame per l'individuazione di lebbra (malattia di Hansen)"
      }, {
        "code": "V743",
        "display": "Esame per l'individuazione di difterite"
      }, {
        "code": "V744",
        "display": "Esame per l'individuazione di congiuntivite batterica"
      }, {
        "code": "V745",
        "display": "Esame per l'individuazione di malattia venerea"
      }, {
        "code": "V746",
        "display": "Esame per l'individuazione di framboesia"
      }, {
        "code": "V748",
        "display": "Esame per l'individuazione di altre malattie batteriche e da Spirochete specificate"
      }, {
        "code": "V749",
        "display": "Esame per l'individuazione di malattie batteriche e da Spirochete non specificate"
      } ]
    } ]
  }
}