{
  "resourceType": "ValueSet",
  "url": "http://hl7.org/fhir/sid/icd-9-cm-589",
  "version": "1.0",
  "name": "Diagnosi-Altri problemi fetali e placentari che interferiscono con il trattamento della madre",
  "title": "Altri problemi fetali e placentari che interferiscono con il trattamento della madre",
  "status": "active",
  "compose": {
    "include": [ {
      "system": "http://hl7.org/fhir/sid/icd-9-cm",
      "concept": [ {
        "code": "6560",
        "display": "Emorragia feto-materna"
      }, {
        "code": "65600",
        "display": "Emorragia feto-materna, ricovero non specificato"
      }, {
        "code": "65601",
        "display": "Emorragia feto-materna, parto, con o senza menzione della condizione antepartum"
      }, {
        "code": "65603",
        "display": "Emorragia feto-materna, condizione o complicazione antepartum"
      }, {
        "code": "6561",
        "display": "Isoimmunizzazione Rh"
      }, {
        "code": "65610",
        "display": "Isoimmunizzazione Rh, ricovero non specificato"
      }, {
        "code": "65611",
        "display": "Isoimmunizzazione Rh, parto, con o senza menzione della condizione antepartum"
      }, {
        "code": "65613",
        "display": "Isoimmunizzazione Rh, condizione o complicazione antepartum"
      }, {
        "code": "6562",
        "display": "Isoimmunizzazione da altro gruppo e incompatibilita' di gruppo sanguigno, non specificato"
      }, {
        "code": "65620",
        "display": "Isoimmunizzazione da altro gruppo e incompatibilita' di gruppo sanguigno, non specificato, ricovero non specificato"
      }, {
        "code": "65621",
        "display": "Isoimmunizzazione da altro gruppo e incompatibilita' di gruppo sanguigno, non specificato, parto, con o senza menzione della condizione antepartum"
      }, {
        "code": "65623",
        "display": "Isoimmunizzazione da altro gruppo e incompatibilita' di gruppo sanguigno, non specificato, condizione o complicazione antepartum"
      }, {
        "code": "6563",
        "display": "Sofferenza fetale"
      }, {
        "code": "65630",
        "display": "Sofferenza fetale, ricovero non specificato"
      }, {
        "code": "65631",
        "display": "Sofferenza fetale, parto, con o senza menzione della condizione antepartum"
      }, {
        "code": "65633",
        "display": "Sofferenza fetale, condizione o complicazione antepartum"
      }, {
        "code": "6564",
        "display": "Morte intrauterina"
      }, {
        "code": "65640",
        "display": "Morte intrauterina, ricovero non specificato"
      }, {
        "code": "65641",
        "display": "Morte intrauterina, parto, con o senza menzione della condizione antepartum"
      }, {
        "code": "65643",
        "display": "Morte intrauterina, condizione o complicazione antepartum"
      }, {
        "code": "6565",
        "display": "Sviluppo fetale insufficiente"
      }, {
        "code": "65650",
        "display": "Sviluppo fe ale insufficiente, ricovero non specificato"
      }, {
        "code": "65651",
        "display": "Sviluppo fetale insufficiente, parto, con o senza menzione della condizione antepartum"
      }, {
        "code": "65653",
        "display": "Sviluppo fetale insufficiente, condizione o complicazione antepartum"
      }, {
        "code": "6566",
        "display": "Sviluppo fetale eccessivo"
      }, {
        "code": "65660",
        "display": "Sviluppo fetale eccessivo, ricovero non specificato"
      }, {
        "code": "65661",
        "display": "Sviluppo fetale eccessivo, parto, con o senza menzione della condizione antepartum"
      }, {
        "code": "65663",
        "display": "Sviluppo fetale eccessivo, condizione o complicazione antepartum"
      }, {
        "code": "6567",
        "display": "Altre manifestazioni della placenta"
      }, {
        "code": "65670",
        "display": "Altre manifestazioni della placenta, ricovero non specificato"
      }, {
        "code": "65671",
        "display": "Altre manifestazioni della placenta, parto, con o senza menzione della condizione antepartum"
      }, {
        "code": "65673",
        "display": "Altre manifestazioni della placenta, condizione o complicazione antepartum"
      }, {
        "code": "6568",
        "display": "Altri problemi specifici fetali e placentari"
      }, {
        "code": "65680",
        "display": "Altri problemi specifici fetali e placentari, ricovero non specificato"
      }, {
        "code": "65681",
        "display": "Altri problemi specifici fetali e placentari, parto, con o senza menzione della condizione antepartum"
      }, {
        "code": "65683",
        "display": "Altri problemi specifici fetali e placentari, condizione o complicazione antepartum"
      }, {
        "code": "6569",
        "display": "Problema fetale e placentare non specificato"
      }, {
        "code": "65690",
        "display": "Problema fetale e placentare non specificato, ricovero non specificato"
      }, {
        "code": "65691",
        "display": "Problema fetale e placentare non specificato, parto, con o senza menzione della condizione antepartum"
      }, {
        "code": "65693",
        "display": "Problema fetale e placentare non specificato, condizione o complicazione antepartum"
      } ]
    } ]
  }
}