{
  "resourceType": "ValueSet",
  "url": "http://hl7.org/fhir/sid/icd-9-cm-499",
  "version": "1.0",
  "name": "Diagnosi-Diverticoli dell' intestino",
  "title": "Diverticoli dell' intestino",
  "status": "active",
  "compose": {
    "include": [ {
      "system": "http://hl7.org/fhir/sid/icd-9-cm",
      "concept": [ {
        "code": "5620",
        "display": "Diverticoli dell' intestino tenue"
      }, {
        "code": "56200",
        "display": "Diverticolosi dell' intestino tenue (senza menzione di emorragia)"
      }, {
        "code": "56201",
        "display": "Diverticolite dell' intestino tenue (senza menzione di emorragia)"
      }, {
        "code": "56202",
        "display": "Diverticolosi dell' intestino tenue con emorragia"
      }, {
        "code": "56203",
        "display": "Diverticolite dell' intestino tenue con emorragia"
      }, {
        "code": "5621",
        "display": "Diverticoli del colon"
      }, {
        "code": "56210",
        "display": "Diverticolosi del colon (senza menzione di emorragia)"
      }, {
        "code": "56211",
        "display": "Diverticolite del colon (senza menzione di emorragia)"
      }, {
        "code": "56212",
        "display": "Diverticolosi del colon con emorragia"
      }, {
        "code": "56213",
        "display": "Diverticolite del colon con emorragia"
      } ]
    } ]
  }
}