{
  "resourceType": "ValueSet",
  "url": "http://hl7.org/fhir/sid/icd-9-cm-271",
  "version": "1.0",
  "name": "Diagnosi-Disturbi pervasivi dello sviluppo",
  "title": "Disturbi pervasivi dello sviluppo",
  "status": "active",
  "compose": {
    "include": [ {
      "system": "http://hl7.org/fhir/sid/icd-9-cm",
      "concept": [ {
        "code": "2990",
        "display": "Disturbo autistico"
      }, {
        "code": "29900",
        "display": "Disturbo autistico, stato attivo"
      }, {
        "code": "29901",
        "display": "Disturbo autistico, stato residuale"
      }, {
        "code": "2991",
        "display": "Disturbo disintegrativo dell' infanzia"
      }, {
        "code": "29910",
        "display": "Disturbo disintegrativo dell' infanzia, stato attivo"
      }, {
        "code": "29911",
        "display": "Disturbo disintegrativo dell' infanzia, stato residuale"
      }, {
        "code": "2998",
        "display": "Altri disturbi pervasivi dello sviluppo specificati"
      }, {
        "code": "29980",
        "display": "Altri disturbi pervasivi dello sviluppo specificati, stato attivo"
      }, {
        "code": "29981",
        "display": "Altri disturbi pervasivi dello sviluppo specificati, stato residuale"
      }, {
        "code": "2999",
        "display": "Disturbo pervasivo dello sviluppo non specificato"
      }, {
        "code": "29990",
        "display": "Psicosi non specificata, stato attivo"
      }, {
        "code": "29991",
        "display": "Psicosi non specificata, stato residuale"
      } ]
    } ]
  }
}