{
  "resourceType": "ValueSet",
  "url": "http://hl7.org/fhir/sid/icd-9-cm-532",
  "version": "1.0",
  "name": "Diagnosi-Altre patologie della vescica",
  "title": "Altre patologie della vescica",
  "status": "active",
  "compose": {
    "include": [ {
      "system": "http://hl7.org/fhir/sid/icd-9-cm",
      "concept": [ {
        "code": "5960",
        "display": "Ostruzione del collo vescicale"
      }, {
        "code": "5961",
        "display": "Fistola intestinovescicale"
      }, {
        "code": "5962",
        "display": "Fistola vescicale, non classificata altrove"
      }, {
        "code": "5963",
        "display": "Diverticolo vescicale"
      }, {
        "code": "5964",
        "display": "Atonia vescicale"
      }, {
        "code": "5965",
        "display": "Altre patologie funzionali della vescica"
      }, {
        "code": "59651",
        "display": "Ipertonicita' vescicale"
      }, {
        "code": "59652",
        "display": "Vescica con bassa compliance"
      }, {
        "code": "59653",
        "display": "Paralisi vescicale"
      }, {
        "code": "59654",
        "display": "Vescica neurologica SAI"
      }, {
        "code": "59655",
        "display": "Dissinergia detrusoriale dello sfintere"
      }, {
        "code": "59659",
        "display": "Altra patologia funzionale della vescica"
      }, {
        "code": "5966",
        "display": "Rottura della vescica, non traumatica"
      }, {
        "code": "5967",
        "display": "Emorragia vescicale intramurale"
      }, {
        "code": "5968",
        "display": "Altre patologie specificate della vescica"
      }, {
        "code": "5969",
        "display": "Patologia non specificata della vescica"
      } ]
    } ]
  }
}