{
  "resourceType": "ValueSet",
  "url": "http://hl7.org/fhir/sid/icd-9-cm-374",
  "version": "1.0",
  "name": "Diagnosi-Altre forme acute e subacute di cardiopatia ischemica",
  "title": "Altre forme acute e subacute di cardiopatia ischemica",
  "status": "active",
  "compose": {
    "include": [ {
      "system": "http://hl7.org/fhir/sid/icd-9-cm",
      "concept": [ {
        "code": "4110",
        "display": "Sindrome post-infartuale"
      }, {
        "code": "4111",
        "display": "Sindrome coronarica intermedia"
      }, {
        "code": "4118",
        "display": "Forme diverse, acute e subacute, di cardiopatia ischemica"
      }, {
        "code": "41181",
        "display": "Occlusione coronarica acuta senza infarto miocardico"
      }, {
        "code": "41189",
        "display": "Ulteriori forme, acute e subacute di cardiopatia ischemica"
      } ]
    } ]
  }
}