{
  "resourceType": "ValueSet",
  "url": "http://hl7.org/fhir/sid/icd-9-cm-278",
  "version": "1.0",
  "name": "Diagnosi-Disfunzioni fisiologiche originate da fattori mentali",
  "title": "Disfunzioni fisiologiche originate da fattori mentali",
  "status": "active",
  "compose": {
    "include": [ {
      "system": "http://hl7.org/fhir/sid/icd-9-cm",
      "concept": [ {
        "code": "3060",
        "display": "Disfunzioni osteomuscolari"
      }, {
        "code": "3061",
        "display": "Disfunzioni respiratorie"
      }, {
        "code": "3062",
        "display": "Disfunzioni cardiovascolari"
      }, {
        "code": "3063",
        "display": "Disturbi cutanei"
      }, {
        "code": "3064",
        "display": "Disfunzioni gastrointestinali"
      }, {
        "code": "3065",
        "display": "Disfunzioni genitourinarie"
      }, {
        "code": "30650",
        "display": "Disfunzione genitourinaria psicogena, non specificata"
      }, {
        "code": "30651",
        "display": "Vaginismo psicogeno"
      }, {
        "code": "30652",
        "display": "Dismenorrea psicogena"
      }, {
        "code": "30653",
        "display": "Disuria psicogena"
      }, {
        "code": "30659",
        "display": "Altre manifestazioni genitourinarie"
      }, {
        "code": "3066",
        "display": "Disfunzioni endocrine"
      }, {
        "code": "3067",
        "display": "Disfunzioni a carico di organi di senso"
      }, {
        "code": "3068",
        "display": "Altre disfunzioni psicofisiologiche specificate"
      }, {
        "code": "3069",
        "display": "Disfunzioni psicofisiologiche non specificate"
      } ]
    } ]
  }
}