{
  "resourceType": "ValueSet",
  "url": "http://hl7.org/fhir/sid/icd-9-cm-561",
  "version": "1.0",
  "name": "Diagnosi-Infertilita' femminile",
  "title": "Infertilita' femminile",
  "status": "active",
  "compose": {
    "include": [ {
      "system": "http://hl7.org/fhir/sid/icd-9-cm",
      "concept": [ {
        "code": "6280",
        "display": "Infertilita' femminile, associata ad anovulatorieta'"
      }, {
        "code": "6281",
        "display": "Infertilita' femminile, di origine ipofisaria-ipotalamica"
      }, {
        "code": "6282",
        "display": "Infertilita' femminile, di origine tubarica"
      }, {
        "code": "6283",
        "display": "Infertilita' femminile, di origine uterina"
      }, {
        "code": "6284",
        "display": "Infertilita' femminile, di origine cervicale o vaginale"
      }, {
        "code": "6288",
        "display": "Infertilita' femminile, di altra origine specificata"
      }, {
        "code": "6289",
        "display": "Infertilita' femminile, di origine non specificata"
      } ]
    } ]
  }
}