{
  "resourceType": "ValueSet",
  "url": "http://hl7.org/fhir/sid/icd-9-cm-531",
  "version": "1.0",
  "name": "Diagnosi-Cistite",
  "title": "Cistite",
  "status": "active",
  "compose": {
    "include": [ {
      "system": "http://hl7.org/fhir/sid/icd-9-cm",
      "concept": [ {
        "code": "5950",
        "display": "Cistite acuta"
      }, {
        "code": "5951",
        "display": "Cistite interstiziale cronica"
      }, {
        "code": "5952",
        "display": "Altra cistite cronica"
      }, {
        "code": "5953",
        "display": "Trigonite"
      }, {
        "code": "5954",
        "display": "Cistite in patologie classificate altrove"
      }, {
        "code": "5958",
        "display": "Altro specificato tipo di cistite"
      }, {
        "code": "59581",
        "display": "Cistite cistica"
      }, {
        "code": "59582",
        "display": "Cistite attinica"
      }, {
        "code": "59589",
        "display": "Altro specificato tipo di cistite"
      }, {
        "code": "5959",
        "display": "Cistiti, non specificate"
      } ]
    } ]
  }
}