{
  "resourceType": "ValueSet",
  "url": "http://hl7.org/fhir/sid/icd-9-cm-677",
  "version": "1.0",
  "name": "Diagnosi-Altre anomalie congenite del tratto alimentare superiore",
  "title": "Altre anomalie congenite del tratto alimentare superiore",
  "status": "active",
  "compose": {
    "include": [ {
      "system": "http://hl7.org/fhir/sid/icd-9-cm",
      "concept": [ {
        "code": "7500",
        "display": "Lingua legata"
      }, {
        "code": "7501",
        "display": "Altre anomalie della lingua"
      }, {
        "code": "75010",
        "display": "Anomalie della lingua, non specificate"
      }, {
        "code": "75011",
        "display": "Aglossia"
      }, {
        "code": "75012",
        "display": "Aderenze congenite della lingua"
      }, {
        "code": "75013",
        "display": "Fessura della lingua"
      }, {
        "code": "75015",
        "display": "Macroglossia"
      }, {
        "code": "75016",
        "display": "Microglossia"
      }, {
        "code": "75019",
        "display": "Altro"
      }, {
        "code": "7502",
        "display": "Altre anomalie specificate della bocca e del faringe"
      }, {
        "code": "75021",
        "display": "Assenza di ghiandole salivari"
      }, {
        "code": "75022",
        "display": "Ghiandole salivari accessorie"
      }, {
        "code": "75023",
        "display": "Atresia del dotto salivare"
      }, {
        "code": "75024",
        "display": "Fistola congenita della ghiandola salivare"
      }, {
        "code": "75025",
        "display": "Fistola congenita del labbro"
      }, {
        "code": "75026",
        "display": "Altre anomalie specificate della bocca"
      }, {
        "code": "75027",
        "display": "Diverticolo del faringe"
      }, {
        "code": "75029",
        "display": "Altre anomalie specificate del faringe"
      }, {
        "code": "7503",
        "display": "Fistola tracheoesofagea, atresia esofagea e stenosi"
      }, {
        "code": "7504",
        "display": "Altre anomalie specificate dell' esofago"
      }, {
        "code": "7505",
        "display": "Stenosi ipertrofica congenita del piloro"
      }, {
        "code": "7506",
        "display": "Ernia iatale congenita"
      }, {
        "code": "7507",
        "display": "Altre anomalie specificate dello stomaco"
      }, {
        "code": "7508",
        "display": "Altre anomalie specificate del tratto alimentare superiore"
      }, {
        "code": "7509",
        "display": "Anomalie non specificate del tratto alimentare superiore"
      } ]
    } ]
  }
}