{
  "resourceType": "ValueSet",
  "url": "http://hl7.org/fhir/sid/icd-9-cm-308",
  "version": "1.0",
  "name": "Diagnosi-Dolore non classificato altrove",
  "title": "Dolore non classificato altrove",
  "status": "active",
  "compose": {
    "include": [ {
      "system": "http://hl7.org/fhir/sid/icd-9-cm",
      "concept": [ {
        "code": "3380",
        "display": "Sindrome da dolore centrale"
      }, {
        "code": "3381",
        "display": "Dolore acuto"
      }, {
        "code": "33811",
        "display": "Dolore acuto da trauma"
      }, {
        "code": "33812",
        "display": "Dolore acuto post-toracotomia"
      }, {
        "code": "33818",
        "display": "Altri dolori acuti post-operatori"
      }, {
        "code": "33819",
        "display": "Altri dolori acuti"
      }, {
        "code": "3382",
        "display": "Dolore cronico"
      }, {
        "code": "33821",
        "display": "Dolore cronico da trauma"
      }, {
        "code": "33822",
        "display": "Dolore cronico post-toracotomia"
      }, {
        "code": "33828",
        "display": "Altro dolore cronico post-operatorio"
      }, {
        "code": "33829",
        "display": "Altro dolore cronico"
      }, {
        "code": "3383",
        "display": "Dolore correlato a neoplasia (acuto) (cronico)"
      }, {
        "code": "3384",
        "display": "Sindrome da dolore cronico"
      } ]
    } ]
  }
}