{
  "resourceType": "ValueSet",
  "url": "http://hl7.org/fhir/sid/icd-9-cm-885",
  "version": "1.0",
  "name": "Diagnosi-Avvelenamento da altri depressori del sistema nervoso centrale e anestetici",
  "title": "Avvelenamento da altri depressori del sistema nervoso centrale e anestetici",
  "status": "active",
  "compose": {
    "include": [ {
      "system": "http://hl7.org/fhir/sid/icd-9-cm",
      "concept": [ {
        "code": "9680",
        "display": "Avvelenamento da depressori del tono muscolare per azione sul sistema nervoso centrale"
      }, {
        "code": "9681",
        "display": "Avvelenamento da alotano"
      }, {
        "code": "9682",
        "display": "Avvelenamento da altri anestetici gassosi"
      }, {
        "code": "9683",
        "display": "Avvelenamento da anestetici intravenosi"
      }, {
        "code": "9684",
        "display": "Avvelenamento da altri e non specificati anestetici generali"
      }, {
        "code": "9685",
        "display": "Avvelenamento da anestetici di superficie (topici) e da infiltrazione"
      }, {
        "code": "9686",
        "display": "Avvelenamento da anestetici che agiscono sui plessi nervosi e sui nervi periferici"
      }, {
        "code": "9687",
        "display": "Avvelenamento da anestetici spinali"
      }, {
        "code": "9689",
        "display": "Avvelenamento da altri e non specificati anestetici locali"
      } ]
    } ]
  }
}