{
  "resourceType": "ValueSet",
  "url": "http://hl7.org/fhir/sid/icd-9-cm-653",
  "version": "1.0",
  "name": "Diagnosi-Entesopatie periferiche e sindromi analoghe",
  "title": "Entesopatie periferiche e sindromi analoghe",
  "status": "active",
  "compose": {
    "include": [ {
      "system": "http://hl7.org/fhir/sid/icd-9-cm",
      "concept": [ {
        "code": "7260",
        "display": "Capsulite adesiva scapolo-omerale"
      }, {
        "code": "7261",
        "display": "Sindrome della cuffia dei rotatori e disturbi associati"
      }, {
        "code": "72610",
        "display": "Disturbi non specificati della borsa e dei tendini della spalla"
      }, {
        "code": "72611",
        "display": "Tendinite calcifica della spalla"
      }, {
        "code": "72612",
        "display": "Tenosinovite del bicipite"
      }, {
        "code": "72619",
        "display": "Altri disturbi specificati della borsa e dei tendini della spalla"
      }, {
        "code": "7262",
        "display": "Altre affezioni della regione della spalla non classificate altrove"
      }, {
        "code": "7263",
        "display": "Entesopatia della regione del gomito"
      }, {
        "code": "72630",
        "display": "Entesopatia non specificata della regione del gomito"
      }, {
        "code": "72631",
        "display": "Epitrocleite"
      }, {
        "code": "72632",
        "display": "Epicondilite"
      }, {
        "code": "72633",
        "display": "Borsite dell' olecrano"
      }, {
        "code": "72639",
        "display": "Altre entesopatie della regione del gomito"
      }, {
        "code": "7264",
        "display": "Entesopatia del polso e del carpo"
      }, {
        "code": "7265",
        "display": "Entesopatia della regione dell' anca"
      }, {
        "code": "7266",
        "display": "Entesopatia del ginocchio"
      }, {
        "code": "72660",
        "display": "Entesopatia non specificata del ginocchio"
      }, {
        "code": "72661",
        "display": "Tendinite o borsite della zampa d'oca"
      }, {
        "code": "72662",
        "display": "Borsite del legamento collaterale mediale"
      }, {
        "code": "72663",
        "display": "Borsite del legamento collaterale laterale"
      }, {
        "code": "72664",
        "display": "Tendinite del rotuleo"
      }, {
        "code": "72665",
        "display": "Borsite pararotulea"
      }, {
        "code": "72669",
        "display": "Altre entesopatie del ginocchio"
      }, {
        "code": "7267",
        "display": "Entesopatia della caviglia e del tarso"
      }, {
        "code": "72670",
        "display": "Entesopatia non specificata della caviglia e del tarso"
      }, {
        "code": "72671",
        "display": "Tendinite o borsite del tendine d'Achille"
      }, {
        "code": "72672",
        "display": "Tendinite del tibiale"
      }, {
        "code": "72673",
        "display": "Sperone del calcaneare"
      }, {
        "code": "72679",
        "display": "Altre entesopatie di tibio-tarsica ed articolazioni del piede"
      }, {
        "code": "7268",
        "display": "Altre entesopatie periferiche"
      }, {
        "code": "7269",
        "display": "Entesopatia non specificata"
      }, {
        "code": "72690",
        "display": "Entesopatia di sede non specificata"
      }, {
        "code": "72691",
        "display": "Esostosi in sede non specificata"
      } ]
    } ]
  }
}