{
  "resourceType": "ValueSet",
  "url": "http://hl7.org/fhir/sid/icd-9-cm-467",
  "version": "1.0",
  "name": "Diagnosi-Disordini dello sviluppo e della eruzione del dente",
  "title": "Disordini dello sviluppo e della eruzione del dente",
  "status": "active",
  "compose": {
    "include": [ {
      "system": "http://hl7.org/fhir/sid/icd-9-cm",
      "concept": [ {
        "code": "5200",
        "display": "Edentulia"
      }, {
        "code": "5201",
        "display": "Dente soprannumerario"
      }, {
        "code": "5202",
        "display": "Anomalie della misura e della forma dei denti"
      }, {
        "code": "5203",
        "display": "Dente chiazzato o macchiato"
      }, {
        "code": "5204",
        "display": "Disturbi della formazione del dente"
      }, {
        "code": "5205",
        "display": "Disturbi ereditari della struttura del dente, non classificati altrove"
      }, {
        "code": "5206",
        "display": "Disturbi dell' eruzione del dente"
      }, {
        "code": "5207",
        "display": "Disturbi della dentizione"
      }, {
        "code": "5208",
        "display": "Altri specifici disordini dello sviluppo ed eruzione del dente"
      }, {
        "code": "5209",
        "display": "Disordini non specificati dello sviluppo e dell' eruzione del dente"
      } ]
    } ]
  }
}