{
  "resourceType": "ValueSet",
  "url": "http://hl7.org/fhir/sid/icd-9-cm-231",
  "version": "1.0",
  "name": "Diagnosi-Altri disturbi endocrini",
  "title": "Altri disturbi endocrini",
  "status": "active",
  "compose": {
    "include": [ {
      "system": "http://hl7.org/fhir/sid/icd-9-cm",
      "concept": [ {
        "code": "2590",
        "display": "Ritardo dello sviluppo sessuale e puberale, non classificato altrove"
      }, {
        "code": "2591",
        "display": "Sviluppo sessuale precoce e puberta' precoce, non classificati altrove"
      }, {
        "code": "2592",
        "display": "Sindrome carcinoide"
      }, {
        "code": "2593",
        "display": "Secrezione ormonale ectopica, non classificata altrove"
      }, {
        "code": "2594",
        "display": "Nanismo, non classificato altrove"
      }, {
        "code": "2595",
        "display": "Sindrome da resistenza androgenica"
      }, {
        "code": "2598",
        "display": "Altri disordini endocrini specificati"
      }, {
        "code": "2599",
        "display": "Disordine endocrino non specificato"
      } ]
    } ]
  }
}