{
  "resourceType": "ValueSet",
  "url": "http://hl7.org/fhir/sid/icd-9-cm-917",
  "version": "1.0",
  "name": "Diagnosi-Contatto con o esposizione a malattie trasmissibili",
  "title": "Contatto con o esposizione a malattie trasmissibili",
  "status": "active",
  "compose": {
    "include": [ {
      "system": "http://hl7.org/fhir/sid/icd-9-cm",
      "concept": [ {
        "code": "V010",
        "display": "Contatto con o esposizione a colera"
      }, {
        "code": "V011",
        "display": "Contatto con o esposizione a tubercolosi"
      }, {
        "code": "V012",
        "display": "Contatto con o esposizione a poliomielite"
      }, {
        "code": "V013",
        "display": "Contatto con o esposizione a vaiolo"
      }, {
        "code": "V014",
        "display": "Contatto con o esposizione a rosolia"
      }, {
        "code": "V015",
        "display": "Contatto con o esposizione a rabbia"
      }, {
        "code": "V016",
        "display": "Contatto con o esposizione amalattie veneree"
      }, {
        "code": "V017",
        "display": "Contatto con o esposizione ad altre malattie virali"
      }, {
        "code": "V0171",
        "display": "Contatto con o esposizione a varicella"
      }, {
        "code": "V0179",
        "display": "Contatto con o esposizione ad altre malattie virali"
      }, {
        "code": "V018",
        "display": "Contatto con o esposizione ad altre malattie trasmissibili"
      }, {
        "code": "V0181",
        "display": "Contatto con o esposizione ad antrace"
      }, {
        "code": "V0182",
        "display": "EsposizioneaSARS-Coronavirusassociato"
      }, {
        "code": "V0183",
        "display": "Contatto con o esposizione ad"
      }, {
        "code": "V0184",
        "display": "Contatto con o esposizione a Meningococco"
      }, {
        "code": "V0189",
        "display": "Contatto con o esposizione ad altre malattie trasmissibili"
      }, {
        "code": "V019",
        "display": "Contatto con o esposizione a malattia trasmissibile non specificata"
      } ]
    } ]
  }
}