{
  "resourceType": "ValueSet",
  "id": "R10",
  "url": "http://hl7.org/fhir/sid/icd-10-cm-1298",
  "version": "1.0",
  "name": "Abdominal and pelvic pain",
  "title": "Abdominal and pelvic pain",
  "status": "active",
  "compose": {
    "include": [ {
      "system": "http://hl7.org/fhir/sid/icd-10-cm",
      "concept": [ {
        "code": "R100",
        "display": "Acute abdomen"
      }, {
        "code": "R101",
        "display": "Pain localized to upper abdomen"
      }, {
        "code": "R1010",
        "display": "Upper abdominal pain, unspecified"
      }, {
        "code": "R1011",
        "display": "Right upper quadrant pain"
      }, {
        "code": "R1012",
        "display": "Left upper quadrant pain"
      }, {
        "code": "R1013",
        "display": "Epigastric pain"
      }, {
        "code": "R102",
        "display": "Pelvic and perineal pain"
      }, {
        "code": "R103",
        "display": "Pain localized to other parts of lower abdomen"
      }, {
        "code": "R1030",
        "display": "Lower abdominal pain, unspecified"
      }, {
        "code": "R1031",
        "display": "Right lower quadrant pain"
      }, {
        "code": "R1032",
        "display": "Left lower quadrant pain"
      }, {
        "code": "R1033",
        "display": "Periumbilical pain"
      }, {
        "code": "R108",
        "display": "Other abdominal pain"
      }, {
        "code": "R1081",
        "display": "Abdominal tenderness"
      }, {
        "code": "R10811",
        "display": "Right upper quadrant abdominal tenderness"
      }, {
        "code": "R10812",
        "display": "Left upper quadrant abdominal tenderness"
      }, {
        "code": "R10813",
        "display": "Right lower quadrant abdominal tenderness"
      }, {
        "code": "R10814",
        "display": "Left lower quadrant abdominal tenderness"
      }, {
        "code": "R10815",
        "display": "Periumbilic abdominal tenderness"
      }, {
        "code": "R10816",
        "display": "Epigastric abdominal tenderness"
      }, {
        "code": "R10817",
        "display": "Generalized abdominal tenderness"
      }, {
        "code": "R10819",
        "display": "Abdominal tenderness, unspecified site"
      }, {
        "code": "R1082",
        "display": "Rebound abdominal tenderness"
      }, {
        "code": "R10821",
        "display": "Right upper quadrant rebound abdominal tenderness"
      }, {
        "code": "R10822",
        "display": "Left upper quadrant rebound abdominal tenderness"
      }, {
        "code": "R10823",
        "display": "Right lower quadrant rebound abdominal tenderness"
      }, {
        "code": "R10824",
        "display": "Left lower quadrant rebound abdominal tenderness"
      }, {
        "code": "R10825",
        "display": "Periumbilic rebound abdominal tenderness"
      }, {
        "code": "R10826",
        "display": "Epigastric rebound abdominal tenderness"
      }, {
        "code": "R10827",
        "display": "Generalized rebound abdominal tenderness"
      }, {
        "code": "R10829",
        "display": "Rebound abdominal tenderness, unspecified site"
      }, {
        "code": "R1083",
        "display": "Colic"
      }, {
        "code": "R1084",
        "display": "Generalized abdominal pain"
      }, {
        "code": "R109",
        "display": "Unspecified abdominal pain"
      } ]
    } ]
  }
}