{
  "resourceType": "ValueSet",
  "id": "R74",
  "url": "http://hl7.org/fhir/sid/icd-10-cm-1356",
  "version": "1.0",
  "name": "Abnormal serum enzyme levels",
  "title": "Abnormal serum enzyme levels",
  "status": "active",
  "compose": {
    "include": [ {
      "system": "http://hl7.org/fhir/sid/icd-10-cm",
      "concept": [ {
        "code": "R740",
        "display": "Nonspec elev of levels of transamns & lactic acid dehydrgnse"
      }, {
        "code": "R748",
        "display": "Abnormal levels of other serum enzymes"
      }, {
        "code": "R749",
        "display": "Abnormal serum enzyme level, unspecified"
      } ]
    } ]
  }
}