{
  "resourceType": "ValueSet",
  "id": "R92",
  "url": "http://hl7.org/fhir/sid/icd-10-cm-1374",
  "version": "1.0",
  "name": "Abnormal and inconclusive findings on dx imaging of breast",
  "title": "Abnormal and inconclusive findings on diagnostic imaging of breast",
  "status": "active",
  "compose": {
    "include": [ {
      "system": "http://hl7.org/fhir/sid/icd-10-cm",
      "concept": [ {
        "code": "R920",
        "display": "Mammographic microcalcification found on dx imaging of brst"
      }, {
        "code": "R921",
        "display": "Mammographic calcifcn found on diagnostic imaging of breast"
      }, {
        "code": "R922",
        "display": "Inconclusive mammogram"
      }, {
        "code": "R928",
        "display": "Oth abn and inconclusive findings on dx imaging of breast"
      } ]
    } ]
  }
}