{
  "resourceType": "ValueSet",
  "id": "R90",
  "url": "http://hl7.org/fhir/sid/icd-10-cm-1372",
  "version": "1.0",
  "name": "Abnormal findings on diagnostic imaging of cnsl",
  "title": "Abnormal findings on diagnostic imaging of central nervous system",
  "status": "active",
  "compose": {
    "include": [ {
      "system": "http://hl7.org/fhir/sid/icd-10-cm",
      "concept": [ {
        "code": "R900",
        "display": "Intcrn space-occupying lesion found on dx imaging of cnsl"
      }, {
        "code": "R908",
        "display": "Oth abnormal findings on diagnostic imaging of cnsl"
      }, {
        "code": "R9081",
        "display": "Abnormal echoencephalogram"
      }, {
        "code": "R9082",
        "display": "White matter disease, unspecified"
      }, {
        "code": "R9089",
        "display": "Oth abnormal findings on diagnostic imaging of cnsl"
      } ]
    } ]
  }
}