{
  "resourceType": "ValueSet",
  "id": "R85",
  "url": "http://hl7.org/fhir/sid/icd-10-cm-1367",
  "version": "1.0",
  "name": "Abnormal findings in specimens from dgstv org/abd cav",
  "title": "Abnormal findings in specimens from digestive organs and abdominal cavity",
  "status": "active",
  "compose": {
    "include": [ {
      "system": "http://hl7.org/fhir/sid/icd-10-cm",
      "concept": [ {
        "code": "R850",
        "display": "Abn lev enzymes in specimens from dgstv org/abd cav"
      }, {
        "code": "R851",
        "display": "Abn lev hormones in specimens from dgstv org/abd cav"
      }, {
        "code": "R852",
        "display": "Abn lev drug/meds/biol subst in specmn fr dgstv org/abd cav"
      }, {
        "code": "R853",
        "display": "Abn lev substnc nonmed source in specmn fr dgstv org/abd cav"
      }, {
        "code": "R854",
        "display": "Abnormal immunolog findings in specmn from dgstv org/abd cav"
      }, {
        "code": "R855",
        "display": "Abn microbiolog findings in specmn from dgstv org/abd cav"
      }, {
        "code": "R856",
        "display": "Abnormal cytolog findings in specmn from dgstv org/abd cav"
      }, {
        "code": "R8561",
        "display": "Abnormal cytologic smear of anus"
      }, {
        "code": "R85610",
        "display": "Atyp squam cell of undet signfc cyto smr anus (ASC-US)"
      }, {
        "code": "R85611",
        "display": "Atyp squam cell not excl hi grd intrepith lesn cyto smr anus"
      }, {
        "code": "R85612",
        "display": "Low grade intrepith lesion cyto smr anus (LGSIL)"
      }, {
        "code": "R85613",
        "display": "High grade intrepith lesion cyto smr anus (HGSIL)"
      }, {
        "code": "R85614",
        "display": "Cytologic evidence of malignancy on smear of anus"
      }, {
        "code": "R85615",
        "display": "Unsatisfactory cytologic smear of anus"
      }, {
        "code": "R85616",
        "display": "Satisfactory anal smear but lacking transformation zone"
      }, {
        "code": "R85618",
        "display": "Other abnormal cytological findings on specimens from anus"
      }, {
        "code": "R85619",
        "display": "Unsp abnormal cytological findings in specimens from anus"
      }, {
        "code": "R8569",
        "display": "Abn cytolog findings in specmn from oth dgstv org/abd cav"
      }, {
        "code": "R857",
        "display": "Abnormal histolog findings in specmn from dgstv org/abd cav"
      }, {
        "code": "R858",
        "display": "Oth abnormal findings in specimens from dgstv org/abd cav"
      }, {
        "code": "R8581",
        "display": "Anal high risk human papillomavirus (HPV) DNA test positive"
      }, {
        "code": "R8582",
        "display": "Anal low risk human papillomavirus (HPV) DNA test positive"
      }, {
        "code": "R8589",
        "display": "Oth abnormal findings in specimens from dgstv org/abd cav"
      }, {
        "code": "R859",
        "display": "Unsp abnormal finding in specimens from dgstv org/abd cav"
      } ]
    } ]
  }
}