{
  "resourceType": "ValueSet",
  "id": "R00",
  "url": "http://hl7.org/fhir/sid/icd-10-cm-1290",
  "version": "1.0",
  "name": "Abnormalities of heart beat",
  "title": "Abnormalities of heart beat",
  "status": "active",
  "compose": {
    "include": [ {
      "system": "http://hl7.org/fhir/sid/icd-10-cm",
      "concept": [ {
        "code": "R000",
        "display": "Tachycardia, unspecified"
      }, {
        "code": "R001",
        "display": "Bradycardia, unspecified"
      }, {
        "code": "R002",
        "display": "Palpitations"
      }, {
        "code": "R008",
        "display": "Other abnormalities of heart beat"
      }, {
        "code": "R009",
        "display": "Unspecified abnormalities of heart beat"
      } ]
    } ]
  }
}