{
  "resourceType": "ValueSet",
  "id": "R25",
  "url": "http://hl7.org/fhir/sid/icd-10-cm-1312",
  "version": "1.0",
  "name": "Abnormal involuntary movements",
  "title": "Abnormal involuntary movements",
  "status": "active",
  "compose": {
    "include": [ {
      "system": "http://hl7.org/fhir/sid/icd-10-cm",
      "concept": [ {
        "code": "R250",
        "display": "Abnormal head movements"
      }, {
        "code": "R251",
        "display": "Tremor, unspecified"
      }, {
        "code": "R252",
        "display": "Cramp and spasm"
      }, {
        "code": "R253",
        "display": "Fasciculation"
      }, {
        "code": "R258",
        "display": "Other abnormal involuntary movements"
      }, {
        "code": "R259",
        "display": "Unspecified abnormal involuntary movements"
      } ]
    } ]
  }
}