{
  "resourceType": "ValueSet",
  "id": "R26",
  "url": "http://hl7.org/fhir/sid/icd-10-cm-1313",
  "version": "1.0",
  "name": "Abnormalities of gait and mobility",
  "title": "Abnormalities of gait and mobility",
  "status": "active",
  "compose": {
    "include": [ {
      "system": "http://hl7.org/fhir/sid/icd-10-cm",
      "concept": [ {
        "code": "R260",
        "display": "Ataxic gait"
      }, {
        "code": "R261",
        "display": "Paralytic gait"
      }, {
        "code": "R262",
        "display": "Difficulty in walking, not elsewhere classified"
      }, {
        "code": "R268",
        "display": "Other abnormalities of gait and mobility"
      }, {
        "code": "R2681",
        "display": "Unsteadiness on feet"
      }, {
        "code": "R2689",
        "display": "Other abnormalities of gait and mobility"
      }, {
        "code": "R269",
        "display": "Unspecified abnormalities of gait and mobility"
      } ]
    } ]
  }
}