{
  "resourceType": "ValueSet",
  "id": "R84",
  "url": "http://hl7.org/fhir/sid/icd-10-cm-1366",
  "version": "1.0",
  "name": "Abnormal findings in specimens from resp org/thrx",
  "title": "Abnormal findings in specimens from respiratory organs and thorax",
  "status": "active",
  "compose": {
    "include": [ {
      "system": "http://hl7.org/fhir/sid/icd-10-cm",
      "concept": [ {
        "code": "R840",
        "display": "Abnormal level of enzymes in specimens from resp org/thrx"
      }, {
        "code": "R841",
        "display": "Abnormal level of hormones in specimens from resp org/thrx"
      }, {
        "code": "R842",
        "display": "Abn lev drug/meds/biol subst in specimens from resp org/thrx"
      }, {
        "code": "R843",
        "display": "Abn lev substnc nonmed source in specmn from resp org/thrx"
      }, {
        "code": "R844",
        "display": "Abnormal immunolog findings in specimens from resp org/thrx"
      }, {
        "code": "R845",
        "display": "Abnormal microbiolog findings in specmn from resp org/thrx"
      }, {
        "code": "R846",
        "display": "Abnormal cytolog findings in specimens from resp org/thrx"
      }, {
        "code": "R847",
        "display": "Abnormal histolog findings in specimens from resp org/thrx"
      }, {
        "code": "R848",
        "display": "Oth abnormal findings in specimens from resp org/thrx"
      }, {
        "code": "R849",
        "display": "Unsp abnormal finding in specimens from resp org/thrx"
      } ]
    } ]
  }
}