{
  "resourceType": "ValueSet",
  "id": "R89",
  "url": "http://hl7.org/fhir/sid/icd-10-cm-1371",
  "version": "1.0",
  "name": "Abnormal findings in specimens from oth org/tiss",
  "title": "Abnormal findings in specimens from other organs, systems and tissues",
  "status": "active",
  "compose": {
    "include": [ {
      "system": "http://hl7.org/fhir/sid/icd-10-cm",
      "concept": [ {
        "code": "R890",
        "display": "Abnormal level of enzymes in specimens from oth org/tiss"
      }, {
        "code": "R891",
        "display": "Abnormal level of hormones in specimens from oth org/tiss"
      }, {
        "code": "R892",
        "display": "Abn lev drug/meds/biol subst in specimens from oth org/tiss"
      }, {
        "code": "R893",
        "display": "Abn lev substnc nonmed source in specmn from oth org/tiss"
      }, {
        "code": "R894",
        "display": "Abnormal immunolog findings in specimens from oth org/tiss"
      }, {
        "code": "R895",
        "display": "Abnormal microbiolog findings in specimens from oth org/tiss"
      }, {
        "code": "R896",
        "display": "Abnormal cytological findings in specimens from oth org/tiss"
      }, {
        "code": "R897",
        "display": "Abnormal histolog findings in specimens from oth org/tiss"
      }, {
        "code": "R898",
        "display": "Oth abnormal findings in specimens from oth org/tiss"
      }, {
        "code": "R899",
        "display": "Unsp abnormal finding in specimens from oth org/tiss"
      } ]
    } ]
  }
}