{
  "resourceType": "ValueSet",
  "id": "O62",
  "url": "http://hl7.org/fhir/sid/icd-10-cm-1114",
  "version": "1.0",
  "name": "Abnormalities of forces of labor",
  "title": "Abnormalities of forces of labor",
  "status": "active",
  "compose": {
    "include": [ {
      "system": "http://hl7.org/fhir/sid/icd-10-cm",
      "concept": [ {
        "code": "O620",
        "display": "Primary inadequate contractions"
      }, {
        "code": "O621",
        "display": "Secondary uterine inertia"
      }, {
        "code": "O622",
        "display": "Other uterine inertia"
      }, {
        "code": "O623",
        "display": "Precipitate labor"
      }, {
        "code": "O624",
        "display": "Hypertonic, incoordinate, and prolonged uterine contractions"
      }, {
        "code": "O628",
        "display": "Other abnormalities of forces of labor"
      }, {
        "code": "O629",
        "display": "Abnormality of forces of labor, unspecified"
      } ]
    } ]
  }
}