{
  "resourceType": "ValueSet",
  "id": "R83",
  "url": "http://hl7.org/fhir/sid/icd-10-cm-1365",
  "version": "1.0",
  "name": "Abnormal findings in cerebrospinal fluid",
  "title": "Abnormal findings in cerebrospinal fluid",
  "status": "active",
  "compose": {
    "include": [ {
      "system": "http://hl7.org/fhir/sid/icd-10-cm",
      "concept": [ {
        "code": "R830",
        "display": "Abnormal level of enzymes in cerebrospinal fluid"
      }, {
        "code": "R831",
        "display": "Abnormal level of hormones in cerebrospinal fluid"
      }, {
        "code": "R832",
        "display": "Abn lev drug/meds/biol subst in cerebrospinal fluid"
      }, {
        "code": "R833",
        "display": "Abn lev substances chiefly nonmedicinal as to source in CSF"
      }, {
        "code": "R834",
        "display": "Abnormal immunological findings in cerebrospinal fluid"
      }, {
        "code": "R835",
        "display": "Abnormal microbiological findings in cerebrospinal fluid"
      }, {
        "code": "R836",
        "display": "Abnormal cytological findings in cerebrospinal fluid"
      }, {
        "code": "R838",
        "display": "Other abnormal findings in cerebrospinal fluid"
      }, {
        "code": "R839",
        "display": "Unspecified abnormal finding in cerebrospinal fluid"
      } ]
    } ]
  }
}