{
  "resourceType": "ValueSet",
  "id": "R91",
  "url": "http://hl7.org/fhir/sid/icd-10-cm-1373",
  "version": "1.0",
  "name": "Abnormal findings on diagnostic imaging of lung",
  "title": "Abnormal findings on diagnostic imaging of lung",
  "status": "active",
  "compose": {
    "include": [ {
      "system": "http://hl7.org/fhir/sid/icd-10-cm",
      "concept": [ {
        "code": "R911",
        "display": "Solitary pulmonary nodule"
      }, {
        "code": "R918",
        "display": "Other nonspecific abnormal finding of lung field"
      } ]
    } ]
  }
}