{
  "resourceType": "ValueSet",
  "id": "R03",
  "url": "http://hl7.org/fhir/sid/icd-10-cm-1292",
  "version": "1.0",
  "name": "Abnormal blood-pressure reading, without diagnosis",
  "title": "Abnormal blood-pressure reading, without diagnosis",
  "status": "active",
  "compose": {
    "include": [ {
      "system": "http://hl7.org/fhir/sid/icd-10-cm",
      "concept": [ {
        "code": "R030",
        "display": "Elevated blood-pressure reading, w/o diagnosis of htn"
      }, {
        "code": "R031",
        "display": "Nonspecific low blood-pressure reading"
      } ]
    } ]
  }
}