{
  "resourceType": "ValueSet",
  "id": "R88",
  "url": "http://hl7.org/fhir/sid/icd-10-cm-1370",
  "version": "1.0",
  "name": "Abnormal findings in other body fluids and substances",
  "title": "Abnormal findings in other body fluids and substances",
  "status": "active",
  "compose": {
    "include": [ {
      "system": "http://hl7.org/fhir/sid/icd-10-cm",
      "concept": [ {
        "code": "R880",
        "display": "Cloudy (hemodialysis) (peritoneal) dialysis effluent"
      }, {
        "code": "R888",
        "display": "Abnormal findings in other body fluids and substances"
      } ]
    } ]
  }
}