{
  "resourceType": "ValueSet",
  "id": "R86",
  "url": "http://hl7.org/fhir/sid/icd-10-cm-1368",
  "version": "1.0",
  "name": "Abnormal findings in specimens from male genital organs",
  "title": "Abnormal findings in specimens from male genital organs",
  "status": "active",
  "compose": {
    "include": [ {
      "system": "http://hl7.org/fhir/sid/icd-10-cm",
      "concept": [ {
        "code": "R860",
        "display": "Abn lev enzymes in specimens from male genital organs"
      }, {
        "code": "R861",
        "display": "Abn lev hormones in specimens from male genital organs"
      }, {
        "code": "R862",
        "display": "Abn lev drug/meds/biol subst in specmn from male gntl organs"
      }, {
        "code": "R863",
        "display": "Abn lev substnc nonmed source in specmn from male gntl org"
      }, {
        "code": "R864",
        "display": "Abn immunolog findings in specmn from male genital organs"
      }, {
        "code": "R865",
        "display": "Abn microbiolog findings in specmn from male genital organs"
      }, {
        "code": "R866",
        "display": "Abnormal cytolog findings in specmn from male genital organs"
      }, {
        "code": "R867",
        "display": "Abn histolog findings in specmn from male genital organs"
      }, {
        "code": "R868",
        "display": "Oth abnormal findings in specimens from male genital organs"
      }, {
        "code": "R869",
        "display": "Unsp abnormal finding in specimens from male genital organs"
      } ]
    } ]
  }
}