{
  "resourceType": "ValueSet",
  "id": "R93",
  "url": "http://hl7.org/fhir/sid/icd-10-cm-1375",
  "version": "1.0",
  "name": "Abnormal findings on diagnostic imaging of body structures",
  "title": "Abnormal findings on diagnostic imaging of other body structures",
  "status": "active",
  "compose": {
    "include": [ {
      "system": "http://hl7.org/fhir/sid/icd-10-cm",
      "concept": [ {
        "code": "R930",
        "display": "Abnormal findings on dx imaging of skull and head, NEC"
      }, {
        "code": "R931",
        "display": "Abnormal findings on dx imaging of heart and cor circ"
      }, {
        "code": "R932",
        "display": "Abnormal findings on dx imaging of liver and biliary tract"
      }, {
        "code": "R933",
        "display": "Abnormal findings on dx imaging of prt digestive tract"
      }, {
        "code": "R934",
        "display": "Abnormal findings on diagnostic imaging of urinary organs"
      }, {
        "code": "R9341",
        "display": "Abn radlgc find on dx imaging renal pelv, ureter, or blddr"
      }, {
        "code": "R9342",
        "display": "Abnormal radiologic findings on diagnostic imaging of kidney"
      }, {
        "code": "R93421",
        "display": "Abnormal radiologic findings on dx imaging of r kidney"
      }, {
        "code": "R93422",
        "display": "Abnormal radiologic findings on dx imaging of left kidney"
      }, {
        "code": "R93429",
        "display": "Abnormal radiologic findings on dx imaging of unsp kidney"
      }, {
        "code": "R9349",
        "display": "Abn radlgc findings on dx imaging of other urinary organs"
      }, {
        "code": "R935",
        "display": "Abn findings on dx imaging of abd regions, inc retroperiton"
      }, {
        "code": "R936",
        "display": "Abnormal findings on diagnostic imaging of limbs"
      }, {
        "code": "R937",
        "display": "Abnormal findings on diagnostic imaging of prt ms sys"
      }, {
        "code": "R938",
        "display": "Abnormal findings on diagnostic imaging of body structures"
      }, {
        "code": "R9381",
        "display": "Abnormal radiologic findings on diagnostic imaging of testis"
      }, {
        "code": "R93811",
        "display": "Abnormal radiologic findings on dx imaging of right testicle"
      }, {
        "code": "R93812",
        "display": "Abnormal radiologic findings on dx imaging of left testicle"
      }, {
        "code": "R93813",
        "display": "Abnormal radlgc findings on dx imaging of testicles, bi"
      }, {
        "code": "R93819",
        "display": "Abnormal radiologic findings on dx imaging of unsp testicle"
      }, {
        "code": "R9389",
        "display": "Abnormal findings on dx imaging of oth body structures"
      }, {
        "code": "R939",
        "display": "Dx imaging inconclusive due to excess body fat of patient"
      } ]
    } ]
  }
}