{
  "resourceType": "ValueSet",
  "id": "O28",
  "url": "http://hl7.org/fhir/sid/icd-10-cm-1094",
  "version": "1.0",
  "name": "Abnormal findings on antenatal screening of mother",
  "title": "Abnormal findings on antenatal screening of mother",
  "status": "active",
  "compose": {
    "include": [ {
      "system": "http://hl7.org/fhir/sid/icd-10-cm",
      "concept": [ {
        "code": "O280",
        "display": "Abnormal hematolog finding on antenatal screening of mother"
      }, {
        "code": "O281",
        "display": "Abnormal biochemical finding on antenat screening of mother"
      }, {
        "code": "O282",
        "display": "Abnormal cytolog finding on antenatal screening of mother"
      }, {
        "code": "O283",
        "display": "Abnormal ultrasonic finding on antenatal screening of mother"
      }, {
        "code": "O284",
        "display": "Abnormal radiolog finding on antenatal screening of mother"
      }, {
        "code": "O285",
        "display": "Abn chromsoml and genetic find on antenat screen of mother"
      }, {
        "code": "O288",
        "display": "Other abnormal findings on antenatal screening of mother"
      }, {
        "code": "O289",
        "display": "Unsp abnormal findings on antenatal screening of mother"
      } ]
    } ]
  }
}