{
  "resourceType": "ValueSet",
  "id": "R94",
  "url": "http://hl7.org/fhir/sid/icd-10-cm-1376",
  "version": "1.0",
  "name": "Abnormal results of function studies",
  "title": "Abnormal results of function studies",
  "status": "active",
  "compose": {
    "include": [ {
      "system": "http://hl7.org/fhir/sid/icd-10-cm",
      "concept": [ {
        "code": "R940",
        "display": "Abnormal results of function studies of cnsl"
      }, {
        "code": "R9401",
        "display": "Abnormal electroencephalogram [EEG]"
      }, {
        "code": "R9402",
        "display": "Abnormal brain scan"
      }, {
        "code": "R9409",
        "display": "Abnormal results of function studies of cnsl"
      }, {
        "code": "R941",
        "display": "Abn results of functn studies of prph nrv sys & specl senses"
      }, {
        "code": "R9411",
        "display": "Abnormal results of function studies of eye"
      }, {
        "code": "R94110",
        "display": "Abnormal electro-oculogram [EOG]"
      }, {
        "code": "R94111",
        "display": "Abnormal electroretinogram [ERG]"
      }, {
        "code": "R94112",
        "display": "Abnormal visually evoked potential [VEP]"
      }, {
        "code": "R94113",
        "display": "Abnormal oculomotor study"
      }, {
        "code": "R94118",
        "display": "Abnormal results of other function studies of eye"
      }, {
        "code": "R9412",
        "display": "Abn results of function studies of ear and oth sp senses"
      }, {
        "code": "R94120",
        "display": "Abnormal auditory function study"
      }, {
        "code": "R94121",
        "display": "Abnormal vestibular function study"
      }, {
        "code": "R94128",
        "display": "Abn results of function studies of ear and oth sp senses"
      }, {
        "code": "R9413",
        "display": "Abnormal results of function studies of prph nervous sys"
      }, {
        "code": "R94130",
        "display": "Abnormal response to nerve stimulation, unspecified"
      }, {
        "code": "R94131",
        "display": "Abnormal electromyogram [EMG]"
      }, {
        "code": "R94138",
        "display": "Abnormal results of function studies of prph nervous sys"
      }, {
        "code": "R942",
        "display": "Abnormal results of pulmonary function studies"
      }, {
        "code": "R943",
        "display": "Abnormal results of cardiovascular function studies"
      }, {
        "code": "R9430",
        "display": "Abnormal result of cardiovascular function study, unsp"
      }, {
        "code": "R9431",
        "display": "Abnormal electrocardiogram [ECG] [EKG]"
      }, {
        "code": "R9439",
        "display": "Abnormal result of other cardiovascular function study"
      }, {
        "code": "R944",
        "display": "Abnormal results of kidney function studies"
      }, {
        "code": "R945",
        "display": "Abnormal results of liver function studies"
      }, {
        "code": "R946",
        "display": "Abnormal results of thyroid function studies"
      }, {
        "code": "R947",
        "display": "Abnormal results of other endocrine function studies"
      }, {
        "code": "R948",
        "display": "Abnormal results of function studies of organs and systems"
      } ]
    } ]
  }
}