{
  "resourceType": "ValueSet",
  "id": "R06",
  "url": "http://hl7.org/fhir/sid/icd-10-cm-1295",
  "version": "1.0",
  "name": "Abnormalities of breathing",
  "title": "Abnormalities of breathing",
  "status": "active",
  "compose": {
    "include": [ {
      "system": "http://hl7.org/fhir/sid/icd-10-cm",
      "concept": [ {
        "code": "R060",
        "display": "Dyspnea"
      }, {
        "code": "R0600",
        "display": "Dyspnea, unspecified"
      }, {
        "code": "R0601",
        "display": "Orthopnea"
      }, {
        "code": "R0602",
        "display": "Shortness of breath"
      }, {
        "code": "R0603",
        "display": "Acute respiratory distress"
      }, {
        "code": "R0609",
        "display": "Other forms of dyspnea"
      }, {
        "code": "R061",
        "display": "Stridor"
      }, {
        "code": "R062",
        "display": "Wheezing"
      }, {
        "code": "R063",
        "display": "Periodic breathing"
      }, {
        "code": "R064",
        "display": "Hyperventilation"
      }, {
        "code": "R065",
        "display": "Mouth breathing"
      }, {
        "code": "R066",
        "display": "Hiccough"
      }, {
        "code": "R067",
        "display": "Sneezing"
      }, {
        "code": "R068",
        "display": "Other abnormalities of breathing"
      }, {
        "code": "R0681",
        "display": "Apnea, not elsewhere classified"
      }, {
        "code": "R0682",
        "display": "Tachypnea, not elsewhere classified"
      }, {
        "code": "R0683",
        "display": "Snoring"
      }, {
        "code": "R0689",
        "display": "Other abnormalities of breathing"
      }, {
        "code": "R069",
        "display": "Unspecified abnormalities of breathing"
      } ]
    } ]
  }
}