{
  "resourceType": "ValueSet",
  "id": "R71",
  "url": "http://hl7.org/fhir/sid/icd-10-cm-1354",
  "version": "1.0",
  "name": "Abnormality of red blood cells",
  "title": "Abnormality of red blood cells",
  "status": "active",
  "compose": {
    "include": [ {
      "system": "http://hl7.org/fhir/sid/icd-10-cm",
      "concept": [ {
        "code": "R710",
        "display": "Precipitous drop in hematocrit"
      }, {
        "code": "R718",
        "display": "Other abnormality of red blood cells"
      } ]
    } ]
  }
}