{
  "resourceType": "ValueSet",
  "id": "R87",
  "url": "http://hl7.org/fhir/sid/icd-10-cm-1369",
  "version": "1.0",
  "name": "Abnormal findings in specimens from female genital organs",
  "title": "Abnormal findings in specimens from female genital organs",
  "status": "active",
  "compose": {
    "include": [ {
      "system": "http://hl7.org/fhir/sid/icd-10-cm",
      "concept": [ {
        "code": "R870",
        "display": "Abn lev enzymes in specimens from female genital organs"
      }, {
        "code": "R871",
        "display": "Abn lev hormones in specimens from female genital organs"
      }, {
        "code": "R872",
        "display": "Abn lev drug/meds/biol subst in specmn from fem gntl organs"
      }, {
        "code": "R873",
        "display": "Abn lev substnc nonmed source in specmn from fem gntl organs"
      }, {
        "code": "R874",
        "display": "Abn immunolog findings in specmn from female genital organs"
      }, {
        "code": "R875",
        "display": "Abn microbiolog find in specmn from female genital organs"
      }, {
        "code": "R876",
        "display": "Abn cytolog findings in specmn from female genital organs"
      }, {
        "code": "R8761",
        "display": "Abnormal cytological findings in specimens from cervix uteri"
      }, {
        "code": "R87610",
        "display": "Atyp squam cell of undet signfc cyto smr crvx (ASC-US)"
      }, {
        "code": "R87611",
        "display": "Atyp squam cell not excl hi grd intrepith lesn cyto smr crvx"
      }, {
        "code": "R87612",
        "display": "Low grade intrepith lesion cyto smr crvx (LGSIL)"
      }, {
        "code": "R87613",
        "display": "High grade intrepith lesion cyto smr crvx (HGSIL)"
      }, {
        "code": "R87614",
        "display": "Cytologic evidence of malignancy on smear of cervix"
      }, {
        "code": "R87615",
        "display": "Unsatisfactory cytologic smear of cervix"
      }, {
        "code": "R87616",
        "display": "Satisfactory cervical smear but lacking transformation zone"
      }, {
        "code": "R87618",
        "display": "Oth abnormal cytolog findings on specimens from cervix uteri"
      }, {
        "code": "R87619",
        "display": "Unsp abnormal cytolog findings in specmn from cervix uteri"
      }, {
        "code": "R8762",
        "display": "Abnormal cytological findings in specimens from vagina"
      }, {
        "code": "R87620",
        "display": "Atyp squam cell of undet signfc cyto smr vagn (ASC-US)"
      }, {
        "code": "R87621",
        "display": "Atyp squam cell not excl hi grd intrepith lesn cyto smr vagn"
      }, {
        "code": "R87622",
        "display": "Low grade intrepith lesion cyto smr vagn (LGSIL)"
      }, {
        "code": "R87623",
        "display": "High grade intrepith lesion cyto smr vagn (HGSIL)"
      }, {
        "code": "R87624",
        "display": "Cytologic evidence of malignancy on smear of vagina"
      }, {
        "code": "R87625",
        "display": "Unsatisfactory cytologic smear of vagina"
      }, {
        "code": "R87628",
        "display": "Other abnormal cytological findings on specimens from vagina"
      }, {
        "code": "R87629",
        "display": "Unsp abnormal cytological findings in specimens from vagina"
      }, {
        "code": "R8769",
        "display": "Abn cytolog find in specmn from oth female genital organs"
      }, {
        "code": "R877",
        "display": "Abn histolog findings in specmn from female genital organs"
      }, {
        "code": "R878",
        "display": "Oth abnormal findings in specmn from female genital organs"
      }, {
        "code": "R8781",
        "display": "High risk HPV DNA test positive from female genital organs"
      }, {
        "code": "R87810",
        "display": "Cervical high risk HPV DNA test positive"
      }, {
        "code": "R87811",
        "display": "Vaginal high risk HPV DNA test positive"
      }, {
        "code": "R8782",
        "display": "Low risk HPV DNA test positive from female genital organs"
      }, {
        "code": "R87820",
        "display": "Cervical low risk HPV DNA test positive"
      }, {
        "code": "R87821",
        "display": "Vaginal low risk HPV DNA test positive"
      }, {
        "code": "R8789",
        "display": "Oth abnormal findings in specmn from female genital organs"
      }, {
        "code": "R879",
        "display": "Unsp abnormal finding in specmn from female genital organs"
      } ]
    } ]
  }
}