{
  "resourceType": "ValueSet",
  "id": "R97",
  "url": "http://hl7.org/fhir/sid/icd-10-cm-1377",
  "version": "1.0",
  "name": "Abnormal tumor markers",
  "title": "Abnormal tumor markers",
  "status": "active",
  "compose": {
    "include": [ {
      "system": "http://hl7.org/fhir/sid/icd-10-cm",
      "concept": [ {
        "code": "R970",
        "display": "Elevated carcinoembryonic antigen [CEA]"
      }, {
        "code": "R971",
        "display": "Elevated cancer antigen 125 [CA 125]"
      }, {
        "code": "R972",
        "display": "Elevated prostate specific antigen [PSA]"
      }, {
        "code": "R9720",
        "display": "Elevated prostate specific antigen [PSA]"
      }, {
        "code": "R9721",
        "display": "Rising PSA fol treatment for malignant neoplasm of prostate"
      }, {
        "code": "R978",
        "display": "Other abnormal tumor markers"
      } ]
    } ]
  }
}