{
  "resourceType": "ValueSet",
  "id": "K61",
  "url": "http://hl7.org/fhir/sid/icd-10-cm-806",
  "version": "1.0",
  "name": "Abscess of anal and rectal regions",
  "title": "Abscess of anal and rectal regions",
  "status": "active",
  "compose": {
    "include": [ {
      "system": "http://hl7.org/fhir/sid/icd-10-cm",
      "concept": [ {
        "code": "K610",
        "display": "Anal abscess"
      }, {
        "code": "K611",
        "display": "Rectal abscess"
      }, {
        "code": "K612",
        "display": "Anorectal abscess"
      }, {
        "code": "K613",
        "display": "Ischiorectal abscess"
      }, {
        "code": "K6131",
        "display": "Horseshoe abscess"
      }, {
        "code": "K6139",
        "display": "Other ischiorectal abscess"
      }, {
        "code": "K614",
        "display": "Intrasphincteric abscess"
      }, {
        "code": "K615",
        "display": "Supralevator abscess"
      } ]
    } ]
  }
}