{
  "resourceType": "ValueSet",
  "id": "J85",
  "url": "http://hl7.org/fhir/sid/icd-10-cm-751",
  "version": "1.0",
  "name": "Abscess of lung and mediastinum",
  "title": "Abscess of lung and mediastinum",
  "status": "active",
  "compose": {
    "include": [ {
      "system": "http://hl7.org/fhir/sid/icd-10-cm",
      "concept": [ {
        "code": "J850",
        "display": "Gangrene and necrosis of lung"
      }, {
        "code": "J851",
        "display": "Abscess of lung with pneumonia"
      }, {
        "code": "J852",
        "display": "Abscess of lung without pneumonia"
      }, {
        "code": "J853",
        "display": "Abscess of mediastinum"
      } ]
    } ]
  }
}