{
  "resourceType": "ValueSet",
  "id": "N91",
  "url": "http://hl7.org/fhir/sid/icd-10-cm-1063",
  "version": "1.0",
  "name": "Absent, scanty and rare menstruation",
  "title": "Absent, scanty and rare menstruation",
  "status": "active",
  "compose": {
    "include": [ {
      "system": "http://hl7.org/fhir/sid/icd-10-cm",
      "concept": [ {
        "code": "N910",
        "display": "Primary amenorrhea"
      }, {
        "code": "N911",
        "display": "Secondary amenorrhea"
      }, {
        "code": "N912",
        "display": "Amenorrhea, unspecified"
      }, {
        "code": "N913",
        "display": "Primary oligomenorrhea"
      }, {
        "code": "N914",
        "display": "Secondary oligomenorrhea"
      }, {
        "code": "N915",
        "display": "Oligomenorrhea, unspecified"
      } ]
    } ]
  }
}