{
  "resourceType": "ValueSet",
  "id": "F55",
  "url": "http://hl7.org/fhir/sid/icd-10-cm-461",
  "version": "1.0",
  "name": "Abuse of non-psychoactive substances",
  "title": "Abuse of non-psychoactive substances",
  "status": "active",
  "compose": {
    "include": [ {
      "system": "http://hl7.org/fhir/sid/icd-10-cm",
      "concept": [ {
        "code": "F550",
        "display": "Abuse of antacids"
      }, {
        "code": "F551",
        "display": "Abuse of herbal or folk remedies"
      }, {
        "code": "F552",
        "display": "Abuse of laxatives"
      }, {
        "code": "F553",
        "display": "Abuse of steroids or hormones"
      }, {
        "code": "F554",
        "display": "Abuse of vitamins"
      }, {
        "code": "F558",
        "display": "Abuse of other non-psychoactive substances"
      } ]
    } ]
  }
}