{
  "resourceType": "ValueSet",
  "id": "W33",
  "url": "http://hl7.org/fhir/sid/icd-10-cm-1680",
  "version": "1.0",
  "name": "Acc rifle, shotgun and larger firearm discharge and malfunct",
  "title": "Accidental rifle, shotgun and larger firearm discharge and malfunction",
  "status": "active",
  "compose": {
    "include": [ {
      "system": "http://hl7.org/fhir/sid/icd-10-cm",
      "concept": [ {
        "code": "W330",
        "display": "Accidental rifle, shotgun and larger firearm discharge"
      }, {
        "code": "W3300",
        "display": "Accidental discharge of unspecified larger firearm"
      }, {
        "code": "W3300XA",
        "display": "Accidental discharge of unsp larger firearm, init encntr"
      }, {
        "code": "W3300XD",
        "display": "Accidental discharge of unsp larger firearm, subs encntr"
      }, {
        "code": "W3300XS",
        "display": "Accidental discharge of unspecified larger firearm, sequela"
      }, {
        "code": "W3301",
        "display": "Accidental discharge of shotgun"
      }, {
        "code": "W3301XA",
        "display": "Accidental discharge of shotgun, initial encounter"
      }, {
        "code": "W3301XD",
        "display": "Accidental discharge of shotgun, subsequent encounter"
      }, {
        "code": "W3301XS",
        "display": "Accidental discharge of shotgun, sequela"
      }, {
        "code": "W3302",
        "display": "Accidental discharge of hunting rifle"
      }, {
        "code": "W3302XA",
        "display": "Accidental discharge of hunting rifle, initial encounter"
      }, {
        "code": "W3302XD",
        "display": "Accidental discharge of hunting rifle, subsequent encounter"
      }, {
        "code": "W3302XS",
        "display": "Accidental discharge of hunting rifle, sequela"
      }, {
        "code": "W3303",
        "display": "Accidental discharge of machine gun"
      }, {
        "code": "W3303XA",
        "display": "Accidental discharge of machine gun, initial encounter"
      }, {
        "code": "W3303XD",
        "display": "Accidental discharge of machine gun, subsequent encounter"
      }, {
        "code": "W3303XS",
        "display": "Accidental discharge of machine gun, sequela"
      }, {
        "code": "W3309",
        "display": "Accidental discharge of other larger firearm"
      }, {
        "code": "W3309XA",
        "display": "Accidental discharge of other larger firearm, init encntr"
      }, {
        "code": "W3309XD",
        "display": "Accidental discharge of other larger firearm, subs encntr"
      }, {
        "code": "W3309XS",
        "display": "Accidental discharge of other larger firearm, sequela"
      }, {
        "code": "W331",
        "display": "Accidental rifle, shotgun and larger firearm malfunction"
      }, {
        "code": "W3310",
        "display": "Accidental malfunction of unspecified larger firearm"
      }, {
        "code": "W3310XA",
        "display": "Accidental malfunction of unsp larger firearm, init encntr"
      }, {
        "code": "W3310XD",
        "display": "Accidental malfunction of unsp larger firearm, subs encntr"
      }, {
        "code": "W3310XS",
        "display": "Accidental malfunction of unsp larger firearm, sequela"
      }, {
        "code": "W3311",
        "display": "Accidental malfunction of shotgun"
      }, {
        "code": "W3311XA",
        "display": "Accidental malfunction of shotgun, initial encounter"
      }, {
        "code": "W3311XD",
        "display": "Accidental malfunction of shotgun, subsequent encounter"
      }, {
        "code": "W3311XS",
        "display": "Accidental malfunction of shotgun, sequela"
      }, {
        "code": "W3312",
        "display": "Accidental malfunction of hunting rifle"
      }, {
        "code": "W3312XA",
        "display": "Accidental malfunction of hunting rifle, initial encounter"
      }, {
        "code": "W3312XD",
        "display": "Accidental malfunction of hunting rifle, subs encntr"
      }, {
        "code": "W3312XS",
        "display": "Accidental malfunction of hunting rifle, sequela"
      }, {
        "code": "W3313",
        "display": "Accidental malfunction of machine gun"
      }, {
        "code": "W3313XA",
        "display": "Accidental malfunction of machine gun, initial encounter"
      }, {
        "code": "W3313XD",
        "display": "Accidental malfunction of machine gun, subsequent encounter"
      }, {
        "code": "W3313XS",
        "display": "Accidental malfunction of machine gun, sequela"
      }, {
        "code": "W3319",
        "display": "Accidental malfunction of other larger firearm"
      }, {
        "code": "W3319XA",
        "display": "Accidental malfunction of other larger firearm, init encntr"
      }, {
        "code": "W3319XD",
        "display": "Accidental malfunction of other larger firearm, subs encntr"
      }, {
        "code": "W3319XS",
        "display": "Accidental malfunction of other larger firearm, sequela"
      } ]
    } ]
  }
}