{
  "resourceType": "ValueSet",
  "id": "W50",
  "url": "http://hl7.org/fhir/sid/icd-10-cm-1692",
  "version": "1.0",
  "name": "Acc hit, strk, kick, twist, bite or scratch by another prsn",
  "title": "Accidental hit, strike, kick, twist, bite or scratch by another person",
  "status": "active",
  "compose": {
    "include": [ {
      "system": "http://hl7.org/fhir/sid/icd-10-cm",
      "concept": [ {
        "code": "W500",
        "display": "Accidental hit or strike by another person"
      }, {
        "code": "W500XXA",
        "display": "Accidental hit or strike by another person, init encntr"
      }, {
        "code": "W500XXD",
        "display": "Accidental hit or strike by another person, subs encntr"
      }, {
        "code": "W500XXS",
        "display": "Accidental hit or strike by another person, sequela"
      }, {
        "code": "W501",
        "display": "Accidental kick by another person"
      }, {
        "code": "W501XXA",
        "display": "Accidental kick by another person, initial encounter"
      }, {
        "code": "W501XXD",
        "display": "Accidental kick by another person, subsequent encounter"
      }, {
        "code": "W501XXS",
        "display": "Accidental kick by another person, sequela"
      }, {
        "code": "W502",
        "display": "Accidental twist by another person"
      }, {
        "code": "W502XXA",
        "display": "Accidental twist by another person, initial encounter"
      }, {
        "code": "W502XXD",
        "display": "Accidental twist by another person, subsequent encounter"
      }, {
        "code": "W502XXS",
        "display": "Accidental twist by another person, sequela"
      }, {
        "code": "W503",
        "display": "Accidental bite by another person"
      }, {
        "code": "W503XXA",
        "display": "Accidental bite by another person, initial encounter"
      }, {
        "code": "W503XXD",
        "display": "Accidental bite by another person, subsequent encounter"
      }, {
        "code": "W503XXS",
        "display": "Accidental bite by another person, sequela"
      }, {
        "code": "W504",
        "display": "Accidental scratch by another person"
      }, {
        "code": "W504XXA",
        "display": "Accidental scratch by another person, initial encounter"
      }, {
        "code": "W504XXD",
        "display": "Accidental scratch by another person, subsequent encounter"
      }, {
        "code": "W504XXS",
        "display": "Accidental scratch by another person, sequela"
      } ]
    } ]
  }
}