{
  "resourceType": "ValueSet",
  "id": "W34",
  "url": "http://hl7.org/fhir/sid/icd-10-cm-1681",
  "version": "1.0",
  "name": "Acc disch and malfunct from oth and unsp firearms and guns",
  "title": "Accidental discharge and malfunction from other and unspecified firearms and guns",
  "status": "active",
  "compose": {
    "include": [ {
      "system": "http://hl7.org/fhir/sid/icd-10-cm",
      "concept": [ {
        "code": "W340",
        "display": "Accidental discharge from other and unsp firearms and guns"
      }, {
        "code": "W3400",
        "display": "Accidental discharge from unspecified firearms or gun"
      }, {
        "code": "W3400XA",
        "display": "Accidental discharge from unsp firearms or gun, init encntr"
      }, {
        "code": "W3400XD",
        "display": "Accidental discharge from unsp firearms or gun, subs encntr"
      }, {
        "code": "W3400XS",
        "display": "Accidental discharge from unsp firearms or gun, sequela"
      }, {
        "code": "W3401",
        "display": "Accidental discharge of gas, air or spring-operated guns"
      }, {
        "code": "W34010",
        "display": "Accidental discharge of airgun"
      }, {
        "code": "W34010A",
        "display": "Accidental discharge of airgun, initial encounter"
      }, {
        "code": "W34010D",
        "display": "Accidental discharge of airgun, subsequent encounter"
      }, {
        "code": "W34010S",
        "display": "Accidental discharge of airgun, sequela"
      }, {
        "code": "W34011",
        "display": "Accidental discharge of paintball gun"
      }, {
        "code": "W34011A",
        "display": "Accidental discharge of paintball gun, initial encounter"
      }, {
        "code": "W34011D",
        "display": "Accidental discharge of paintball gun, subsequent encounter"
      }, {
        "code": "W34011S",
        "display": "Accidental discharge of paintball gun, sequela"
      }, {
        "code": "W34018",
        "display": "Accidental discharge of oth gas, air or spring-operated gun"
      }, {
        "code": "W34018A",
        "display": "Accidental discharge of gas, air or sprng-op gun, init"
      }, {
        "code": "W34018D",
        "display": "Accidental discharge of gas, air or sprng-op gun, subs"
      }, {
        "code": "W34018S",
        "display": "Accidental discharge of gas, air or sprng-op gun, sequela"
      }, {
        "code": "W3409",
        "display": "Accidental discharge from other specified firearms"
      }, {
        "code": "W3409XA",
        "display": "Accidental discharge from oth firearms, init encntr"
      }, {
        "code": "W3409XD",
        "display": "Accidental discharge from oth firearms, subs encntr"
      }, {
        "code": "W3409XS",
        "display": "Accidental discharge from other specified firearms, sequela"
      }, {
        "code": "W341",
        "display": "Accidental malfunction from other and unsp firearms and guns"
      }, {
        "code": "W3410",
        "display": "Accidental malfunction from unspecified firearms or gun"
      }, {
        "code": "W3410XA",
        "display": "Accidental malfunction from unsp firearms or gun, init"
      }, {
        "code": "W3410XD",
        "display": "Accidental malfunction from unsp firearms or gun, subs"
      }, {
        "code": "W3410XS",
        "display": "Accidental malfunction from unsp firearms or gun, sequela"
      }, {
        "code": "W3411",
        "display": "Accidental malfunction of gas, air or spring-operated guns"
      }, {
        "code": "W34110",
        "display": "Accidental malfunction of airgun"
      }, {
        "code": "W34110A",
        "display": "Accidental malfunction of airgun, initial encounter"
      }, {
        "code": "W34110D",
        "display": "Accidental malfunction of airgun, subsequent encounter"
      }, {
        "code": "W34110S",
        "display": "Accidental malfunction of airgun, sequela"
      }, {
        "code": "W34111",
        "display": "Accidental malfunction of paintball gun"
      }, {
        "code": "W34111A",
        "display": "Accidental malfunction of paintball gun, initial encounter"
      }, {
        "code": "W34111D",
        "display": "Accidental malfunction of paintball gun, subs encntr"
      }, {
        "code": "W34111S",
        "display": "Accidental malfunction of paintball gun, sequela"
      }, {
        "code": "W34118",
        "display": "Accidental malfunction of gas, air or spring-operated gun"
      }, {
        "code": "W34118A",
        "display": "Accidental malfunction of gas, air or sprng-op gun, init"
      }, {
        "code": "W34118D",
        "display": "Accidental malfunction of gas, air or sprng-op gun, subs"
      }, {
        "code": "W34118S",
        "display": "Accidental malfunction of gas, air or sprng-op gun, sequela"
      }, {
        "code": "W3419",
        "display": "Accidental malfunction from other specified firearms"
      }, {
        "code": "W3419XA",
        "display": "Accidental malfunction from oth firearms, init encntr"
      }, {
        "code": "W3419XD",
        "display": "Accidental malfunction from oth firearms, subs encntr"
      }, {
        "code": "W3419XS",
        "display": "Accidental malfunction from oth firearms, sequela"
      } ]
    } ]
  }
}