{
  "resourceType": "ValueSet",
  "id": "W65",
  "url": "http://hl7.org/fhir/sid/icd-10-cm-1706",
  "version": "1.0",
  "name": "Accidental drowning and submersion while in bath-tub",
  "title": "Accidental drowning and submersion while in bath-tub",
  "status": "active",
  "compose": {
    "include": [ {
      "system": "http://hl7.org/fhir/sid/icd-10-cm",
      "concept": [ {
        "code": "W65XXXA",
        "display": "Accidental drowning and submersion while in bath-tub, init"
      }, {
        "code": "W65XXXD",
        "display": "Accidental drowning and submersion while in bath-tub, subs"
      }, {
        "code": "W65XXXS",
        "display": "Accidental drown while in bath-tub, sequela"
      } ]
    } ]
  }
}