{
  "resourceType": "ValueSet",
  "id": "W32",
  "url": "http://hl7.org/fhir/sid/icd-10-cm-1679",
  "version": "1.0",
  "name": "Accidental handgun discharge and malfunction",
  "title": "Accidental handgun discharge and malfunction",
  "status": "active",
  "compose": {
    "include": [ {
      "system": "http://hl7.org/fhir/sid/icd-10-cm",
      "concept": [ {
        "code": "W320",
        "display": "Accidental handgun discharge"
      }, {
        "code": "W320XXA",
        "display": "Accidental handgun discharge, initial encounter"
      }, {
        "code": "W320XXD",
        "display": "Accidental handgun discharge, subsequent encounter"
      }, {
        "code": "W320XXS",
        "display": "Accidental handgun discharge, sequela"
      }, {
        "code": "W321",
        "display": "Accidental handgun malfunction"
      }, {
        "code": "W321XXA",
        "display": "Accidental handgun malfunction, initial encounter"
      }, {
        "code": "W321XXD",
        "display": "Accidental handgun malfunction, subsequent encounter"
      }, {
        "code": "W321XXS",
        "display": "Accidental handgun malfunction, sequela"
      } ]
    } ]
  }
}