{
  "resourceType": "ValueSet",
  "id": "V95",
  "url": "http://hl7.org/fhir/sid/icd-10-cm-1643",
  "version": "1.0",
  "name": "Accident to powered aircraft causing injury to occupant",
  "title": "Accident to powered aircraft causing injury to occupant",
  "status": "active",
  "compose": {
    "include": [ {
      "system": "http://hl7.org/fhir/sid/icd-10-cm",
      "concept": [ {
        "code": "V950",
        "display": "Helicopter accident injuring occupant"
      }, {
        "code": "V9500",
        "display": "Unspecified helicopter accident injuring occupant"
      }, {
        "code": "V9500XA",
        "display": "Unsp helicopter accident injuring occupant, init encntr"
      }, {
        "code": "V9500XD",
        "display": "Unsp helicopter accident injuring occupant, subs encntr"
      }, {
        "code": "V9500XS",
        "display": "Unspecified helicopter accident injuring occupant, sequela"
      }, {
        "code": "V9501",
        "display": "Helicopter crash injuring occupant"
      }, {
        "code": "V9501XA",
        "display": "Helicopter crash injuring occupant, initial encounter"
      }, {
        "code": "V9501XD",
        "display": "Helicopter crash injuring occupant, subsequent encounter"
      }, {
        "code": "V9501XS",
        "display": "Helicopter crash injuring occupant, sequela"
      }, {
        "code": "V9502",
        "display": "Forced landing of helicopter injuring occupant"
      }, {
        "code": "V9502XA",
        "display": "Forced landing of helicopter injuring occupant, init encntr"
      }, {
        "code": "V9502XD",
        "display": "Forced landing of helicopter injuring occupant, subs encntr"
      }, {
        "code": "V9502XS",
        "display": "Forced landing of helicopter injuring occupant, sequela"
      }, {
        "code": "V9503",
        "display": "Helicopter collision injuring occupant"
      }, {
        "code": "V9503XA",
        "display": "Helicopter collision injuring occupant, initial encounter"
      }, {
        "code": "V9503XD",
        "display": "Helicopter collision injuring occupant, subsequent encounter"
      }, {
        "code": "V9503XS",
        "display": "Helicopter collision injuring occupant, sequela"
      }, {
        "code": "V9504",
        "display": "Helicopter fire injuring occupant"
      }, {
        "code": "V9504XA",
        "display": "Helicopter fire injuring occupant, initial encounter"
      }, {
        "code": "V9504XD",
        "display": "Helicopter fire injuring occupant, subsequent encounter"
      }, {
        "code": "V9504XS",
        "display": "Helicopter fire injuring occupant, sequela"
      }, {
        "code": "V9505",
        "display": "Helicopter explosion injuring occupant"
      }, {
        "code": "V9505XA",
        "display": "Helicopter explosion injuring occupant, initial encounter"
      }, {
        "code": "V9505XD",
        "display": "Helicopter explosion injuring occupant, subsequent encounter"
      }, {
        "code": "V9505XS",
        "display": "Helicopter explosion injuring occupant, sequela"
      }, {
        "code": "V9509",
        "display": "Other helicopter accident injuring occupant"
      }, {
        "code": "V9509XA",
        "display": "Other helicopter accident injuring occupant, init encntr"
      }, {
        "code": "V9509XD",
        "display": "Other helicopter accident injuring occupant, subs encntr"
      }, {
        "code": "V9509XS",
        "display": "Other helicopter accident injuring occupant, sequela"
      }, {
        "code": "V951",
        "display": "Ultralt/microlt/pwr-glider accident injuring occupant"
      }, {
        "code": "V9510",
        "display": "Unsp ultralt/microlt/pwr-glider accident injuring occupant"
      }, {
        "code": "V9510XA",
        "display": "Unsp ultralt/microlt/pwr-glider acc injuring occupant, init"
      }, {
        "code": "V9510XD",
        "display": "Unsp ultralt/microlt/pwr-glider acc injuring occupant, subs"
      }, {
        "code": "V9510XS",
        "display": "Unsp ultralt/microlt/pwr-glider acc inj occupant, sequela"
      }, {
        "code": "V9511",
        "display": "Ultralt/microlt/pwr-glider crash injuring occupant"
      }, {
        "code": "V9511XA",
        "display": "Ultralt/microlt/pwr-glider crash injuring occupant, init"
      }, {
        "code": "V9511XD",
        "display": "Ultralt/microlt/pwr-glider crash injuring occupant, subs"
      }, {
        "code": "V9511XS",
        "display": "Ultralt/microlt/pwr-glider crash injuring occupant, sequela"
      }, {
        "code": "V9512",
        "display": "Forced landing of ultralt/microlt/pwr-glider inj occupant"
      }, {
        "code": "V9512XA",
        "display": "Forced landing of ultralt/microlt/pwr-glider inj occ, init"
      }, {
        "code": "V9512XD",
        "display": "Forced landing of ultralt/microlt/pwr-glider inj occ, subs"
      }, {
        "code": "V9512XS",
        "display": "Forced land of ultralt/microlt/pwr-glider inj occ, sequela"
      }, {
        "code": "V9513",
        "display": "Ultralt/microlt/pwr-glider collision injuring occupant"
      }, {
        "code": "V9513XA",
        "display": "Ultralt/microlt/pwr-glider collision injuring occupant, init"
      }, {
        "code": "V9513XD",
        "display": "Ultralt/microlt/pwr-glider collision injuring occupant, subs"
      }, {
        "code": "V9513XS",
        "display": "Ultralt/microlt/pwr-glider clsn injuring occupant, sequela"
      }, {
        "code": "V9514",
        "display": "Ultralt/microlt/pwr-glider fire injuring occupant"
      }, {
        "code": "V9514XA",
        "display": "Ultralt/microlt/pwr-glider fire injuring occupant, init"
      }, {
        "code": "V9514XD",
        "display": "Ultralt/microlt/pwr-glider fire injuring occupant, subs"
      }, {
        "code": "V9514XS",
        "display": "Ultralt/microlt/pwr-glider fire injuring occupant, sequela"
      }, {
        "code": "V9515",
        "display": "Ultralt/microlt/pwr-glider explosion injuring occupant"
      }, {
        "code": "V9515XA",
        "display": "Ultralt/microlt/pwr-glider explosion injuring occupant, init"
      }, {
        "code": "V9515XD",
        "display": "Ultralt/microlt/pwr-glider explosion injuring occupant, subs"
      }, {
        "code": "V9515XS",
        "display": "Ultralt/microlt/pwr-glider explosn inj occupant, sequela"
      }, {
        "code": "V9519",
        "display": "Oth ultralt/microlt/pwr-glider accident injuring occupant"
      }, {
        "code": "V9519XA",
        "display": "Oth ultralt/microlt/pwr-glider acc injuring occupant, init"
      }, {
        "code": "V9519XD",
        "display": "Oth ultralt/microlt/pwr-glider acc injuring occupant, subs"
      }, {
        "code": "V9519XS",
        "display": "Oth ultralt/microlt/pwr-glider acc inj occupant, sequela"
      }, {
        "code": "V952",
        "display": "Other private fixed-wing aircraft accident injuring occupant"
      }, {
        "code": "V9520",
        "display": "Unsp acc to oth private fix-wing aircraft, injuring occupant"
      }, {
        "code": "V9520XA",
        "display": "Unsp acc to oth private fix-wing arcrft, inj occupant, init"
      }, {
        "code": "V9520XD",
        "display": "Unsp acc to oth private fix-wing arcrft, inj occupant, subs"
      }, {
        "code": "V9520XS",
        "display": "Unsp acc to oth private fix-wing arcrft, inj occ, sequela"
      }, {
        "code": "V9521",
        "display": "Other private fixed-wing aircraft crash injuring occupant"
      }, {
        "code": "V9521XA",
        "display": "Oth private fix-wing aircraft crash injuring occupant, init"
      }, {
        "code": "V9521XD",
        "display": "Oth private fix-wing aircraft crash injuring occupant, subs"
      }, {
        "code": "V9521XS",
        "display": "Oth private fix-wing arcrft crash injuring occupant, sequela"
      }, {
        "code": "V9522",
        "display": "Forced landing of private fix-wing arcrft injuring occupant"
      }, {
        "code": "V9522XA",
        "display": "Forced landing of private fix-wing arcrft inj occupant, init"
      }, {
        "code": "V9522XD",
        "display": "Forced landing of private fix-wing arcrft inj occupant, subs"
      }, {
        "code": "V9522XS",
        "display": "Forced landing of private fix-wing arcrft inj occ, sequela"
      }, {
        "code": "V9523",
        "display": "Oth private fixed-wing aircraft collision injuring occupant"
      }, {
        "code": "V9523XA",
        "display": "Oth private fix-wing aircraft clsn injuring occupant, init"
      }, {
        "code": "V9523XD",
        "display": "Oth private fix-wing aircraft clsn injuring occupant, subs"
      }, {
        "code": "V9523XS",
        "display": "Oth private fix-wing arcrft clsn injuring occupant, sequela"
      }, {
        "code": "V9524",
        "display": "Other private fixed-wing aircraft fire injuring occupant"
      }, {
        "code": "V9524XA",
        "display": "Oth private fixed-wing aircraft fire injuring occupant, init"
      }, {
        "code": "V9524XD",
        "display": "Oth private fixed-wing aircraft fire injuring occupant, subs"
      }, {
        "code": "V9524XS",
        "display": "Oth private fix-wing arcrft fire injuring occupant, sequela"
      }, {
        "code": "V9525",
        "display": "Oth private fixed-wing aircraft explosion injuring occupant"
      }, {
        "code": "V9525XA",
        "display": "Oth private fix-wing arcrft explosn injuring occupant, init"
      }, {
        "code": "V9525XD",
        "display": "Oth private fix-wing arcrft explosn injuring occupant, subs"
      }, {
        "code": "V9525XS",
        "display": "Oth private fix-wing arcrft explosn inj occupant, sequela"
      }, {
        "code": "V9529",
        "display": "Oth acc to oth private fix-wing aircraft injuring occupant"
      }, {
        "code": "V9529XA",
        "display": "Oth acc to oth private fix-wing arcrft inj occupant, init"
      }, {
        "code": "V9529XD",
        "display": "Oth acc to oth private fix-wing arcrft inj occupant, subs"
      }, {
        "code": "V9529XS",
        "display": "Oth acc to oth private fix-wing arcrft inj occupant, sequela"
      }, {
        "code": "V953",
        "display": "Commercial fixed-wing aircraft accident injuring occupant"
      }, {
        "code": "V9530",
        "display": "Unsp accident to commrcl fix-wing aircraft injuring occupant"
      }, {
        "code": "V9530XA",
        "display": "Unsp acc to commrcl fix-wing arcrft injuring occupant, init"
      }, {
        "code": "V9530XD",
        "display": "Unsp acc to commrcl fix-wing arcrft injuring occupant, subs"
      }, {
        "code": "V9530XS",
        "display": "Unsp acc to commrcl fix-wing arcrft inj occupant, sequela"
      }, {
        "code": "V9531",
        "display": "Commercial fixed-wing aircraft crash injuring occupant"
      }, {
        "code": "V9531XA",
        "display": "Commercial fixed-wing aircraft crash injuring occupant, init"
      }, {
        "code": "V9531XD",
        "display": "Commercial fixed-wing aircraft crash injuring occupant, subs"
      }, {
        "code": "V9531XS",
        "display": "Commrcl fixed-wing aircraft crash injuring occupant, sequela"
      }, {
        "code": "V9532",
        "display": "Forced landing of commrcl fix-wing arcrft injuring occupant"
      }, {
        "code": "V9532XA",
        "display": "Forced landing of commrcl fix-wing arcrft inj occupant, init"
      }, {
        "code": "V9532XD",
        "display": "Forced landing of commrcl fix-wing arcrft inj occupant, subs"
      }, {
        "code": "V9532XS",
        "display": "Forced landing of commrcl fix-wing arcrft inj occ, sequela"
      }, {
        "code": "V9533",
        "display": "Commercial fixed-wing aircraft collision injuring occupant"
      }, {
        "code": "V9533XA",
        "display": "Commrcl fix-wing aircraft collision injuring occupant, init"
      }, {
        "code": "V9533XD",
        "display": "Commrcl fix-wing aircraft collision injuring occupant, subs"
      }, {
        "code": "V9533XS",
        "display": "Commrcl fix-wing aircraft clsn injuring occupant, sequela"
      }, {
        "code": "V9534",
        "display": "Commercial fixed-wing aircraft fire injuring occupant"
      }, {
        "code": "V9534XA",
        "display": "Commercial fixed-wing aircraft fire injuring occupant, init"
      }, {
        "code": "V9534XD",
        "display": "Commercial fixed-wing aircraft fire injuring occupant, subs"
      }, {
        "code": "V9534XS",
        "display": "Commrcl fixed-wing aircraft fire injuring occupant, sequela"
      }, {
        "code": "V9535",
        "display": "Commercial fixed-wing aircraft explosion injuring occupant"
      }, {
        "code": "V9535XA",
        "display": "Commrcl fix-wing aircraft explosion injuring occupant, init"
      }, {
        "code": "V9535XD",
        "display": "Commrcl fix-wing aircraft explosion injuring occupant, subs"
      }, {
        "code": "V9535XS",
        "display": "Commrcl fix-wing aircraft explosn injuring occupant, sequela"
      }, {
        "code": "V9539",
        "display": "Oth accident to commrcl fix-wing aircraft injuring occupant"
      }, {
        "code": "V9539XA",
        "display": "Oth acc to commrcl fix-wing aircraft injuring occupant, init"
      }, {
        "code": "V9539XD",
        "display": "Oth acc to commrcl fix-wing aircraft injuring occupant, subs"
      }, {
        "code": "V9539XS",
        "display": "Oth acc to commrcl fix-wing arcrft inj occupant, sequela"
      }, {
        "code": "V954",
        "display": "Spacecraft accident injuring occupant"
      }, {
        "code": "V9540",
        "display": "Unspecified spacecraft accident injuring occupant"
      }, {
        "code": "V9540XA",
        "display": "Unsp spacecraft accident injuring occupant, init encntr"
      }, {
        "code": "V9540XD",
        "display": "Unsp spacecraft accident injuring occupant, subs encntr"
      }, {
        "code": "V9540XS",
        "display": "Unspecified spacecraft accident injuring occupant, sequela"
      }, {
        "code": "V9541",
        "display": "Spacecraft crash injuring occupant"
      }, {
        "code": "V9541XA",
        "display": "Spacecraft crash injuring occupant, initial encounter"
      }, {
        "code": "V9541XD",
        "display": "Spacecraft crash injuring occupant, subsequent encounter"
      }, {
        "code": "V9541XS",
        "display": "Spacecraft crash injuring occupant, sequela"
      }, {
        "code": "V9542",
        "display": "Forced landing of spacecraft injuring occupant"
      }, {
        "code": "V9542XA",
        "display": "Forced landing of spacecraft injuring occupant, init encntr"
      }, {
        "code": "V9542XD",
        "display": "Forced landing of spacecraft injuring occupant, subs encntr"
      }, {
        "code": "V9542XS",
        "display": "Forced landing of spacecraft injuring occupant, sequela"
      }, {
        "code": "V9543",
        "display": "Spacecraft collision injuring occupant"
      }, {
        "code": "V9543XA",
        "display": "Spacecraft collision injuring occupant, initial encounter"
      }, {
        "code": "V9543XD",
        "display": "Spacecraft collision injuring occupant, subsequent encounter"
      }, {
        "code": "V9543XS",
        "display": "Spacecraft collision injuring occupant, sequela"
      }, {
        "code": "V9544",
        "display": "Spacecraft fire injuring occupant"
      }, {
        "code": "V9544XA",
        "display": "Spacecraft fire injuring occupant, initial encounter"
      }, {
        "code": "V9544XD",
        "display": "Spacecraft fire injuring occupant, subsequent encounter"
      }, {
        "code": "V9544XS",
        "display": "Spacecraft fire injuring occupant, sequela"
      }, {
        "code": "V9545",
        "display": "Spacecraft explosion injuring occupant"
      }, {
        "code": "V9545XA",
        "display": "Spacecraft explosion injuring occupant, initial encounter"
      }, {
        "code": "V9545XD",
        "display": "Spacecraft explosion injuring occupant, subsequent encounter"
      }, {
        "code": "V9545XS",
        "display": "Spacecraft explosion injuring occupant, sequela"
      }, {
        "code": "V9549",
        "display": "Other spacecraft accident injuring occupant"
      }, {
        "code": "V9549XA",
        "display": "Other spacecraft accident injuring occupant, init encntr"
      }, {
        "code": "V9549XD",
        "display": "Other spacecraft accident injuring occupant, subs encntr"
      }, {
        "code": "V9549XS",
        "display": "Other spacecraft accident injuring occupant, sequela"
      }, {
        "code": "V958",
        "display": "Other powered aircraft accidents injuring occupant"
      }, {
        "code": "V958XXA",
        "display": "Oth powered aircraft accidents injuring occupant, init"
      }, {
        "code": "V958XXD",
        "display": "Oth powered aircraft accidents injuring occupant, subs"
      }, {
        "code": "V958XXS",
        "display": "Other powered aircraft accidents injuring occupant, sequela"
      }, {
        "code": "V959",
        "display": "Unspecified aircraft accident injuring occupant"
      }, {
        "code": "V959XXA",
        "display": "Unspecified aircraft accident injuring occupant, init encntr"
      }, {
        "code": "V959XXD",
        "display": "Unspecified aircraft accident injuring occupant, subs encntr"
      }, {
        "code": "V959XXS",
        "display": "Unspecified aircraft accident injuring occupant, sequela"
      } ]
    } ]
  }
}