{
  "resourceType": "ValueSet",
  "id": "V96",
  "url": "http://hl7.org/fhir/sid/icd-10-cm-1644",
  "version": "1.0",
  "name": "Accident to nonpowered aircraft causing injury to occupant",
  "title": "Accident to nonpowered aircraft causing injury to occupant",
  "status": "active",
  "compose": {
    "include": [ {
      "system": "http://hl7.org/fhir/sid/icd-10-cm",
      "concept": [ {
        "code": "V960",
        "display": "Balloon accident injuring occupant"
      }, {
        "code": "V9600",
        "display": "Unspecified balloon accident injuring occupant"
      }, {
        "code": "V9600XA",
        "display": "Unspecified balloon accident injuring occupant, init encntr"
      }, {
        "code": "V9600XD",
        "display": "Unspecified balloon accident injuring occupant, subs encntr"
      }, {
        "code": "V9600XS",
        "display": "Unspecified balloon accident injuring occupant, sequela"
      }, {
        "code": "V9601",
        "display": "Balloon crash injuring occupant"
      }, {
        "code": "V9601XA",
        "display": "Balloon crash injuring occupant, initial encounter"
      }, {
        "code": "V9601XD",
        "display": "Balloon crash injuring occupant, subsequent encounter"
      }, {
        "code": "V9601XS",
        "display": "Balloon crash injuring occupant, sequela"
      }, {
        "code": "V9602",
        "display": "Forced landing of balloon injuring occupant"
      }, {
        "code": "V9602XA",
        "display": "Forced landing of balloon injuring occupant, init encntr"
      }, {
        "code": "V9602XD",
        "display": "Forced landing of balloon injuring occupant, subs encntr"
      }, {
        "code": "V9602XS",
        "display": "Forced landing of balloon injuring occupant, sequela"
      }, {
        "code": "V9603",
        "display": "Balloon collision injuring occupant"
      }, {
        "code": "V9603XA",
        "display": "Balloon collision injuring occupant, initial encounter"
      }, {
        "code": "V9603XD",
        "display": "Balloon collision injuring occupant, subsequent encounter"
      }, {
        "code": "V9603XS",
        "display": "Balloon collision injuring occupant, sequela"
      }, {
        "code": "V9604",
        "display": "Balloon fire injuring occupant"
      }, {
        "code": "V9604XA",
        "display": "Balloon fire injuring occupant, initial encounter"
      }, {
        "code": "V9604XD",
        "display": "Balloon fire injuring occupant, subsequent encounter"
      }, {
        "code": "V9604XS",
        "display": "Balloon fire injuring occupant, sequela"
      }, {
        "code": "V9605",
        "display": "Balloon explosion injuring occupant"
      }, {
        "code": "V9605XA",
        "display": "Balloon explosion injuring occupant, initial encounter"
      }, {
        "code": "V9605XD",
        "display": "Balloon explosion injuring occupant, subsequent encounter"
      }, {
        "code": "V9605XS",
        "display": "Balloon explosion injuring occupant, sequela"
      }, {
        "code": "V9609",
        "display": "Other balloon accident injuring occupant"
      }, {
        "code": "V9609XA",
        "display": "Other balloon accident injuring occupant, initial encounter"
      }, {
        "code": "V9609XD",
        "display": "Other balloon accident injuring occupant, subs encntr"
      }, {
        "code": "V9609XS",
        "display": "Other balloon accident injuring occupant, sequela"
      }, {
        "code": "V961",
        "display": "Hang-glider accident injuring occupant"
      }, {
        "code": "V9610",
        "display": "Unspecified hang-glider accident injuring occupant"
      }, {
        "code": "V9610XA",
        "display": "Unsp hang-glider accident injuring occupant, init encntr"
      }, {
        "code": "V9610XD",
        "display": "Unsp hang-glider accident injuring occupant, subs encntr"
      }, {
        "code": "V9610XS",
        "display": "Unspecified hang-glider accident injuring occupant, sequela"
      }, {
        "code": "V9611",
        "display": "Hang-glider crash injuring occupant"
      }, {
        "code": "V9611XA",
        "display": "Hang-glider crash injuring occupant, initial encounter"
      }, {
        "code": "V9611XD",
        "display": "Hang-glider crash injuring occupant, subsequent encounter"
      }, {
        "code": "V9611XS",
        "display": "Hang-glider crash injuring occupant, sequela"
      }, {
        "code": "V9612",
        "display": "Forced landing of hang-glider injuring occupant"
      }, {
        "code": "V9612XA",
        "display": "Forced landing of hang-glider injuring occupant, init encntr"
      }, {
        "code": "V9612XD",
        "display": "Forced landing of hang-glider injuring occupant, subs encntr"
      }, {
        "code": "V9612XS",
        "display": "Forced landing of hang-glider injuring occupant, sequela"
      }, {
        "code": "V9613",
        "display": "Hang-glider collision injuring occupant"
      }, {
        "code": "V9613XA",
        "display": "Hang-glider collision injuring occupant, initial encounter"
      }, {
        "code": "V9613XD",
        "display": "Hang-glider collision injuring occupant, subs encntr"
      }, {
        "code": "V9613XS",
        "display": "Hang-glider collision injuring occupant, sequela"
      }, {
        "code": "V9614",
        "display": "Hang-glider fire injuring occupant"
      }, {
        "code": "V9614XA",
        "display": "Hang-glider fire injuring occupant, initial encounter"
      }, {
        "code": "V9614XD",
        "display": "Hang-glider fire injuring occupant, subsequent encounter"
      }, {
        "code": "V9614XS",
        "display": "Hang-glider fire injuring occupant, sequela"
      }, {
        "code": "V9615",
        "display": "Hang-glider explosion injuring occupant"
      }, {
        "code": "V9615XA",
        "display": "Hang-glider explosion injuring occupant, initial encounter"
      }, {
        "code": "V9615XD",
        "display": "Hang-glider explosion injuring occupant, subs encntr"
      }, {
        "code": "V9615XS",
        "display": "Hang-glider explosion injuring occupant, sequela"
      }, {
        "code": "V9619",
        "display": "Other hang-glider accident injuring occupant"
      }, {
        "code": "V9619XA",
        "display": "Other hang-glider accident injuring occupant, init encntr"
      }, {
        "code": "V9619XD",
        "display": "Other hang-glider accident injuring occupant, subs encntr"
      }, {
        "code": "V9619XS",
        "display": "Other hang-glider accident injuring occupant, sequela"
      }, {
        "code": "V962",
        "display": "Glider (nonpowered) accident injuring occupant"
      }, {
        "code": "V9620",
        "display": "Unspecified glider (nonpowered) accident injuring occupant"
      }, {
        "code": "V9620XA",
        "display": "Unsp glider (nonpowered) accident injuring occupant, init"
      }, {
        "code": "V9620XD",
        "display": "Unsp glider (nonpowered) accident injuring occupant, subs"
      }, {
        "code": "V9620XS",
        "display": "Unsp glider (nonpowered) accident injuring occupant, sequela"
      }, {
        "code": "V9621",
        "display": "Glider (nonpowered) crash injuring occupant"
      }, {
        "code": "V9621XA",
        "display": "Glider (nonpowered) crash injuring occupant, init encntr"
      }, {
        "code": "V9621XD",
        "display": "Glider (nonpowered) crash injuring occupant, subs encntr"
      }, {
        "code": "V9621XS",
        "display": "Glider (nonpowered) crash injuring occupant, sequela"
      }, {
        "code": "V9622",
        "display": "Forced landing of glider (nonpowered) injuring occupant"
      }, {
        "code": "V9622XA",
        "display": "Forced landing of glider injuring occupant, init"
      }, {
        "code": "V9622XD",
        "display": "Forced landing of glider injuring occupant, subs"
      }, {
        "code": "V9622XS",
        "display": "Forced landing of glider injuring occupant, sequela"
      }, {
        "code": "V9623",
        "display": "Glider (nonpowered) collision injuring occupant"
      }, {
        "code": "V9623XA",
        "display": "Glider (nonpowered) collision injuring occupant, init encntr"
      }, {
        "code": "V9623XD",
        "display": "Glider (nonpowered) collision injuring occupant, subs encntr"
      }, {
        "code": "V9623XS",
        "display": "Glider (nonpowered) collision injuring occupant, sequela"
      }, {
        "code": "V9624",
        "display": "Glider (nonpowered) fire injuring occupant"
      }, {
        "code": "V9624XA",
        "display": "Glider (nonpowered) fire injuring occupant, init encntr"
      }, {
        "code": "V9624XD",
        "display": "Glider (nonpowered) fire injuring occupant, subs encntr"
      }, {
        "code": "V9624XS",
        "display": "Glider (nonpowered) fire injuring occupant, sequela"
      }, {
        "code": "V9625",
        "display": "Glider (nonpowered) explosion injuring occupant"
      }, {
        "code": "V9625XA",
        "display": "Glider (nonpowered) explosion injuring occupant, init encntr"
      }, {
        "code": "V9625XD",
        "display": "Glider (nonpowered) explosion injuring occupant, subs encntr"
      }, {
        "code": "V9625XS",
        "display": "Glider (nonpowered) explosion injuring occupant, sequela"
      }, {
        "code": "V9629",
        "display": "Other glider (nonpowered) accident injuring occupant"
      }, {
        "code": "V9629XA",
        "display": "Oth glider (nonpowered) accident injuring occupant, init"
      }, {
        "code": "V9629XD",
        "display": "Oth glider (nonpowered) accident injuring occupant, subs"
      }, {
        "code": "V9629XS",
        "display": "Oth glider (nonpowered) accident injuring occupant, sequela"
      }, {
        "code": "V968",
        "display": "Other nonpowered-aircraft accidents injuring occupant"
      }, {
        "code": "V968XXA",
        "display": "Oth nonpowered-aircraft accidents injuring occupant, init"
      }, {
        "code": "V968XXD",
        "display": "Oth nonpowered-aircraft accidents injuring occupant, subs"
      }, {
        "code": "V968XXS",
        "display": "Oth nonpowered-aircraft accidents injuring occupant, sequela"
      }, {
        "code": "V969",
        "display": "Unspecified nonpowered-aircraft accident injuring occupant"
      }, {
        "code": "V969XXA",
        "display": "Unsp nonpowered-aircraft accident injuring occupant, init"
      }, {
        "code": "V969XXD",
        "display": "Unsp nonpowered-aircraft accident injuring occupant, subs"
      }, {
        "code": "V969XXS",
        "display": "Unsp nonpowered-aircraft accident injuring occupant, sequela"
      } ]
    } ]
  }
}