{
  "resourceType": "ValueSet",
  "id": "W69",
  "url": "http://hl7.org/fhir/sid/icd-10-cm-1708",
  "version": "1.0",
  "name": "Accidental drowning and submersion while in natural water",
  "title": "Accidental drowning and submersion while in natural water",
  "status": "active",
  "compose": {
    "include": [ {
      "system": "http://hl7.org/fhir/sid/icd-10-cm",
      "concept": [ {
        "code": "W69XXXA",
        "display": "Accidental drown while in natural water, init"
      }, {
        "code": "W69XXXD",
        "display": "Accidental drown while in natural water, subs"
      }, {
        "code": "W69XXXS",
        "display": "Accidental drown while in natural water, sequela"
      } ]
    } ]
  }
}