{
  "resourceType": "ValueSet",
  "id": "W51",
  "url": "http://hl7.org/fhir/sid/icd-10-cm-1693",
  "version": "1.0",
  "name": "Accidental striking against or bumped into by another person",
  "title": "Accidental striking against or bumped into by another person",
  "status": "active",
  "compose": {
    "include": [ {
      "system": "http://hl7.org/fhir/sid/icd-10-cm",
      "concept": [ {
        "code": "W51XXXA",
        "display": "Accidental strike or bumped into by another person, init"
      }, {
        "code": "W51XXXD",
        "display": "Accidental strike or bumped into by another person, subs"
      }, {
        "code": "W51XXXS",
        "display": "Accidental strike or bumped into by another person, sequela"
      } ]
    } ]
  }
}