{
  "resourceType": "ValueSet",
  "id": "W67",
  "url": "http://hl7.org/fhir/sid/icd-10-cm-1707",
  "version": "1.0",
  "name": "Accidental drowning and submersion while in swimming-pool",
  "title": "Accidental drowning and submersion while in swimming-pool",
  "status": "active",
  "compose": {
    "include": [ {
      "system": "http://hl7.org/fhir/sid/icd-10-cm",
      "concept": [ {
        "code": "W67XXXA",
        "display": "Accidental drown while in swimming-pool, init"
      }, {
        "code": "W67XXXD",
        "display": "Accidental drown while in swimming-pool, subs"
      }, {
        "code": "W67XXXS",
        "display": "Accidental drown while in swimming-pool, sequela"
      } ]
    } ]
  }
}