{
  "resourceType": "ValueSet",
  "id": "L70",
  "url": "http://hl7.org/fhir/sid/icd-10-cm-882",
  "version": "1.0",
  "name": "Acne",
  "title": "Acne",
  "status": "active",
  "compose": {
    "include": [ {
      "system": "http://hl7.org/fhir/sid/icd-10-cm",
      "concept": [ {
        "code": "L700",
        "display": "Acne vulgaris"
      }, {
        "code": "L701",
        "display": "Acne conglobata"
      }, {
        "code": "L702",
        "display": "Acne varioliformis"
      }, {
        "code": "L703",
        "display": "Acne tropica"
      }, {
        "code": "L704",
        "display": "Infantile acne"
      }, {
        "code": "L705",
        "display": "Acne excoriee"
      }, {
        "code": "L708",
        "display": "Other acne"
      }, {
        "code": "L709",
        "display": "Acne, unspecified"
      } ]
    } ]
  }
}