{
  "resourceType": "ValueSet",
  "id": "M20",
  "url": "http://hl7.org/fhir/sid/icd-10-cm-927",
  "version": "1.0",
  "name": "Acquired deformities of fingers and toes",
  "title": "Acquired deformities of fingers and toes",
  "status": "active",
  "compose": {
    "include": [ {
      "system": "http://hl7.org/fhir/sid/icd-10-cm",
      "concept": [ {
        "code": "M200",
        "display": "Deformity of finger(s)"
      }, {
        "code": "M2000",
        "display": "Unspecified deformity of finger(s)"
      }, {
        "code": "M20001",
        "display": "Unspecified deformity of right finger(s)"
      }, {
        "code": "M20002",
        "display": "Unspecified deformity of left finger(s)"
      }, {
        "code": "M20009",
        "display": "Unspecified deformity of unspecified finger(s)"
      }, {
        "code": "M2001",
        "display": "Mallet finger"
      }, {
        "code": "M20011",
        "display": "Mallet finger of right finger(s)"
      }, {
        "code": "M20012",
        "display": "Mallet finger of left finger(s)"
      }, {
        "code": "M20019",
        "display": "Mallet finger of unspecified finger(s)"
      }, {
        "code": "M2002",
        "display": "Boutonniere deformity"
      }, {
        "code": "M20021",
        "display": "Boutonniere deformity of right finger(s)"
      }, {
        "code": "M20022",
        "display": "Boutonniere deformity of left finger(s)"
      }, {
        "code": "M20029",
        "display": "Boutonniere deformity of unspecified finger(s)"
      }, {
        "code": "M2003",
        "display": "Swan-neck deformity"
      }, {
        "code": "M20031",
        "display": "Swan-neck deformity of right finger(s)"
      }, {
        "code": "M20032",
        "display": "Swan-neck deformity of left finger(s)"
      }, {
        "code": "M20039",
        "display": "Swan-neck deformity of unspecified finger(s)"
      }, {
        "code": "M2009",
        "display": "Other deformity of finger(s)"
      }, {
        "code": "M20091",
        "display": "Other deformity of right finger(s)"
      }, {
        "code": "M20092",
        "display": "Other deformity of left finger(s)"
      }, {
        "code": "M20099",
        "display": "Other deformity of finger(s), unspecified finger(s)"
      }, {
        "code": "M201",
        "display": "Hallux valgus (acquired)"
      }, {
        "code": "M2010",
        "display": "Hallux valgus (acquired), unspecified foot"
      }, {
        "code": "M2011",
        "display": "Hallux valgus (acquired), right foot"
      }, {
        "code": "M2012",
        "display": "Hallux valgus (acquired), left foot"
      }, {
        "code": "M202",
        "display": "Hallux rigidus"
      }, {
        "code": "M2020",
        "display": "Hallux rigidus, unspecified foot"
      }, {
        "code": "M2021",
        "display": "Hallux rigidus, right foot"
      }, {
        "code": "M2022",
        "display": "Hallux rigidus, left foot"
      }, {
        "code": "M203",
        "display": "Hallux varus (acquired)"
      }, {
        "code": "M2030",
        "display": "Hallux varus (acquired), unspecified foot"
      }, {
        "code": "M2031",
        "display": "Hallux varus (acquired), right foot"
      }, {
        "code": "M2032",
        "display": "Hallux varus (acquired), left foot"
      }, {
        "code": "M204",
        "display": "Other hammer toe(s) (acquired)"
      }, {
        "code": "M2040",
        "display": "Other hammer toe(s) (acquired), unspecified foot"
      }, {
        "code": "M2041",
        "display": "Other hammer toe(s) (acquired), right foot"
      }, {
        "code": "M2042",
        "display": "Other hammer toe(s) (acquired), left foot"
      }, {
        "code": "M205",
        "display": "Other deformities of toe(s) (acquired)"
      }, {
        "code": "M205X",
        "display": "Other deformities of toe(s) (acquired)"
      }, {
        "code": "M205X1",
        "display": "Other deformities of toe(s) (acquired), right foot"
      }, {
        "code": "M205X2",
        "display": "Other deformities of toe(s) (acquired), left foot"
      }, {
        "code": "M205X9",
        "display": "Other deformities of toe(s) (acquired), unspecified foot"
      }, {
        "code": "M206",
        "display": "Acquired deformities of toe(s), unspecified"
      }, {
        "code": "M2060",
        "display": "Acquired deformities of toe(s), unsp, unspecified foot"
      }, {
        "code": "M2061",
        "display": "Acquired deformities of toe(s), unspecified, right foot"
      }, {
        "code": "M2062",
        "display": "Acquired deformities of toe(s), unspecified, left foot"
      } ]
    } ]
  }
}