{
  "resourceType": "ValueSet",
  "id": "D59",
  "url": "http://hl7.org/fhir/sid/icd-10-cm-317",
  "version": "1.0",
  "name": "Acquired hemolytic anemia",
  "title": "Acquired hemolytic anemia",
  "status": "active",
  "compose": {
    "include": [ {
      "system": "http://hl7.org/fhir/sid/icd-10-cm",
      "concept": [ {
        "code": "D590",
        "display": "Drug-induced autoimmune hemolytic anemia"
      }, {
        "code": "D591",
        "display": "Other autoimmune hemolytic anemias"
      }, {
        "code": "D592",
        "display": "Drug-induced nonautoimmune hemolytic anemia"
      }, {
        "code": "D593",
        "display": "Hemolytic-uremic syndrome"
      }, {
        "code": "D594",
        "display": "Other nonautoimmune hemolytic anemias"
      }, {
        "code": "D595",
        "display": "Paroxysmal nocturnal hemoglobinuria [Marchiafava-Micheli]"
      }, {
        "code": "D596",
        "display": "Hemoglobinuria due to hemolysis from other external causes"
      }, {
        "code": "D598",
        "display": "Other acquired hemolytic anemias"
      }, {
        "code": "D599",
        "display": "Acquired hemolytic anemia, unspecified"
      } ]
    } ]
  }
}