{
  "resourceType": "ValueSet",
  "id": "D60",
  "url": "http://hl7.org/fhir/sid/icd-10-cm-318",
  "version": "1.0",
  "name": "Acquired pure red cell aplasia [erythroblastopenia]",
  "title": "Acquired pure red cell aplasia [erythroblastopenia]",
  "status": "active",
  "compose": {
    "include": [ {
      "system": "http://hl7.org/fhir/sid/icd-10-cm",
      "concept": [ {
        "code": "D600",
        "display": "Chronic acquired pure red cell aplasia"
      }, {
        "code": "D601",
        "display": "Transient acquired pure red cell aplasia"
      }, {
        "code": "D608",
        "display": "Other acquired pure red cell aplasias"
      }, {
        "code": "D609",
        "display": "Acquired pure red cell aplasia, unspecified"
      } ]
    } ]
  }
}