{
  "resourceType": "ValueSet",
  "id": "Z89",
  "url": "http://hl7.org/fhir/sid/icd-10-cm-1900",
  "version": "1.0",
  "name": "Acquired absence of limb",
  "title": "Acquired absence of limb",
  "status": "active",
  "compose": {
    "include": [ {
      "system": "http://hl7.org/fhir/sid/icd-10-cm",
      "concept": [ {
        "code": "Z890",
        "display": "Acquired absence of thumb and other finger(s)"
      }, {
        "code": "Z8901",
        "display": "Acquired absence of thumb"
      }, {
        "code": "Z89011",
        "display": "Acquired absence of right thumb"
      }, {
        "code": "Z89012",
        "display": "Acquired absence of left thumb"
      }, {
        "code": "Z89019",
        "display": "Acquired absence of unspecified thumb"
      }, {
        "code": "Z8902",
        "display": "Acquired absence of other finger(s)"
      }, {
        "code": "Z89021",
        "display": "Acquired absence of right finger(s)"
      }, {
        "code": "Z89022",
        "display": "Acquired absence of left finger(s)"
      }, {
        "code": "Z89029",
        "display": "Acquired absence of unspecified finger(s)"
      }, {
        "code": "Z891",
        "display": "Acquired absence of hand and wrist"
      }, {
        "code": "Z8911",
        "display": "Acquired absence of hand"
      }, {
        "code": "Z89111",
        "display": "Acquired absence of right hand"
      }, {
        "code": "Z89112",
        "display": "Acquired absence of left hand"
      }, {
        "code": "Z89119",
        "display": "Acquired absence of unspecified hand"
      }, {
        "code": "Z8912",
        "display": "Acquired absence of wrist"
      }, {
        "code": "Z89121",
        "display": "Acquired absence of right wrist"
      }, {
        "code": "Z89122",
        "display": "Acquired absence of left wrist"
      }, {
        "code": "Z89129",
        "display": "Acquired absence of unspecified wrist"
      }, {
        "code": "Z892",
        "display": "Acquired absence of upper limb above wrist"
      }, {
        "code": "Z8920",
        "display": "Acquired absence of upper limb, unspecified level"
      }, {
        "code": "Z89201",
        "display": "Acquired absence of right upper limb, unspecified level"
      }, {
        "code": "Z89202",
        "display": "Acquired absence of left upper limb, unspecified level"
      }, {
        "code": "Z89209",
        "display": "Acquired absence of unsp upper limb, unspecified level"
      }, {
        "code": "Z8921",
        "display": "Acquired absence of upper limb below elbow"
      }, {
        "code": "Z89211",
        "display": "Acquired absence of right upper limb below elbow"
      }, {
        "code": "Z89212",
        "display": "Acquired absence of left upper limb below elbow"
      }, {
        "code": "Z89219",
        "display": "Acquired absence of unspecified upper limb below elbow"
      }, {
        "code": "Z8922",
        "display": "Acquired absence of upper limb above elbow"
      }, {
        "code": "Z89221",
        "display": "Acquired absence of right upper limb above elbow"
      }, {
        "code": "Z89222",
        "display": "Acquired absence of left upper limb above elbow"
      }, {
        "code": "Z89229",
        "display": "Acquired absence of unspecified upper limb above elbow"
      }, {
        "code": "Z8923",
        "display": "Acquired absence of shoulder"
      }, {
        "code": "Z89231",
        "display": "Acquired absence of right shoulder"
      }, {
        "code": "Z89232",
        "display": "Acquired absence of left shoulder"
      }, {
        "code": "Z89239",
        "display": "Acquired absence of unspecified shoulder"
      }, {
        "code": "Z894",
        "display": "Acquired absence of toe(s), foot, and ankle"
      }, {
        "code": "Z8941",
        "display": "Acquired absence of great toe"
      }, {
        "code": "Z89411",
        "display": "Acquired absence of right great toe"
      }, {
        "code": "Z89412",
        "display": "Acquired absence of left great toe"
      }, {
        "code": "Z89419",
        "display": "Acquired absence of unspecified great toe"
      }, {
        "code": "Z8942",
        "display": "Acquired absence of other toe(s)"
      }, {
        "code": "Z89421",
        "display": "Acquired absence of other right toe(s)"
      }, {
        "code": "Z89422",
        "display": "Acquired absence of other left toe(s)"
      }, {
        "code": "Z89429",
        "display": "Acquired absence of other toe(s), unspecified side"
      }, {
        "code": "Z8943",
        "display": "Acquired absence of foot"
      }, {
        "code": "Z89431",
        "display": "Acquired absence of right foot"
      }, {
        "code": "Z89432",
        "display": "Acquired absence of left foot"
      }, {
        "code": "Z89439",
        "display": "Acquired absence of unspecified foot"
      }, {
        "code": "Z8944",
        "display": "Acquired absence of ankle"
      }, {
        "code": "Z89441",
        "display": "Acquired absence of right ankle"
      }, {
        "code": "Z89442",
        "display": "Acquired absence of left ankle"
      }, {
        "code": "Z89449",
        "display": "Acquired absence of unspecified ankle"
      }, {
        "code": "Z895",
        "display": "Acquired absence of leg below knee"
      }, {
        "code": "Z8951",
        "display": "Acquired absence of leg below knee"
      }, {
        "code": "Z89511",
        "display": "Acquired absence of right leg below knee"
      }, {
        "code": "Z89512",
        "display": "Acquired absence of left leg below knee"
      }, {
        "code": "Z89519",
        "display": "Acquired absence of unspecified leg below knee"
      }, {
        "code": "Z8952",
        "display": "Acquired absence of knee"
      }, {
        "code": "Z89521",
        "display": "Acquired absence of right knee"
      }, {
        "code": "Z89522",
        "display": "Acquired absence of left knee"
      }, {
        "code": "Z89529",
        "display": "Acquired absence of unspecified knee"
      }, {
        "code": "Z896",
        "display": "Acquired absence of leg above knee"
      }, {
        "code": "Z8961",
        "display": "Acquired absence of leg above knee"
      }, {
        "code": "Z89611",
        "display": "Acquired absence of right leg above knee"
      }, {
        "code": "Z89612",
        "display": "Acquired absence of left leg above knee"
      }, {
        "code": "Z89619",
        "display": "Acquired absence of unspecified leg above knee"
      }, {
        "code": "Z8962",
        "display": "Acquired absence of hip"
      }, {
        "code": "Z89621",
        "display": "Acquired absence of right hip joint"
      }, {
        "code": "Z89622",
        "display": "Acquired absence of left hip joint"
      }, {
        "code": "Z89629",
        "display": "Acquired absence of unspecified hip joint"
      }, {
        "code": "Z899",
        "display": "Acquired absence of limb, unspecified"
      } ]
    } ]
  }
}