{
  "resourceType": "ValueSet",
  "id": "Z90",
  "url": "http://hl7.org/fhir/sid/icd-10-cm-1901",
  "version": "1.0",
  "name": "Acquired absence of organs, not elsewhere classified",
  "title": "Acquired absence of organs, not elsewhere classified",
  "status": "active",
  "compose": {
    "include": [ {
      "system": "http://hl7.org/fhir/sid/icd-10-cm",
      "concept": [ {
        "code": "Z900",
        "display": "Acquired absence of part of head and neck"
      }, {
        "code": "Z9001",
        "display": "Acquired absence of eye"
      }, {
        "code": "Z9002",
        "display": "Acquired absence of larynx"
      }, {
        "code": "Z9009",
        "display": "Acquired absence of other part of head and neck"
      }, {
        "code": "Z901",
        "display": "Acquired absence of breast and nipple"
      }, {
        "code": "Z9010",
        "display": "Acquired absence of unspecified breast and nipple"
      }, {
        "code": "Z9011",
        "display": "Acquired absence of right breast and nipple"
      }, {
        "code": "Z9012",
        "display": "Acquired absence of left breast and nipple"
      }, {
        "code": "Z9013",
        "display": "Acquired absence of bilateral breasts and nipples"
      }, {
        "code": "Z902",
        "display": "Acquired absence of lung [part of]"
      }, {
        "code": "Z903",
        "display": "Acquired absence of stomach [part of]"
      }, {
        "code": "Z904",
        "display": "Acquired absence of other specified parts of digestive tract"
      }, {
        "code": "Z9041",
        "display": "Acquired absence of pancreas"
      }, {
        "code": "Z90410",
        "display": "Acquired total absence of pancreas"
      }, {
        "code": "Z90411",
        "display": "Acquired partial absence of pancreas"
      }, {
        "code": "Z9049",
        "display": "Acquired absence of other specified parts of digestive tract"
      }, {
        "code": "Z905",
        "display": "Acquired absence of kidney"
      }, {
        "code": "Z906",
        "display": "Acquired absence of other parts of urinary tract"
      }, {
        "code": "Z907",
        "display": "Acquired absence of genital organ(s)"
      }, {
        "code": "Z9071",
        "display": "Acquired absence of cervix and uterus"
      }, {
        "code": "Z90710",
        "display": "Acquired absence of both cervix and uterus"
      }, {
        "code": "Z90711",
        "display": "Acquired absence of uterus with remaining cervical stump"
      }, {
        "code": "Z90712",
        "display": "Acquired absence of cervix with remaining uterus"
      }, {
        "code": "Z9072",
        "display": "Acquired absence of ovaries"
      }, {
        "code": "Z90721",
        "display": "Acquired absence of ovaries, unilateral"
      }, {
        "code": "Z90722",
        "display": "Acquired absence of ovaries, bilateral"
      }, {
        "code": "Z9079",
        "display": "Acquired absence of other genital organ(s)"
      }, {
        "code": "Z908",
        "display": "Acquired absence of other organs"
      }, {
        "code": "Z9081",
        "display": "Acquired absence of spleen"
      }, {
        "code": "Z9089",
        "display": "Acquired absence of other organs"
      } ]
    } ]
  }
}