{
  "resourceType": "ValueSet",
  "id": "A42",
  "url": "http://hl7.org/fhir/sid/icd-10-cm-36",
  "version": "1.0",
  "name": "Actinomycosis",
  "title": "Actinomycosis",
  "status": "active",
  "compose": {
    "include": [ {
      "system": "http://hl7.org/fhir/sid/icd-10-cm",
      "concept": [ {
        "code": "A420",
        "display": "Pulmonary actinomycosis"
      }, {
        "code": "A421",
        "display": "Abdominal actinomycosis"
      }, {
        "code": "A422",
        "display": "Cervicofacial actinomycosis"
      }, {
        "code": "A427",
        "display": "Actinomycotic sepsis"
      }, {
        "code": "A428",
        "display": "Other forms of actinomycosis"
      }, {
        "code": "A4281",
        "display": "Actinomycotic meningitis"
      }, {
        "code": "A4282",
        "display": "Actinomycotic encephalitis"
      }, {
        "code": "A4289",
        "display": "Other forms of actinomycosis"
      }, {
        "code": "A429",
        "display": "Actinomycosis, unspecified"
      } ]
    } ]
  }
}