{
  "resourceType": "ValueSet",
  "id": "Y93",
  "url": "http://hl7.org/fhir/sid/icd-10-cm-1819",
  "version": "1.0",
  "name": "Activity codes",
  "title": "Activity codes",
  "status": "active",
  "compose": {
    "include": [ {
      "system": "http://hl7.org/fhir/sid/icd-10-cm",
      "concept": [ {
        "code": "Y930",
        "display": "Activities involving walking and running"
      }, {
        "code": "Y9301",
        "display": "Activity, walking, marching and hiking"
      }, {
        "code": "Y9302",
        "display": "Activity, running"
      }, {
        "code": "Y931",
        "display": "Activities involving water and water craft"
      }, {
        "code": "Y9311",
        "display": "Activity, swimming"
      }, {
        "code": "Y9312",
        "display": "Activity, springboard and platform diving"
      }, {
        "code": "Y9313",
        "display": "Activity, water polo"
      }, {
        "code": "Y9314",
        "display": "Activity, water aerobics and water exercise"
      }, {
        "code": "Y9315",
        "display": "Activity, underwater diving and snorkeling"
      }, {
        "code": "Y9316",
        "display": "Activity, rowing, canoeing, kayaking, rafting and tubing"
      }, {
        "code": "Y9317",
        "display": "Activity, water skiing and wake boarding"
      }, {
        "code": "Y9318",
        "display": "Activity, surfing, windsurfing and boogie boarding"
      }, {
        "code": "Y9319",
        "display": "Activity, other involving water and watercraft"
      }, {
        "code": "Y932",
        "display": "Activities involving ice and snow"
      }, {
        "code": "Y9321",
        "display": "Activity, ice skating"
      }, {
        "code": "Y9322",
        "display": "Activity, ice hockey"
      }, {
        "code": "Y9323",
        "display": "Actvty,snow (alp/dwnhl) ski,snowboard,sled,tobogn & tubing"
      }, {
        "code": "Y9324",
        "display": "Activity, cross country skiing"
      }, {
        "code": "Y9329",
        "display": "Activity, other involving ice and snow"
      }, {
        "code": "Y933",
        "display": "Activities involving climbing, rappelling and jumping off"
      }, {
        "code": "Y9331",
        "display": "Activity, mountain climbing, rock climbing and wall climbing"
      }, {
        "code": "Y9332",
        "display": "Activity, rappelling"
      }, {
        "code": "Y9333",
        "display": "Activity, BASE jumping"
      }, {
        "code": "Y9334",
        "display": "Activity, bungee jumping"
      }, {
        "code": "Y9335",
        "display": "Activity, hang gliding"
      }, {
        "code": "Y9339",
        "display": "Activity, oth involving climbing, rappelling and jumping off"
      }, {
        "code": "Y934",
        "display": "Activities involving dancing and other rhythmic movement"
      }, {
        "code": "Y9341",
        "display": "Activity, dancing"
      }, {
        "code": "Y9342",
        "display": "Activity, yoga"
      }, {
        "code": "Y9343",
        "display": "Activity, gymnastics"
      }, {
        "code": "Y9344",
        "display": "Activity, trampolining"
      }, {
        "code": "Y9345",
        "display": "Activity, cheerleading"
      }, {
        "code": "Y9349",
        "display": "Activity, oth involving dancing and other rhythmic movements"
      }, {
        "code": "Y935",
        "display": "Activities involving oth sports and athletics played individ"
      }, {
        "code": "Y9351",
        "display": "Activity, roller skating (inline) and skateboarding"
      }, {
        "code": "Y9352",
        "display": "Activity, horseback riding"
      }, {
        "code": "Y9353",
        "display": "Activity, golf"
      }, {
        "code": "Y9354",
        "display": "Activity, bowling"
      }, {
        "code": "Y9355",
        "display": "Activity, bike riding"
      }, {
        "code": "Y9356",
        "display": "Activity, jumping rope"
      }, {
        "code": "Y9357",
        "display": "Activity, non-running track and field events"
      }, {
        "code": "Y9359",
        "display": "Activity, oth w oth sports and athletics played individ"
      }, {
        "code": "Y936",
        "display": "Activities w oth sports & athletics played as a team or grp"
      }, {
        "code": "Y9361",
        "display": "Activity, american tackle football"
      }, {
        "code": "Y9362",
        "display": "Activity, american flag or touch football"
      }, {
        "code": "Y9363",
        "display": "Activity, rugby"
      }, {
        "code": "Y9364",
        "display": "Activity, baseball"
      }, {
        "code": "Y9365",
        "display": "Activity, lacrosse and field hockey"
      }, {
        "code": "Y9366",
        "display": "Activity, soccer"
      }, {
        "code": "Y9367",
        "display": "Activity, basketball"
      }, {
        "code": "Y9368",
        "display": "Activity, volleyball (beach) (court)"
      }, {
        "code": "Y936A",
        "display": "Actvty,physcl games assoc w school recess, sumr camp & child"
      }, {
        "code": "Y9369",
        "display": "Actvty, oth w oth sports & athletics played as a team or grp"
      }, {
        "code": "Y937",
        "display": "Activities involving other specified sports and athletics"
      }, {
        "code": "Y9371",
        "display": "Activity, boxing"
      }, {
        "code": "Y9372",
        "display": "Activity, wrestling"
      }, {
        "code": "Y9373",
        "display": "Activity, racquet and hand sports"
      }, {
        "code": "Y9374",
        "display": "Activity, frisbee"
      }, {
        "code": "Y9375",
        "display": "Activity, martial arts"
      }, {
        "code": "Y9379",
        "display": "Activity, other specified sports and athletics"
      }, {
        "code": "Y93A",
        "display": "Activities involving other cardiorespiratory exercise"
      }, {
        "code": "Y93A1",
        "display": "Activity, exercise machines prim for cardioresp conditioning"
      }, {
        "code": "Y93A2",
        "display": "Activity, calisthenics"
      }, {
        "code": "Y93A3",
        "display": "Activity, aerobic and step exercise"
      }, {
        "code": "Y93A4",
        "display": "Activity, circuit training"
      }, {
        "code": "Y93A5",
        "display": "Activity, obstacle course"
      }, {
        "code": "Y93A6",
        "display": "Activity, grass drills"
      }, {
        "code": "Y93A9",
        "display": "Activity, other involving cardiorespiratory exercise"
      }, {
        "code": "Y93B",
        "display": "Activities involving other muscle strengthening exercises"
      }, {
        "code": "Y93B1",
        "display": "Activity, exercise machines prim for muscle strengthening"
      }, {
        "code": "Y93B2",
        "display": "Activity, push-ups, pull-ups, sit-ups"
      }, {
        "code": "Y93B3",
        "display": "Activity, free weights"
      }, {
        "code": "Y93B4",
        "display": "Activity, pilates"
      }, {
        "code": "Y93B9",
        "display": "Activity, other involving muscle strengthening exercises"
      }, {
        "code": "Y93C",
        "display": "Activities involving computer tech and electrnc devices"
      }, {
        "code": "Y93C1",
        "display": "Activity, computer keyboarding"
      }, {
        "code": "Y93C2",
        "display": "Activity, hand held interactive electronic device"
      }, {
        "code": "Y93C9",
        "display": "Activity, oth involving computer tech and electrnc devices"
      }, {
        "code": "Y93D",
        "display": "Activities involving arts and handcrafts"
      }, {
        "code": "Y93D1",
        "display": "Activity, knitting and crocheting"
      }, {
        "code": "Y93D2",
        "display": "Activity, sewing"
      }, {
        "code": "Y93D3",
        "display": "Activity, furniture building and finishing"
      }, {
        "code": "Y93D9",
        "display": "Activity, other involving arts and handcrafts"
      }, {
        "code": "Y93E",
        "display": "Activities involving personal hygiene and prop & clothng"
      }, {
        "code": "Y93E1",
        "display": "Activity, personal bathing and showering"
      }, {
        "code": "Y93E2",
        "display": "Activity, laundry"
      }, {
        "code": "Y93E3",
        "display": "Activity, vacuuming"
      }, {
        "code": "Y93E4",
        "display": "Activity, ironing"
      }, {
        "code": "Y93E5",
        "display": "Activity, floor mopping and cleaning"
      }, {
        "code": "Y93E6",
        "display": "Activity, residential relocation"
      }, {
        "code": "Y93E8",
        "display": "Activity, other personal hygiene"
      }, {
        "code": "Y93E9",
        "display": "Activity, other interior property and clothing maintenance"
      }, {
        "code": "Y93F",
        "display": "Activities involving caregiving"
      }, {
        "code": "Y93F1",
        "display": "Activity, caregiving, bathing"
      }, {
        "code": "Y93F2",
        "display": "Activity, caregiving, lifting"
      }, {
        "code": "Y93F9",
        "display": "Activity, other caregiving"
      }, {
        "code": "Y93G",
        "display": "Activities involving food preparation, cooking and grilling"
      }, {
        "code": "Y93G1",
        "display": "Activity, food preparation and clean up"
      }, {
        "code": "Y93G2",
        "display": "Activity, grilling and smoking food"
      }, {
        "code": "Y93G3",
        "display": "Activity, cooking and baking"
      }, {
        "code": "Y93G9",
        "display": "Activity, other involving cooking and grilling"
      }, {
        "code": "Y93H",
        "display": "Activities w exter property & land maint, bldg and construct"
      }, {
        "code": "Y93H1",
        "display": "Activity, digging, shoveling and raking"
      }, {
        "code": "Y93H2",
        "display": "Activity, gardening and landscaping"
      }, {
        "code": "Y93H3",
        "display": "Activity, building and construction"
      }, {
        "code": "Y93H9",
        "display": "Actvty,oth w exter property & land maint, bldg and construct"
      }, {
        "code": "Y93I",
        "display": "Activities w roller coasters and oth types of extrn motion"
      }, {
        "code": "Y93I1",
        "display": "Activity, roller coaster riding"
      }, {
        "code": "Y93I9",
        "display": "Activity, other involving external motion"
      }, {
        "code": "Y93J",
        "display": "Activities involving playing musical instrument"
      }, {
        "code": "Y93J1",
        "display": "Activity, piano playing"
      }, {
        "code": "Y93J2",
        "display": "Activity, drum and other percussion instrument playing"
      }, {
        "code": "Y93J3",
        "display": "Activity, string instrument playing"
      }, {
        "code": "Y93J4",
        "display": "Activity, winds and brass instrument playing"
      }, {
        "code": "Y93K",
        "display": "Activities involving animal care"
      }, {
        "code": "Y93K1",
        "display": "Activity, walking an animal"
      }, {
        "code": "Y93K2",
        "display": "Activity, milking an animal"
      }, {
        "code": "Y93K3",
        "display": "Activity, grooming and shearing an animal"
      }, {
        "code": "Y93K9",
        "display": "Activity, other involving animal care"
      }, {
        "code": "Y938",
        "display": "Activities, other specified"
      }, {
        "code": "Y9381",
        "display": "Activity, refereeing a sports activity"
      }, {
        "code": "Y9382",
        "display": "Activity, spectator at an event"
      }, {
        "code": "Y9383",
        "display": "Activity, rough housing and horseplay"
      }, {
        "code": "Y9384",
        "display": "Activity, sleeping"
      }, {
        "code": "Y9385",
        "display": "Activity, choking game"
      }, {
        "code": "Y9389",
        "display": "Activity, other specified"
      }, {
        "code": "Y939",
        "display": "Activity, unspecified"
      } ]
    } ]
  }
}