{
  "resourceType": "ValueSet",
  "id": "I21",
  "url": "http://hl7.org/fhir/sid/icd-10-cm-636",
  "version": "1.0",
  "name": "Acute myocardial infarction",
  "title": "Acute myocardial infarction",
  "status": "active",
  "compose": {
    "include": [ {
      "system": "http://hl7.org/fhir/sid/icd-10-cm",
      "concept": [ {
        "code": "I210",
        "display": "ST elevation (STEMI) myocardial infarction of anterior wall"
      }, {
        "code": "I2101",
        "display": "STEMI involving left main coronary artery"
      }, {
        "code": "I2102",
        "display": "STEMI involving left anterior descending coronary artery"
      }, {
        "code": "I2109",
        "display": "STEMI involving oth coronary artery of anterior wall"
      }, {
        "code": "I211",
        "display": "ST elevation (STEMI) myocardial infarction of inferior wall"
      }, {
        "code": "I2111",
        "display": "STEMI involving right coronary artery"
      }, {
        "code": "I2119",
        "display": "STEMI involving oth coronary artery of inferior wall"
      }, {
        "code": "I212",
        "display": "ST elevation (STEMI) myocardial infarction of other sites"
      }, {
        "code": "I2121",
        "display": "STEMI involving left circumflex coronary artery"
      }, {
        "code": "I2129",
        "display": "STEMI involving oth sites"
      }, {
        "code": "I213",
        "display": "ST elevation (STEMI) myocardial infarction of unsp site"
      }, {
        "code": "I214",
        "display": "Non-ST elevation (NSTEMI) myocardial infarction"
      }, {
        "code": "I219",
        "display": "Acute myocardial infarction, unspecified"
      }, {
        "code": "I21A",
        "display": "Other type of myocardial infarction"
      }, {
        "code": "I21A1",
        "display": "Myocardial infarction type 2"
      }, {
        "code": "I21A9",
        "display": "Other myocardial infarction type"
      } ]
    } ]
  }
}