{
  "resourceType": "ValueSet",
  "id": "K35",
  "url": "http://hl7.org/fhir/sid/icd-10-cm-786",
  "version": "1.0",
  "name": "Acute appendicitis",
  "title": "Acute appendicitis",
  "status": "active",
  "compose": {
    "include": [ {
      "system": "http://hl7.org/fhir/sid/icd-10-cm",
      "concept": [ {
        "code": "K352",
        "display": "Acute appendicitis with generalized peritonitis"
      }, {
        "code": "K3520",
        "display": "Acute appendicitis with gen peritonitis, without abscess"
      }, {
        "code": "K3521",
        "display": "Acute appendicitis with gen peritonitis, with abscess"
      }, {
        "code": "K353",
        "display": "Acute appendicitis with localized peritonitis"
      }, {
        "code": "K3530",
        "display": "Acute appendicitis with loc peritonitis, w/o perf or gangr"
      }, {
        "code": "K3531",
        "display": "Acute appendicitis with loc peritonitis and gangr, w/o perf"
      }, {
        "code": "K3532",
        "display": "Acute appendicitis with perf and loc peritonitis, w/o abscs"
      }, {
        "code": "K3533",
        "display": "Acute appendicitis with perf and loc peritonitis, with abscs"
      }, {
        "code": "K358",
        "display": "Other and unspecified acute appendicitis"
      }, {
        "code": "K3580",
        "display": "Unspecified acute appendicitis"
      }, {
        "code": "K3589",
        "display": "Other acute appendicitis"
      }, {
        "code": "K35890",
        "display": "Other acute appendicitis without perforation or gangrene"
      }, {
        "code": "K35891",
        "display": "Other acute appendicitis without perforation, with gangrene"
      } ]
    } ]
  }
}