{
  "resourceType": "ValueSet",
  "id": "L04",
  "url": "http://hl7.org/fhir/sid/icd-10-cm-838",
  "version": "1.0",
  "name": "Acute lymphadenitis",
  "title": "Acute lymphadenitis",
  "status": "active",
  "compose": {
    "include": [ {
      "system": "http://hl7.org/fhir/sid/icd-10-cm",
      "concept": [ {
        "code": "L040",
        "display": "Acute lymphadenitis of face, head and neck"
      }, {
        "code": "L041",
        "display": "Acute lymphadenitis of trunk"
      }, {
        "code": "L042",
        "display": "Acute lymphadenitis of upper limb"
      }, {
        "code": "L043",
        "display": "Acute lymphadenitis of lower limb"
      }, {
        "code": "L048",
        "display": "Acute lymphadenitis of other sites"
      }, {
        "code": "L049",
        "display": "Acute lymphadenitis, unspecified"
      } ]
    } ]
  }
}