{
  "resourceType": "ValueSet",
  "id": "B16",
  "url": "http://hl7.org/fhir/sid/icd-10-cm-98",
  "version": "1.0",
  "name": "Acute hepatitis B",
  "title": "Acute hepatitis B",
  "status": "active",
  "compose": {
    "include": [ {
      "system": "http://hl7.org/fhir/sid/icd-10-cm",
      "concept": [ {
        "code": "B160",
        "display": "Acute hepatitis B with delta-agent with hepatic coma"
      }, {
        "code": "B161",
        "display": "Acute hepatitis B with delta-agent without hepatic coma"
      }, {
        "code": "B162",
        "display": "Acute hepatitis B without delta-agent with hepatic coma"
      }, {
        "code": "B169",
        "display": "Acute hepatitis B w/o delta-agent and without hepatic coma"
      } ]
    } ]
  }
}