{
  "resourceType": "ValueSet",
  "id": "N00",
  "url": "http://hl7.org/fhir/sid/icd-10-cm-987",
  "version": "1.0",
  "name": "Acute nephritic syndrome",
  "title": "Acute nephritic syndrome",
  "status": "active",
  "compose": {
    "include": [ {
      "system": "http://hl7.org/fhir/sid/icd-10-cm",
      "concept": [ {
        "code": "N000",
        "display": "Acute nephritic syndrome with minor glomerular abnormality"
      }, {
        "code": "N001",
        "display": "Acute neph syndrome w focal and segmental glomerular lesions"
      }, {
        "code": "N002",
        "display": "Acute nephritic syndrome w diffuse membranous glomrlneph"
      }, {
        "code": "N003",
        "display": "Acute neph syndrome w diffuse mesangial prolif glomrlneph"
      }, {
        "code": "N004",
        "display": "Acute neph syndrome w diffuse endocaplry prolif glomrlneph"
      }, {
        "code": "N005",
        "display": "Acute nephritic syndrome w diffuse mesangiocap glomrlneph"
      }, {
        "code": "N006",
        "display": "Acute nephritic syndrome with dense deposit disease"
      }, {
        "code": "N007",
        "display": "Acute nephritic syndrome w diffuse crescentic glomrlneph"
      }, {
        "code": "N008",
        "display": "Acute nephritic syndrome with other morphologic changes"
      }, {
        "code": "N009",
        "display": "Acute nephritic syndrome with unsp morphologic changes"
      } ]
    } ]
  }
}