{
  "resourceType": "ValueSet",
  "id": "I40",
  "url": "http://hl7.org/fhir/sid/icd-10-cm-654",
  "version": "1.0",
  "name": "Acute myocarditis",
  "title": "Acute myocarditis",
  "status": "active",
  "compose": {
    "include": [ {
      "system": "http://hl7.org/fhir/sid/icd-10-cm",
      "concept": [ {
        "code": "I400",
        "display": "Infective myocarditis"
      }, {
        "code": "I401",
        "display": "Isolated myocarditis"
      }, {
        "code": "I408",
        "display": "Other acute myocarditis"
      }, {
        "code": "I409",
        "display": "Acute myocarditis, unspecified"
      } ]
    } ]
  }
}