{
  "resourceType": "ValueSet",
  "id": "A80",
  "url": "http://hl7.org/fhir/sid/icd-10-cm-67",
  "version": "1.0",
  "name": "Acute poliomyelitis",
  "title": "Acute poliomyelitis",
  "status": "active",
  "compose": {
    "include": [ {
      "system": "http://hl7.org/fhir/sid/icd-10-cm",
      "concept": [ {
        "code": "A800",
        "display": "Acute paralytic poliomyelitis, vaccine-associated"
      }, {
        "code": "A801",
        "display": "Acute paralytic poliomyelitis, wild virus, imported"
      }, {
        "code": "A802",
        "display": "Acute paralytic poliomyelitis, wild virus, indigenous"
      }, {
        "code": "A803",
        "display": "Acute paralytic poliomyelitis, other and unspecified"
      }, {
        "code": "A8030",
        "display": "Acute paralytic poliomyelitis, unspecified"
      }, {
        "code": "A8039",
        "display": "Other acute paralytic poliomyelitis"
      }, {
        "code": "A804",
        "display": "Acute nonparalytic poliomyelitis"
      }, {
        "code": "A809",
        "display": "Acute poliomyelitis, unspecified"
      } ]
    } ]
  }
}