{
  "resourceType": "ValueSet",
  "id": "J01",
  "url": "http://hl7.org/fhir/sid/icd-10-cm-700",
  "version": "1.0",
  "name": "Acute sinusitis",
  "title": "Acute sinusitis",
  "status": "active",
  "compose": {
    "include": [ {
      "system": "http://hl7.org/fhir/sid/icd-10-cm",
      "concept": [ {
        "code": "J010",
        "display": "Acute maxillary sinusitis"
      }, {
        "code": "J0100",
        "display": "Acute maxillary sinusitis, unspecified"
      }, {
        "code": "J0101",
        "display": "Acute recurrent maxillary sinusitis"
      }, {
        "code": "J011",
        "display": "Acute frontal sinusitis"
      }, {
        "code": "J0110",
        "display": "Acute frontal sinusitis, unspecified"
      }, {
        "code": "J0111",
        "display": "Acute recurrent frontal sinusitis"
      }, {
        "code": "J012",
        "display": "Acute ethmoidal sinusitis"
      }, {
        "code": "J0120",
        "display": "Acute ethmoidal sinusitis, unspecified"
      }, {
        "code": "J0121",
        "display": "Acute recurrent ethmoidal sinusitis"
      }, {
        "code": "J013",
        "display": "Acute sphenoidal sinusitis"
      }, {
        "code": "J0130",
        "display": "Acute sphenoidal sinusitis, unspecified"
      }, {
        "code": "J0131",
        "display": "Acute recurrent sphenoidal sinusitis"
      }, {
        "code": "J014",
        "display": "Acute pansinusitis"
      }, {
        "code": "J0140",
        "display": "Acute pansinusitis, unspecified"
      }, {
        "code": "J0141",
        "display": "Acute recurrent pansinusitis"
      }, {
        "code": "J018",
        "display": "Other acute sinusitis"
      }, {
        "code": "J0180",
        "display": "Other acute sinusitis"
      }, {
        "code": "J0181",
        "display": "Other acute recurrent sinusitis"
      }, {
        "code": "J019",
        "display": "Acute sinusitis, unspecified"
      }, {
        "code": "J0190",
        "display": "Acute sinusitis, unspecified"
      }, {
        "code": "J0191",
        "display": "Acute recurrent sinusitis, unspecified"
      } ]
    } ]
  }
}