{
  "resourceType": "ValueSet",
  "id": "J21",
  "url": "http://hl7.org/fhir/sid/icd-10-cm-717",
  "version": "1.0",
  "name": "Acute bronchiolitis",
  "title": "Acute bronchiolitis",
  "status": "active",
  "compose": {
    "include": [ {
      "system": "http://hl7.org/fhir/sid/icd-10-cm",
      "concept": [ {
        "code": "J210",
        "display": "Acute bronchiolitis due to respiratory syncytial virus"
      }, {
        "code": "J211",
        "display": "Acute bronchiolitis due to human metapneumovirus"
      }, {
        "code": "J218",
        "display": "Acute bronchiolitis due to other specified organisms"
      }, {
        "code": "J219",
        "display": "Acute bronchiolitis, unspecified"
      } ]
    } ]
  }
}