{
  "resourceType": "ValueSet",
  "id": "J20",
  "url": "http://hl7.org/fhir/sid/icd-10-cm-716",
  "version": "1.0",
  "name": "Acute bronchitis",
  "title": "Acute bronchitis",
  "status": "active",
  "compose": {
    "include": [ {
      "system": "http://hl7.org/fhir/sid/icd-10-cm",
      "concept": [ {
        "code": "J200",
        "display": "Acute bronchitis due to Mycoplasma pneumoniae"
      }, {
        "code": "J201",
        "display": "Acute bronchitis due to Hemophilus influenzae"
      }, {
        "code": "J202",
        "display": "Acute bronchitis due to streptococcus"
      }, {
        "code": "J203",
        "display": "Acute bronchitis due to coxsackievirus"
      }, {
        "code": "J204",
        "display": "Acute bronchitis due to parainfluenza virus"
      }, {
        "code": "J205",
        "display": "Acute bronchitis due to respiratory syncytial virus"
      }, {
        "code": "J206",
        "display": "Acute bronchitis due to rhinovirus"
      }, {
        "code": "J207",
        "display": "Acute bronchitis due to echovirus"
      }, {
        "code": "J208",
        "display": "Acute bronchitis due to other specified organisms"
      }, {
        "code": "J209",
        "display": "Acute bronchitis, unspecified"
      } ]
    } ]
  }
}