{
  "resourceType": "ValueSet",
  "id": "K85",
  "url": "http://hl7.org/fhir/sid/icd-10-cm-826",
  "version": "1.0",
  "name": "Acute pancreatitis",
  "title": "Acute pancreatitis",
  "status": "active",
  "compose": {
    "include": [ {
      "system": "http://hl7.org/fhir/sid/icd-10-cm",
      "concept": [ {
        "code": "K850",
        "display": "Idiopathic acute pancreatitis"
      }, {
        "code": "K8500",
        "display": "Idiopathic acute pancreatitis without necrosis or infection"
      }, {
        "code": "K8501",
        "display": "Idiopathic acute pancreatitis with uninfected necrosis"
      }, {
        "code": "K8502",
        "display": "Idiopathic acute pancreatitis with infected necrosis"
      }, {
        "code": "K851",
        "display": "Biliary acute pancreatitis"
      }, {
        "code": "K8510",
        "display": "Biliary acute pancreatitis without necrosis or infection"
      }, {
        "code": "K8511",
        "display": "Biliary acute pancreatitis with uninfected necrosis"
      }, {
        "code": "K8512",
        "display": "Biliary acute pancreatitis with infected necrosis"
      }, {
        "code": "K852",
        "display": "Alcohol induced acute pancreatitis"
      }, {
        "code": "K8520",
        "display": "Alcohol induced acute pancreatitis without necrosis or infct"
      }, {
        "code": "K8521",
        "display": "Alcohol induced acute pancreatitis with uninfected necrosis"
      }, {
        "code": "K8522",
        "display": "Alcohol induced acute pancreatitis with infected necrosis"
      }, {
        "code": "K853",
        "display": "Drug induced acute pancreatitis"
      }, {
        "code": "K8530",
        "display": "Drug induced acute pancreatitis without necrosis or infct"
      }, {
        "code": "K8531",
        "display": "Drug induced acute pancreatitis with uninfected necrosis"
      }, {
        "code": "K8532",
        "display": "Drug induced acute pancreatitis with infected necrosis"
      }, {
        "code": "K858",
        "display": "Other acute pancreatitis"
      }, {
        "code": "K8580",
        "display": "Other acute pancreatitis without necrosis or infection"
      }, {
        "code": "K8581",
        "display": "Other acute pancreatitis with uninfected necrosis"
      }, {
        "code": "K8582",
        "display": "Other acute pancreatitis with infected necrosis"
      }, {
        "code": "K859",
        "display": "Acute pancreatitis, unspecified"
      }, {
        "code": "K8590",
        "display": "Acute pancreatitis without necrosis or infection, unsp"
      }, {
        "code": "K8591",
        "display": "Acute pancreatitis with uninfected necrosis, unspecified"
      }, {
        "code": "K8592",
        "display": "Acute pancreatitis with infected necrosis, unspecified"
      } ]
    } ]
  }
}