{
  "resourceType": "ValueSet",
  "id": "J04",
  "url": "http://hl7.org/fhir/sid/icd-10-cm-703",
  "version": "1.0",
  "name": "Acute laryngitis and tracheitis",
  "title": "Acute laryngitis and tracheitis",
  "status": "active",
  "compose": {
    "include": [ {
      "system": "http://hl7.org/fhir/sid/icd-10-cm",
      "concept": [ {
        "code": "J040",
        "display": "Acute laryngitis"
      }, {
        "code": "J041",
        "display": "Acute tracheitis"
      }, {
        "code": "J0410",
        "display": "Acute tracheitis without obstruction"
      }, {
        "code": "J0411",
        "display": "Acute tracheitis with obstruction"
      }, {
        "code": "J042",
        "display": "Acute laryngotracheitis"
      }, {
        "code": "J043",
        "display": "Supraglottitis, unspecified"
      }, {
        "code": "J0430",
        "display": "Supraglottitis, unspecified, without obstruction"
      }, {
        "code": "J0431",
        "display": "Supraglottitis, unspecified, with obstruction"
      } ]
    } ]
  }
}