{
  "resourceType": "ValueSet",
  "id": "J05",
  "url": "http://hl7.org/fhir/sid/icd-10-cm-704",
  "version": "1.0",
  "name": "Acute obstructive laryngitis [croup] and epiglottitis",
  "title": "Acute obstructive laryngitis [croup] and epiglottitis",
  "status": "active",
  "compose": {
    "include": [ {
      "system": "http://hl7.org/fhir/sid/icd-10-cm",
      "concept": [ {
        "code": "J050",
        "display": "Acute obstructive laryngitis [croup]"
      }, {
        "code": "J051",
        "display": "Acute epiglottitis"
      }, {
        "code": "J0510",
        "display": "Acute epiglottitis without obstruction"
      }, {
        "code": "J0511",
        "display": "Acute epiglottitis with obstruction"
      } ]
    } ]
  }
}