{
  "resourceType": "ValueSet",
  "id": "J03",
  "url": "http://hl7.org/fhir/sid/icd-10-cm-702",
  "version": "1.0",
  "name": "Acute tonsillitis",
  "title": "Acute tonsillitis",
  "status": "active",
  "compose": {
    "include": [ {
      "system": "http://hl7.org/fhir/sid/icd-10-cm",
      "concept": [ {
        "code": "J030",
        "display": "Streptococcal tonsillitis"
      }, {
        "code": "J0300",
        "display": "Acute streptococcal tonsillitis, unspecified"
      }, {
        "code": "J0301",
        "display": "Acute recurrent streptococcal tonsillitis"
      }, {
        "code": "J038",
        "display": "Acute tonsillitis due to other specified organisms"
      }, {
        "code": "J0380",
        "display": "Acute tonsillitis due to other specified organisms"
      }, {
        "code": "J0381",
        "display": "Acute recurrent tonsillitis due to other specified organisms"
      }, {
        "code": "J039",
        "display": "Acute tonsillitis, unspecified"
      }, {
        "code": "J0390",
        "display": "Acute tonsillitis, unspecified"
      }, {
        "code": "J0391",
        "display": "Acute recurrent tonsillitis, unspecified"
      } ]
    } ]
  }
}