{
  "resourceType": "ValueSet",
  "id": "J02",
  "url": "http://hl7.org/fhir/sid/icd-10-cm-701",
  "version": "1.0",
  "name": "Acute pharyngitis",
  "title": "Acute pharyngitis",
  "status": "active",
  "compose": {
    "include": [ {
      "system": "http://hl7.org/fhir/sid/icd-10-cm",
      "concept": [ {
        "code": "J020",
        "display": "Streptococcal pharyngitis"
      }, {
        "code": "J028",
        "display": "Acute pharyngitis due to other specified organisms"
      }, {
        "code": "J029",
        "display": "Acute pharyngitis, unspecified"
      } ]
    } ]
  }
}