{
  "resourceType": "ValueSet",
  "id": "I33",
  "url": "http://hl7.org/fhir/sid/icd-10-cm-647",
  "version": "1.0",
  "name": "Acute and subacute endocarditis",
  "title": "Acute and subacute endocarditis",
  "status": "active",
  "compose": {
    "include": [ {
      "system": "http://hl7.org/fhir/sid/icd-10-cm",
      "concept": [ {
        "code": "I330",
        "display": "Acute and subacute infective endocarditis"
      }, {
        "code": "I339",
        "display": "Acute and subacute endocarditis, unspecified"
      } ]
    } ]
  }
}