{
  "resourceType": "ValueSet",
  "id": "N17",
  "url": "http://hl7.org/fhir/sid/icd-10-cm-1003",
  "version": "1.0",
  "name": "Acute kidney failure",
  "title": "Acute kidney failure",
  "status": "active",
  "compose": {
    "include": [ {
      "system": "http://hl7.org/fhir/sid/icd-10-cm",
      "concept": [ {
        "code": "N170",
        "display": "Acute kidney failure with tubular necrosis"
      }, {
        "code": "N171",
        "display": "Acute kidney failure with acute cortical necrosis"
      }, {
        "code": "N172",
        "display": "Acute kidney failure with medullary necrosis"
      }, {
        "code": "N178",
        "display": "Other acute kidney failure"
      }, {
        "code": "N179",
        "display": "Acute kidney failure, unspecified"
      } ]
    } ]
  }
}