{
  "resourceType": "ValueSet",
  "id": "J06",
  "url": "http://hl7.org/fhir/sid/icd-10-cm-705",
  "version": "1.0",
  "name": "Acute upper resp infections of multiple and unsp sites",
  "title": "Acute upper respiratory infections of multiple and unspecified sites",
  "status": "active",
  "compose": {
    "include": [ {
      "system": "http://hl7.org/fhir/sid/icd-10-cm",
      "concept": [ {
        "code": "J060",
        "display": "Acute laryngopharyngitis"
      }, {
        "code": "J069",
        "display": "Acute upper respiratory infection, unspecified"
      } ]
    } ]
  }
}