{
  "resourceType": "ValueSet",
  "id": "I30",
  "url": "http://hl7.org/fhir/sid/icd-10-cm-644",
  "version": "1.0",
  "name": "Acute pericarditis",
  "title": "Acute pericarditis",
  "status": "active",
  "compose": {
    "include": [ {
      "system": "http://hl7.org/fhir/sid/icd-10-cm",
      "concept": [ {
        "code": "I300",
        "display": "Acute nonspecific idiopathic pericarditis"
      }, {
        "code": "I301",
        "display": "Infective pericarditis"
      }, {
        "code": "I308",
        "display": "Other forms of acute pericarditis"
      }, {
        "code": "I309",
        "display": "Acute pericarditis, unspecified"
      } ]
    } ]
  }
}