{
  "resourceType": "ValueSet",
  "id": "E25",
  "url": "http://hl7.org/fhir/sid/icd-10-cm-364",
  "version": "1.0",
  "name": "Adrenogenital disorders",
  "title": "Adrenogenital disorders",
  "status": "active",
  "compose": {
    "include": [ {
      "system": "http://hl7.org/fhir/sid/icd-10-cm",
      "concept": [ {
        "code": "E250",
        "display": "Congenital adrenogenital disorders assoc w enzyme deficiency"
      }, {
        "code": "E258",
        "display": "Other adrenogenital disorders"
      }, {
        "code": "E259",
        "display": "Adrenogenital disorder, unspecified"
      } ]
    } ]
  }
}