{
  "resourceType": "ValueSet",
  "id": "T74",
  "url": "http://hl7.org/fhir/sid/icd-10-cm-1536",
  "version": "1.0",
  "name": "Adult and child abuse, neglect and oth maltreat, confirmed",
  "title": "Adult and child abuse, neglect and other maltreatment, confirmed",
  "status": "active",
  "compose": {
    "include": [ {
      "system": "http://hl7.org/fhir/sid/icd-10-cm",
      "concept": [ {
        "code": "T740",
        "display": "Neglect or abandonment, confirmed"
      }, {
        "code": "T7401",
        "display": "Adult neglect or abandonment, confirmed"
      }, {
        "code": "T7401XA",
        "display": "Adult neglect or abandonment, confirmed, initial encounter"
      }, {
        "code": "T7401XD",
        "display": "Adult neglect or abandonment, confirmed, subs encntr"
      }, {
        "code": "T7401XS",
        "display": "Adult neglect or abandonment, confirmed, sequela"
      }, {
        "code": "T7402",
        "display": "Child neglect or abandonment, confirmed"
      }, {
        "code": "T7402XA",
        "display": "Child neglect or abandonment, confirmed, initial encounter"
      }, {
        "code": "T7402XD",
        "display": "Child neglect or abandonment, confirmed, subs encntr"
      }, {
        "code": "T7402XS",
        "display": "Child neglect or abandonment, confirmed, sequela"
      }, {
        "code": "T741",
        "display": "Physical abuse, confirmed"
      }, {
        "code": "T7411",
        "display": "Adult physical abuse, confirmed"
      }, {
        "code": "T7411XA",
        "display": "Adult physical abuse, confirmed, initial encounter"
      }, {
        "code": "T7411XD",
        "display": "Adult physical abuse, confirmed, subsequent encounter"
      }, {
        "code": "T7411XS",
        "display": "Adult physical abuse, confirmed, sequela"
      }, {
        "code": "T7412",
        "display": "Child physical abuse, confirmed"
      }, {
        "code": "T7412XA",
        "display": "Child physical abuse, confirmed, initial encounter"
      }, {
        "code": "T7412XD",
        "display": "Child physical abuse, confirmed, subsequent encounter"
      }, {
        "code": "T7412XS",
        "display": "Child physical abuse, confirmed, sequela"
      }, {
        "code": "T742",
        "display": "Sexual abuse, confirmed"
      }, {
        "code": "T7421",
        "display": "Adult sexual abuse, confirmed"
      }, {
        "code": "T7421XA",
        "display": "Adult sexual abuse, confirmed, initial encounter"
      }, {
        "code": "T7421XD",
        "display": "Adult sexual abuse, confirmed, subsequent encounter"
      }, {
        "code": "T7421XS",
        "display": "Adult sexual abuse, confirmed, sequela"
      }, {
        "code": "T7422",
        "display": "Child sexual abuse, confirmed"
      }, {
        "code": "T7422XA",
        "display": "Child sexual abuse, confirmed, initial encounter"
      }, {
        "code": "T7422XD",
        "display": "Child sexual abuse, confirmed, subsequent encounter"
      }, {
        "code": "T7422XS",
        "display": "Child sexual abuse, confirmed, sequela"
      }, {
        "code": "T743",
        "display": "Psychological abuse, confirmed"
      }, {
        "code": "T7431",
        "display": "Adult psychological abuse, confirmed"
      }, {
        "code": "T7431XA",
        "display": "Adult psychological abuse, confirmed, initial encounter"
      }, {
        "code": "T7431XD",
        "display": "Adult psychological abuse, confirmed, subsequent encounter"
      }, {
        "code": "T7431XS",
        "display": "Adult psychological abuse, confirmed, sequela"
      }, {
        "code": "T7432",
        "display": "Child psychological abuse, confirmed"
      }, {
        "code": "T7432XA",
        "display": "Child psychological abuse, confirmed, initial encounter"
      }, {
        "code": "T7432XD",
        "display": "Child psychological abuse, confirmed, subsequent encounter"
      }, {
        "code": "T7432XS",
        "display": "Child psychological abuse, confirmed, sequela"
      }, {
        "code": "T744",
        "display": "Shaken infant syndrome"
      }, {
        "code": "T744XXA",
        "display": "Shaken infant syndrome, initial encounter"
      }, {
        "code": "T744XXD",
        "display": "Shaken infant syndrome, subsequent encounter"
      }, {
        "code": "T744XXS",
        "display": "Shaken infant syndrome, sequela"
      }, {
        "code": "T745",
        "display": "Forced sexual exploitation, confirmed"
      }, {
        "code": "T7451",
        "display": "Adult forced sexual exploitation, confirmed"
      }, {
        "code": "T7451XA",
        "display": "Adult forced sexual exploitation, confirmed, init"
      }, {
        "code": "T7451XD",
        "display": "Adult forced sexual exploitation, confirmed, subs"
      }, {
        "code": "T7451XS",
        "display": "Adult forced sexual exploitation, confirmed, sequela"
      }, {
        "code": "T7452",
        "display": "Child sexual exploitation, confirmed"
      }, {
        "code": "T7452XA",
        "display": "Child sexual exploitation, confirmed, initial encounter"
      }, {
        "code": "T7452XD",
        "display": "Child sexual exploitation, confirmed, subsequent encounter"
      }, {
        "code": "T7452XS",
        "display": "Child sexual exploitation, confirmed, sequela"
      }, {
        "code": "T746",
        "display": "Forced labor exploitation, confirmed"
      }, {
        "code": "T7461",
        "display": "Adult forced labor exploitation, confirmed"
      }, {
        "code": "T7461XA",
        "display": "Adult forced labor exploitation, confirmed, init"
      }, {
        "code": "T7461XD",
        "display": "Adult forced labor exploitation, confirmed, subs"
      }, {
        "code": "T7461XS",
        "display": "Adult forced labor exploitation, confirmed, sequela"
      }, {
        "code": "T7462",
        "display": "Child forced labor exploitation, confirmed"
      }, {
        "code": "T7462XA",
        "display": "Child forced labor exploitation, confirmed, init"
      }, {
        "code": "T7462XD",
        "display": "Child forced labor exploitation, confirmed, subs"
      }, {
        "code": "T7462XS",
        "display": "Child forced labor exploitation, confirmed, sequela"
      }, {
        "code": "T749",
        "display": "Unspecified maltreatment, confirmed"
      }, {
        "code": "T7491",
        "display": "Unspecified adult maltreatment, confirmed"
      }, {
        "code": "T7491XA",
        "display": "Unspecified adult maltreatment, confirmed, initial encounter"
      }, {
        "code": "T7491XD",
        "display": "Unspecified adult maltreatment, confirmed, subs encntr"
      }, {
        "code": "T7491XS",
        "display": "Unspecified adult maltreatment, confirmed, sequela"
      }, {
        "code": "T7492",
        "display": "Unspecified child maltreatment, confirmed"
      }, {
        "code": "T7492XA",
        "display": "Unspecified child maltreatment, confirmed, initial encounter"
      }, {
        "code": "T7492XD",
        "display": "Unspecified child maltreatment, confirmed, subs encntr"
      }, {
        "code": "T7492XS",
        "display": "Unspecified child maltreatment, confirmed, sequela"
      } ]
    } ]
  }
}