{
  "resourceType": "ValueSet",
  "id": "M83",
  "url": "http://hl7.org/fhir/sid/icd-10-cm-971",
  "version": "1.0",
  "name": "Adult osteomalacia",
  "title": "Adult osteomalacia",
  "status": "active",
  "compose": {
    "include": [ {
      "system": "http://hl7.org/fhir/sid/icd-10-cm",
      "concept": [ {
        "code": "M830",
        "display": "Puerperal osteomalacia"
      }, {
        "code": "M831",
        "display": "Senile osteomalacia"
      }, {
        "code": "M832",
        "display": "Adult osteomalacia due to malabsorption"
      }, {
        "code": "M833",
        "display": "Adult osteomalacia due to malnutrition"
      }, {
        "code": "M834",
        "display": "Aluminum bone disease"
      }, {
        "code": "M835",
        "display": "Other drug-induced osteomalacia in adults"
      }, {
        "code": "M838",
        "display": "Other adult osteomalacia"
      }, {
        "code": "M839",
        "display": "Adult osteomalacia, unspecified"
      } ]
    } ]
  }
}