{
  "resourceType": "ValueSet",
  "id": "T76",
  "url": "http://hl7.org/fhir/sid/icd-10-cm-1538",
  "version": "1.0",
  "name": "Adult and child abuse, neglect and oth maltreat, suspected",
  "title": "Adult and child abuse, neglect and other maltreatment, suspected",
  "status": "active",
  "compose": {
    "include": [ {
      "system": "http://hl7.org/fhir/sid/icd-10-cm",
      "concept": [ {
        "code": "T760",
        "display": "Neglect or abandonment, suspected"
      }, {
        "code": "T7601",
        "display": "Adult neglect or abandonment, suspected"
      }, {
        "code": "T7601XA",
        "display": "Adult neglect or abandonment, suspected, initial encounter"
      }, {
        "code": "T7601XD",
        "display": "Adult neglect or abandonment, suspected, subs encntr"
      }, {
        "code": "T7601XS",
        "display": "Adult neglect or abandonment, suspected, sequela"
      }, {
        "code": "T7602",
        "display": "Child neglect or abandonment, suspected"
      }, {
        "code": "T7602XA",
        "display": "Child neglect or abandonment, suspected, initial encounter"
      }, {
        "code": "T7602XD",
        "display": "Child neglect or abandonment, suspected, subs encntr"
      }, {
        "code": "T7602XS",
        "display": "Child neglect or abandonment, suspected, sequela"
      }, {
        "code": "T761",
        "display": "Physical abuse, suspected"
      }, {
        "code": "T7611",
        "display": "Adult physical abuse, suspected"
      }, {
        "code": "T7611XA",
        "display": "Adult physical abuse, suspected, initial encounter"
      }, {
        "code": "T7611XD",
        "display": "Adult physical abuse, suspected, subsequent encounter"
      }, {
        "code": "T7611XS",
        "display": "Adult physical abuse, suspected, sequela"
      }, {
        "code": "T7612",
        "display": "Child physical abuse, suspected"
      }, {
        "code": "T7612XA",
        "display": "Child physical abuse, suspected, initial encounter"
      }, {
        "code": "T7612XD",
        "display": "Child physical abuse, suspected, subsequent encounter"
      }, {
        "code": "T7612XS",
        "display": "Child physical abuse, suspected, sequela"
      }, {
        "code": "T762",
        "display": "Sexual abuse, suspected"
      }, {
        "code": "T7621",
        "display": "Adult sexual abuse, suspected"
      }, {
        "code": "T7621XA",
        "display": "Adult sexual abuse, suspected, initial encounter"
      }, {
        "code": "T7621XD",
        "display": "Adult sexual abuse, suspected, subsequent encounter"
      }, {
        "code": "T7621XS",
        "display": "Adult sexual abuse, suspected, sequela"
      }, {
        "code": "T7622",
        "display": "Child sexual abuse, suspected"
      }, {
        "code": "T7622XA",
        "display": "Child sexual abuse, suspected, initial encounter"
      }, {
        "code": "T7622XD",
        "display": "Child sexual abuse, suspected, subsequent encounter"
      }, {
        "code": "T7622XS",
        "display": "Child sexual abuse, suspected, sequela"
      }, {
        "code": "T763",
        "display": "Psychological abuse, suspected"
      }, {
        "code": "T7631",
        "display": "Adult psychological abuse, suspected"
      }, {
        "code": "T7631XA",
        "display": "Adult psychological abuse, suspected, initial encounter"
      }, {
        "code": "T7631XD",
        "display": "Adult psychological abuse, suspected, subsequent encounter"
      }, {
        "code": "T7631XS",
        "display": "Adult psychological abuse, suspected, sequela"
      }, {
        "code": "T7632",
        "display": "Child psychological abuse, suspected"
      }, {
        "code": "T7632XA",
        "display": "Child psychological abuse, suspected, initial encounter"
      }, {
        "code": "T7632XD",
        "display": "Child psychological abuse, suspected, subsequent encounter"
      }, {
        "code": "T7632XS",
        "display": "Child psychological abuse, suspected, sequela"
      }, {
        "code": "T765",
        "display": "Forced sexual exploitation, suspected"
      }, {
        "code": "T7651",
        "display": "Adult forced sexual exploitation, suspected"
      }, {
        "code": "T7651XA",
        "display": "Adult forced sexual exploitation, suspected, init"
      }, {
        "code": "T7651XD",
        "display": "Adult forced sexual exploitation, suspected, subs"
      }, {
        "code": "T7651XS",
        "display": "Adult forced sexual exploitation, suspected, sequela"
      }, {
        "code": "T7652",
        "display": "Child sexual exploitation, suspected"
      }, {
        "code": "T7652XA",
        "display": "Child sexual exploitation, suspected, initial encounter"
      }, {
        "code": "T7652XD",
        "display": "Child sexual exploitation, suspected, subsequent encounter"
      }, {
        "code": "T7652XS",
        "display": "Child sexual exploitation, suspected, sequela"
      }, {
        "code": "T766",
        "display": "Forced labor exploitation, suspected"
      }, {
        "code": "T7661",
        "display": "Adult forced labor exploitation, suspected"
      }, {
        "code": "T7661XA",
        "display": "Adult forced labor exploitation, suspected, init"
      }, {
        "code": "T7661XD",
        "display": "Adult forced labor exploitation, suspected, subs"
      }, {
        "code": "T7661XS",
        "display": "Adult forced labor exploitation, suspected, sequela"
      }, {
        "code": "T7662",
        "display": "Child forced labor exploitation, suspected"
      }, {
        "code": "T7662XA",
        "display": "Child forced labor exploitation, suspected, init"
      }, {
        "code": "T7662XD",
        "display": "Child forced labor exploitation, suspected, subs"
      }, {
        "code": "T7662XS",
        "display": "Child forced labor exploitation, suspected, sequela"
      }, {
        "code": "T769",
        "display": "Unspecified maltreatment, suspected"
      }, {
        "code": "T7691",
        "display": "Unspecified adult maltreatment, suspected"
      }, {
        "code": "T7691XA",
        "display": "Unspecified adult maltreatment, suspected, initial encounter"
      }, {
        "code": "T7691XD",
        "display": "Unspecified adult maltreatment, suspected, subs encntr"
      }, {
        "code": "T7691XS",
        "display": "Unspecified adult maltreatment, suspected, sequela"
      }, {
        "code": "T7692",
        "display": "Unspecified child maltreatment, suspected"
      }, {
        "code": "T7692XA",
        "display": "Unspecified child maltreatment, suspected, initial encounter"
      }, {
        "code": "T7692XD",
        "display": "Unspecified child maltreatment, suspected, subs encntr"
      }, {
        "code": "T7692XS",
        "display": "Unspecified child maltreatment, suspected, sequela"
      } ]
    } ]
  }
}