{
  "resourceType": "ValueSet",
  "id": "T78",
  "url": "http://hl7.org/fhir/sid/icd-10-cm-1539",
  "version": "1.0",
  "name": "Adverse effects, not elsewhere classified",
  "title": "Adverse effects, not elsewhere classified",
  "status": "active",
  "compose": {
    "include": [ {
      "system": "http://hl7.org/fhir/sid/icd-10-cm",
      "concept": [ {
        "code": "T780",
        "display": "Anaphylactic reaction due to food"
      }, {
        "code": "T7800",
        "display": "Anaphylactic reaction due to unspecified food"
      }, {
        "code": "T7800XA",
        "display": "Anaphylactic reaction due to unspecified food, init encntr"
      }, {
        "code": "T7800XD",
        "display": "Anaphylactic reaction due to unspecified food, subs encntr"
      }, {
        "code": "T7800XS",
        "display": "Anaphylactic reaction due to unspecified food, sequela"
      }, {
        "code": "T7801",
        "display": "Anaphylactic reaction due to peanuts"
      }, {
        "code": "T7801XA",
        "display": "Anaphylactic reaction due to peanuts, initial encounter"
      }, {
        "code": "T7801XD",
        "display": "Anaphylactic reaction due to peanuts, subsequent encounter"
      }, {
        "code": "T7801XS",
        "display": "Anaphylactic reaction due to peanuts, sequela"
      }, {
        "code": "T7802",
        "display": "Anaphylactic reaction due to shellfish (crustaceans)"
      }, {
        "code": "T7802XA",
        "display": "Anaphylactic reaction due to shellfish (crustaceans), init"
      }, {
        "code": "T7802XD",
        "display": "Anaphylactic reaction due to shellfish (crustaceans), subs"
      }, {
        "code": "T7802XS",
        "display": "Anaphyl reaction due to shellfish (crustaceans), sequela"
      }, {
        "code": "T7803",
        "display": "Anaphylactic reaction due to other fish"
      }, {
        "code": "T7803XA",
        "display": "Anaphylactic reaction due to other fish, initial encounter"
      }, {
        "code": "T7803XD",
        "display": "Anaphylactic reaction due to other fish, subs encntr"
      }, {
        "code": "T7803XS",
        "display": "Anaphylactic reaction due to other fish, sequela"
      }, {
        "code": "T7804",
        "display": "Anaphylactic reaction due to fruits and vegetables"
      }, {
        "code": "T7804XA",
        "display": "Anaphylactic reaction due to fruits and vegetables, init"
      }, {
        "code": "T7804XD",
        "display": "Anaphylactic reaction due to fruits and vegetables, subs"
      }, {
        "code": "T7804XS",
        "display": "Anaphylactic reaction due to fruits and vegetables, sequela"
      }, {
        "code": "T7805",
        "display": "Anaphylactic reaction due to tree nuts and seeds"
      }, {
        "code": "T7805XA",
        "display": "Anaphylactic reaction due to tree nuts and seeds, init"
      }, {
        "code": "T7805XD",
        "display": "Anaphylactic reaction due to tree nuts and seeds, subs"
      }, {
        "code": "T7805XS",
        "display": "Anaphylactic reaction due to tree nuts and seeds, sequela"
      }, {
        "code": "T7806",
        "display": "Anaphylactic reaction due to food additives"
      }, {
        "code": "T7806XA",
        "display": "Anaphylactic reaction due to food additives, init encntr"
      }, {
        "code": "T7806XD",
        "display": "Anaphylactic reaction due to food additives, subs encntr"
      }, {
        "code": "T7806XS",
        "display": "Anaphylactic reaction due to food additives, sequela"
      }, {
        "code": "T7807",
        "display": "Anaphylactic reaction due to milk and dairy products"
      }, {
        "code": "T7807XA",
        "display": "Anaphylactic reaction due to milk and dairy products, init"
      }, {
        "code": "T7807XD",
        "display": "Anaphylactic reaction due to milk and dairy products, subs"
      }, {
        "code": "T7807XS",
        "display": "Anaphyl reaction due to milk and dairy products, sequela"
      }, {
        "code": "T7808",
        "display": "Anaphylactic reaction due to eggs"
      }, {
        "code": "T7808XA",
        "display": "Anaphylactic reaction due to eggs, initial encounter"
      }, {
        "code": "T7808XD",
        "display": "Anaphylactic reaction due to eggs, subsequent encounter"
      }, {
        "code": "T7808XS",
        "display": "Anaphylactic reaction due to eggs, sequela"
      }, {
        "code": "T7809",
        "display": "Anaphylactic reaction due to other food products"
      }, {
        "code": "T7809XA",
        "display": "Anaphylactic reaction due to oth food products, init encntr"
      }, {
        "code": "T7809XD",
        "display": "Anaphylactic reaction due to oth food products, subs encntr"
      }, {
        "code": "T7809XS",
        "display": "Anaphylactic reaction due to other food products, sequela"
      }, {
        "code": "T781",
        "display": "Other adverse food reactions, not elsewhere classified"
      }, {
        "code": "T781XXA",
        "display": "Oth adverse food reactions, not elsewhere classified, init"
      }, {
        "code": "T781XXD",
        "display": "Oth adverse food reactions, not elsewhere classified, subs"
      }, {
        "code": "T781XXS",
        "display": "Oth adverse food reactions, NEC, sequela"
      }, {
        "code": "T782",
        "display": "Anaphylactic shock, unspecified"
      }, {
        "code": "T782XXA",
        "display": "Anaphylactic shock, unspecified, initial encounter"
      }, {
        "code": "T782XXD",
        "display": "Anaphylactic shock, unspecified, subsequent encounter"
      }, {
        "code": "T782XXS",
        "display": "Anaphylactic shock, unspecified, sequela"
      }, {
        "code": "T783",
        "display": "Angioneurotic edema"
      }, {
        "code": "T783XXA",
        "display": "Angioneurotic edema, initial encounter"
      }, {
        "code": "T783XXD",
        "display": "Angioneurotic edema, subsequent encounter"
      }, {
        "code": "T783XXS",
        "display": "Angioneurotic edema, sequela"
      }, {
        "code": "T784",
        "display": "Other and unspecified allergy"
      }, {
        "code": "T7840",
        "display": "Allergy, unspecified"
      }, {
        "code": "T7840XA",
        "display": "Allergy, unspecified, initial encounter"
      }, {
        "code": "T7840XD",
        "display": "Allergy, unspecified, subsequent encounter"
      }, {
        "code": "T7840XS",
        "display": "Allergy, unspecified, sequela"
      }, {
        "code": "T7841",
        "display": "Arthus phenomenon"
      }, {
        "code": "T7841XA",
        "display": "Arthus phenomenon, initial encounter"
      }, {
        "code": "T7841XD",
        "display": "Arthus phenomenon, subsequent encounter"
      }, {
        "code": "T7841XS",
        "display": "Arthus phenomenon, sequela"
      }, {
        "code": "T7849",
        "display": "Other allergy"
      }, {
        "code": "T7849XA",
        "display": "Other allergy, initial encounter"
      }, {
        "code": "T7849XD",
        "display": "Other allergy, subsequent encounter"
      }, {
        "code": "T7849XS",
        "display": "Other allergy, sequela"
      }, {
        "code": "T788",
        "display": "Other adverse effects, not elsewhere classified"
      }, {
        "code": "T788XXA",
        "display": "Other adverse effects, not elsewhere classified, init encntr"
      }, {
        "code": "T788XXD",
        "display": "Other adverse effects, not elsewhere classified, subs encntr"
      }, {
        "code": "T788XXS",
        "display": "Other adverse effects, not elsewhere classified, sequela"
      } ]
    } ]
  }
}