{
  "resourceType": "ValueSet",
  "id": "B56",
  "url": "http://hl7.org/fhir/sid/icd-10-cm-130",
  "version": "1.0",
  "name": "African trypanosomiasis",
  "title": "African trypanosomiasis",
  "status": "active",
  "compose": {
    "include": [ {
      "system": "http://hl7.org/fhir/sid/icd-10-cm",
      "concept": [ {
        "code": "B560",
        "display": "Gambiense trypanosomiasis"
      }, {
        "code": "B561",
        "display": "Rhodesiense trypanosomiasis"
      }, {
        "code": "B569",
        "display": "African trypanosomiasis, unspecified"
      } ]
    } ]
  }
}