{
  "resourceType": "ValueSet",
  "id": "H25",
  "url": "http://hl7.org/fhir/sid/icd-10-cm-571",
  "version": "1.0",
  "name": "Age-related cataract",
  "title": "Age-related cataract",
  "status": "active",
  "compose": {
    "include": [ {
      "system": "http://hl7.org/fhir/sid/icd-10-cm",
      "concept": [ {
        "code": "H250",
        "display": "Age-related incipient cataract"
      }, {
        "code": "H2501",
        "display": "Cortical age-related cataract"
      }, {
        "code": "H25011",
        "display": "Cortical age-related cataract, right eye"
      }, {
        "code": "H25012",
        "display": "Cortical age-related cataract, left eye"
      }, {
        "code": "H25013",
        "display": "Cortical age-related cataract, bilateral"
      }, {
        "code": "H25019",
        "display": "Cortical age-related cataract, unspecified eye"
      }, {
        "code": "H2503",
        "display": "Anterior subcapsular polar age-related cataract"
      }, {
        "code": "H25031",
        "display": "Anterior subcapsular polar age-related cataract, right eye"
      }, {
        "code": "H25032",
        "display": "Anterior subcapsular polar age-related cataract, left eye"
      }, {
        "code": "H25033",
        "display": "Anterior subcapsular polar age-related cataract, bilateral"
      }, {
        "code": "H25039",
        "display": "Anterior subcapsular polar age-related cataract, unsp eye"
      }, {
        "code": "H2504",
        "display": "Posterior subcapsular polar age-related cataract"
      }, {
        "code": "H25041",
        "display": "Posterior subcapsular polar age-related cataract, right eye"
      }, {
        "code": "H25042",
        "display": "Posterior subcapsular polar age-related cataract, left eye"
      }, {
        "code": "H25043",
        "display": "Posterior subcapsular polar age-related cataract, bilateral"
      }, {
        "code": "H25049",
        "display": "Posterior subcapsular polar age-related cataract, unsp eye"
      }, {
        "code": "H2509",
        "display": "Other age-related incipient cataract"
      }, {
        "code": "H25091",
        "display": "Other age-related incipient cataract, right eye"
      }, {
        "code": "H25092",
        "display": "Other age-related incipient cataract, left eye"
      }, {
        "code": "H25093",
        "display": "Other age-related incipient cataract, bilateral"
      }, {
        "code": "H25099",
        "display": "Other age-related incipient cataract, unspecified eye"
      }, {
        "code": "H251",
        "display": "Age-related nuclear cataract"
      }, {
        "code": "H2510",
        "display": "Age-related nuclear cataract, unspecified eye"
      }, {
        "code": "H2511",
        "display": "Age-related nuclear cataract, right eye"
      }, {
        "code": "H2512",
        "display": "Age-related nuclear cataract, left eye"
      }, {
        "code": "H2513",
        "display": "Age-related nuclear cataract, bilateral"
      }, {
        "code": "H252",
        "display": "Age-related cataract, morgagnian type"
      }, {
        "code": "H2520",
        "display": "Age-related cataract, morgagnian type, unspecified eye"
      }, {
        "code": "H2521",
        "display": "Age-related cataract, morgagnian type, right eye"
      }, {
        "code": "H2522",
        "display": "Age-related cataract, morgagnian type, left eye"
      }, {
        "code": "H2523",
        "display": "Age-related cataract, morgagnian type, bilateral"
      }, {
        "code": "H258",
        "display": "Other age-related cataract"
      }, {
        "code": "H2581",
        "display": "Combined forms of age-related cataract"
      }, {
        "code": "H25811",
        "display": "Combined forms of age-related cataract, right eye"
      }, {
        "code": "H25812",
        "display": "Combined forms of age-related cataract, left eye"
      }, {
        "code": "H25813",
        "display": "Combined forms of age-related cataract, bilateral"
      }, {
        "code": "H25819",
        "display": "Combined forms of age-related cataract, unspecified eye"
      }, {
        "code": "H2589",
        "display": "Other age-related cataract"
      }, {
        "code": "H259",
        "display": "Unspecified age-related cataract"
      } ]
    } ]
  }
}