{
  "resourceType": "ValueSet",
  "id": "J66",
  "url": "http://hl7.org/fhir/sid/icd-10-cm-742",
  "version": "1.0",
  "name": "Airway disease due to specific organic dust",
  "title": "Airway disease due to specific organic dust",
  "status": "active",
  "compose": {
    "include": [ {
      "system": "http://hl7.org/fhir/sid/icd-10-cm",
      "concept": [ {
        "code": "J660",
        "display": "Byssinosis"
      }, {
        "code": "J661",
        "display": "Flax-dressers' disease"
      }, {
        "code": "J662",
        "display": "Cannabinosis"
      }, {
        "code": "J668",
        "display": "Airway disease due to other specific organic dusts"
      } ]
    } ]
  }
}