{
  "resourceType": "ValueSet",
  "id": "F10",
  "url": "http://hl7.org/fhir/sid/icd-10-cm-425",
  "version": "1.0",
  "name": "Alcohol related disorders",
  "title": "Alcohol related disorders",
  "status": "active",
  "compose": {
    "include": [ {
      "system": "http://hl7.org/fhir/sid/icd-10-cm",
      "concept": [ {
        "code": "F101",
        "display": "Alcohol abuse"
      }, {
        "code": "F1010",
        "display": "Alcohol abuse, uncomplicated"
      }, {
        "code": "F1011",
        "display": "Alcohol abuse, in remission"
      }, {
        "code": "F1012",
        "display": "Alcohol abuse with intoxication"
      }, {
        "code": "F10120",
        "display": "Alcohol abuse with intoxication, uncomplicated"
      }, {
        "code": "F10121",
        "display": "Alcohol abuse with intoxication delirium"
      }, {
        "code": "F10129",
        "display": "Alcohol abuse with intoxication, unspecified"
      }, {
        "code": "F1014",
        "display": "Alcohol abuse with alcohol-induced mood disorder"
      }, {
        "code": "F1015",
        "display": "Alcohol abuse with alcohol-induced psychotic disorder"
      }, {
        "code": "F10150",
        "display": "Alcohol abuse w alcoh-induce psychotic disorder w delusions"
      }, {
        "code": "F10151",
        "display": "Alcohol abuse w alcoh-induce psychotic disorder w hallucin"
      }, {
        "code": "F10159",
        "display": "Alcohol abuse with alcohol-induced psychotic disorder, unsp"
      }, {
        "code": "F1018",
        "display": "Alcohol abuse with other alcohol-induced disorders"
      }, {
        "code": "F10180",
        "display": "Alcohol abuse with alcohol-induced anxiety disorder"
      }, {
        "code": "F10181",
        "display": "Alcohol abuse with alcohol-induced sexual dysfunction"
      }, {
        "code": "F10182",
        "display": "Alcohol abuse with alcohol-induced sleep disorder"
      }, {
        "code": "F10188",
        "display": "Alcohol abuse with other alcohol-induced disorder"
      }, {
        "code": "F1019",
        "display": "Alcohol abuse with unspecified alcohol-induced disorder"
      }, {
        "code": "F102",
        "display": "Alcohol dependence"
      }, {
        "code": "F1020",
        "display": "Alcohol dependence, uncomplicated"
      }, {
        "code": "F1021",
        "display": "Alcohol dependence, in remission"
      }, {
        "code": "F1022",
        "display": "Alcohol dependence with intoxication"
      }, {
        "code": "F10220",
        "display": "Alcohol dependence with intoxication, uncomplicated"
      }, {
        "code": "F10221",
        "display": "Alcohol dependence with intoxication delirium"
      }, {
        "code": "F10229",
        "display": "Alcohol dependence with intoxication, unspecified"
      }, {
        "code": "F1023",
        "display": "Alcohol dependence with withdrawal"
      }, {
        "code": "F10230",
        "display": "Alcohol dependence with withdrawal, uncomplicated"
      }, {
        "code": "F10231",
        "display": "Alcohol dependence with withdrawal delirium"
      }, {
        "code": "F10232",
        "display": "Alcohol dependence w withdrawal with perceptual disturbance"
      }, {
        "code": "F10239",
        "display": "Alcohol dependence with withdrawal, unspecified"
      }, {
        "code": "F1024",
        "display": "Alcohol dependence with alcohol-induced mood disorder"
      }, {
        "code": "F1025",
        "display": "Alcohol dependence with alcohol-induced psychotic disorder"
      }, {
        "code": "F10250",
        "display": "Alcohol depend w alcoh-induce psychotic disorder w delusions"
      }, {
        "code": "F10251",
        "display": "Alcohol depend w alcoh-induce psychotic disorder w hallucin"
      }, {
        "code": "F10259",
        "display": "Alcohol dependence w alcoh-induce psychotic disorder, unsp"
      }, {
        "code": "F1026",
        "display": "Alcohol depend w alcoh-induce persisting amnestic disorder"
      }, {
        "code": "F1027",
        "display": "Alcohol dependence with alcohol-induced persisting dementia"
      }, {
        "code": "F1028",
        "display": "Alcohol dependence with other alcohol-induced disorders"
      }, {
        "code": "F10280",
        "display": "Alcohol dependence with alcohol-induced anxiety disorder"
      }, {
        "code": "F10281",
        "display": "Alcohol dependence with alcohol-induced sexual dysfunction"
      }, {
        "code": "F10282",
        "display": "Alcohol dependence with alcohol-induced sleep disorder"
      }, {
        "code": "F10288",
        "display": "Alcohol dependence with other alcohol-induced disorder"
      }, {
        "code": "F1029",
        "display": "Alcohol dependence with unspecified alcohol-induced disorder"
      }, {
        "code": "F109",
        "display": "Alcohol use, unspecified"
      }, {
        "code": "F1092",
        "display": "Alcohol use, unspecified with intoxication"
      }, {
        "code": "F10920",
        "display": "Alcohol use, unspecified with intoxication, uncomplicated"
      }, {
        "code": "F10921",
        "display": "Alcohol use, unspecified with intoxication delirium"
      }, {
        "code": "F10929",
        "display": "Alcohol use, unspecified with intoxication, unspecified"
      }, {
        "code": "F1094",
        "display": "Alcohol use, unspecified with alcohol-induced mood disorder"
      }, {
        "code": "F1095",
        "display": "Alcohol use, unsp with alcohol-induced psychotic disorder"
      }, {
        "code": "F10950",
        "display": "Alcohol use, unsp w alcoh-induce psych disorder w delusions"
      }, {
        "code": "F10951",
        "display": "Alcohol use, unsp w alcoh-induce psych disorder w hallucin"
      }, {
        "code": "F10959",
        "display": "Alcohol use, unsp w alcohol-induced psychotic disorder, unsp"
      }, {
        "code": "F1096",
        "display": "Alcohol use, unsp w alcoh-induce persist amnestic disorder"
      }, {
        "code": "F1097",
        "display": "Alcohol use, unsp with alcohol-induced persisting dementia"
      }, {
        "code": "F1098",
        "display": "Alcohol use, unsp with other alcohol-induced disorders"
      }, {
        "code": "F10980",
        "display": "Alcohol use, unsp with alcohol-induced anxiety disorder"
      }, {
        "code": "F10981",
        "display": "Alcohol use, unsp with alcohol-induced sexual dysfunction"
      }, {
        "code": "F10982",
        "display": "Alcohol use, unspecified with alcohol-induced sleep disorder"
      }, {
        "code": "F10988",
        "display": "Alcohol use, unspecified with other alcohol-induced disorder"
      }, {
        "code": "F1099",
        "display": "Alcohol use, unsp with unspecified alcohol-induced disorder"
      } ]
    } ]
  }
}