{
  "resourceType": "ValueSet",
  "id": "K70",
  "url": "http://hl7.org/fhir/sid/icd-10-cm-814",
  "version": "1.0",
  "name": "Alcoholic liver disease",
  "title": "Alcoholic liver disease",
  "status": "active",
  "compose": {
    "include": [ {
      "system": "http://hl7.org/fhir/sid/icd-10-cm",
      "concept": [ {
        "code": "K700",
        "display": "Alcoholic fatty liver"
      }, {
        "code": "K701",
        "display": "Alcoholic hepatitis"
      }, {
        "code": "K7010",
        "display": "Alcoholic hepatitis without ascites"
      }, {
        "code": "K7011",
        "display": "Alcoholic hepatitis with ascites"
      }, {
        "code": "K702",
        "display": "Alcoholic fibrosis and sclerosis of liver"
      }, {
        "code": "K703",
        "display": "Alcoholic cirrhosis of liver"
      }, {
        "code": "K7030",
        "display": "Alcoholic cirrhosis of liver without ascites"
      }, {
        "code": "K7031",
        "display": "Alcoholic cirrhosis of liver with ascites"
      }, {
        "code": "K704",
        "display": "Alcoholic hepatic failure"
      }, {
        "code": "K7040",
        "display": "Alcoholic hepatic failure without coma"
      }, {
        "code": "K7041",
        "display": "Alcoholic hepatic failure with coma"
      }, {
        "code": "K709",
        "display": "Alcoholic liver disease, unspecified"
      } ]
    } ]
  }
}