{
  "resourceType": "ValueSet",
  "id": "L23",
  "url": "http://hl7.org/fhir/sid/icd-10-cm-849",
  "version": "1.0",
  "name": "Allergic contact dermatitis",
  "title": "Allergic contact dermatitis",
  "status": "active",
  "compose": {
    "include": [ {
      "system": "http://hl7.org/fhir/sid/icd-10-cm",
      "concept": [ {
        "code": "L230",
        "display": "Allergic contact dermatitis due to metals"
      }, {
        "code": "L231",
        "display": "Allergic contact dermatitis due to adhesives"
      }, {
        "code": "L232",
        "display": "Allergic contact dermatitis due to cosmetics"
      }, {
        "code": "L233",
        "display": "Allergic contact dermatitis due to drugs in contact w skin"
      }, {
        "code": "L234",
        "display": "Allergic contact dermatitis due to dyes"
      }, {
        "code": "L235",
        "display": "Allergic contact dermatitis due to other chemical products"
      }, {
        "code": "L236",
        "display": "Allergic contact dermatitis due to food in contact w skin"
      }, {
        "code": "L237",
        "display": "Allergic contact dermatitis due to plants, except food"
      }, {
        "code": "L238",
        "display": "Allergic contact dermatitis due to other agents"
      }, {
        "code": "L2381",
        "display": "Allergic contact dermatitis due to animal (cat) (dog) dander"
      }, {
        "code": "L2389",
        "display": "Allergic contact dermatitis due to other agents"
      }, {
        "code": "L239",
        "display": "Allergic contact dermatitis, unspecified cause"
      } ]
    } ]
  }
}