{
  "resourceType": "ValueSet",
  "id": "L63",
  "url": "http://hl7.org/fhir/sid/icd-10-cm-876",
  "version": "1.0",
  "name": "Alopecia areata",
  "title": "Alopecia areata",
  "status": "active",
  "compose": {
    "include": [ {
      "system": "http://hl7.org/fhir/sid/icd-10-cm",
      "concept": [ {
        "code": "L630",
        "display": "Alopecia (capitis) totalis"
      }, {
        "code": "L631",
        "display": "Alopecia universalis"
      }, {
        "code": "L632",
        "display": "Ophiasis"
      }, {
        "code": "L638",
        "display": "Other alopecia areata"
      }, {
        "code": "L639",
        "display": "Alopecia areata, unspecified"
      } ]
    } ]
  }
}