{
  "resourceType": "ValueSet",
  "id": "G30",
  "url": "http://hl7.org/fhir/sid/icd-10-cm-510",
  "version": "1.0",
  "name": "Alzheimer's disease",
  "title": "Alzheimer's disease",
  "status": "active",
  "compose": {
    "include": [ {
      "system": "http://hl7.org/fhir/sid/icd-10-cm",
      "concept": [ {
        "code": "G300",
        "display": "Alzheimer's disease with early onset"
      }, {
        "code": "G301",
        "display": "Alzheimer's disease with late onset"
      }, {
        "code": "G308",
        "display": "Other Alzheimer's disease"
      }, {
        "code": "G309",
        "display": "Alzheimer's disease, unspecified"
      } ]
    } ]
  }
}