{
  "resourceType": "ValueSet",
  "id": "A06",
  "url": "http://hl7.org/fhir/sid/icd-10-cm-7",
  "version": "1.0",
  "name": "Amebiasis",
  "title": "Amebiasis",
  "status": "active",
  "compose": {
    "include": [ {
      "system": "http://hl7.org/fhir/sid/icd-10-cm",
      "concept": [ {
        "code": "A060",
        "display": "Acute amebic dysentery"
      }, {
        "code": "A061",
        "display": "Chronic intestinal amebiasis"
      }, {
        "code": "A062",
        "display": "Amebic nondysenteric colitis"
      }, {
        "code": "A063",
        "display": "Ameboma of intestine"
      }, {
        "code": "A064",
        "display": "Amebic liver abscess"
      }, {
        "code": "A065",
        "display": "Amebic lung abscess"
      }, {
        "code": "A066",
        "display": "Amebic brain abscess"
      }, {
        "code": "A067",
        "display": "Cutaneous amebiasis"
      }, {
        "code": "A068",
        "display": "Amebic infection of other sites"
      }, {
        "code": "A0681",
        "display": "Amebic cystitis"
      }, {
        "code": "A0682",
        "display": "Other amebic genitourinary infections"
      }, {
        "code": "A0689",
        "display": "Other amebic infections"
      }, {
        "code": "A069",
        "display": "Amebiasis, unspecified"
      } ]
    } ]
  }
}