{
  "resourceType": "ValueSet",
  "id": "E85",
  "url": "http://hl7.org/fhir/sid/icd-10-cm-412",
  "version": "1.0",
  "name": "Amyloidosis",
  "title": "Amyloidosis",
  "status": "active",
  "compose": {
    "include": [ {
      "system": "http://hl7.org/fhir/sid/icd-10-cm",
      "concept": [ {
        "code": "E850",
        "display": "Non-neuropathic heredofamilial amyloidosis"
      }, {
        "code": "E851",
        "display": "Neuropathic heredofamilial amyloidosis"
      }, {
        "code": "E852",
        "display": "Heredofamilial amyloidosis, unspecified"
      }, {
        "code": "E853",
        "display": "Secondary systemic amyloidosis"
      }, {
        "code": "E854",
        "display": "Organ-limited amyloidosis"
      }, {
        "code": "E858",
        "display": "Other amyloidosis"
      }, {
        "code": "E8581",
        "display": "Light chain (AL) amyloidosis"
      }, {
        "code": "E8582",
        "display": "Wild-type transthyretin-related (ATTR) amyloidosis"
      }, {
        "code": "E8589",
        "display": "Other amyloidosis"
      }, {
        "code": "E859",
        "display": "Amyloidosis, unspecified"
      } ]
    } ]
  }
}