{
  "resourceType": "ValueSet",
  "id": "L64",
  "url": "http://hl7.org/fhir/sid/icd-10-cm-877",
  "version": "1.0",
  "name": "Androgenic alopecia",
  "title": "Androgenic alopecia",
  "status": "active",
  "compose": {
    "include": [ {
      "system": "http://hl7.org/fhir/sid/icd-10-cm",
      "concept": [ {
        "code": "L640",
        "display": "Drug-induced androgenic alopecia"
      }, {
        "code": "L648",
        "display": "Other androgenic alopecia"
      }, {
        "code": "L649",
        "display": "Androgenic alopecia, unspecified"
      } ]
    } ]
  }
}