{
  "resourceType": "ValueSet",
  "id": "D55",
  "url": "http://hl7.org/fhir/sid/icd-10-cm-313",
  "version": "1.0",
  "name": "Anemia due to enzyme disorders",
  "title": "Anemia due to enzyme disorders",
  "status": "active",
  "compose": {
    "include": [ {
      "system": "http://hl7.org/fhir/sid/icd-10-cm",
      "concept": [ {
        "code": "D550",
        "display": "Anemia due to glucose-6-phosphate dehydrogenase deficiency"
      }, {
        "code": "D551",
        "display": "Anemia due to other disorders of glutathione metabolism"
      }, {
        "code": "D552",
        "display": "Anemia due to disorders of glycolytic enzymes"
      }, {
        "code": "D553",
        "display": "Anemia due to disorders of nucleotide metabolism"
      }, {
        "code": "D558",
        "display": "Other anemias due to enzyme disorders"
      }, {
        "code": "D559",
        "display": "Anemia due to enzyme disorder, unspecified"
      } ]
    } ]
  }
}