{
  "resourceType": "ValueSet",
  "id": "D63",
  "url": "http://hl7.org/fhir/sid/icd-10-cm-321",
  "version": "1.0",
  "name": "Anemia in chronic diseases classified elsewhere",
  "title": "Anemia in chronic diseases classified elsewhere",
  "status": "active",
  "compose": {
    "include": [ {
      "system": "http://hl7.org/fhir/sid/icd-10-cm",
      "concept": [ {
        "code": "D630",
        "display": "Anemia in neoplastic disease"
      }, {
        "code": "D631",
        "display": "Anemia in chronic kidney disease"
      }, {
        "code": "D638",
        "display": "Anemia in other chronic diseases classified elsewhere"
      } ]
    } ]
  }
}