{
  "resourceType": "ValueSet",
  "id": "Q00",
  "url": "http://hl7.org/fhir/sid/icd-10-cm-1203",
  "version": "1.0",
  "name": "Anencephaly and similar malformations",
  "title": "Anencephaly and similar malformations",
  "status": "active",
  "compose": {
    "include": [ {
      "system": "http://hl7.org/fhir/sid/icd-10-cm",
      "concept": [ {
        "code": "Q000",
        "display": "Anencephaly"
      }, {
        "code": "Q001",
        "display": "Craniorachischisis"
      }, {
        "code": "Q002",
        "display": "Iniencephaly"
      } ]
    } ]
  }
}