{
  "resourceType": "ValueSet",
  "id": "T41",
  "url": "http://hl7.org/fhir/sid/icd-10-cm-1504",
  "version": "1.0",
  "name": "Anesthetics and therapeutic gases",
  "title": "Poisoning by, adverse effect of and underdosing of anesthetics and therapeutic gases",
  "status": "active",
  "compose": {
    "include": [ {
      "system": "http://hl7.org/fhir/sid/icd-10-cm",
      "concept": [ {
        "code": "T410",
        "display": "Inhaled anesthetics"
      }, {
        "code": "T410X",
        "display": "Inhaled anesthetics"
      }, {
        "code": "T410X1",
        "display": "Poisoning by inhaled anesthetics, accidental (unintentional)"
      }, {
        "code": "T410X1A",
        "display": "Poisoning by inhaled anesthetics, accidental, init"
      }, {
        "code": "T410X1D",
        "display": "Poisoning by inhaled anesthetics, accidental, subs"
      }, {
        "code": "T410X1S",
        "display": "Poisoning by inhaled anesthetics, accidental, sequela"
      }, {
        "code": "T410X2",
        "display": "Poisoning by inhaled anesthetics, intentional self-harm"
      }, {
        "code": "T410X2A",
        "display": "Poisoning by inhaled anesthetics, self-harm, init"
      }, {
        "code": "T410X2D",
        "display": "Poisoning by inhaled anesthetics, self-harm, subs"
      }, {
        "code": "T410X2S",
        "display": "Poisoning by inhaled anesthetics, self-harm, sequela"
      }, {
        "code": "T410X3",
        "display": "Poisoning by inhaled anesthetics, assault"
      }, {
        "code": "T410X3A",
        "display": "Poisoning by inhaled anesthetics, assault, initial encounter"
      }, {
        "code": "T410X3D",
        "display": "Poisoning by inhaled anesthetics, assault, subs encntr"
      }, {
        "code": "T410X3S",
        "display": "Poisoning by inhaled anesthetics, assault, sequela"
      }, {
        "code": "T410X4",
        "display": "Poisoning by inhaled anesthetics, undetermined"
      }, {
        "code": "T410X4A",
        "display": "Poisoning by inhaled anesthetics, undetermined, init encntr"
      }, {
        "code": "T410X4D",
        "display": "Poisoning by inhaled anesthetics, undetermined, subs encntr"
      }, {
        "code": "T410X4S",
        "display": "Poisoning by inhaled anesthetics, undetermined, sequela"
      }, {
        "code": "T410X5",
        "display": "Adverse effect of inhaled anesthetics"
      }, {
        "code": "T410X5A",
        "display": "Adverse effect of inhaled anesthetics, initial encounter"
      }, {
        "code": "T410X5D",
        "display": "Adverse effect of inhaled anesthetics, subsequent encounter"
      }, {
        "code": "T410X5S",
        "display": "Adverse effect of inhaled anesthetics, sequela"
      }, {
        "code": "T410X6",
        "display": "Underdosing of inhaled anesthetics"
      }, {
        "code": "T410X6A",
        "display": "Underdosing of inhaled anesthetics, initial encounter"
      }, {
        "code": "T410X6D",
        "display": "Underdosing of inhaled anesthetics, subsequent encounter"
      }, {
        "code": "T410X6S",
        "display": "Underdosing of inhaled anesthetics, sequela"
      }, {
        "code": "T411",
        "display": "Intravenous anesthetics"
      }, {
        "code": "T411X",
        "display": "Intravenous anesthetics"
      }, {
        "code": "T411X1",
        "display": "Poisoning by intravenous anesthetics, accidental"
      }, {
        "code": "T411X1A",
        "display": "Poisoning by intravenous anesthetics, accidental, init"
      }, {
        "code": "T411X1D",
        "display": "Poisoning by intravenous anesthetics, accidental, subs"
      }, {
        "code": "T411X1S",
        "display": "Poisoning by intravenous anesthetics, accidental, sequela"
      }, {
        "code": "T411X2",
        "display": "Poisoning by intravenous anesthetics, intentional self-harm"
      }, {
        "code": "T411X2A",
        "display": "Poisoning by intravenous anesthetics, self-harm, init"
      }, {
        "code": "T411X2D",
        "display": "Poisoning by intravenous anesthetics, self-harm, subs"
      }, {
        "code": "T411X2S",
        "display": "Poisoning by intravenous anesthetics, self-harm, sequela"
      }, {
        "code": "T411X3",
        "display": "Poisoning by intravenous anesthetics, assault"
      }, {
        "code": "T411X3A",
        "display": "Poisoning by intravenous anesthetics, assault, init encntr"
      }, {
        "code": "T411X3D",
        "display": "Poisoning by intravenous anesthetics, assault, subs encntr"
      }, {
        "code": "T411X3S",
        "display": "Poisoning by intravenous anesthetics, assault, sequela"
      }, {
        "code": "T411X4",
        "display": "Poisoning by intravenous anesthetics, undetermined"
      }, {
        "code": "T411X4A",
        "display": "Poisoning by intravenous anesthetics, undetermined, init"
      }, {
        "code": "T411X4D",
        "display": "Poisoning by intravenous anesthetics, undetermined, subs"
      }, {
        "code": "T411X4S",
        "display": "Poisoning by intravenous anesthetics, undetermined, sequela"
      }, {
        "code": "T411X5",
        "display": "Adverse effect of intravenous anesthetics"
      }, {
        "code": "T411X5A",
        "display": "Adverse effect of intravenous anesthetics, initial encounter"
      }, {
        "code": "T411X5D",
        "display": "Adverse effect of intravenous anesthetics, subs encntr"
      }, {
        "code": "T411X5S",
        "display": "Adverse effect of intravenous anesthetics, sequela"
      }, {
        "code": "T411X6",
        "display": "Underdosing of intravenous anesthetics"
      }, {
        "code": "T411X6A",
        "display": "Underdosing of intravenous anesthetics, initial encounter"
      }, {
        "code": "T411X6D",
        "display": "Underdosing of intravenous anesthetics, subsequent encounter"
      }, {
        "code": "T411X6S",
        "display": "Underdosing of intravenous anesthetics, sequela"
      }, {
        "code": "T412",
        "display": "And unsp general anesthetics"
      }, {
        "code": "T4120",
        "display": "Unsp general anesthetics"
      }, {
        "code": "T41201",
        "display": "Poisoning by unsp general anesthetics, accidental"
      }, {
        "code": "T41201A",
        "display": "Poisoning by unsp general anesthetics, accidental, init"
      }, {
        "code": "T41201D",
        "display": "Poisoning by unsp general anesthetics, accidental, subs"
      }, {
        "code": "T41201S",
        "display": "Poisoning by unsp general anesthetics, accidental, sequela"
      }, {
        "code": "T41202",
        "display": "Poisoning by unsp general anesthetics, intentional self-harm"
      }, {
        "code": "T41202A",
        "display": "Poisoning by unsp general anesthetics, self-harm, init"
      }, {
        "code": "T41202D",
        "display": "Poisoning by unsp general anesthetics, self-harm, subs"
      }, {
        "code": "T41202S",
        "display": "Poisoning by unsp general anesthetics, self-harm, sequela"
      }, {
        "code": "T41203",
        "display": "Poisoning by unspecified general anesthetics, assault"
      }, {
        "code": "T41203A",
        "display": "Poisoning by unsp general anesthetics, assault, init encntr"
      }, {
        "code": "T41203D",
        "display": "Poisoning by unsp general anesthetics, assault, subs encntr"
      }, {
        "code": "T41203S",
        "display": "Poisoning by unsp general anesthetics, assault, sequela"
      }, {
        "code": "T41204",
        "display": "Poisoning by unspecified general anesthetics, undetermined"
      }, {
        "code": "T41204A",
        "display": "Poisoning by unsp general anesthetics, undetermined, init"
      }, {
        "code": "T41204D",
        "display": "Poisoning by unsp general anesthetics, undetermined, subs"
      }, {
        "code": "T41204S",
        "display": "Poisoning by unsp general anesthetics, undetermined, sequela"
      }, {
        "code": "T41205",
        "display": "Adverse effect of unspecified general anesthetics"
      }, {
        "code": "T41205A",
        "display": "Adverse effect of unsp general anesthetics, init encntr"
      }, {
        "code": "T41205D",
        "display": "Adverse effect of unsp general anesthetics, subs encntr"
      }, {
        "code": "T41205S",
        "display": "Adverse effect of unspecified general anesthetics, sequela"
      }, {
        "code": "T41206",
        "display": "Underdosing of unspecified general anesthetics"
      }, {
        "code": "T41206A",
        "display": "Underdosing of unspecified general anesthetics, init encntr"
      }, {
        "code": "T41206D",
        "display": "Underdosing of unspecified general anesthetics, subs encntr"
      }, {
        "code": "T41206S",
        "display": "Underdosing of unspecified general anesthetics, sequela"
      }, {
        "code": "T4129",
        "display": "General anesthetics"
      }, {
        "code": "T41291",
        "display": "Poisoning by oth general anesthetics, accidental"
      }, {
        "code": "T41291A",
        "display": "Poisoning by oth general anesthetics, accidental, init"
      }, {
        "code": "T41291D",
        "display": "Poisoning by oth general anesthetics, accidental, subs"
      }, {
        "code": "T41291S",
        "display": "Poisoning by oth general anesthetics, accidental, sequela"
      }, {
        "code": "T41292",
        "display": "Poisoning by oth general anesthetics, intentional self-harm"
      }, {
        "code": "T41292A",
        "display": "Poisoning by oth general anesthetics, self-harm, init"
      }, {
        "code": "T41292D",
        "display": "Poisoning by oth general anesthetics, self-harm, subs"
      }, {
        "code": "T41292S",
        "display": "Poisoning by oth general anesthetics, self-harm, sequela"
      }, {
        "code": "T41293",
        "display": "Poisoning by other general anesthetics, assault"
      }, {
        "code": "T41293A",
        "display": "Poisoning by other general anesthetics, assault, init encntr"
      }, {
        "code": "T41293D",
        "display": "Poisoning by other general anesthetics, assault, subs encntr"
      }, {
        "code": "T41293S",
        "display": "Poisoning by other general anesthetics, assault, sequela"
      }, {
        "code": "T41294",
        "display": "Poisoning by other general anesthetics, undetermined"
      }, {
        "code": "T41294A",
        "display": "Poisoning by oth general anesthetics, undetermined, init"
      }, {
        "code": "T41294D",
        "display": "Poisoning by oth general anesthetics, undetermined, subs"
      }, {
        "code": "T41294S",
        "display": "Poisoning by oth general anesthetics, undetermined, sequela"
      }, {
        "code": "T41295",
        "display": "Adverse effect of other general anesthetics"
      }, {
        "code": "T41295A",
        "display": "Adverse effect of other general anesthetics, init encntr"
      }, {
        "code": "T41295D",
        "display": "Adverse effect of other general anesthetics, subs encntr"
      }, {
        "code": "T41295S",
        "display": "Adverse effect of other general anesthetics, sequela"
      }, {
        "code": "T41296",
        "display": "Underdosing of other general anesthetics"
      }, {
        "code": "T41296A",
        "display": "Underdosing of other general anesthetics, initial encounter"
      }, {
        "code": "T41296D",
        "display": "Underdosing of other general anesthetics, subs encntr"
      }, {
        "code": "T41296S",
        "display": "Underdosing of other general anesthetics, sequela"
      }, {
        "code": "T413",
        "display": "Local anesthetics"
      }, {
        "code": "T413X",
        "display": "Local anesthetics"
      }, {
        "code": "T413X1",
        "display": "Poisoning by local anesthetics, accidental (unintentional)"
      }, {
        "code": "T413X1A",
        "display": "Poisoning by local anesthetics, accidental, init"
      }, {
        "code": "T413X1D",
        "display": "Poisoning by local anesthetics, accidental, subs"
      }, {
        "code": "T413X1S",
        "display": "Poisoning by local anesthetics, accidental, sequela"
      }, {
        "code": "T413X2",
        "display": "Poisoning by local anesthetics, intentional self-harm"
      }, {
        "code": "T413X2A",
        "display": "Poisoning by local anesthetics, intentional self-harm, init"
      }, {
        "code": "T413X2D",
        "display": "Poisoning by local anesthetics, intentional self-harm, subs"
      }, {
        "code": "T413X2S",
        "display": "Poisoning by local anesthetics, self-harm, sequela"
      }, {
        "code": "T413X3",
        "display": "Poisoning by local anesthetics, assault"
      }, {
        "code": "T413X3A",
        "display": "Poisoning by local anesthetics, assault, initial encounter"
      }, {
        "code": "T413X3D",
        "display": "Poisoning by local anesthetics, assault, subs encntr"
      }, {
        "code": "T413X3S",
        "display": "Poisoning by local anesthetics, assault, sequela"
      }, {
        "code": "T413X4",
        "display": "Poisoning by local anesthetics, undetermined"
      }, {
        "code": "T413X4A",
        "display": "Poisoning by local anesthetics, undetermined, init encntr"
      }, {
        "code": "T413X4D",
        "display": "Poisoning by local anesthetics, undetermined, subs encntr"
      }, {
        "code": "T413X4S",
        "display": "Poisoning by local anesthetics, undetermined, sequela"
      }, {
        "code": "T413X5",
        "display": "Adverse effect of local anesthetics"
      }, {
        "code": "T413X5A",
        "display": "Adverse effect of local anesthetics, initial encounter"
      }, {
        "code": "T413X5D",
        "display": "Adverse effect of local anesthetics, subsequent encounter"
      }, {
        "code": "T413X5S",
        "display": "Adverse effect of local anesthetics, sequela"
      }, {
        "code": "T413X6",
        "display": "Underdosing of local anesthetics"
      }, {
        "code": "T413X6A",
        "display": "Underdosing of local anesthetics, initial encounter"
      }, {
        "code": "T413X6D",
        "display": "Underdosing of local anesthetics, subsequent encounter"
      }, {
        "code": "T413X6S",
        "display": "Underdosing of local anesthetics, sequela"
      }, {
        "code": "T414",
        "display": "Unsp anesthetic"
      }, {
        "code": "T4141",
        "display": "Poisoning by unsp anesthetic, accidental (unintentional)"
      }, {
        "code": "T4141XA",
        "display": "Poisoning by unsp anesthetic, accidental, init"
      }, {
        "code": "T4141XD",
        "display": "Poisoning by unsp anesthetic, accidental, subs"
      }, {
        "code": "T4141XS",
        "display": "Poisoning by unsp anesthetic, accidental, sequela"
      }, {
        "code": "T4142",
        "display": "Poisoning by unspecified anesthetic, intentional self-harm"
      }, {
        "code": "T4142XA",
        "display": "Poisoning by unsp anesthetic, intentional self-harm, init"
      }, {
        "code": "T4142XD",
        "display": "Poisoning by unsp anesthetic, intentional self-harm, subs"
      }, {
        "code": "T4142XS",
        "display": "Poisoning by unsp anesthetic, intentional self-harm, sequela"
      }, {
        "code": "T4143",
        "display": "Poisoning by unspecified anesthetic, assault"
      }, {
        "code": "T4143XA",
        "display": "Poisoning by unspecified anesthetic, assault, init encntr"
      }, {
        "code": "T4143XD",
        "display": "Poisoning by unspecified anesthetic, assault, subs encntr"
      }, {
        "code": "T4143XS",
        "display": "Poisoning by unspecified anesthetic, assault, sequela"
      }, {
        "code": "T4144",
        "display": "Poisoning by unspecified anesthetic, undetermined"
      }, {
        "code": "T4144XA",
        "display": "Poisoning by unsp anesthetic, undetermined, init encntr"
      }, {
        "code": "T4144XD",
        "display": "Poisoning by unsp anesthetic, undetermined, subs encntr"
      }, {
        "code": "T4144XS",
        "display": "Poisoning by unspecified anesthetic, undetermined, sequela"
      }, {
        "code": "T4145",
        "display": "Adverse effect of unspecified anesthetic"
      }, {
        "code": "T4145XA",
        "display": "Adverse effect of unspecified anesthetic, initial encounter"
      }, {
        "code": "T4145XD",
        "display": "Adverse effect of unspecified anesthetic, subs encntr"
      }, {
        "code": "T4145XS",
        "display": "Adverse effect of unspecified anesthetic, sequela"
      }, {
        "code": "T4146",
        "display": "Underdosing of unspecified anesthetics"
      }, {
        "code": "T4146XA",
        "display": "Underdosing of unspecified anesthetics, initial encounter"
      }, {
        "code": "T4146XD",
        "display": "Underdosing of unspecified anesthetics, subsequent encounter"
      }, {
        "code": "T4146XS",
        "display": "Underdosing of unspecified anesthetics, sequela"
      }, {
        "code": "T415",
        "display": "Therapeutic gases"
      }, {
        "code": "T415X",
        "display": "Therapeutic gases"
      }, {
        "code": "T415X1",
        "display": "Poisoning by therapeutic gases, accidental (unintentional)"
      }, {
        "code": "T415X1A",
        "display": "Poisoning by therapeutic gases, accidental, init"
      }, {
        "code": "T415X1D",
        "display": "Poisoning by therapeutic gases, accidental, subs"
      }, {
        "code": "T415X1S",
        "display": "Poisoning by therapeutic gases, accidental, sequela"
      }, {
        "code": "T415X2",
        "display": "Poisoning by therapeutic gases, intentional self-harm"
      }, {
        "code": "T415X2A",
        "display": "Poisoning by therapeutic gases, intentional self-harm, init"
      }, {
        "code": "T415X2D",
        "display": "Poisoning by therapeutic gases, intentional self-harm, subs"
      }, {
        "code": "T415X2S",
        "display": "Poisoning by therapeutic gases, self-harm, sequela"
      }, {
        "code": "T415X3",
        "display": "Poisoning by therapeutic gases, assault"
      }, {
        "code": "T415X3A",
        "display": "Poisoning by therapeutic gases, assault, initial encounter"
      }, {
        "code": "T415X3D",
        "display": "Poisoning by therapeutic gases, assault, subs encntr"
      }, {
        "code": "T415X3S",
        "display": "Poisoning by therapeutic gases, assault, sequela"
      }, {
        "code": "T415X4",
        "display": "Poisoning by therapeutic gases, undetermined"
      }, {
        "code": "T415X4A",
        "display": "Poisoning by therapeutic gases, undetermined, init encntr"
      }, {
        "code": "T415X4D",
        "display": "Poisoning by therapeutic gases, undetermined, subs encntr"
      }, {
        "code": "T415X4S",
        "display": "Poisoning by therapeutic gases, undetermined, sequela"
      }, {
        "code": "T415X5",
        "display": "Adverse effect of therapeutic gases"
      }, {
        "code": "T415X5A",
        "display": "Adverse effect of therapeutic gases, initial encounter"
      }, {
        "code": "T415X5D",
        "display": "Adverse effect of therapeutic gases, subsequent encounter"
      }, {
        "code": "T415X5S",
        "display": "Adverse effect of therapeutic gases, sequela"
      }, {
        "code": "T415X6",
        "display": "Underdosing of therapeutic gases"
      }, {
        "code": "T415X6A",
        "display": "Underdosing of therapeutic gases, initial encounter"
      }, {
        "code": "T415X6D",
        "display": "Underdosing of therapeutic gases, subsequent encounter"
      }, {
        "code": "T415X6S",
        "display": "Underdosing of therapeutic gases, sequela"
      } ]
    } ]
  }
}