{
  "resourceType": "ValueSet",
  "id": "Y70",
  "url": "http://hl7.org/fhir/sid/icd-10-cm-1802",
  "version": "1.0",
  "name": "Anesthesiology devices associated with adverse incidents",
  "title": "Anesthesiology devices associated with adverse incidents",
  "status": "active",
  "compose": {
    "include": [ {
      "system": "http://hl7.org/fhir/sid/icd-10-cm",
      "concept": [ {
        "code": "Y700",
        "display": "Diagnostic and monitoring anesth devices assoc w incdt"
      }, {
        "code": "Y701",
        "display": "Therapeutic and rehab anesth devices assoc w incdt"
      }, {
        "code": "Y702",
        "display": "Prosth/oth implnt/mtrls anesthesiology devices assoc w incdt"
      }, {
        "code": "Y703",
        "display": "Surgical instrumnt, matrl and anesth devices assoc w incdt"
      }, {
        "code": "Y708",
        "display": "Miscellaneous anesthesiology devices assoc w incdt, NEC"
      } ]
    } ]
  }
}