{
  "resourceType": "ValueSet",
  "id": "I20",
  "url": "http://hl7.org/fhir/sid/icd-10-cm-635",
  "version": "1.0",
  "name": "Angina pectoris",
  "title": "Angina pectoris",
  "status": "active",
  "compose": {
    "include": [ {
      "system": "http://hl7.org/fhir/sid/icd-10-cm",
      "concept": [ {
        "code": "I200",
        "display": "Unstable angina"
      }, {
        "code": "I201",
        "display": "Angina pectoris with documented spasm"
      }, {
        "code": "I208",
        "display": "Other forms of angina pectoris"
      }, {
        "code": "I209",
        "display": "Angina pectoris, unspecified"
      } ]
    } ]
  }
}