{
  "resourceType": "ValueSet",
  "id": "V80",
  "url": "http://hl7.org/fhir/sid/icd-10-cm-1628",
  "version": "1.0",
  "name": "Animl-ridr or occ of anml-drn vehicle injured in trnsp acc",
  "title": "Animal-rider or occupant of animal-drawn vehicle injured in transport accident",
  "status": "active",
  "compose": {
    "include": [ {
      "system": "http://hl7.org/fhir/sid/icd-10-cm",
      "concept": [ {
        "code": "V800",
        "display": "Animl-rider/occ injured fall from same w/o collision"
      }, {
        "code": "V8001",
        "display": "Animl-ridr injured by fall fr animal in nonclsn accident"
      }, {
        "code": "V80010",
        "display": "Animl-ridr injured by fall fr horse in noncollision accident"
      }, {
        "code": "V80010A",
        "display": "Animl-ridr injured by fall fr horse in nonclsn acc, init"
      }, {
        "code": "V80010D",
        "display": "Animl-ridr injured by fall fr horse in nonclsn acc, subs"
      }, {
        "code": "V80010S",
        "display": "Animl-ridr injured by fall fr horse in nonclsn acc, sequela"
      }, {
        "code": "V80018",
        "display": "Animl-ridr injured by fall fr animl in noncollision accident"
      }, {
        "code": "V80018A",
        "display": "Animl-ridr injured by fall fr animl in nonclsn acc, init"
      }, {
        "code": "V80018D",
        "display": "Animl-ridr injured by fall fr animl in nonclsn acc, subs"
      }, {
        "code": "V80018S",
        "display": "Animl-ridr injured by fall fr animl in nonclsn acc, sequela"
      }, {
        "code": "V8002",
        "display": "Occ of anml-drn vehicle inj by fall fr veh in nonclsn acc"
      }, {
        "code": "V8002XA",
        "display": "Occ of anml-drn veh inj by fall fr veh in nonclsn acc, init"
      }, {
        "code": "V8002XD",
        "display": "Occ of anml-drn veh inj by fall fr veh in nonclsn acc, subs"
      }, {
        "code": "V8002XS",
        "display": "Occ of anml-drn veh inj by fall fr veh in nonclsn acc, sqla"
      }, {
        "code": "V801",
        "display": "Animl-ridr or occ of anml-drn vehicle inj in clsn w ped/anml"
      }, {
        "code": "V8011",
        "display": "Animal-rider injured in collision with pedestrian or animal"
      }, {
        "code": "V8011XA",
        "display": "Animal-rider injured in collision w ped/anml, init"
      }, {
        "code": "V8011XD",
        "display": "Animal-rider injured in collision w ped/anml, subs"
      }, {
        "code": "V8011XS",
        "display": "Animal-rider injured in collision w ped/anml, sequela"
      }, {
        "code": "V8012",
        "display": "Occupant of anml-drn vehicle injured in collision w ped/anml"
      }, {
        "code": "V8012XA",
        "display": "Occ of anml-drn vehicle injured in clsn w ped/anml, init"
      }, {
        "code": "V8012XD",
        "display": "Occ of anml-drn vehicle injured in clsn w ped/anml, subs"
      }, {
        "code": "V8012XS",
        "display": "Occ of anml-drn vehicle injured in clsn w ped/anml, sequela"
      }, {
        "code": "V802",
        "display": "Animl-ridr or occ of anml-drn vehicle inj in clsn w pedl cyc"
      }, {
        "code": "V8021",
        "display": "Animal-rider injured in collision with pedal cycle"
      }, {
        "code": "V8021XA",
        "display": "Animal-rider injured in collision w pedal cycle, init encntr"
      }, {
        "code": "V8021XD",
        "display": "Animal-rider injured in collision w pedal cycle, subs encntr"
      }, {
        "code": "V8021XS",
        "display": "Animal-rider injured in collision with pedal cycle, sequela"
      }, {
        "code": "V8022",
        "display": "Occupant of anml-drn vehicle injured in collision w pedl cyc"
      }, {
        "code": "V8022XA",
        "display": "Occ of anml-drn vehicle injured in clsn w pedl cyc, init"
      }, {
        "code": "V8022XD",
        "display": "Occ of anml-drn vehicle injured in clsn w pedl cyc, subs"
      }, {
        "code": "V8022XS",
        "display": "Occ of anml-drn vehicle injured in clsn w pedl cyc, sequela"
      }, {
        "code": "V803",
        "display": "Animl-ridr or occ of anml-drn veh inj in clsn w 2/3-whl mv"
      }, {
        "code": "V8031",
        "display": "Animal-rider injured in collision w 2/3-whl mv"
      }, {
        "code": "V8031XA",
        "display": "Animal-rider injured in collision w 2/3-whl mv, init"
      }, {
        "code": "V8031XD",
        "display": "Animal-rider injured in collision w 2/3-whl mv, subs"
      }, {
        "code": "V8031XS",
        "display": "Animal-rider injured in collision w 2/3-whl mv, sequela"
      }, {
        "code": "V8032",
        "display": "Occupant of anml-drn vehicle injured in clsn w 2/3-whl mv"
      }, {
        "code": "V8032XA",
        "display": "Occ of anml-drn vehicle injured in clsn w 2/3-whl mv, init"
      }, {
        "code": "V8032XD",
        "display": "Occ of anml-drn vehicle injured in clsn w 2/3-whl mv, subs"
      }, {
        "code": "V8032XS",
        "display": "Occ of anml-drn vehicle inj in clsn w 2/3-whl mv, sequela"
      }, {
        "code": "V804",
        "display": "Animl rider/occ injured collision hvy veh"
      }, {
        "code": "V8041",
        "display": "Animl-ridr injured pick-up truck, pick-up truck, van, hv veh"
      }, {
        "code": "V8041XA",
        "display": "Animl-ridr inj pk-up truck, pick-up truck, van, hv veh, init"
      }, {
        "code": "V8041XD",
        "display": "Animl-ridr inj pk-up truck, pick-up truck, van, hv veh, subs"
      }, {
        "code": "V8041XS",
        "display": "Animl-ridr inj pk-up truck, pk-up truck, van, hv veh, sqla"
      }, {
        "code": "V8042",
        "display": "Occ animal-drwn veh injured collision hvy veh"
      }, {
        "code": "V8042XA",
        "display": "Occ animal-drwn veh injured collision hvy veh, init encntr"
      }, {
        "code": "V8042XD",
        "display": "Occ animal-drwn veh injured collision hvy veh, subs encntr"
      }, {
        "code": "V8042XS",
        "display": "Occ animal-drwn veh injured collision hvy veh, sequela"
      }, {
        "code": "V805",
        "display": "Animl-ridr or occ of anml-drn vehicle inj in clsn w mtr veh"
      }, {
        "code": "V8051",
        "display": "Animal-rider injured in collision with oth motor vehicle"
      }, {
        "code": "V8051XA",
        "display": "Animal-rider injured in collision w mtr veh, init encntr"
      }, {
        "code": "V8051XD",
        "display": "Animal-rider injured in collision w mtr veh, subs encntr"
      }, {
        "code": "V8051XS",
        "display": "Animal-rider injured in collision w mtr veh, sequela"
      }, {
        "code": "V8052",
        "display": "Occupant of anml-drn vehicle injured in collision w mtr veh"
      }, {
        "code": "V8052XA",
        "display": "Occupant of anml-drn vehicle injured in clsn w mtr veh, init"
      }, {
        "code": "V8052XD",
        "display": "Occupant of anml-drn vehicle injured in clsn w mtr veh, subs"
      }, {
        "code": "V8052XS",
        "display": "Occ of anml-drn vehicle injured in clsn w mtr veh, sequela"
      }, {
        "code": "V806",
        "display": "Animl-ridr or occ of anml-drn veh inj in clsn w rail trn/veh"
      }, {
        "code": "V8061",
        "display": "Animal-rider injured in collision w rail trn/veh"
      }, {
        "code": "V8061XA",
        "display": "Animal-rider injured in collision w rail trn/veh, init"
      }, {
        "code": "V8061XD",
        "display": "Animal-rider injured in collision w rail trn/veh, subs"
      }, {
        "code": "V8061XS",
        "display": "Animal-rider injured in collision w rail trn/veh, sequela"
      }, {
        "code": "V8062",
        "display": "Occupant of anml-drn vehicle injured in clsn w rail trn/veh"
      }, {
        "code": "V8062XA",
        "display": "Occ of anml-drn vehicle injured in clsn w rail trn/veh, init"
      }, {
        "code": "V8062XD",
        "display": "Occ of anml-drn vehicle injured in clsn w rail trn/veh, subs"
      }, {
        "code": "V8062XS",
        "display": "Occ of anml-drn vehicle inj in clsn w rail trn/veh, sequela"
      }, {
        "code": "V807",
        "display": "Animl-ridr or occ of anml-drn veh inj in clsn w nonmtr veh"
      }, {
        "code": "V8071",
        "display": "Animl-ridr or occ of anml-drn veh inj in clsn w animl riddn"
      }, {
        "code": "V80710",
        "display": "Animal-rider injured in collision w oth animal being ridden"
      }, {
        "code": "V80710A",
        "display": "Animal-rider injured in collision w animl being ridden, init"
      }, {
        "code": "V80710D",
        "display": "Animal-rider injured in collision w animl being ridden, subs"
      }, {
        "code": "V80710S",
        "display": "Animl-ridr injured in clsn w animl being ridden, sequela"
      }, {
        "code": "V80711",
        "display": "Occ of anml-drn vehicle inj in clsn w animal being ridden"
      }, {
        "code": "V80711A",
        "display": "Occ of anml-drn veh inj in clsn w animal being ridden, init"
      }, {
        "code": "V80711D",
        "display": "Occ of anml-drn veh inj in clsn w animal being ridden, subs"
      }, {
        "code": "V80711S",
        "display": "Occ of anml-drn veh inj in clsn w animal being ridden, sqla"
      }, {
        "code": "V8072",
        "display": "Animl-ridr or occ of anml-drn veh inj in collisn with same"
      }, {
        "code": "V80720",
        "display": "Animal-rider injured in collision with animal-drawn vehicle"
      }, {
        "code": "V80720A",
        "display": "Animal-rider injured in collision w anml-drn vehicle, init"
      }, {
        "code": "V80720D",
        "display": "Animal-rider injured in collision w anml-drn vehicle, subs"
      }, {
        "code": "V80720S",
        "display": "Animl-ridr injured in collision w anml-drn vehicle, sequela"
      }, {
        "code": "V80721",
        "display": "Occupant of anml-drn vehicle injured in collisn with same"
      }, {
        "code": "V80721A",
        "display": "Occ of anml-drn vehicle injured in collisn with same, init"
      }, {
        "code": "V80721D",
        "display": "Occ of anml-drn vehicle injured in collisn with same, subs"
      }, {
        "code": "V80721S",
        "display": "Occ of anml-drn vehicle inj in collisn with same, sequela"
      }, {
        "code": "V8073",
        "display": "Animl-ridr or occ of anml-drn vehicle inj in clsn w stcar"
      }, {
        "code": "V80730",
        "display": "Animal-rider injured in collision with streetcar"
      }, {
        "code": "V80730A",
        "display": "Animal-rider injured in collision w streetcar, init encntr"
      }, {
        "code": "V80730D",
        "display": "Animal-rider injured in collision w streetcar, subs encntr"
      }, {
        "code": "V80730S",
        "display": "Animal-rider injured in collision with streetcar, sequela"
      }, {
        "code": "V80731",
        "display": "Occupant of anml-drn vehicle injured in clsn w streetcar"
      }, {
        "code": "V80731A",
        "display": "Occupant of anml-drn vehicle injured in clsn w stcar, init"
      }, {
        "code": "V80731D",
        "display": "Occupant of anml-drn vehicle injured in clsn w stcar, subs"
      }, {
        "code": "V80731S",
        "display": "Occ of anml-drn vehicle injured in clsn w stcar, sequela"
      }, {
        "code": "V8079",
        "display": "Animl-ridr or occ of anml-drn veh inj in clsn w nonmtr veh"
      }, {
        "code": "V80790",
        "display": "Animal-rider injured in collision with oth nonmotor vehicles"
      }, {
        "code": "V80790A",
        "display": "Animal-rider injured in collision w nonmtr vehicles, init"
      }, {
        "code": "V80790D",
        "display": "Animal-rider injured in collision w nonmtr vehicles, subs"
      }, {
        "code": "V80790S",
        "display": "Animal-rider injured in collision w nonmtr vehicles, sequela"
      }, {
        "code": "V80791",
        "display": "Occ of anml-drn vehicle injured in clsn w nonmtr vehicles"
      }, {
        "code": "V80791A",
        "display": "Occ of anml-drn vehicle injured in clsn w nonmtr veh, init"
      }, {
        "code": "V80791D",
        "display": "Occ of anml-drn vehicle injured in clsn w nonmtr veh, subs"
      }, {
        "code": "V80791S",
        "display": "Occ of anml-drn vehicle inj in clsn w nonmtr veh, sequela"
      }, {
        "code": "V808",
        "display": "Animl-ridr or occ of anml-drn veh inj in clsn w statnry obj"
      }, {
        "code": "V8081",
        "display": "Animal-rider injured in collision w statnry object"
      }, {
        "code": "V8081XA",
        "display": "Animal-rider injured in collision w statnry object, init"
      }, {
        "code": "V8081XD",
        "display": "Animal-rider injured in collision w statnry object, subs"
      }, {
        "code": "V8081XS",
        "display": "Animal-rider injured in collision w statnry object, sequela"
      }, {
        "code": "V8082",
        "display": "Occ of anml-drn vehicle injured in clsn w statnry object"
      }, {
        "code": "V8082XA",
        "display": "Occ of anml-drn vehicle inj in clsn w statnry object, init"
      }, {
        "code": "V8082XD",
        "display": "Occ of anml-drn vehicle inj in clsn w statnry object, subs"
      }, {
        "code": "V8082XS",
        "display": "Occ of anml-drn vehicle inj in clsn w statnry object, sqla"
      }, {
        "code": "V809",
        "display": "Animl rider/occ injured oth transp acc"
      }, {
        "code": "V8091",
        "display": "Animal-rider injured in other and unsp transport accidents"
      }, {
        "code": "V80910",
        "display": "Animl-ridr injured in transport accident w military vehicle"
      }, {
        "code": "V80910A",
        "display": "Animl-ridr injured in trnsp acc w military vehicle, init"
      }, {
        "code": "V80910D",
        "display": "Animl-ridr injured in trnsp acc w military vehicle, subs"
      }, {
        "code": "V80910S",
        "display": "Animl-ridr injured in trnsp acc w military vehicle, sequela"
      }, {
        "code": "V80918",
        "display": "Animal-rider injured in other transport accident"
      }, {
        "code": "V80918A",
        "display": "Animal-rider injured in oth transport accident, init encntr"
      }, {
        "code": "V80918D",
        "display": "Animal-rider injured in oth transport accident, subs encntr"
      }, {
        "code": "V80918S",
        "display": "Animal-rider injured in other transport accident, sequela"
      }, {
        "code": "V80919",
        "display": "Animal-rider injured in unspecified transport accident"
      }, {
        "code": "V80919A",
        "display": "Animal-rider injured in unsp transport accident, init encntr"
      }, {
        "code": "V80919D",
        "display": "Animal-rider injured in unsp transport accident, subs encntr"
      }, {
        "code": "V80919S",
        "display": "Animal-rider injured in unsp transport accident, sequela"
      }, {
        "code": "V8092",
        "display": "Occ of anml-drn vehicle injured in oth and unsp trnsp acc"
      }, {
        "code": "V80920",
        "display": "Occ of anml-drn vehicle inj in trnsp acc w miltry vehicle"
      }, {
        "code": "V80920A",
        "display": "Occ of anml-drn veh inj in trnsp acc w miltry vehicle, init"
      }, {
        "code": "V80920D",
        "display": "Occ of anml-drn veh inj in trnsp acc w miltry vehicle, subs"
      }, {
        "code": "V80920S",
        "display": "Occ of anml-drn veh inj in trnsp acc w miltry vehicle, sqla"
      }, {
        "code": "V80928",
        "display": "Occupant of anml-drn vehicle injured in oth trnsp accident"
      }, {
        "code": "V80928A",
        "display": "Occupant of anml-drn vehicle injured in oth trnsp acc, init"
      }, {
        "code": "V80928D",
        "display": "Occupant of anml-drn vehicle injured in oth trnsp acc, subs"
      }, {
        "code": "V80928S",
        "display": "Occ of anml-drn vehicle injured in oth trnsp acc, sequela"
      }, {
        "code": "V80929",
        "display": "Occupant of anml-drn vehicle injured in unsp trnsp accident"
      }, {
        "code": "V80929A",
        "display": "Occupant of anml-drn vehicle injured in unsp trnsp acc, init"
      }, {
        "code": "V80929D",
        "display": "Occupant of anml-drn vehicle injured in unsp trnsp acc, subs"
      }, {
        "code": "V80929S",
        "display": "Occ of anml-drn vehicle injured in unsp trnsp acc, sequela"
      } ]
    } ]
  }
}