{
  "resourceType": "ValueSet",
  "id": "M45",
  "url": "http://hl7.org/fhir/sid/icd-10-cm-946",
  "version": "1.0",
  "name": "Ankylosing spondylitis",
  "title": "Ankylosing spondylitis",
  "status": "active",
  "compose": {
    "include": [ {
      "system": "http://hl7.org/fhir/sid/icd-10-cm",
      "concept": [ {
        "code": "M450",
        "display": "Ankylosing spondylitis of multiple sites in spine"
      }, {
        "code": "M451",
        "display": "Ankylosing spondylitis of occipito-atlanto-axial region"
      }, {
        "code": "M452",
        "display": "Ankylosing spondylitis of cervical region"
      }, {
        "code": "M453",
        "display": "Ankylosing spondylitis of cervicothoracic region"
      }, {
        "code": "M454",
        "display": "Ankylosing spondylitis of thoracic region"
      }, {
        "code": "M455",
        "display": "Ankylosing spondylitis of thoracolumbar region"
      }, {
        "code": "M456",
        "display": "Ankylosing spondylitis lumbar region"
      }, {
        "code": "M457",
        "display": "Ankylosing spondylitis of lumbosacral region"
      }, {
        "code": "M458",
        "display": "Ankylosing spondylitis sacral and sacrococcygeal region"
      }, {
        "code": "M459",
        "display": "Ankylosing spondylitis of unspecified sites in spine"
      } ]
    } ]
  }
}