{
  "resourceType": "ValueSet",
  "id": "A60",
  "url": "http://hl7.org/fhir/sid/icd-10-cm-52",
  "version": "1.0",
  "name": "Anogenital herpesviral [herpes simplex] infections",
  "title": "Anogenital herpesviral [herpes simplex] infections",
  "status": "active",
  "compose": {
    "include": [ {
      "system": "http://hl7.org/fhir/sid/icd-10-cm",
      "concept": [ {
        "code": "A600",
        "display": "Herpesviral infection of genitalia and urogenital tract"
      }, {
        "code": "A6000",
        "display": "Herpesviral infection of urogenital system, unspecified"
      }, {
        "code": "A6001",
        "display": "Herpesviral infection of penis"
      }, {
        "code": "A6002",
        "display": "Herpesviral infection of other male genital organs"
      }, {
        "code": "A6003",
        "display": "Herpesviral cervicitis"
      }, {
        "code": "A6004",
        "display": "Herpesviral vulvovaginitis"
      }, {
        "code": "A6009",
        "display": "Herpesviral infection of other urogenital tract"
      }, {
        "code": "A601",
        "display": "Herpesviral infection of perianal skin and rectum"
      }, {
        "code": "A609",
        "display": "Anogenital herpesviral infection, unspecified"
      } ]
    } ]
  }
}