{
  "resourceType": "ValueSet",
  "id": "Q11",
  "url": "http://hl7.org/fhir/sid/icd-10-cm-1212",
  "version": "1.0",
  "name": "Anophthalmos, microphthalmos and macrophthalmos",
  "title": "Anophthalmos, microphthalmos and macrophthalmos",
  "status": "active",
  "compose": {
    "include": [ {
      "system": "http://hl7.org/fhir/sid/icd-10-cm",
      "concept": [ {
        "code": "Q110",
        "display": "Cystic eyeball"
      }, {
        "code": "Q111",
        "display": "Other anophthalmos"
      }, {
        "code": "Q112",
        "display": "Microphthalmos"
      }, {
        "code": "Q113",
        "display": "Macrophthalmos"
      } ]
    } ]
  }
}