{
  "resourceType": "ValueSet",
  "id": "O46",
  "url": "http://hl7.org/fhir/sid/icd-10-cm-1109",
  "version": "1.0",
  "name": "Antepartum hemorrhage, not elsewhere classified",
  "title": "Antepartum hemorrhage, not elsewhere classified",
  "status": "active",
  "compose": {
    "include": [ {
      "system": "http://hl7.org/fhir/sid/icd-10-cm",
      "concept": [ {
        "code": "O460",
        "display": "Antepartum hemorrhage with coagulation defect"
      }, {
        "code": "O4600",
        "display": "Antepartum hemorrhage with coagulation defect, unspecified"
      }, {
        "code": "O46001",
        "display": "Antepartum hemorrhage w coag defect, unsp, first trimester"
      }, {
        "code": "O46002",
        "display": "Antepartum hemorrhage w coag defect, unsp, second trimester"
      }, {
        "code": "O46003",
        "display": "Antepartum hemorrhage w coag defect, unsp, third trimester"
      }, {
        "code": "O46009",
        "display": "Antepartum hemorrhage w coag defect, unsp, unsp trimester"
      }, {
        "code": "O4601",
        "display": "Antepartum hemorrhage with afibrinogenemia"
      }, {
        "code": "O46011",
        "display": "Antepartum hemorrhage with afibrinogenemia, first trimester"
      }, {
        "code": "O46012",
        "display": "Antepartum hemorrhage with afibrinogenemia, second trimester"
      }, {
        "code": "O46013",
        "display": "Antepartum hemorrhage with afibrinogenemia, third trimester"
      }, {
        "code": "O46019",
        "display": "Antepartum hemorrhage with afibrinogenemia, unsp trimester"
      }, {
        "code": "O4602",
        "display": "Antepartum hemorrhage w disseminated intravasc coagulation"
      }, {
        "code": "O46021",
        "display": "Antepart hemorrhage w dissem intravasc coag, first trimester"
      }, {
        "code": "O46022",
        "display": "Antepart hemor w dissem intravasc coag, second trimester"
      }, {
        "code": "O46023",
        "display": "Antepart hemorrhage w dissem intravasc coag, third trimester"
      }, {
        "code": "O46029",
        "display": "Antepart hemorrhage w dissem intravasc coag, unsp trimester"
      }, {
        "code": "O4609",
        "display": "Antepartum hemorrhage with other coagulation defect"
      }, {
        "code": "O46091",
        "display": "Antepartum hemorrhage w oth coag defect, first trimester"
      }, {
        "code": "O46092",
        "display": "Antepartum hemorrhage w oth coag defect, second trimester"
      }, {
        "code": "O46093",
        "display": "Antepartum hemorrhage w oth coag defect, third trimester"
      }, {
        "code": "O46099",
        "display": "Antepartum hemorrhage w oth coag defect, unsp trimester"
      }, {
        "code": "O468",
        "display": "Other antepartum hemorrhage"
      }, {
        "code": "O468X",
        "display": "Other antepartum hemorrhage"
      }, {
        "code": "O468X1",
        "display": "Other antepartum hemorrhage, first trimester"
      }, {
        "code": "O468X2",
        "display": "Other antepartum hemorrhage, second trimester"
      }, {
        "code": "O468X3",
        "display": "Other antepartum hemorrhage, third trimester"
      }, {
        "code": "O468X9",
        "display": "Other antepartum hemorrhage, unspecified trimester"
      }, {
        "code": "O469",
        "display": "Antepartum hemorrhage, unspecified"
      }, {
        "code": "O4690",
        "display": "Antepartum hemorrhage, unspecified, unspecified trimester"
      }, {
        "code": "O4691",
        "display": "Antepartum hemorrhage, unspecified, first trimester"
      }, {
        "code": "O4692",
        "display": "Antepartum hemorrhage, unspecified, second trimester"
      }, {
        "code": "O4693",
        "display": "Antepartum hemorrhage, unspecified, third trimester"
      } ]
    } ]
  }
}