{
  "resourceType": "ValueSet",
  "id": "A22",
  "url": "http://hl7.org/fhir/sid/icd-10-cm-17",
  "version": "1.0",
  "name": "Anthrax",
  "title": "Anthrax",
  "status": "active",
  "compose": {
    "include": [ {
      "system": "http://hl7.org/fhir/sid/icd-10-cm",
      "concept": [ {
        "code": "A220",
        "display": "Cutaneous anthrax"
      }, {
        "code": "A221",
        "display": "Pulmonary anthrax"
      }, {
        "code": "A222",
        "display": "Gastrointestinal anthrax"
      }, {
        "code": "A227",
        "display": "Anthrax sepsis"
      }, {
        "code": "A228",
        "display": "Other forms of anthrax"
      }, {
        "code": "A229",
        "display": "Anthrax, unspecified"
      } ]
    } ]
  }
}