{
  "resourceType": "ValueSet",
  "id": "I71",
  "url": "http://hl7.org/fhir/sid/icd-10-cm-677",
  "version": "1.0",
  "name": "Aortic aneurysm and dissection",
  "title": "Aortic aneurysm and dissection",
  "status": "active",
  "compose": {
    "include": [ {
      "system": "http://hl7.org/fhir/sid/icd-10-cm",
      "concept": [ {
        "code": "I710",
        "display": "Dissection of aorta"
      }, {
        "code": "I7100",
        "display": "Dissection of unspecified site of aorta"
      }, {
        "code": "I7101",
        "display": "Dissection of thoracic aorta"
      }, {
        "code": "I7102",
        "display": "Dissection of abdominal aorta"
      }, {
        "code": "I7103",
        "display": "Dissection of thoracoabdominal aorta"
      }, {
        "code": "I711",
        "display": "Thoracic aortic aneurysm, ruptured"
      }, {
        "code": "I712",
        "display": "Thoracic aortic aneurysm, without rupture"
      }, {
        "code": "I713",
        "display": "Abdominal aortic aneurysm, ruptured"
      }, {
        "code": "I714",
        "display": "Abdominal aortic aneurysm, without rupture"
      }, {
        "code": "I715",
        "display": "Thoracoabdominal aortic aneurysm, ruptured"
      }, {
        "code": "I716",
        "display": "Thoracoabdominal aortic aneurysm, without rupture"
      }, {
        "code": "I718",
        "display": "Aortic aneurysm of unspecified site, ruptured"
      }, {
        "code": "I719",
        "display": "Aortic aneurysm of unspecified site, without rupture"
      } ]
    } ]
  }
}