{
  "resourceType": "ValueSet",
  "id": "R13",
  "url": "http://hl7.org/fhir/sid/icd-10-cm-1301",
  "version": "1.0",
  "name": "Aphagia and dysphagia",
  "title": "Aphagia and dysphagia",
  "status": "active",
  "compose": {
    "include": [ {
      "system": "http://hl7.org/fhir/sid/icd-10-cm",
      "concept": [ {
        "code": "R130",
        "display": "Aphagia"
      }, {
        "code": "R131",
        "display": "Dysphagia"
      }, {
        "code": "R1310",
        "display": "Dysphagia, unspecified"
      }, {
        "code": "R1311",
        "display": "Dysphagia, oral phase"
      }, {
        "code": "R1312",
        "display": "Dysphagia, oropharyngeal phase"
      }, {
        "code": "R1313",
        "display": "Dysphagia, pharyngeal phase"
      }, {
        "code": "R1314",
        "display": "Dysphagia, pharyngoesophageal phase"
      }, {
        "code": "R1319",
        "display": "Other dysphagia"
      } ]
    } ]
  }
}