{
  "resourceType": "ValueSet",
  "id": "L75",
  "url": "http://hl7.org/fhir/sid/icd-10-cm-887",
  "version": "1.0",
  "name": "Apocrine sweat disorders",
  "title": "Apocrine sweat disorders",
  "status": "active",
  "compose": {
    "include": [ {
      "system": "http://hl7.org/fhir/sid/icd-10-cm",
      "concept": [ {
        "code": "L750",
        "display": "Bromhidrosis"
      }, {
        "code": "L751",
        "display": "Chromhidrosis"
      }, {
        "code": "L752",
        "display": "Apocrine miliaria"
      }, {
        "code": "L758",
        "display": "Other apocrine sweat disorders"
      }, {
        "code": "L759",
        "display": "Apocrine sweat disorder, unspecified"
      } ]
    } ]
  }
}