{
  "resourceType": "ValueSet",
  "id": "A96",
  "url": "http://hl7.org/fhir/sid/icd-10-cm-83",
  "version": "1.0",
  "name": "Arenaviral hemorrhagic fever",
  "title": "Arenaviral hemorrhagic fever",
  "status": "active",
  "compose": {
    "include": [ {
      "system": "http://hl7.org/fhir/sid/icd-10-cm",
      "concept": [ {
        "code": "A960",
        "display": "Junin hemorrhagic fever"
      }, {
        "code": "A961",
        "display": "Machupo hemorrhagic fever"
      }, {
        "code": "A962",
        "display": "Lassa fever"
      }, {
        "code": "A968",
        "display": "Other arenaviral hemorrhagic fevers"
      }, {
        "code": "A969",
        "display": "Arenaviral hemorrhagic fever, unspecified"
      } ]
    } ]
  }
}