{
  "resourceType": "ValueSet",
  "id": "I74",
  "url": "http://hl7.org/fhir/sid/icd-10-cm-680",
  "version": "1.0",
  "name": "Arterial embolism and thrombosis",
  "title": "Arterial embolism and thrombosis",
  "status": "active",
  "compose": {
    "include": [ {
      "system": "http://hl7.org/fhir/sid/icd-10-cm",
      "concept": [ {
        "code": "I740",
        "display": "Embolism and thrombosis of abdominal aorta"
      }, {
        "code": "I7401",
        "display": "Saddle embolus of abdominal aorta"
      }, {
        "code": "I7409",
        "display": "Other arterial embolism and thrombosis of abdominal aorta"
      }, {
        "code": "I741",
        "display": "Embolism and thrombosis of other and unsp parts of aorta"
      }, {
        "code": "I7410",
        "display": "Embolism and thrombosis of unspecified parts of aorta"
      }, {
        "code": "I7411",
        "display": "Embolism and thrombosis of thoracic aorta"
      }, {
        "code": "I7419",
        "display": "Embolism and thrombosis of other parts of aorta"
      }, {
        "code": "I742",
        "display": "Embolism and thrombosis of arteries of the upper extremities"
      }, {
        "code": "I743",
        "display": "Embolism and thrombosis of arteries of the lower extremities"
      }, {
        "code": "I744",
        "display": "Embolism and thrombosis of arteries of extremities, unsp"
      }, {
        "code": "I745",
        "display": "Embolism and thrombosis of iliac artery"
      }, {
        "code": "I748",
        "display": "Embolism and thrombosis of other arteries"
      }, {
        "code": "I749",
        "display": "Embolism and thrombosis of unspecified artery"
      } ]
    } ]
  }
}