{
  "resourceType": "ValueSet",
  "id": "M14",
  "url": "http://hl7.org/fhir/sid/icd-10-cm-921",
  "version": "1.0",
  "name": "Arthropathies in other diseases classified elsewhere",
  "title": "Arthropathies in other diseases classified elsewhere",
  "status": "active",
  "compose": {
    "include": [ {
      "system": "http://hl7.org/fhir/sid/icd-10-cm",
      "concept": [ {
        "code": "M146",
        "display": "Charcot's joint"
      }, {
        "code": "M1460",
        "display": "Charcot's joint, unspecified site"
      }, {
        "code": "M1461",
        "display": "Charcot's joint, shoulder"
      }, {
        "code": "M14611",
        "display": "Charcot's joint, right shoulder"
      }, {
        "code": "M14612",
        "display": "Charcot's joint, left shoulder"
      }, {
        "code": "M14619",
        "display": "Charcot's joint, unspecified shoulder"
      }, {
        "code": "M1462",
        "display": "Charcot's joint, elbow"
      }, {
        "code": "M14621",
        "display": "Charcot's joint, right elbow"
      }, {
        "code": "M14622",
        "display": "Charcot's joint, left elbow"
      }, {
        "code": "M14629",
        "display": "Charcot's joint, unspecified elbow"
      }, {
        "code": "M1463",
        "display": "Charcot's joint, wrist"
      }, {
        "code": "M14631",
        "display": "Charcot's joint, right wrist"
      }, {
        "code": "M14632",
        "display": "Charcot's joint, left wrist"
      }, {
        "code": "M14639",
        "display": "Charcot's joint, unspecified wrist"
      }, {
        "code": "M1464",
        "display": "Charcot's joint, hand"
      }, {
        "code": "M14641",
        "display": "Charcot's joint, right hand"
      }, {
        "code": "M14642",
        "display": "Charcot's joint, left hand"
      }, {
        "code": "M14649",
        "display": "Charcot's joint, unspecified hand"
      }, {
        "code": "M1465",
        "display": "Charcot's joint, hip"
      }, {
        "code": "M14651",
        "display": "Charcot's joint, right hip"
      }, {
        "code": "M14652",
        "display": "Charcot's joint, left hip"
      }, {
        "code": "M14659",
        "display": "Charcot's joint, unspecified hip"
      }, {
        "code": "M1466",
        "display": "Charcot's joint, knee"
      }, {
        "code": "M14661",
        "display": "Charcot's joint, right knee"
      }, {
        "code": "M14662",
        "display": "Charcot's joint, left knee"
      }, {
        "code": "M14669",
        "display": "Charcot's joint, unspecified knee"
      }, {
        "code": "M1467",
        "display": "Charcot's joint, ankle and foot"
      }, {
        "code": "M14671",
        "display": "Charcot's joint, right ankle and foot"
      }, {
        "code": "M14672",
        "display": "Charcot's joint, left ankle and foot"
      }, {
        "code": "M14679",
        "display": "Charcot's joint, unspecified ankle and foot"
      }, {
        "code": "M1468",
        "display": "Charcot's joint, vertebrae"
      }, {
        "code": "M1469",
        "display": "Charcot's joint, multiple sites"
      }, {
        "code": "M148",
        "display": "Arthropathies in oth diseases classified elsewhere"
      }, {
        "code": "M1480",
        "display": "Arthropathies in oth diseases classd elswhr, unsp site"
      }, {
        "code": "M1481",
        "display": "Arthropathies in oth diseases classified elsewhere, shoulder"
      }, {
        "code": "M14811",
        "display": "Arthropathies in oth diseases classd elswhr, right shoulder"
      }, {
        "code": "M14812",
        "display": "Arthropathies in oth diseases classd elswhr, left shoulder"
      }, {
        "code": "M14819",
        "display": "Arthropathies in oth diseases classd elswhr, unsp shoulder"
      }, {
        "code": "M1482",
        "display": "Arthropathies in oth diseases classified elsewhere, elbow"
      }, {
        "code": "M14821",
        "display": "Arthropathies in oth diseases classd elswhr, right elbow"
      }, {
        "code": "M14822",
        "display": "Arthropathies in oth diseases classd elswhr, left elbow"
      }, {
        "code": "M14829",
        "display": "Arthropathies in oth diseases classd elswhr, unsp elbow"
      }, {
        "code": "M1483",
        "display": "Arthropathies in oth diseases classified elsewhere, wrist"
      }, {
        "code": "M14831",
        "display": "Arthropathies in oth diseases classd elswhr, right wrist"
      }, {
        "code": "M14832",
        "display": "Arthropathies in oth diseases classd elswhr, left wrist"
      }, {
        "code": "M14839",
        "display": "Arthropathies in oth diseases classd elswhr, unsp wrist"
      }, {
        "code": "M1484",
        "display": "Arthropathies in oth diseases classified elsewhere, hand"
      }, {
        "code": "M14841",
        "display": "Arthropathies in oth diseases classd elswhr, right hand"
      }, {
        "code": "M14842",
        "display": "Arthropathies in oth diseases classd elswhr, left hand"
      }, {
        "code": "M14849",
        "display": "Arthropathies in oth diseases classd elswhr, unsp hand"
      }, {
        "code": "M1485",
        "display": "Arthropathies in oth diseases classified elsewhere, hip"
      }, {
        "code": "M14851",
        "display": "Arthropathies in oth diseases classd elswhr, right hip"
      }, {
        "code": "M14852",
        "display": "Arthropathies in oth diseases classified elsewhere, left hip"
      }, {
        "code": "M14859",
        "display": "Arthropathies in oth diseases classified elsewhere, unsp hip"
      }, {
        "code": "M1486",
        "display": "Arthropathies in oth diseases classified elsewhere, knee"
      }, {
        "code": "M14861",
        "display": "Arthropathies in oth diseases classd elswhr, right knee"
      }, {
        "code": "M14862",
        "display": "Arthropathies in oth diseases classd elswhr, left knee"
      }, {
        "code": "M14869",
        "display": "Arthropathies in oth diseases classd elswhr, unsp knee"
      }, {
        "code": "M1487",
        "display": "Arthropathies in oth diseases classd elswhr, ankle and foot"
      }, {
        "code": "M14871",
        "display": "Arthropathies in oth diseases classd elswhr, right ank/ft"
      }, {
        "code": "M14872",
        "display": "Arthropathies in oth diseases classd elswhr, left ank/ft"
      }, {
        "code": "M14879",
        "display": "Arthropathies in oth diseases classd elswhr, unsp ank/ft"
      }, {
        "code": "M1488",
        "display": "Arthropathies in oth diseases classd elswhr, vertebrae"
      }, {
        "code": "M1489",
        "display": "Arthropathies in oth diseases classd elswhr, multiple sites"
      } ]
    } ]
  }
}