{
  "resourceType": "ValueSet",
  "id": "Z93",
  "url": "http://hl7.org/fhir/sid/icd-10-cm-1904",
  "version": "1.0",
  "name": "Artificial opening status",
  "title": "Artificial opening status",
  "status": "active",
  "compose": {
    "include": [ {
      "system": "http://hl7.org/fhir/sid/icd-10-cm",
      "concept": [ {
        "code": "Z930",
        "display": "Tracheostomy status"
      }, {
        "code": "Z931",
        "display": "Gastrostomy status"
      }, {
        "code": "Z932",
        "display": "Ileostomy status"
      }, {
        "code": "Z933",
        "display": "Colostomy status"
      }, {
        "code": "Z934",
        "display": "Other artificial openings of gastrointestinal tract status"
      }, {
        "code": "Z935",
        "display": "Cystostomy status"
      }, {
        "code": "Z9350",
        "display": "Unspecified cystostomy status"
      }, {
        "code": "Z9351",
        "display": "Cutaneous-vesicostomy status"
      }, {
        "code": "Z9352",
        "display": "Appendico-vesicostomy status"
      }, {
        "code": "Z9359",
        "display": "Other cystostomy status"
      }, {
        "code": "Z936",
        "display": "Other artificial openings of urinary tract status"
      }, {
        "code": "Z938",
        "display": "Other artificial opening status"
      }, {
        "code": "Z939",
        "display": "Artificial opening status, unspecified"
      } ]
    } ]
  }
}