{
  "resourceType": "ValueSet",
  "id": "B77",
  "url": "http://hl7.org/fhir/sid/icd-10-cm-148",
  "version": "1.0",
  "name": "Ascariasis",
  "title": "Ascariasis",
  "status": "active",
  "compose": {
    "include": [ {
      "system": "http://hl7.org/fhir/sid/icd-10-cm",
      "concept": [ {
        "code": "B770",
        "display": "Ascariasis with intestinal complications"
      }, {
        "code": "B778",
        "display": "Ascariasis with other complications"
      }, {
        "code": "B7781",
        "display": "Ascariasis pneumonia"
      }, {
        "code": "B7789",
        "display": "Ascariasis with other complications"
      }, {
        "code": "B779",
        "display": "Ascariasis, unspecified"
      } ]
    } ]
  }
}