{
  "resourceType": "ValueSet",
  "id": "B44",
  "url": "http://hl7.org/fhir/sid/icd-10-cm-118",
  "version": "1.0",
  "name": "Aspergillosis",
  "title": "Aspergillosis",
  "status": "active",
  "compose": {
    "include": [ {
      "system": "http://hl7.org/fhir/sid/icd-10-cm",
      "concept": [ {
        "code": "B440",
        "display": "Invasive pulmonary aspergillosis"
      }, {
        "code": "B441",
        "display": "Other pulmonary aspergillosis"
      }, {
        "code": "B442",
        "display": "Tonsillar aspergillosis"
      }, {
        "code": "B447",
        "display": "Disseminated aspergillosis"
      }, {
        "code": "B448",
        "display": "Other forms of aspergillosis"
      }, {
        "code": "B4481",
        "display": "Allergic bronchopulmonary aspergillosis"
      }, {
        "code": "B4489",
        "display": "Other forms of aspergillosis"
      }, {
        "code": "B449",
        "display": "Aspergillosis, unspecified"
      } ]
    } ]
  }
}