{
  "resourceType": "ValueSet",
  "id": "T71",
  "url": "http://hl7.org/fhir/sid/icd-10-cm-1534",
  "version": "1.0",
  "name": "Asphyxiation",
  "title": "Asphyxiation",
  "status": "active",
  "compose": {
    "include": [ {
      "system": "http://hl7.org/fhir/sid/icd-10-cm",
      "concept": [ {
        "code": "T711",
        "display": "Asphyxiation due to mechanical threat to breathing"
      }, {
        "code": "T7111",
        "display": "Asphyxiation due to smothering under pillow"
      }, {
        "code": "T71111",
        "display": "Asphyxiation due to smothering under pillow, accidental"
      }, {
        "code": "T71111A",
        "display": "Asphyx due to smothering under pillow, accidental, init"
      }, {
        "code": "T71111D",
        "display": "Asphyx due to smothering under pillow, accidental, subs"
      }, {
        "code": "T71111S",
        "display": "Asphyx due to smothering under pillow, accidental, sequela"
      }, {
        "code": "T71112",
        "display": "Asphyxiation due to smothering under pillow, self-harm"
      }, {
        "code": "T71112A",
        "display": "Asphyxiation due to smothering under pillow, self-harm, init"
      }, {
        "code": "T71112D",
        "display": "Asphyxiation due to smothering under pillow, self-harm, subs"
      }, {
        "code": "T71112S",
        "display": "Asphyx due to smothering under pillow, self-harm, sequela"
      }, {
        "code": "T71113",
        "display": "Asphyxiation due to smothering under pillow, assault"
      }, {
        "code": "T71113A",
        "display": "Asphyxiation due to smothering under pillow, assault, init"
      }, {
        "code": "T71113D",
        "display": "Asphyxiation due to smothering under pillow, assault, subs"
      }, {
        "code": "T71113S",
        "display": "Asphyx due to smothering under pillow, assault, sequela"
      }, {
        "code": "T71114",
        "display": "Asphyxiation due to smothering under pillow, undetermined"
      }, {
        "code": "T71114A",
        "display": "Asphyx due to smothering under pillow, undetermined, init"
      }, {
        "code": "T71114D",
        "display": "Asphyx due to smothering under pillow, undetermined, subs"
      }, {
        "code": "T71114S",
        "display": "Asphyx due to smothering under pillow, undetermined, sequela"
      }, {
        "code": "T7112",
        "display": "Asphyxiation due to plastic bag"
      }, {
        "code": "T71121",
        "display": "Asphyxiation due to plastic bag, accidental"
      }, {
        "code": "T71121A",
        "display": "Asphyxiation due to plastic bag, accidental, init encntr"
      }, {
        "code": "T71121D",
        "display": "Asphyxiation due to plastic bag, accidental, subs encntr"
      }, {
        "code": "T71121S",
        "display": "Asphyxiation due to plastic bag, accidental, sequela"
      }, {
        "code": "T71122",
        "display": "Asphyxiation due to plastic bag, intentional self-harm"
      }, {
        "code": "T71122A",
        "display": "Asphyxiation due to plastic bag, intentional self-harm, init"
      }, {
        "code": "T71122D",
        "display": "Asphyxiation due to plastic bag, intentional self-harm, subs"
      }, {
        "code": "T71122S",
        "display": "Asphyxiation due to plastic bag, self-harm, sequela"
      }, {
        "code": "T71123",
        "display": "Asphyxiation due to plastic bag, assault"
      }, {
        "code": "T71123A",
        "display": "Asphyxiation due to plastic bag, assault, initial encounter"
      }, {
        "code": "T71123D",
        "display": "Asphyxiation due to plastic bag, assault, subs encntr"
      }, {
        "code": "T71123S",
        "display": "Asphyxiation due to plastic bag, assault, sequela"
      }, {
        "code": "T71124",
        "display": "Asphyxiation due to plastic bag, undetermined"
      }, {
        "code": "T71124A",
        "display": "Asphyxiation due to plastic bag, undetermined, init encntr"
      }, {
        "code": "T71124D",
        "display": "Asphyxiation due to plastic bag, undetermined, subs encntr"
      }, {
        "code": "T71124S",
        "display": "Asphyxiation due to plastic bag, undetermined, sequela"
      }, {
        "code": "T7113",
        "display": "Asphyxiation due to being trapped in bed linens"
      }, {
        "code": "T71131",
        "display": "Asphyxiation due to being trapped in bed linens, accidental"
      }, {
        "code": "T71131A",
        "display": "Asphyx due to being trapped in bed linens, accidental, init"
      }, {
        "code": "T71131D",
        "display": "Asphyx due to being trapped in bed linens, accidental, subs"
      }, {
        "code": "T71131S",
        "display": "Asphyx due to being trapped in bed linens, acc, sequela"
      }, {
        "code": "T71132",
        "display": "Asphyxiation due to being trapped in bed linens, self-harm"
      }, {
        "code": "T71132A",
        "display": "Asphyx due to being trapped in bed linens, self-harm, init"
      }, {
        "code": "T71132D",
        "display": "Asphyx due to being trapped in bed linens, self-harm, subs"
      }, {
        "code": "T71132S",
        "display": "Asphyx due to being trapped in bed linens, slf-hrm, sequela"
      }, {
        "code": "T71133",
        "display": "Asphyxiation due to being trapped in bed linens, assault"
      }, {
        "code": "T71133A",
        "display": "Asphyx due to being trapped in bed linens, assault, init"
      }, {
        "code": "T71133D",
        "display": "Asphyx due to being trapped in bed linens, assault, subs"
      }, {
        "code": "T71133S",
        "display": "Asphyx due to being trapped in bed linens, assault, sequela"
      }, {
        "code": "T71134",
        "display": "Asphyx due to being trapped in bed linens, undetermined"
      }, {
        "code": "T71134A",
        "display": "Asphyx due to being trapped in bed linens, undet, init"
      }, {
        "code": "T71134D",
        "display": "Asphyx due to being trapped in bed linens, undet, subs"
      }, {
        "code": "T71134S",
        "display": "Asphyx due to being trapped in bed linens, undet, sequela"
      }, {
        "code": "T7114",
        "display": "Asphyx due to smothr under another person's body (in bed)"
      }, {
        "code": "T71141",
        "display": "Asphyx due to smothr under another person's body, acc"
      }, {
        "code": "T71141A",
        "display": "Asphyx due to smothr under another person's body, acc, init"
      }, {
        "code": "T71141D",
        "display": "Asphyx due to smothr under another person's body, acc, subs"
      }, {
        "code": "T71141S",
        "display": "Asphyx due to smothr under another person's body, acc, sqla"
      }, {
        "code": "T71143",
        "display": "Asphyx due to smothr under another person's body, assault"
      }, {
        "code": "T71143A",
        "display": "Asphyx d/t smothr under another person's body, asslt, init"
      }, {
        "code": "T71143D",
        "display": "Asphyx d/t smothr under another person's body, asslt, subs"
      }, {
        "code": "T71143S",
        "display": "Asphyx d/t smothr under another person's body, asslt, sqla"
      }, {
        "code": "T71144",
        "display": "Asphyx due to smothr under another person's body, undet"
      }, {
        "code": "T71144A",
        "display": "Asphyx d/t smothr under another person's body, undet, init"
      }, {
        "code": "T71144D",
        "display": "Asphyx d/t smothr under another person's body, undet, subs"
      }, {
        "code": "T71144S",
        "display": "Asphyx d/t smothr under another person's body, undet, sqla"
      }, {
        "code": "T7115",
        "display": "Asphyxiation due to smothering in furniture"
      }, {
        "code": "T71151",
        "display": "Asphyxiation due to smothering in furniture, accidental"
      }, {
        "code": "T71151A",
        "display": "Asphyx due to smothering in furniture, accidental, init"
      }, {
        "code": "T71151D",
        "display": "Asphyx due to smothering in furniture, accidental, subs"
      }, {
        "code": "T71151S",
        "display": "Asphyx due to smothering in furniture, accidental, sequela"
      }, {
        "code": "T71152",
        "display": "Asphyxiation due to smothering in furniture, self-harm"
      }, {
        "code": "T71152A",
        "display": "Asphyxiation due to smothering in furniture, self-harm, init"
      }, {
        "code": "T71152D",
        "display": "Asphyxiation due to smothering in furniture, self-harm, subs"
      }, {
        "code": "T71152S",
        "display": "Asphyx due to smothering in furniture, self-harm, sequela"
      }, {
        "code": "T71153",
        "display": "Asphyxiation due to smothering in furniture, assault"
      }, {
        "code": "T71153A",
        "display": "Asphyxiation due to smothering in furniture, assault, init"
      }, {
        "code": "T71153D",
        "display": "Asphyxiation due to smothering in furniture, assault, subs"
      }, {
        "code": "T71153S",
        "display": "Asphyx due to smothering in furniture, assault, sequela"
      }, {
        "code": "T71154",
        "display": "Asphyxiation due to smothering in furniture, undetermined"
      }, {
        "code": "T71154A",
        "display": "Asphyx due to smothering in furniture, undetermined, init"
      }, {
        "code": "T71154D",
        "display": "Asphyx due to smothering in furniture, undetermined, subs"
      }, {
        "code": "T71154S",
        "display": "Asphyx due to smothering in furniture, undetermined, sequela"
      }, {
        "code": "T7116",
        "display": "Asphyxiation due to hanging"
      }, {
        "code": "T71161",
        "display": "Asphyxiation due to hanging, accidental"
      }, {
        "code": "T71161A",
        "display": "Asphyxiation due to hanging, accidental, initial encounter"
      }, {
        "code": "T71161D",
        "display": "Asphyxiation due to hanging, accidental, subs encntr"
      }, {
        "code": "T71161S",
        "display": "Asphyxiation due to hanging, accidental, sequela"
      }, {
        "code": "T71162",
        "display": "Asphyxiation due to hanging, intentional self-harm"
      }, {
        "code": "T71162A",
        "display": "Asphyxiation due to hanging, intentional self-harm, init"
      }, {
        "code": "T71162D",
        "display": "Asphyxiation due to hanging, intentional self-harm, subs"
      }, {
        "code": "T71162S",
        "display": "Asphyxiation due to hanging, intentional self-harm, sequela"
      }, {
        "code": "T71163",
        "display": "Asphyxiation due to hanging, assault"
      }, {
        "code": "T71163A",
        "display": "Asphyxiation due to hanging, assault, initial encounter"
      }, {
        "code": "T71163D",
        "display": "Asphyxiation due to hanging, assault, subsequent encounter"
      }, {
        "code": "T71163S",
        "display": "Asphyxiation due to hanging, assault, sequela"
      }, {
        "code": "T71164",
        "display": "Asphyxiation due to hanging, undetermined"
      }, {
        "code": "T71164A",
        "display": "Asphyxiation due to hanging, undetermined, initial encounter"
      }, {
        "code": "T71164D",
        "display": "Asphyxiation due to hanging, undetermined, subs encntr"
      }, {
        "code": "T71164S",
        "display": "Asphyxiation due to hanging, undetermined, sequela"
      }, {
        "code": "T7119",
        "display": "Asphyx due to mech threat to breathing due to oth causes"
      }, {
        "code": "T71191",
        "display": "Asphyx due to mech threat to breathe due to oth causes, acc"
      }, {
        "code": "T71191A",
        "display": "Asphyx d/t mech threat to breathe d/t oth cause, acc, init"
      }, {
        "code": "T71191D",
        "display": "Asphyx d/t mech threat to breathe d/t oth cause, acc, subs"
      }, {
        "code": "T71191S",
        "display": "Asphyx d/t mech threat to breathe d/t oth cause, acc, sqla"
      }, {
        "code": "T71192",
        "display": "Asphyx d/t mech threat to breathe due to oth cause, slf-hrm"
      }, {
        "code": "T71192A",
        "display": "Asphyx d/t mech thrt to breathe d/t oth cause, slf-hrm, init"
      }, {
        "code": "T71192D",
        "display": "Asphyx d/t mech thrt to breathe d/t oth cause, slf-hrm, subs"
      }, {
        "code": "T71192S",
        "display": "Asphyx d/t mech thrt to breathe d/t oth cause, slf-hrm, sqla"
      }, {
        "code": "T71193",
        "display": "Asphyx due to mech threat to breathe due to oth cause, asslt"
      }, {
        "code": "T71193A",
        "display": "Asphyx d/t mech threat to breathe d/t oth cause, asslt, init"
      }, {
        "code": "T71193D",
        "display": "Asphyx d/t mech threat to breathe d/t oth cause, asslt, subs"
      }, {
        "code": "T71193S",
        "display": "Asphyx d/t mech threat to breathe d/t oth cause, asslt, sqla"
      }, {
        "code": "T71194",
        "display": "Asphyx due to mech threat to breathe due to oth cause, undet"
      }, {
        "code": "T71194A",
        "display": "Asphyx d/t mech threat to breathe d/t oth cause, undet, init"
      }, {
        "code": "T71194D",
        "display": "Asphyx d/t mech threat to breathe d/t oth cause, undet, subs"
      }, {
        "code": "T71194S",
        "display": "Asphyx d/t mech threat to breathe d/t oth cause, undet, sqla"
      }, {
        "code": "T712",
        "display": "Asphyxiation due to systemic oxy defic due to low oxy in air"
      }, {
        "code": "T7120",
        "display": "Asphyx due to sys oxy defic due to low oxy in air unsp cause"
      }, {
        "code": "T7120XA",
        "display": "Asphyx d/t sys oxy defic d/t low oxy in air unsp cause, init"
      }, {
        "code": "T7120XD",
        "display": "Asphyx d/t sys oxy defic d/t low oxy in air unsp cause, subs"
      }, {
        "code": "T7120XS",
        "display": "Asphyx d/t sys oxy defic d/t low oxy in air unsp cause, sqla"
      }, {
        "code": "T7121",
        "display": "Asphyxiation due to cave-in or falling earth"
      }, {
        "code": "T7121XA",
        "display": "Asphyxiation due to cave-in or falling earth, init encntr"
      }, {
        "code": "T7121XD",
        "display": "Asphyxiation due to cave-in or falling earth, subs encntr"
      }, {
        "code": "T7121XS",
        "display": "Asphyxiation due to cave-in or falling earth, sequela"
      }, {
        "code": "T7122",
        "display": "Asphyxiation due to being trapped in a car trunk"
      }, {
        "code": "T71221",
        "display": "Asphyxiation due to being trapped in a car trunk, accidental"
      }, {
        "code": "T71221A",
        "display": "Asphyx due to being trapped in a car trunk, accidental, init"
      }, {
        "code": "T71221D",
        "display": "Asphyx due to being trapped in a car trunk, accidental, subs"
      }, {
        "code": "T71221S",
        "display": "Asphyx due to being trapped in a car trunk, acc, sequela"
      }, {
        "code": "T71222",
        "display": "Asphyxiation due to being trapped in a car trunk, self-harm"
      }, {
        "code": "T71222A",
        "display": "Asphyx due to being trapped in a car trunk, self-harm, init"
      }, {
        "code": "T71222D",
        "display": "Asphyx due to being trapped in a car trunk, self-harm, subs"
      }, {
        "code": "T71222S",
        "display": "Asphyx due to being trapped in a car trunk, slf-hrm, sequela"
      }, {
        "code": "T71223",
        "display": "Asphyxiation due to being trapped in a car trunk, assault"
      }, {
        "code": "T71223A",
        "display": "Asphyx due to being trapped in a car trunk, assault, init"
      }, {
        "code": "T71223D",
        "display": "Asphyx due to being trapped in a car trunk, assault, subs"
      }, {
        "code": "T71223S",
        "display": "Asphyx due to being trapped in a car trunk, assault, sequela"
      }, {
        "code": "T71224",
        "display": "Asphyx due to being trapped in a car trunk, undetermined"
      }, {
        "code": "T71224A",
        "display": "Asphyx due to being trapped in a car trunk, undet, init"
      }, {
        "code": "T71224D",
        "display": "Asphyx due to being trapped in a car trunk, undet, subs"
      }, {
        "code": "T71224S",
        "display": "Asphyx due to being trapped in a car trunk, undet, sequela"
      }, {
        "code": "T7123",
        "display": "Asphyx due to being trapped in a (discarded) refrigerator"
      }, {
        "code": "T71231",
        "display": "Asphyx due to being trapped in a (discarded) refrig, acc"
      }, {
        "code": "T71231A",
        "display": "Asphyx due to being trap in a (discarded) refrig, acc, init"
      }, {
        "code": "T71231D",
        "display": "Asphyx due to being trap in a (discarded) refrig, acc, subs"
      }, {
        "code": "T71231S",
        "display": "Asphyx due to being trap in a (discarded) refrig, acc, sqla"
      }, {
        "code": "T71232",
        "display": "Asphyx due to being trapped in a (discarded) refrig, slf-hrm"
      }, {
        "code": "T71232A",
        "display": "Asphyx d/t being trap in a (discarded) refrig, slf-hrm, init"
      }, {
        "code": "T71232D",
        "display": "Asphyx d/t being trap in a (discarded) refrig, slf-hrm, subs"
      }, {
        "code": "T71232S",
        "display": "Asphyx d/t being trap in a (discarded) refrig, slf-hrm, sqla"
      }, {
        "code": "T71233",
        "display": "Asphyx due to being trapped in a (discarded) refrig, assault"
      }, {
        "code": "T71233A",
        "display": "Asphyx d/t being trap in a (discarded) refrig, asslt, init"
      }, {
        "code": "T71233D",
        "display": "Asphyx d/t being trap in a (discarded) refrig, asslt, subs"
      }, {
        "code": "T71233S",
        "display": "Asphyx d/t being trap in a (discarded) refrig, asslt, sqla"
      }, {
        "code": "T71234",
        "display": "Asphyx due to being trapped in a (discarded) refrig, undet"
      }, {
        "code": "T71234A",
        "display": "Asphyx d/t being trap in a (discarded) refrig, undet, init"
      }, {
        "code": "T71234D",
        "display": "Asphyx d/t being trap in a (discarded) refrig, undet, subs"
      }, {
        "code": "T71234S",
        "display": "Asphyx d/t being trap in a (discarded) refrig, undet, sqla"
      }, {
        "code": "T7129",
        "display": "Asphyx due to being trapped in oth low oxygen environment"
      }, {
        "code": "T7129XA",
        "display": "Asphyx due to being trap in oth low oxygen environment, init"
      }, {
        "code": "T7129XD",
        "display": "Asphyx due to being trap in oth low oxygen environment, subs"
      }, {
        "code": "T7129XS",
        "display": "Asphyx due to being trap in oth low oxygen environment, sqla"
      }, {
        "code": "T719",
        "display": "Asphyxiation due to unspecified cause"
      }, {
        "code": "T719XXA",
        "display": "Asphyxiation due to unspecified cause, initial encounter"
      }, {
        "code": "T719XXD",
        "display": "Asphyxiation due to unspecified cause, subsequent encounter"
      }, {
        "code": "T719XXS",
        "display": "Asphyxiation due to unspecified cause, sequela"
      } ]
    } ]
  }
}