{
  "resourceType": "ValueSet",
  "id": "X96",
  "url": "http://hl7.org/fhir/sid/icd-10-cm-1767",
  "version": "1.0",
  "name": "Assault by explosive material",
  "title": "Assault by explosive material",
  "status": "active",
  "compose": {
    "include": [ {
      "system": "http://hl7.org/fhir/sid/icd-10-cm",
      "concept": [ {
        "code": "X960",
        "display": "Assault by antipersonnel bomb"
      }, {
        "code": "X960XXA",
        "display": "Assault by antipersonnel bomb, initial encounter"
      }, {
        "code": "X960XXD",
        "display": "Assault by antipersonnel bomb, subsequent encounter"
      }, {
        "code": "X960XXS",
        "display": "Assault by antipersonnel bomb, sequela"
      }, {
        "code": "X961",
        "display": "Assault by gasoline bomb"
      }, {
        "code": "X961XXA",
        "display": "Assault by gasoline bomb, initial encounter"
      }, {
        "code": "X961XXD",
        "display": "Assault by gasoline bomb, subsequent encounter"
      }, {
        "code": "X961XXS",
        "display": "Assault by gasoline bomb, sequela"
      }, {
        "code": "X962",
        "display": "Assault by letter bomb"
      }, {
        "code": "X962XXA",
        "display": "Assault by letter bomb, initial encounter"
      }, {
        "code": "X962XXD",
        "display": "Assault by letter bomb, subsequent encounter"
      }, {
        "code": "X962XXS",
        "display": "Assault by letter bomb, sequela"
      }, {
        "code": "X963",
        "display": "Assault by fertilizer bomb"
      }, {
        "code": "X963XXA",
        "display": "Assault by fertilizer bomb, initial encounter"
      }, {
        "code": "X963XXD",
        "display": "Assault by fertilizer bomb, subsequent encounter"
      }, {
        "code": "X963XXS",
        "display": "Assault by fertilizer bomb, sequela"
      }, {
        "code": "X964",
        "display": "Assault by pipe bomb"
      }, {
        "code": "X964XXA",
        "display": "Assault by pipe bomb, initial encounter"
      }, {
        "code": "X964XXD",
        "display": "Assault by pipe bomb, subsequent encounter"
      }, {
        "code": "X964XXS",
        "display": "Assault by pipe bomb, sequela"
      }, {
        "code": "X968",
        "display": "Assault by other specified explosive"
      }, {
        "code": "X968XXA",
        "display": "Assault by other specified explosive, initial encounter"
      }, {
        "code": "X968XXD",
        "display": "Assault by other specified explosive, subsequent encounter"
      }, {
        "code": "X968XXS",
        "display": "Assault by other specified explosive, sequela"
      }, {
        "code": "X969",
        "display": "Assault by unspecified explosive"
      }, {
        "code": "X969XXA",
        "display": "Assault by unspecified explosive, initial encounter"
      }, {
        "code": "X969XXD",
        "display": "Assault by unspecified explosive, subsequent encounter"
      }, {
        "code": "X969XXS",
        "display": "Assault by unspecified explosive, sequela"
      } ]
    } ]
  }
}