{
  "resourceType": "ValueSet",
  "id": "Y04",
  "url": "http://hl7.org/fhir/sid/icd-10-cm-1775",
  "version": "1.0",
  "name": "Assault by bodily force",
  "title": "Assault by bodily force",
  "status": "active",
  "compose": {
    "include": [ {
      "system": "http://hl7.org/fhir/sid/icd-10-cm",
      "concept": [ {
        "code": "Y040",
        "display": "Assault by unarmed brawl or fight"
      }, {
        "code": "Y040XXA",
        "display": "Assault by unarmed brawl or fight, initial encounter"
      }, {
        "code": "Y040XXD",
        "display": "Assault by unarmed brawl or fight, subsequent encounter"
      }, {
        "code": "Y040XXS",
        "display": "Assault by unarmed brawl or fight, sequela"
      }, {
        "code": "Y041",
        "display": "Assault by human bite"
      }, {
        "code": "Y041XXA",
        "display": "Assault by human bite, initial encounter"
      }, {
        "code": "Y041XXD",
        "display": "Assault by human bite, subsequent encounter"
      }, {
        "code": "Y041XXS",
        "display": "Assault by human bite, sequela"
      }, {
        "code": "Y042",
        "display": "Assault by strike against or bumped into by another person"
      }, {
        "code": "Y042XXA",
        "display": "Asslt by strike agnst or bumped into by another person, init"
      }, {
        "code": "Y042XXD",
        "display": "Asslt by strike agnst or bumped into by another person, subs"
      }, {
        "code": "Y042XXS",
        "display": "Asslt by strike agnst or bumped into by another person, sqla"
      }, {
        "code": "Y048",
        "display": "Assault by other bodily force"
      }, {
        "code": "Y048XXA",
        "display": "Assault by other bodily force, initial encounter"
      }, {
        "code": "Y048XXD",
        "display": "Assault by other bodily force, subsequent encounter"
      }, {
        "code": "Y048XXS",
        "display": "Assault by other bodily force, sequela"
      } ]
    } ]
  }
}