{
  "resourceType": "ValueSet",
  "id": "Y00",
  "url": "http://hl7.org/fhir/sid/icd-10-cm-1771",
  "version": "1.0",
  "name": "Assault by blunt object",
  "title": "Assault by blunt object",
  "status": "active",
  "compose": {
    "include": [ {
      "system": "http://hl7.org/fhir/sid/icd-10-cm",
      "concept": [ {
        "code": "Y00XXXA",
        "display": "Assault by blunt object, initial encounter"
      }, {
        "code": "Y00XXXD",
        "display": "Assault by blunt object, subsequent encounter"
      }, {
        "code": "Y00XXXS",
        "display": "Assault by blunt object, sequela"
      } ]
    } ]
  }
}