{
  "resourceType": "ValueSet",
  "id": "X92",
  "url": "http://hl7.org/fhir/sid/icd-10-cm-1763",
  "version": "1.0",
  "name": "Assault by drowning and submersion",
  "title": "Assault by drowning and submersion",
  "status": "active",
  "compose": {
    "include": [ {
      "system": "http://hl7.org/fhir/sid/icd-10-cm",
      "concept": [ {
        "code": "X920",
        "display": "Assault by drowning and submersion while in bathtub"
      }, {
        "code": "X920XXA",
        "display": "Assault by drowning and submersion while in bathtub, init"
      }, {
        "code": "X920XXD",
        "display": "Assault by drowning and submersion while in bathtub, subs"
      }, {
        "code": "X920XXS",
        "display": "Assault by drowning and submersion while in bathtub, sequela"
      }, {
        "code": "X921",
        "display": "Assault by drowning and submersion while in swimming pool"
      }, {
        "code": "X921XXA",
        "display": "Assault by drown while in swimming pool, init"
      }, {
        "code": "X921XXD",
        "display": "Assault by drown while in swimming pool, subs"
      }, {
        "code": "X921XXS",
        "display": "Assault by drown while in swimming pool, sequela"
      }, {
        "code": "X922",
        "display": "Assault by drown after push into swimming pool"
      }, {
        "code": "X922XXA",
        "display": "Assault by drown after push into swimming pool, init"
      }, {
        "code": "X922XXD",
        "display": "Assault by drown after push into swimming pool, subs"
      }, {
        "code": "X922XXS",
        "display": "Assault by drown after push into swimming pool, sequela"
      }, {
        "code": "X923",
        "display": "Assault by drowning and submersion in natural water"
      }, {
        "code": "X923XXA",
        "display": "Assault by drowning and submersion in natural water, init"
      }, {
        "code": "X923XXD",
        "display": "Assault by drowning and submersion in natural water, subs"
      }, {
        "code": "X923XXS",
        "display": "Assault by drowning and submersion in natural water, sequela"
      }, {
        "code": "X928",
        "display": "Other assault by drowning and submersion"
      }, {
        "code": "X928XXA",
        "display": "Other assault by drowning and submersion, initial encounter"
      }, {
        "code": "X928XXD",
        "display": "Other assault by drowning and submersion, subs encntr"
      }, {
        "code": "X928XXS",
        "display": "Other assault by drowning and submersion, sequela"
      }, {
        "code": "X929",
        "display": "Assault by drowning and submersion, unspecified"
      }, {
        "code": "X929XXA",
        "display": "Assault by drowning and submersion, unspecified, init encntr"
      }, {
        "code": "X929XXD",
        "display": "Assault by drowning and submersion, unspecified, subs encntr"
      }, {
        "code": "X929XXS",
        "display": "Assault by drowning and submersion, unspecified, sequela"
      } ]
    } ]
  }
}