{
  "resourceType": "ValueSet",
  "id": "Y08",
  "url": "http://hl7.org/fhir/sid/icd-10-cm-1777",
  "version": "1.0",
  "name": "Assault by other specified means",
  "title": "Assault by other specified means",
  "status": "active",
  "compose": {
    "include": [ {
      "system": "http://hl7.org/fhir/sid/icd-10-cm",
      "concept": [ {
        "code": "Y080",
        "display": "Assault by strike by sport equipment"
      }, {
        "code": "Y0801",
        "display": "Assault by strike by hockey stick"
      }, {
        "code": "Y0801XA",
        "display": "Assault by strike by hockey stick, initial encounter"
      }, {
        "code": "Y0801XD",
        "display": "Assault by strike by hockey stick, subsequent encounter"
      }, {
        "code": "Y0801XS",
        "display": "Assault by strike by hockey stick, sequela"
      }, {
        "code": "Y0802",
        "display": "Assault by strike by baseball bat"
      }, {
        "code": "Y0802XA",
        "display": "Assault by strike by baseball bat, initial encounter"
      }, {
        "code": "Y0802XD",
        "display": "Assault by strike by baseball bat, subsequent encounter"
      }, {
        "code": "Y0802XS",
        "display": "Assault by strike by baseball bat, sequela"
      }, {
        "code": "Y0809",
        "display": "Assault by strike by other specified type of sport equipment"
      }, {
        "code": "Y0809XA",
        "display": "Assault by strike by oth type of sport equipment, init"
      }, {
        "code": "Y0809XD",
        "display": "Assault by strike by oth type of sport equipment, subs"
      }, {
        "code": "Y0809XS",
        "display": "Assault by strike by oth type of sport equipment, sequela"
      }, {
        "code": "Y088",
        "display": "Assault by other specified means"
      }, {
        "code": "Y0881",
        "display": "Assault by crashing of aircraft"
      }, {
        "code": "Y0881XA",
        "display": "Assault by crashing of aircraft, initial encounter"
      }, {
        "code": "Y0881XD",
        "display": "Assault by crashing of aircraft, subsequent encounter"
      }, {
        "code": "Y0881XS",
        "display": "Assault by crashing of aircraft, sequela"
      }, {
        "code": "Y0889",
        "display": "Assault by other specified means"
      }, {
        "code": "Y0889XA",
        "display": "Assault by other specified means, initial encounter"
      }, {
        "code": "Y0889XD",
        "display": "Assault by other specified means, subsequent encounter"
      }, {
        "code": "Y0889XS",
        "display": "Assault by other specified means, sequela"
      } ]
    } ]
  }
}