{
  "resourceType": "ValueSet",
  "id": "Y03",
  "url": "http://hl7.org/fhir/sid/icd-10-cm-1774",
  "version": "1.0",
  "name": "Assault by crashing of motor vehicle",
  "title": "Assault by crashing of motor vehicle",
  "status": "active",
  "compose": {
    "include": [ {
      "system": "http://hl7.org/fhir/sid/icd-10-cm",
      "concept": [ {
        "code": "Y030",
        "display": "Assault by being hit or run over by motor vehicle"
      }, {
        "code": "Y030XXA",
        "display": "Assault by being hit or run over by motor vehicle, init"
      }, {
        "code": "Y030XXD",
        "display": "Assault by being hit or run over by motor vehicle, subs"
      }, {
        "code": "Y030XXS",
        "display": "Assault by being hit or run over by motor vehicle, sequela"
      }, {
        "code": "Y038",
        "display": "Other assault by crashing of motor vehicle"
      }, {
        "code": "Y038XXA",
        "display": "Other assault by crashing of motor vehicle, init encntr"
      }, {
        "code": "Y038XXD",
        "display": "Other assault by crashing of motor vehicle, subs encntr"
      }, {
        "code": "Y038XXS",
        "display": "Other assault by crashing of motor vehicle, sequela"
      } ]
    } ]
  }
}