{
  "resourceType": "ValueSet",
  "id": "X99",
  "url": "http://hl7.org/fhir/sid/icd-10-cm-1770",
  "version": "1.0",
  "name": "Assault by sharp object",
  "title": "Assault by sharp object",
  "status": "active",
  "compose": {
    "include": [ {
      "system": "http://hl7.org/fhir/sid/icd-10-cm",
      "concept": [ {
        "code": "X990",
        "display": "Assault by sharp glass"
      }, {
        "code": "X990XXA",
        "display": "Assault by sharp glass, initial encounter"
      }, {
        "code": "X990XXD",
        "display": "Assault by sharp glass, subsequent encounter"
      }, {
        "code": "X990XXS",
        "display": "Assault by sharp glass, sequela"
      }, {
        "code": "X991",
        "display": "Assault by knife"
      }, {
        "code": "X991XXA",
        "display": "Assault by knife, initial encounter"
      }, {
        "code": "X991XXD",
        "display": "Assault by knife, subsequent encounter"
      }, {
        "code": "X991XXS",
        "display": "Assault by knife, sequela"
      }, {
        "code": "X992",
        "display": "Assault by sword or dagger"
      }, {
        "code": "X992XXA",
        "display": "Assault by sword or dagger, initial encounter"
      }, {
        "code": "X992XXD",
        "display": "Assault by sword or dagger, subsequent encounter"
      }, {
        "code": "X992XXS",
        "display": "Assault by sword or dagger, sequela"
      }, {
        "code": "X998",
        "display": "Assault by other sharp object"
      }, {
        "code": "X998XXA",
        "display": "Assault by other sharp object, initial encounter"
      }, {
        "code": "X998XXD",
        "display": "Assault by other sharp object, subsequent encounter"
      }, {
        "code": "X998XXS",
        "display": "Assault by other sharp object, sequela"
      }, {
        "code": "X999",
        "display": "Assault by unspecified sharp object"
      }, {
        "code": "X999XXA",
        "display": "Assault by unspecified sharp object, initial encounter"
      }, {
        "code": "X999XXD",
        "display": "Assault by unspecified sharp object, subsequent encounter"
      }, {
        "code": "X999XXS",
        "display": "Assault by unspecified sharp object, sequela"
      } ]
    } ]
  }
}