{
  "resourceType": "ValueSet",
  "id": "X97",
  "url": "http://hl7.org/fhir/sid/icd-10-cm-1768",
  "version": "1.0",
  "name": "Assault by smoke, fire and flames",
  "title": "Assault by smoke, fire and flames",
  "status": "active",
  "compose": {
    "include": [ {
      "system": "http://hl7.org/fhir/sid/icd-10-cm",
      "concept": [ {
        "code": "X97XXXA",
        "display": "Assault by smoke, fire and flames, initial encounter"
      }, {
        "code": "X97XXXD",
        "display": "Assault by smoke, fire and flames, subsequent encounter"
      }, {
        "code": "X97XXXS",
        "display": "Assault by smoke, fire and flames, sequela"
      } ]
    } ]
  }
}