{
  "resourceType": "ValueSet",
  "id": "X93",
  "url": "http://hl7.org/fhir/sid/icd-10-cm-1764",
  "version": "1.0",
  "name": "Assault by handgun discharge",
  "title": "Assault by handgun discharge",
  "status": "active",
  "compose": {
    "include": [ {
      "system": "http://hl7.org/fhir/sid/icd-10-cm",
      "concept": [ {
        "code": "X93XXXA",
        "display": "Assault by handgun discharge, initial encounter"
      }, {
        "code": "X93XXXD",
        "display": "Assault by handgun discharge, subsequent encounter"
      }, {
        "code": "X93XXXS",
        "display": "Assault by handgun discharge, sequela"
      } ]
    } ]
  }
}