{
  "resourceType": "ValueSet",
  "id": "Y01",
  "url": "http://hl7.org/fhir/sid/icd-10-cm-1772",
  "version": "1.0",
  "name": "Assault by pushing from high place",
  "title": "Assault by pushing from high place",
  "status": "active",
  "compose": {
    "include": [ {
      "system": "http://hl7.org/fhir/sid/icd-10-cm",
      "concept": [ {
        "code": "Y01XXXA",
        "display": "Assault by pushing from high place, initial encounter"
      }, {
        "code": "Y01XXXD",
        "display": "Assault by pushing from high place, subsequent encounter"
      }, {
        "code": "Y01XXXS",
        "display": "Assault by pushing from high place, sequela"
      } ]
    } ]
  }
}