{
  "resourceType": "ValueSet",
  "id": "Y02",
  "url": "http://hl7.org/fhir/sid/icd-10-cm-1773",
  "version": "1.0",
  "name": "Assault by push/place victim in front of moving object",
  "title": "Assault by pushing or placing victim in front of moving object",
  "status": "active",
  "compose": {
    "include": [ {
      "system": "http://hl7.org/fhir/sid/icd-10-cm",
      "concept": [ {
        "code": "Y020",
        "display": "Assault by push/place victim in front of motor vehicle"
      }, {
        "code": "Y020XXA",
        "display": "Assault by push/place victim in front of motor vehicle, init"
      }, {
        "code": "Y020XXD",
        "display": "Assault by push/place victim in front of motor vehicle, subs"
      }, {
        "code": "Y020XXS",
        "display": "Assault by push/place victim in front of mtr veh, sequela"
      }, {
        "code": "Y021",
        "display": "Assault by push/place victim in front of (subway) train"
      }, {
        "code": "Y021XXA",
        "display": "Assault by push/place victim in front of train, init"
      }, {
        "code": "Y021XXD",
        "display": "Assault by push/place victim in front of train, subs"
      }, {
        "code": "Y021XXS",
        "display": "Assault by push/place victim in front of train, sequela"
      }, {
        "code": "Y028",
        "display": "Assault by push/place victim in front of moving object"
      }, {
        "code": "Y028XXA",
        "display": "Assault by push/place victim in front of moving object, init"
      }, {
        "code": "Y028XXD",
        "display": "Assault by push/place victim in front of moving object, subs"
      }, {
        "code": "Y028XXS",
        "display": "Asslt by push/place victim in front of moving object, sqla"
      } ]
    } ]
  }
}