{
  "resourceType": "ValueSet",
  "id": "X98",
  "url": "http://hl7.org/fhir/sid/icd-10-cm-1769",
  "version": "1.0",
  "name": "Assault by steam, hot vapors and hot objects",
  "title": "Assault by steam, hot vapors and hot objects",
  "status": "active",
  "compose": {
    "include": [ {
      "system": "http://hl7.org/fhir/sid/icd-10-cm",
      "concept": [ {
        "code": "X980",
        "display": "Assault by steam or hot vapors"
      }, {
        "code": "X980XXA",
        "display": "Assault by steam or hot vapors, initial encounter"
      }, {
        "code": "X980XXD",
        "display": "Assault by steam or hot vapors, subsequent encounter"
      }, {
        "code": "X980XXS",
        "display": "Assault by steam or hot vapors, sequela"
      }, {
        "code": "X981",
        "display": "Assault by hot tap water"
      }, {
        "code": "X981XXA",
        "display": "Assault by hot tap water, initial encounter"
      }, {
        "code": "X981XXD",
        "display": "Assault by hot tap water, subsequent encounter"
      }, {
        "code": "X981XXS",
        "display": "Assault by hot tap water, sequela"
      }, {
        "code": "X982",
        "display": "Assault by hot fluids"
      }, {
        "code": "X982XXA",
        "display": "Assault by hot fluids, initial encounter"
      }, {
        "code": "X982XXD",
        "display": "Assault by hot fluids, subsequent encounter"
      }, {
        "code": "X982XXS",
        "display": "Assault by hot fluids, sequela"
      }, {
        "code": "X983",
        "display": "Assault by hot household appliances"
      }, {
        "code": "X983XXA",
        "display": "Assault by hot household appliances, initial encounter"
      }, {
        "code": "X983XXD",
        "display": "Assault by hot household appliances, subsequent encounter"
      }, {
        "code": "X983XXS",
        "display": "Assault by hot household appliances, sequela"
      }, {
        "code": "X988",
        "display": "Assault by other hot objects"
      }, {
        "code": "X988XXA",
        "display": "Assault by other hot objects, initial encounter"
      }, {
        "code": "X988XXD",
        "display": "Assault by other hot objects, subsequent encounter"
      }, {
        "code": "X988XXS",
        "display": "Assault by other hot objects, sequela"
      }, {
        "code": "X989",
        "display": "Assault by unspecified hot objects"
      }, {
        "code": "X989XXA",
        "display": "Assault by unspecified hot objects, initial encounter"
      }, {
        "code": "X989XXD",
        "display": "Assault by unspecified hot objects, subsequent encounter"
      }, {
        "code": "X989XXS",
        "display": "Assault by unspecified hot objects, sequela"
      } ]
    } ]
  }
}