{
  "resourceType": "ValueSet",
  "id": "X95",
  "url": "http://hl7.org/fhir/sid/icd-10-cm-1766",
  "version": "1.0",
  "name": "Assault by other and unspecified firearm and gun discharge",
  "title": "Assault by other and unspecified firearm and gun discharge",
  "status": "active",
  "compose": {
    "include": [ {
      "system": "http://hl7.org/fhir/sid/icd-10-cm",
      "concept": [ {
        "code": "X950",
        "display": "Assault by gas, air or spring-operated guns"
      }, {
        "code": "X9501",
        "display": "Assault by airgun discharge"
      }, {
        "code": "X9501XA",
        "display": "Assault by airgun discharge, initial encounter"
      }, {
        "code": "X9501XD",
        "display": "Assault by airgun discharge, subsequent encounter"
      }, {
        "code": "X9501XS",
        "display": "Assault by airgun discharge, sequela"
      }, {
        "code": "X9502",
        "display": "Assault by paintball gun discharge"
      }, {
        "code": "X9502XA",
        "display": "Assault by paintball gun discharge, initial encounter"
      }, {
        "code": "X9502XD",
        "display": "Assault by paintball gun discharge, subsequent encounter"
      }, {
        "code": "X9502XS",
        "display": "Assault by paintball gun discharge, sequela"
      }, {
        "code": "X9509",
        "display": "Assault by other gas, air or spring-operated gun"
      }, {
        "code": "X9509XA",
        "display": "Assault by oth gas, air or spring-operated gun, init encntr"
      }, {
        "code": "X9509XD",
        "display": "Assault by oth gas, air or spring-operated gun, subs encntr"
      }, {
        "code": "X9509XS",
        "display": "Assault by other gas, air or spring-operated gun, sequela"
      }, {
        "code": "X958",
        "display": "Assault by other firearm discharge"
      }, {
        "code": "X958XXA",
        "display": "Assault by other firearm discharge, initial encounter"
      }, {
        "code": "X958XXD",
        "display": "Assault by other firearm discharge, subsequent encounter"
      }, {
        "code": "X958XXS",
        "display": "Assault by other firearm discharge, sequela"
      }, {
        "code": "X959",
        "display": "Assault by unspecified firearm discharge"
      }, {
        "code": "X959XXA",
        "display": "Assault by unspecified firearm discharge, initial encounter"
      }, {
        "code": "X959XXD",
        "display": "Assault by unspecified firearm discharge, subs encntr"
      }, {
        "code": "X959XXS",
        "display": "Assault by unspecified firearm discharge, sequela"
      } ]
    } ]
  }
}