{
  "resourceType": "ValueSet",
  "id": "X94",
  "url": "http://hl7.org/fhir/sid/icd-10-cm-1765",
  "version": "1.0",
  "name": "Assault by rifle, shotgun and larger firearm discharge",
  "title": "Assault by rifle, shotgun and larger firearm discharge",
  "status": "active",
  "compose": {
    "include": [ {
      "system": "http://hl7.org/fhir/sid/icd-10-cm",
      "concept": [ {
        "code": "X940",
        "display": "Assault by shotgun"
      }, {
        "code": "X940XXA",
        "display": "Assault by shotgun, initial encounter"
      }, {
        "code": "X940XXD",
        "display": "Assault by shotgun, subsequent encounter"
      }, {
        "code": "X940XXS",
        "display": "Assault by shotgun, sequela"
      }, {
        "code": "X941",
        "display": "Assault by hunting rifle"
      }, {
        "code": "X941XXA",
        "display": "Assault by hunting rifle, initial encounter"
      }, {
        "code": "X941XXD",
        "display": "Assault by hunting rifle, subsequent encounter"
      }, {
        "code": "X941XXS",
        "display": "Assault by hunting rifle, sequela"
      }, {
        "code": "X942",
        "display": "Assault by machine gun"
      }, {
        "code": "X942XXA",
        "display": "Assault by machine gun, initial encounter"
      }, {
        "code": "X942XXD",
        "display": "Assault by machine gun, subsequent encounter"
      }, {
        "code": "X942XXS",
        "display": "Assault by machine gun, sequela"
      }, {
        "code": "X948",
        "display": "Assault by other larger firearm discharge"
      }, {
        "code": "X948XXA",
        "display": "Assault by other larger firearm discharge, initial encounter"
      }, {
        "code": "X948XXD",
        "display": "Assault by other larger firearm discharge, subs encntr"
      }, {
        "code": "X948XXS",
        "display": "Assault by other larger firearm discharge, sequela"
      }, {
        "code": "X949",
        "display": "Assault by unspecified larger firearm discharge"
      }, {
        "code": "X949XXA",
        "display": "Assault by unspecified larger firearm discharge, init encntr"
      }, {
        "code": "X949XXD",
        "display": "Assault by unspecified larger firearm discharge, subs encntr"
      }, {
        "code": "X949XXS",
        "display": "Assault by unspecified larger firearm discharge, sequela"
      } ]
    } ]
  }
}