{
  "resourceType": "ValueSet",
  "id": "J45",
  "url": "http://hl7.org/fhir/sid/icd-10-cm-734",
  "version": "1.0",
  "name": "Asthma",
  "title": "Asthma",
  "status": "active",
  "compose": {
    "include": [ {
      "system": "http://hl7.org/fhir/sid/icd-10-cm",
      "concept": [ {
        "code": "J452",
        "display": "Mild intermittent asthma"
      }, {
        "code": "J4520",
        "display": "Mild intermittent asthma, uncomplicated"
      }, {
        "code": "J4521",
        "display": "Mild intermittent asthma with (acute) exacerbation"
      }, {
        "code": "J4522",
        "display": "Mild intermittent asthma with status asthmaticus"
      }, {
        "code": "J453",
        "display": "Mild persistent asthma"
      }, {
        "code": "J4530",
        "display": "Mild persistent asthma, uncomplicated"
      }, {
        "code": "J4531",
        "display": "Mild persistent asthma with (acute) exacerbation"
      }, {
        "code": "J4532",
        "display": "Mild persistent asthma with status asthmaticus"
      }, {
        "code": "J454",
        "display": "Moderate persistent asthma"
      }, {
        "code": "J4540",
        "display": "Moderate persistent asthma, uncomplicated"
      }, {
        "code": "J4541",
        "display": "Moderate persistent asthma with (acute) exacerbation"
      }, {
        "code": "J4542",
        "display": "Moderate persistent asthma with status asthmaticus"
      }, {
        "code": "J455",
        "display": "Severe persistent asthma"
      }, {
        "code": "J4550",
        "display": "Severe persistent asthma, uncomplicated"
      }, {
        "code": "J4551",
        "display": "Severe persistent asthma with (acute) exacerbation"
      }, {
        "code": "J4552",
        "display": "Severe persistent asthma with status asthmaticus"
      }, {
        "code": "J459",
        "display": "Other and unspecified asthma"
      }, {
        "code": "J4590",
        "display": "Unspecified asthma"
      }, {
        "code": "J45901",
        "display": "Unspecified asthma with (acute) exacerbation"
      }, {
        "code": "J45902",
        "display": "Unspecified asthma with status asthmaticus"
      }, {
        "code": "J45909",
        "display": "Unspecified asthma, uncomplicated"
      }, {
        "code": "J4599",
        "display": "Other asthma"
      }, {
        "code": "J45990",
        "display": "Exercise induced bronchospasm"
      }, {
        "code": "J45991",
        "display": "Cough variant asthma"
      }, {
        "code": "J45998",
        "display": "Other asthma"
      } ]
    } ]
  }
}