{
  "resourceType": "ValueSet",
  "id": "I75",
  "url": "http://hl7.org/fhir/sid/icd-10-cm-681",
  "version": "1.0",
  "name": "Atheroembolism",
  "title": "Atheroembolism",
  "status": "active",
  "compose": {
    "include": [ {
      "system": "http://hl7.org/fhir/sid/icd-10-cm",
      "concept": [ {
        "code": "I750",
        "display": "Atheroembolism of extremities"
      }, {
        "code": "I7501",
        "display": "Atheroembolism of upper extremity"
      }, {
        "code": "I75011",
        "display": "Atheroembolism of right upper extremity"
      }, {
        "code": "I75012",
        "display": "Atheroembolism of left upper extremity"
      }, {
        "code": "I75013",
        "display": "Atheroembolism of bilateral upper extremities"
      }, {
        "code": "I75019",
        "display": "Atheroembolism of unspecified upper extremity"
      }, {
        "code": "I7502",
        "display": "Atheroembolism of lower extremity"
      }, {
        "code": "I75021",
        "display": "Atheroembolism of right lower extremity"
      }, {
        "code": "I75022",
        "display": "Atheroembolism of left lower extremity"
      }, {
        "code": "I75023",
        "display": "Atheroembolism of bilateral lower extremities"
      }, {
        "code": "I75029",
        "display": "Atheroembolism of unspecified lower extremity"
      }, {
        "code": "I758",
        "display": "Atheroembolism of other sites"
      }, {
        "code": "I7581",
        "display": "Atheroembolism of kidney"
      }, {
        "code": "I7589",
        "display": "Atheroembolism of other site"
      } ]
    } ]
  }
}