{
  "resourceType": "ValueSet",
  "id": "I70",
  "url": "http://hl7.org/fhir/sid/icd-10-cm-676",
  "version": "1.0",
  "name": "Atherosclerosis",
  "title": "Atherosclerosis",
  "status": "active",
  "compose": {
    "include": [ {
      "system": "http://hl7.org/fhir/sid/icd-10-cm",
      "concept": [ {
        "code": "I700",
        "display": "Atherosclerosis of aorta"
      }, {
        "code": "I701",
        "display": "Atherosclerosis of renal artery"
      }, {
        "code": "I702",
        "display": "Atherosclerosis of native arteries of the extremities"
      }, {
        "code": "I7020",
        "display": "Unsp atherosclerosis of native arteries of extremities"
      }, {
        "code": "I70201",
        "display": "Unsp athscl native arteries of extremities, right leg"
      }, {
        "code": "I70202",
        "display": "Unsp athscl native arteries of extremities, left leg"
      }, {
        "code": "I70203",
        "display": "Unsp athscl native arteries of extremities, bilateral legs"
      }, {
        "code": "I70208",
        "display": "Unsp athscl native arteries of extremities, oth extremity"
      }, {
        "code": "I70209",
        "display": "Unsp athscl native arteries of extremities, unsp extremity"
      }, {
        "code": "I7021",
        "display": "Athscl native arteries of extremities w intermittent claud"
      }, {
        "code": "I70211",
        "display": "Athscl native arteries of extrm w intrmt claud, right leg"
      }, {
        "code": "I70212",
        "display": "Athscl native arteries of extrm w intrmt claud, left leg"
      }, {
        "code": "I70213",
        "display": "Athscl native arteries of extrm w intrmt claud, bi legs"
      }, {
        "code": "I70218",
        "display": "Athscl native arteries of extrm w intrmt claud, oth extrm"
      }, {
        "code": "I70219",
        "display": "Athscl native arteries of extrm w intrmt claud, unsp extrm"
      }, {
        "code": "I7022",
        "display": "Athscl native arteries of extremities w rest pain"
      }, {
        "code": "I70221",
        "display": "Athscl native arteries of extremities w rest pain, right leg"
      }, {
        "code": "I70222",
        "display": "Athscl native arteries of extremities w rest pain, left leg"
      }, {
        "code": "I70223",
        "display": "Athscl native arteries of extrm w rest pain, bilateral legs"
      }, {
        "code": "I70228",
        "display": "Athscl native arteries of extrm w rest pain, oth extremity"
      }, {
        "code": "I70229",
        "display": "Athscl native arteries of extrm w rest pain, unsp extremity"
      }, {
        "code": "I7023",
        "display": "Atherosclerosis of native arteries of right leg w ulceration"
      }, {
        "code": "I70231",
        "display": "Athscl native arteries of right leg w ulceration of thigh"
      }, {
        "code": "I70232",
        "display": "Athscl native arteries of right leg w ulceration of calf"
      }, {
        "code": "I70233",
        "display": "Athscl native arteries of right leg w ulceration of ankle"
      }, {
        "code": "I70234",
        "display": "Athscl native art of right leg w ulcer of heel and midfoot"
      }, {
        "code": "I70235",
        "display": "Athscl native arteries of right leg w ulcer oth prt foot"
      }, {
        "code": "I70238",
        "display": "Athscl native art of right leg with ulcer oth prt low leg"
      }, {
        "code": "I70239",
        "display": "Athscl native arteries of right leg w ulcer of unsp site"
      }, {
        "code": "I7024",
        "display": "Atherosclerosis of native arteries of left leg w ulceration"
      }, {
        "code": "I70241",
        "display": "Athscl native arteries of left leg w ulceration of thigh"
      }, {
        "code": "I70242",
        "display": "Athscl native arteries of left leg w ulceration of calf"
      }, {
        "code": "I70243",
        "display": "Athscl native arteries of left leg w ulceration of ankle"
      }, {
        "code": "I70244",
        "display": "Athscl native art of left leg w ulcer of heel and midfoot"
      }, {
        "code": "I70245",
        "display": "Athscl native arteries of left leg w ulceration oth prt foot"
      }, {
        "code": "I70248",
        "display": "Athscl native art of left leg with ulcer oth prt low leg"
      }, {
        "code": "I70249",
        "display": "Athscl native arteries of left leg w ulceration of unsp site"
      }, {
        "code": "I7025",
        "display": "Athscl native arteries of extremities w ulceration"
      }, {
        "code": "I7026",
        "display": "Atherosclerosis of native arteries of extremities w gangrene"
      }, {
        "code": "I70261",
        "display": "Athscl native arteries of extremities w gangrene, right leg"
      }, {
        "code": "I70262",
        "display": "Athscl native arteries of extremities w gangrene, left leg"
      }, {
        "code": "I70263",
        "display": "Athscl native arteries of extrm w gangrene, bilateral legs"
      }, {
        "code": "I70268",
        "display": "Athscl native arteries of extrm w gangrene, oth extremity"
      }, {
        "code": "I70269",
        "display": "Athscl native arteries of extrm w gangrene, unsp extremity"
      }, {
        "code": "I7029",
        "display": "Other atherosclerosis of native arteries of extremities"
      }, {
        "code": "I70291",
        "display": "Oth athscl native arteries of extremities, right leg"
      }, {
        "code": "I70292",
        "display": "Oth athscl native arteries of extremities, left leg"
      }, {
        "code": "I70293",
        "display": "Oth athscl native arteries of extremities, bilateral legs"
      }, {
        "code": "I70298",
        "display": "Oth athscl native arteries of extremities, oth extremity"
      }, {
        "code": "I70299",
        "display": "Oth athscl native arteries of extremities, unsp extremity"
      }, {
        "code": "I703",
        "display": "Athscl unsp type bypass graft(s) of the extremities"
      }, {
        "code": "I7030",
        "display": "Unsp athscl unsp type bypass graft(s) of the extremities"
      }, {
        "code": "I70301",
        "display": "Unsp athscl unsp type bypass of the extremities, right leg"
      }, {
        "code": "I70302",
        "display": "Unsp athscl unsp type bypass of the extremities, left leg"
      }, {
        "code": "I70303",
        "display": "Unsp athscl unsp type bypass of the extrm, bilateral legs"
      }, {
        "code": "I70308",
        "display": "Unsp athscl unsp type bypass of the extrm, oth extremity"
      }, {
        "code": "I70309",
        "display": "Unsp athscl unsp type bypass of the extrm, unsp extremity"
      }, {
        "code": "I7031",
        "display": "Athscl unsp type bypass of the extremities w intrmt claud"
      }, {
        "code": "I70311",
        "display": "Athscl unsp type bypass of extrm w intrmt claud, right leg"
      }, {
        "code": "I70312",
        "display": "Athscl unsp type bypass of extrm w intrmt claud, left leg"
      }, {
        "code": "I70313",
        "display": "Athscl unsp type bypass of the extrm w intrmt claud, bi legs"
      }, {
        "code": "I70318",
        "display": "Athscl unsp type bypass of extrm w intrmt claud, oth extrm"
      }, {
        "code": "I70319",
        "display": "Athscl unsp type bypass of extrm w intrmt claud, unsp extrm"
      }, {
        "code": "I7032",
        "display": "Athscl unsp type bypass of the extremities w rest pain"
      }, {
        "code": "I70321",
        "display": "Athscl unsp type bypass of the extrm w rest pain, right leg"
      }, {
        "code": "I70322",
        "display": "Athscl unsp type bypass of the extrm w rest pain, left leg"
      }, {
        "code": "I70323",
        "display": "Athscl unsp type bypass of the extrm w rest pain, bi legs"
      }, {
        "code": "I70328",
        "display": "Athscl unsp type bypass of the extrm w rest pain, oth extrm"
      }, {
        "code": "I70329",
        "display": "Athscl unsp type bypass of the extrm w rest pain, unsp extrm"
      }, {
        "code": "I7033",
        "display": "Athscl unsp type bypass of the right leg w ulceration"
      }, {
        "code": "I70331",
        "display": "Athscl unsp type bypass of the right leg w ulcer of thigh"
      }, {
        "code": "I70332",
        "display": "Athscl unsp type bypass of the right leg w ulcer of calf"
      }, {
        "code": "I70333",
        "display": "Athscl unsp type bypass of the right leg w ulcer of ankle"
      }, {
        "code": "I70334",
        "display": "Athscl unsp type bypass of r leg w ulcer of heel and midft"
      }, {
        "code": "I70335",
        "display": "Athscl unsp type bypass of right leg w ulcer oth prt foot"
      }, {
        "code": "I70338",
        "display": "Athscl unsp type bypass of right leg w ulcer oth prt low leg"
      }, {
        "code": "I70339",
        "display": "Athscl unsp type bypass of right leg w ulcer of unsp site"
      }, {
        "code": "I7034",
        "display": "Athscl unsp type bypass of the left leg w ulceration"
      }, {
        "code": "I70341",
        "display": "Athscl unsp type bypass of the left leg w ulcer of thigh"
      }, {
        "code": "I70342",
        "display": "Athscl unsp type bypass of the left leg w ulceration of calf"
      }, {
        "code": "I70343",
        "display": "Athscl unsp type bypass of the left leg w ulcer of ankle"
      }, {
        "code": "I70344",
        "display": "Athscl unsp type bypass of left leg w ulc of heel and midft"
      }, {
        "code": "I70345",
        "display": "Athscl unsp type bypass of the left leg w ulcer oth prt foot"
      }, {
        "code": "I70348",
        "display": "Athscl unsp type bypass of left leg w ulcer oth prt low leg"
      }, {
        "code": "I70349",
        "display": "Athscl unsp type bypass of the left leg w ulcer of unsp site"
      }, {
        "code": "I7035",
        "display": "Athscl unsp type bypass graft(s) of extremity w ulceration"
      }, {
        "code": "I7036",
        "display": "Athscl unsp type bypass of the extremities w gangrene"
      }, {
        "code": "I70361",
        "display": "Athscl unsp type bypass of the extrm w gangrene, right leg"
      }, {
        "code": "I70362",
        "display": "Athscl unsp type bypass of the extrm w gangrene, left leg"
      }, {
        "code": "I70363",
        "display": "Athscl unsp type bypass of the extrm w gangrene, bi legs"
      }, {
        "code": "I70368",
        "display": "Athscl unsp type bypass of the extrm w gangrene, oth extrm"
      }, {
        "code": "I70369",
        "display": "Athscl unsp type bypass of the extrm w gangrene, unsp extrm"
      }, {
        "code": "I7039",
        "display": "Oth athscl unsp type bypass graft(s) of the extremities"
      }, {
        "code": "I70391",
        "display": "Oth athscl unsp type bypass of the extremities, right leg"
      }, {
        "code": "I70392",
        "display": "Oth athscl unsp type bypass of the extremities, left leg"
      }, {
        "code": "I70393",
        "display": "Oth athscl unsp type bypass of the extrm, bilateral legs"
      }, {
        "code": "I70398",
        "display": "Oth athscl unsp type bypass of the extrm, oth extremity"
      }, {
        "code": "I70399",
        "display": "Oth athscl unsp type bypass of the extrm, unsp extremity"
      }, {
        "code": "I704",
        "display": "Athscl autologous vein bypass graft(s) of the extremities"
      }, {
        "code": "I7040",
        "display": "Unsp athscl autologous vein bypass of the extremities"
      }, {
        "code": "I70401",
        "display": "Unsp athscl autologous vein bypass of the extrm, right leg"
      }, {
        "code": "I70402",
        "display": "Unsp athscl autologous vein bypass of the extrm, left leg"
      }, {
        "code": "I70403",
        "display": "Unsp athscl autol vein bypass of the extrm, bilateral legs"
      }, {
        "code": "I70408",
        "display": "Unsp athscl autol vein bypass of the extrm, oth extremity"
      }, {
        "code": "I70409",
        "display": "Unsp athscl autol vein bypass of the extrm, unsp extremity"
      }, {
        "code": "I7041",
        "display": "Athscl autologous vein bypass of the extrm w intrmt claud"
      }, {
        "code": "I70411",
        "display": "Athscl autol vein bypass of extrm w intrmt claud, right leg"
      }, {
        "code": "I70412",
        "display": "Athscl autol vein bypass of extrm w intrmt claud, left leg"
      }, {
        "code": "I70413",
        "display": "Athscl autol vein bypass of extrm w intrmt claud, bi legs"
      }, {
        "code": "I70418",
        "display": "Athscl autol vein bypass of extrm w intrmt claud, oth extrm"
      }, {
        "code": "I70419",
        "display": "Athscl autol vein bypass of extrm w intrmt claud, unsp extrm"
      }, {
        "code": "I7042",
        "display": "Athscl autologous vein bypass of the extremities w rest pain"
      }, {
        "code": "I70421",
        "display": "Athscl autol vein bypass of the extrm w rest pain, right leg"
      }, {
        "code": "I70422",
        "display": "Athscl autol vein bypass of the extrm w rest pain, left leg"
      }, {
        "code": "I70423",
        "display": "Athscl autol vein bypass of the extrm w rest pain, bi legs"
      }, {
        "code": "I70428",
        "display": "Athscl autol vein bypass of the extrm w rest pain, oth extrm"
      }, {
        "code": "I70429",
        "display": "Athscl autol vein bypass of extrm w rest pain, unsp extrm"
      }, {
        "code": "I7043",
        "display": "Athscl autologous vein bypass of the right leg w ulceration"
      }, {
        "code": "I70431",
        "display": "Athscl autol vein bypass of the right leg w ulcer of thigh"
      }, {
        "code": "I70432",
        "display": "Athscl autol vein bypass of the right leg w ulcer of calf"
      }, {
        "code": "I70433",
        "display": "Athscl autol vein bypass of the right leg w ulcer of ankle"
      }, {
        "code": "I70434",
        "display": "Athscl autol vein bypass of r leg w ulcer of heel and midft"
      }, {
        "code": "I70435",
        "display": "Athscl autol vein bypass of right leg w ulcer oth prt foot"
      }, {
        "code": "I70438",
        "display": "Athscl autol vein bypass of r leg w ulcer oth prt low leg"
      }, {
        "code": "I70439",
        "display": "Athscl autol vein bypass of right leg w ulcer of unsp site"
      }, {
        "code": "I7044",
        "display": "Athscl autologous vein bypass of the left leg w ulceration"
      }, {
        "code": "I70441",
        "display": "Athscl autol vein bypass of the left leg w ulcer of thigh"
      }, {
        "code": "I70442",
        "display": "Athscl autol vein bypass of the left leg w ulcer of calf"
      }, {
        "code": "I70443",
        "display": "Athscl autol vein bypass of the left leg w ulcer of ankle"
      }, {
        "code": "I70444",
        "display": "Athscl autol vein bypass of left leg w ulc of heel and midft"
      }, {
        "code": "I70445",
        "display": "Athscl autol vein bypass of left leg w ulcer oth prt foot"
      }, {
        "code": "I70448",
        "display": "Athscl autol vein bypass of left leg w ulcer oth prt low leg"
      }, {
        "code": "I70449",
        "display": "Athscl autol vein bypass of left leg w ulcer of unsp site"
      }, {
        "code": "I7045",
        "display": "Athscl autologous vein bypass of extremity w ulceration"
      }, {
        "code": "I7046",
        "display": "Athscl autologous vein bypass of the extremities w gangrene"
      }, {
        "code": "I70461",
        "display": "Athscl autol vein bypass of the extrm w gangrene, right leg"
      }, {
        "code": "I70462",
        "display": "Athscl autol vein bypass of the extrm w gangrene, left leg"
      }, {
        "code": "I70463",
        "display": "Athscl autol vein bypass of the extrm w gangrene, bi legs"
      }, {
        "code": "I70468",
        "display": "Athscl autol vein bypass of the extrm w gangrene, oth extrm"
      }, {
        "code": "I70469",
        "display": "Athscl autol vein bypass of the extrm w gangrene, unsp extrm"
      }, {
        "code": "I7049",
        "display": "Oth athscl autologous vein bypass of the extremities"
      }, {
        "code": "I70491",
        "display": "Oth athscl autologous vein bypass of the extrm, right leg"
      }, {
        "code": "I70492",
        "display": "Oth athscl autologous vein bypass of the extrm, left leg"
      }, {
        "code": "I70493",
        "display": "Oth athscl autol vein bypass of the extrm, bilateral legs"
      }, {
        "code": "I70498",
        "display": "Oth athscl autol vein bypass of the extrm, oth extremity"
      }, {
        "code": "I70499",
        "display": "Oth athscl autol vein bypass of the extrm, unsp extremity"
      }, {
        "code": "I705",
        "display": "Athscl nonautologous bio bypass graft(s) of the extremities"
      }, {
        "code": "I7050",
        "display": "Unsp athscl nonautologous bio bypass of the extremities"
      }, {
        "code": "I70501",
        "display": "Unsp athscl nonaut bio bypass of the extremities, right leg"
      }, {
        "code": "I70502",
        "display": "Unsp athscl nonaut bio bypass of the extremities, left leg"
      }, {
        "code": "I70503",
        "display": "Unsp athscl nonaut bio bypass of the extrm, bilateral legs"
      }, {
        "code": "I70508",
        "display": "Unsp athscl nonaut bio bypass of the extrm, oth extremity"
      }, {
        "code": "I70509",
        "display": "Unsp athscl nonaut bio bypass of the extrm, unsp extremity"
      }, {
        "code": "I7051",
        "display": "Athscl nonaut bio bypass of the extremities intrmt claud"
      }, {
        "code": "I70511",
        "display": "Athscl nonaut bio bypass of extrm w intrmt claud, right leg"
      }, {
        "code": "I70512",
        "display": "Athscl nonaut bio bypass of extrm w intrmt claud, left leg"
      }, {
        "code": "I70513",
        "display": "Athscl nonaut bio bypass of extrm w intrmt claud, bi legs"
      }, {
        "code": "I70518",
        "display": "Athscl nonaut bio bypass of extrm w intrmt claud, oth extrm"
      }, {
        "code": "I70519",
        "display": "Athscl nonaut bio bypass of extrm w intrmt claud, unsp extrm"
      }, {
        "code": "I7052",
        "display": "Athscl nonaut bio bypass of the extremities w rest pain"
      }, {
        "code": "I70521",
        "display": "Athscl nonaut bio bypass of the extrm w rest pain, right leg"
      }, {
        "code": "I70522",
        "display": "Athscl nonaut bio bypass of the extrm w rest pain, left leg"
      }, {
        "code": "I70523",
        "display": "Athscl nonaut bio bypass of the extrm w rest pain, bi legs"
      }, {
        "code": "I70528",
        "display": "Athscl nonaut bio bypass of the extrm w rest pain, oth extrm"
      }, {
        "code": "I70529",
        "display": "Athscl nonaut bio bypass of extrm w rest pain, unsp extrm"
      }, {
        "code": "I7053",
        "display": "Athscl nonaut bio bypass of the right leg w ulceration"
      }, {
        "code": "I70531",
        "display": "Athscl nonaut bio bypass of the right leg w ulcer of thigh"
      }, {
        "code": "I70532",
        "display": "Athscl nonaut bio bypass of the right leg w ulcer of calf"
      }, {
        "code": "I70533",
        "display": "Athscl nonaut bio bypass of the right leg w ulcer of ankle"
      }, {
        "code": "I70534",
        "display": "Athscl nonaut bio bypass of r leg w ulcer of heel and midft"
      }, {
        "code": "I70535",
        "display": "Athscl nonaut bio bypass of right leg w ulcer oth prt foot"
      }, {
        "code": "I70538",
        "display": "Athscl nonaut bio bypass of r leg w ulcer oth prt low leg"
      }, {
        "code": "I70539",
        "display": "Athscl nonaut bio bypass of right leg w ulcer of unsp site"
      }, {
        "code": "I7054",
        "display": "Athscl nonautologous bio bypass of the left leg w ulceration"
      }, {
        "code": "I70541",
        "display": "Athscl nonaut bio bypass of the left leg w ulcer of thigh"
      }, {
        "code": "I70542",
        "display": "Athscl nonaut bio bypass of the left leg w ulcer of calf"
      }, {
        "code": "I70543",
        "display": "Athscl nonaut bio bypass of the left leg w ulcer of ankle"
      }, {
        "code": "I70544",
        "display": "Athscl nonaut bio bypass of left leg w ulc of heel and midft"
      }, {
        "code": "I70545",
        "display": "Athscl nonaut bio bypass of left leg w ulcer oth prt foot"
      }, {
        "code": "I70548",
        "display": "Athscl nonaut bio bypass of left leg w ulcer oth prt low leg"
      }, {
        "code": "I70549",
        "display": "Athscl nonaut bio bypass of left leg w ulcer of unsp site"
      }, {
        "code": "I7055",
        "display": "Athscl nonautologous bio bypass of extremity w ulceration"
      }, {
        "code": "I7056",
        "display": "Athscl nonaut bio bypass of the extremities w gangrene"
      }, {
        "code": "I70561",
        "display": "Athscl nonaut bio bypass of the extrm w gangrene, right leg"
      }, {
        "code": "I70562",
        "display": "Athscl nonaut bio bypass of the extrm w gangrene, left leg"
      }, {
        "code": "I70563",
        "display": "Athscl nonaut bio bypass of the extrm w gangrene, bi legs"
      }, {
        "code": "I70568",
        "display": "Athscl nonaut bio bypass of the extrm w gangrene, oth extrm"
      }, {
        "code": "I70569",
        "display": "Athscl nonaut bio bypass of the extrm w gangrene, unsp extrm"
      }, {
        "code": "I7059",
        "display": "Oth athscl nonautologous bio bypass of the extremities"
      }, {
        "code": "I70591",
        "display": "Oth athscl nonaut bio bypass of the extremities, right leg"
      }, {
        "code": "I70592",
        "display": "Oth athscl nonaut bio bypass of the extremities, left leg"
      }, {
        "code": "I70593",
        "display": "Oth athscl nonaut bio bypass of the extrm, bilateral legs"
      }, {
        "code": "I70598",
        "display": "Oth athscl nonaut bio bypass of the extrm, oth extremity"
      }, {
        "code": "I70599",
        "display": "Oth athscl nonaut bio bypass of the extrm, unsp extremity"
      }, {
        "code": "I706",
        "display": "Athscl nonbiological bypass graft(s) of the extremities"
      }, {
        "code": "I7060",
        "display": "Unsp athscl nonbiological bypass graft(s) of the extremities"
      }, {
        "code": "I70601",
        "display": "Unsp athscl nonbiol bypass of the extremities, right leg"
      }, {
        "code": "I70602",
        "display": "Unsp athscl nonbiol bypass of the extremities, left leg"
      }, {
        "code": "I70603",
        "display": "Unsp athscl nonbiol bypass of the extrm, bilateral legs"
      }, {
        "code": "I70608",
        "display": "Unsp athscl nonbiol bypass of the extremities, oth extremity"
      }, {
        "code": "I70609",
        "display": "Unsp athscl nonbiol bypass of the extrm, unsp extremity"
      }, {
        "code": "I7061",
        "display": "Athscl nonbiol bypass of the extremities w intrmt claud"
      }, {
        "code": "I70611",
        "display": "Athscl nonbiol bypass of the extrm w intrmt claud, right leg"
      }, {
        "code": "I70612",
        "display": "Athscl nonbiol bypass of the extrm w intrmt claud, left leg"
      }, {
        "code": "I70613",
        "display": "Athscl nonbiol bypass of the extrm w intrmt claud, bi legs"
      }, {
        "code": "I70618",
        "display": "Athscl nonbiol bypass of the extrm w intrmt claud, oth extrm"
      }, {
        "code": "I70619",
        "display": "Athscl nonbiol bypass of extrm w intrmt claud, unsp extrm"
      }, {
        "code": "I7062",
        "display": "Athscl nonbiological bypass of the extremities w rest pain"
      }, {
        "code": "I70621",
        "display": "Athscl nonbiol bypass of the extrm w rest pain, right leg"
      }, {
        "code": "I70622",
        "display": "Athscl nonbiol bypass of the extrm w rest pain, left leg"
      }, {
        "code": "I70623",
        "display": "Athscl nonbiol bypass of the extrm w rest pain, bi legs"
      }, {
        "code": "I70628",
        "display": "Athscl nonbiol bypass of the extrm w rest pain, oth extrm"
      }, {
        "code": "I70629",
        "display": "Athscl nonbiol bypass of the extrm w rest pain, unsp extrm"
      }, {
        "code": "I7063",
        "display": "Athscl nonbiological bypass of the right leg w ulceration"
      }, {
        "code": "I70631",
        "display": "Athscl nonbiol bypass of the right leg w ulceration of thigh"
      }, {
        "code": "I70632",
        "display": "Athscl nonbiol bypass of the right leg w ulceration of calf"
      }, {
        "code": "I70633",
        "display": "Athscl nonbiol bypass of the right leg w ulceration of ankle"
      }, {
        "code": "I70634",
        "display": "Athscl nonbiol bypass of right leg w ulcer of heel and midft"
      }, {
        "code": "I70635",
        "display": "Athscl nonbiol bypass of the right leg w ulcer oth prt foot"
      }, {
        "code": "I70638",
        "display": "Athscl nonbiol bypass of right leg w ulcer oth prt low leg"
      }, {
        "code": "I70639",
        "display": "Athscl nonbiol bypass of the right leg w ulcer of unsp site"
      }, {
        "code": "I7064",
        "display": "Athscl nonbiological bypass of the left leg w ulceration"
      }, {
        "code": "I70641",
        "display": "Athscl nonbiol bypass of the left leg w ulceration of thigh"
      }, {
        "code": "I70642",
        "display": "Athscl nonbiol bypass of the left leg w ulceration of calf"
      }, {
        "code": "I70643",
        "display": "Athscl nonbiol bypass of the left leg w ulceration of ankle"
      }, {
        "code": "I70644",
        "display": "Athscl nonbiol bypass of left leg w ulcer of heel and midft"
      }, {
        "code": "I70645",
        "display": "Athscl nonbiol bypass of the left leg w ulcer oth prt foot"
      }, {
        "code": "I70648",
        "display": "Athscl nonbiol bypass of left leg w ulcer oth prt low leg"
      }, {
        "code": "I70649",
        "display": "Athscl nonbiol bypass of the left leg w ulcer of unsp site"
      }, {
        "code": "I7065",
        "display": "Athscl nonbiological bypass of extremity w ulceration"
      }, {
        "code": "I7066",
        "display": "Athscl nonbiological bypass of the extremities w gangrene"
      }, {
        "code": "I70661",
        "display": "Athscl nonbiol bypass of the extrm w gangrene, right leg"
      }, {
        "code": "I70662",
        "display": "Athscl nonbiol bypass of the extrm w gangrene, left leg"
      }, {
        "code": "I70663",
        "display": "Athscl nonbiol bypass of the extrm w gangrene, bi legs"
      }, {
        "code": "I70668",
        "display": "Athscl nonbiol bypass of the extrm w gangrene, oth extremity"
      }, {
        "code": "I70669",
        "display": "Athscl nonbiol bypass of the extrm w gangrene, unsp extrm"
      }, {
        "code": "I7069",
        "display": "Oth athscl nonbiological bypass graft(s) of the extremities"
      }, {
        "code": "I70691",
        "display": "Oth athscl nonbiol bypass of the extremities, right leg"
      }, {
        "code": "I70692",
        "display": "Oth athscl nonbiological bypass of the extremities, left leg"
      }, {
        "code": "I70693",
        "display": "Oth athscl nonbiol bypass of the extremities, bilateral legs"
      }, {
        "code": "I70698",
        "display": "Oth athscl nonbiol bypass of the extremities, oth extremity"
      }, {
        "code": "I70699",
        "display": "Oth athscl nonbiol bypass of the extremities, unsp extremity"
      }, {
        "code": "I707",
        "display": "Athscl type of bypass graft(s) of the extremities"
      }, {
        "code": "I7070",
        "display": "Unsp athscl type of bypass graft(s) of the extremities"
      }, {
        "code": "I70701",
        "display": "Unsp athscl type of bypass of the extremities, right leg"
      }, {
        "code": "I70702",
        "display": "Unsp athscl type of bypass of the extremities, left leg"
      }, {
        "code": "I70703",
        "display": "Unsp athscl type of bypass of the extrm, bilateral legs"
      }, {
        "code": "I70708",
        "display": "Unsp athscl type of bypass of the extremities, oth extremity"
      }, {
        "code": "I70709",
        "display": "Unsp athscl type of bypass of the extrm, unsp extremity"
      }, {
        "code": "I7071",
        "display": "Athscl type of bypass of the extremities w intrmt claud"
      }, {
        "code": "I70711",
        "display": "Athscl type of bypass of the extrm w intrmt claud, right leg"
      }, {
        "code": "I70712",
        "display": "Athscl type of bypass of the extrm w intrmt claud, left leg"
      }, {
        "code": "I70713",
        "display": "Athscl type of bypass of the extrm w intrmt claud, bi legs"
      }, {
        "code": "I70718",
        "display": "Athscl type of bypass of the extrm w intrmt claud, oth extrm"
      }, {
        "code": "I70719",
        "display": "Athscl type of bypass of extrm w intrmt claud, unsp extrm"
      }, {
        "code": "I7072",
        "display": "Athscl type of bypass of the extremities w rest pain"
      }, {
        "code": "I70721",
        "display": "Athscl type of bypass of the extrm w rest pain, right leg"
      }, {
        "code": "I70722",
        "display": "Athscl type of bypass of the extrm w rest pain, left leg"
      }, {
        "code": "I70723",
        "display": "Athscl type of bypass of the extrm w rest pain, bi legs"
      }, {
        "code": "I70728",
        "display": "Athscl type of bypass of the extrm w rest pain, oth extrm"
      }, {
        "code": "I70729",
        "display": "Athscl type of bypass of the extrm w rest pain, unsp extrm"
      }, {
        "code": "I7073",
        "display": "Athscl type of bypass graft(s) of the right leg w ulceration"
      }, {
        "code": "I70731",
        "display": "Athscl type of bypass of the right leg w ulceration of thigh"
      }, {
        "code": "I70732",
        "display": "Athscl type of bypass of the right leg w ulceration of calf"
      }, {
        "code": "I70733",
        "display": "Athscl type of bypass of the right leg w ulceration of ankle"
      }, {
        "code": "I70734",
        "display": "Athscl type of bypass of right leg w ulcer of heel and midft"
      }, {
        "code": "I70735",
        "display": "Athscl type of bypass of the right leg w ulcer oth prt foot"
      }, {
        "code": "I70738",
        "display": "Athscl type of bypass of right leg w ulcer oth prt low leg"
      }, {
        "code": "I70739",
        "display": "Athscl type of bypass of the right leg w ulcer of unsp site"
      }, {
        "code": "I7074",
        "display": "Athscl type of bypass graft(s) of the left leg w ulceration"
      }, {
        "code": "I70741",
        "display": "Athscl type of bypass of the left leg w ulceration of thigh"
      }, {
        "code": "I70742",
        "display": "Athscl type of bypass of the left leg w ulceration of calf"
      }, {
        "code": "I70743",
        "display": "Athscl type of bypass of the left leg w ulceration of ankle"
      }, {
        "code": "I70744",
        "display": "Athscl type of bypass of left leg w ulcer of heel and midft"
      }, {
        "code": "I70745",
        "display": "Athscl type of bypass of the left leg w ulcer oth prt foot"
      }, {
        "code": "I70748",
        "display": "Athscl type of bypass of left leg w ulcer oth prt low leg"
      }, {
        "code": "I70749",
        "display": "Athscl type of bypass of the left leg w ulcer of unsp site"
      }, {
        "code": "I7075",
        "display": "Athscl type of bypass graft(s) of extremity w ulceration"
      }, {
        "code": "I7076",
        "display": "Athscl type of bypass graft(s) of the extremities w gangrene"
      }, {
        "code": "I70761",
        "display": "Athscl type of bypass of the extrm w gangrene, right leg"
      }, {
        "code": "I70762",
        "display": "Athscl type of bypass of the extrm w gangrene, left leg"
      }, {
        "code": "I70763",
        "display": "Athscl type of bypass of the extrm w gangrene, bi legs"
      }, {
        "code": "I70768",
        "display": "Athscl type of bypass of the extrm w gangrene, oth extremity"
      }, {
        "code": "I70769",
        "display": "Athscl type of bypass of the extrm w gangrene, unsp extrm"
      }, {
        "code": "I7079",
        "display": "Oth athscl type of bypass graft(s) of the extremities"
      }, {
        "code": "I70791",
        "display": "Oth athscl type of bypass of the extremities, right leg"
      }, {
        "code": "I70792",
        "display": "Oth athscl type of bypass of the extremities, left leg"
      }, {
        "code": "I70793",
        "display": "Oth athscl type of bypass of the extremities, bilateral legs"
      }, {
        "code": "I70798",
        "display": "Oth athscl type of bypass of the extremities, oth extremity"
      }, {
        "code": "I70799",
        "display": "Oth athscl type of bypass of the extremities, unsp extremity"
      }, {
        "code": "I708",
        "display": "Atherosclerosis of other arteries"
      }, {
        "code": "I709",
        "display": "Other and unspecified atherosclerosis"
      }, {
        "code": "I7090",
        "display": "Unspecified atherosclerosis"
      }, {
        "code": "I7091",
        "display": "Generalized atherosclerosis"
      }, {
        "code": "I7092",
        "display": "Chronic total occlusion of artery of the extremities"
      } ]
    } ]
  }
}