{
  "resourceType": "ValueSet",
  "id": "L20",
  "url": "http://hl7.org/fhir/sid/icd-10-cm-846",
  "version": "1.0",
  "name": "Atopic dermatitis",
  "title": "Atopic dermatitis",
  "status": "active",
  "compose": {
    "include": [ {
      "system": "http://hl7.org/fhir/sid/icd-10-cm",
      "concept": [ {
        "code": "L200",
        "display": "Besnier's prurigo"
      }, {
        "code": "L208",
        "display": "Other atopic dermatitis"
      }, {
        "code": "L2081",
        "display": "Atopic neurodermatitis"
      }, {
        "code": "L2082",
        "display": "Flexural eczema"
      }, {
        "code": "L2083",
        "display": "Infantile (acute) (chronic) eczema"
      }, {
        "code": "L2084",
        "display": "Intrinsic (allergic) eczema"
      }, {
        "code": "L2089",
        "display": "Other atopic dermatitis"
      }, {
        "code": "L209",
        "display": "Atopic dermatitis, unspecified"
      } ]
    } ]
  }
}