{
  "resourceType": "ValueSet",
  "id": "I48",
  "url": "http://hl7.org/fhir/sid/icd-10-cm-662",
  "version": "1.0",
  "name": "Atrial fibrillation and flutter",
  "title": "Atrial fibrillation and flutter",
  "status": "active",
  "compose": {
    "include": [ {
      "system": "http://hl7.org/fhir/sid/icd-10-cm",
      "concept": [ {
        "code": "I480",
        "display": "Paroxysmal atrial fibrillation"
      }, {
        "code": "I481",
        "display": "Persistent atrial fibrillation"
      }, {
        "code": "I4811",
        "display": "Longstanding persistent atrial fibrillation"
      }, {
        "code": "I4819",
        "display": "Other persistent atrial fibrillation"
      }, {
        "code": "I482",
        "display": "Chronic atrial fibrillation"
      }, {
        "code": "I4820",
        "display": "Chronic atrial fibrillation, unspecified"
      }, {
        "code": "I4821",
        "display": "Permanent atrial fibrillation"
      }, {
        "code": "I483",
        "display": "Typical atrial flutter"
      }, {
        "code": "I484",
        "display": "Atypical atrial flutter"
      }, {
        "code": "I489",
        "display": "Unspecified atrial fibrillation and atrial flutter"
      }, {
        "code": "I4891",
        "display": "Unspecified atrial fibrillation"
      }, {
        "code": "I4892",
        "display": "Unspecified atrial flutter"
      } ]
    } ]
  }
}