{
  "resourceType": "ValueSet",
  "id": "L90",
  "url": "http://hl7.org/fhir/sid/icd-10-cm-899",
  "version": "1.0",
  "name": "Atrophic disorders of skin",
  "title": "Atrophic disorders of skin",
  "status": "active",
  "compose": {
    "include": [ {
      "system": "http://hl7.org/fhir/sid/icd-10-cm",
      "concept": [ {
        "code": "L900",
        "display": "Lichen sclerosus et atrophicus"
      }, {
        "code": "L901",
        "display": "Anetoderma of Schweninger-Buzzi"
      }, {
        "code": "L902",
        "display": "Anetoderma of Jadassohn-Pellizzari"
      }, {
        "code": "L903",
        "display": "Atrophoderma of Pasini and Pierini"
      }, {
        "code": "L904",
        "display": "Acrodermatitis chronica atrophicans"
      }, {
        "code": "L905",
        "display": "Scar conditions and fibrosis of skin"
      }, {
        "code": "L906",
        "display": "Striae atrophicae"
      }, {
        "code": "L908",
        "display": "Other atrophic disorders of skin"
      }, {
        "code": "L909",
        "display": "Atrophic disorder of skin, unspecified"
      } ]
    } ]
  }
}