{
  "resourceType": "ValueSet",
  "id": "F90",
  "url": "http://hl7.org/fhir/sid/icd-10-cm-482",
  "version": "1.0",
  "name": "Attention-deficit hyperactivity disorders",
  "title": "Attention-deficit hyperactivity disorders",
  "status": "active",
  "compose": {
    "include": [ {
      "system": "http://hl7.org/fhir/sid/icd-10-cm",
      "concept": [ {
        "code": "F900",
        "display": "Attn-defct hyperactivity disorder, predom inattentive type"
      }, {
        "code": "F901",
        "display": "Attn-defct hyperactivity disorder, predom hyperactive type"
      }, {
        "code": "F902",
        "display": "Attention-deficit hyperactivity disorder, combined type"
      }, {
        "code": "F908",
        "display": "Attention-deficit hyperactivity disorder, other type"
      }, {
        "code": "F909",
        "display": "Attention-deficit hyperactivity disorder, unspecified type"
      } ]
    } ]
  }
}