{
  "resourceType": "ValueSet",
  "id": "M04",
  "url": "http://hl7.org/fhir/sid/icd-10-cm-911",
  "version": "1.0",
  "name": "Autoinflammatory syndromes",
  "title": "Autoinflammatory syndromes",
  "status": "active",
  "compose": {
    "include": [ {
      "system": "http://hl7.org/fhir/sid/icd-10-cm",
      "concept": [ {
        "code": "M041",
        "display": "Periodic fever syndromes"
      }, {
        "code": "M042",
        "display": "Cryopyrin-associated periodic syndromes"
      }, {
        "code": "M048",
        "display": "Other autoinflammatory syndromes"
      }, {
        "code": "M049",
        "display": "Autoinflammatory syndrome, unspecified"
      } ]
    } ]
  }
}