{
  "resourceType": "ValueSet",
  "id": "X36",
  "url": "http://hl7.org/fhir/sid/icd-10-cm-1743",
  "version": "1.0",
  "name": "Avalanche, landslide and other earth movements",
  "title": "Avalanche, landslide and other earth movements",
  "status": "active",
  "compose": {
    "include": [ {
      "system": "http://hl7.org/fhir/sid/icd-10-cm",
      "concept": [ {
        "code": "X360",
        "display": "Collapse of dam or man-made structure causing earth movement"
      }, {
        "code": "X360XXA",
        "display": "Collapse of dam or man-made struct cause earth movmnt, init"
      }, {
        "code": "X360XXD",
        "display": "Collapse of dam or man-made struct cause earth movmnt, subs"
      }, {
        "code": "X360XXS",
        "display": "Collapse of dam or man-made struct cause earth movmnt, sqla"
      }, {
        "code": "X361",
        "display": "Avalanche, landslide, or mudslide"
      }, {
        "code": "X361XXA",
        "display": "Avalanche, landslide, or mudslide, initial encounter"
      }, {
        "code": "X361XXD",
        "display": "Avalanche, landslide, or mudslide, subsequent encounter"
      }, {
        "code": "X361XXS",
        "display": "Avalanche, landslide, or mudslide, sequela"
      } ]
    } ]
  }
}