{
  "resourceType": "ValueSet",
  "id": "S08",
  "url": "http://hl7.org/fhir/sid/icd-10-cm-1387",
  "version": "1.0",
  "name": "Avulsion and traumatic amputation of part of head",
  "title": "Avulsion and traumatic amputation of part of head",
  "status": "active",
  "compose": {
    "include": [ {
      "system": "http://hl7.org/fhir/sid/icd-10-cm",
      "concept": [ {
        "code": "S080",
        "display": "Avulsion of scalp"
      }, {
        "code": "S080XXA",
        "display": "Avulsion of scalp, initial encounter"
      }, {
        "code": "S080XXD",
        "display": "Avulsion of scalp, subsequent encounter"
      }, {
        "code": "S080XXS",
        "display": "Avulsion of scalp, sequela"
      }, {
        "code": "S081",
        "display": "Traumatic amputation of ear"
      }, {
        "code": "S0811",
        "display": "Complete traumatic amputation of ear"
      }, {
        "code": "S08111",
        "display": "Complete traumatic amputation of right ear"
      }, {
        "code": "S08111A",
        "display": "Complete traumatic amputation of right ear, init encntr"
      }, {
        "code": "S08111D",
        "display": "Complete traumatic amputation of right ear, subs encntr"
      }, {
        "code": "S08111S",
        "display": "Complete traumatic amputation of right ear, sequela"
      }, {
        "code": "S08112",
        "display": "Complete traumatic amputation of left ear"
      }, {
        "code": "S08112A",
        "display": "Complete traumatic amputation of left ear, initial encounter"
      }, {
        "code": "S08112D",
        "display": "Complete traumatic amputation of left ear, subs encntr"
      }, {
        "code": "S08112S",
        "display": "Complete traumatic amputation of left ear, sequela"
      }, {
        "code": "S08119",
        "display": "Complete traumatic amputation of unspecified ear"
      }, {
        "code": "S08119A",
        "display": "Complete traumatic amputation of unsp ear, init encntr"
      }, {
        "code": "S08119D",
        "display": "Complete traumatic amputation of unsp ear, subs encntr"
      }, {
        "code": "S08119S",
        "display": "Complete traumatic amputation of unspecified ear, sequela"
      }, {
        "code": "S0812",
        "display": "Partial traumatic amputation of ear"
      }, {
        "code": "S08121",
        "display": "Partial traumatic amputation of right ear"
      }, {
        "code": "S08121A",
        "display": "Partial traumatic amputation of right ear, initial encounter"
      }, {
        "code": "S08121D",
        "display": "Partial traumatic amputation of right ear, subs encntr"
      }, {
        "code": "S08121S",
        "display": "Partial traumatic amputation of right ear, sequela"
      }, {
        "code": "S08122",
        "display": "Partial traumatic amputation of left ear"
      }, {
        "code": "S08122A",
        "display": "Partial traumatic amputation of left ear, initial encounter"
      }, {
        "code": "S08122D",
        "display": "Partial traumatic amputation of left ear, subs encntr"
      }, {
        "code": "S08122S",
        "display": "Partial traumatic amputation of left ear, sequela"
      }, {
        "code": "S08129",
        "display": "Partial traumatic amputation of unspecified ear"
      }, {
        "code": "S08129A",
        "display": "Partial traumatic amputation of unspecified ear, init encntr"
      }, {
        "code": "S08129D",
        "display": "Partial traumatic amputation of unspecified ear, subs encntr"
      }, {
        "code": "S08129S",
        "display": "Partial traumatic amputation of unspecified ear, sequela"
      }, {
        "code": "S088",
        "display": "Traumatic amputation of other parts of head"
      }, {
        "code": "S0881",
        "display": "Traumatic amputation of nose"
      }, {
        "code": "S08811",
        "display": "Complete traumatic amputation of nose"
      }, {
        "code": "S08811A",
        "display": "Complete traumatic amputation of nose, initial encounter"
      }, {
        "code": "S08811D",
        "display": "Complete traumatic amputation of nose, subsequent encounter"
      }, {
        "code": "S08811S",
        "display": "Complete traumatic amputation of nose, sequela"
      }, {
        "code": "S08812",
        "display": "Partial traumatic amputation of nose"
      }, {
        "code": "S08812A",
        "display": "Partial traumatic amputation of nose, initial encounter"
      }, {
        "code": "S08812D",
        "display": "Partial traumatic amputation of nose, subsequent encounter"
      }, {
        "code": "S08812S",
        "display": "Partial traumatic amputation of nose, sequela"
      }, {
        "code": "S0889",
        "display": "Traumatic amputation of other parts of head"
      }, {
        "code": "S0889XA",
        "display": "Traumatic amputation of other parts of head, init encntr"
      }, {
        "code": "S0889XD",
        "display": "Traumatic amputation of other parts of head, subs encntr"
      }, {
        "code": "S0889XS",
        "display": "Traumatic amputation of other parts of head, sequela"
      } ]
    } ]
  }
}