{
  "resourceType": "ValueSet",
  "id": "J15",
  "url": "http://hl7.org/fhir/sid/icd-10-cm-712",
  "version": "1.0",
  "name": "Bacterial pneumonia, not elsewhere classified",
  "title": "Bacterial pneumonia, not elsewhere classified",
  "status": "active",
  "compose": {
    "include": [ {
      "system": "http://hl7.org/fhir/sid/icd-10-cm",
      "concept": [ {
        "code": "J150",
        "display": "Pneumonia due to Klebsiella pneumoniae"
      }, {
        "code": "J151",
        "display": "Pneumonia due to Pseudomonas"
      }, {
        "code": "J152",
        "display": "Pneumonia due to staphylococcus"
      }, {
        "code": "J1520",
        "display": "Pneumonia due to staphylococcus, unspecified"
      }, {
        "code": "J1521",
        "display": "Pneumonia due to staphylococcus aureus"
      }, {
        "code": "J15211",
        "display": "Pneumonia due to methicillin suscep staph"
      }, {
        "code": "J15212",
        "display": "Pneumonia due to Methicillin resistant Staphylococcus aureus"
      }, {
        "code": "J1529",
        "display": "Pneumonia due to other staphylococcus"
      }, {
        "code": "J153",
        "display": "Pneumonia due to streptococcus, group B"
      }, {
        "code": "J154",
        "display": "Pneumonia due to other streptococci"
      }, {
        "code": "J155",
        "display": "Pneumonia due to Escherichia coli"
      }, {
        "code": "J156",
        "display": "Pneumonia due to other Gram-negative bacteria"
      }, {
        "code": "J157",
        "display": "Pneumonia due to Mycoplasma pneumoniae"
      }, {
        "code": "J158",
        "display": "Pneumonia due to other specified bacteria"
      }, {
        "code": "J159",
        "display": "Unspecified bacterial pneumonia"
      } ]
    } ]
  }
}