{
  "resourceType": "ValueSet",
  "id": "P36",
  "url": "http://hl7.org/fhir/sid/icd-10-cm-1169",
  "version": "1.0",
  "name": "Bacterial sepsis of newborn",
  "title": "Bacterial sepsis of newborn",
  "status": "active",
  "compose": {
    "include": [ {
      "system": "http://hl7.org/fhir/sid/icd-10-cm",
      "concept": [ {
        "code": "P360",
        "display": "Sepsis of newborn due to streptococcus, group B"
      }, {
        "code": "P361",
        "display": "Sepsis of newborn due to other and unspecified streptococci"
      }, {
        "code": "P3610",
        "display": "Sepsis of newborn due to unspecified streptococci"
      }, {
        "code": "P3619",
        "display": "Sepsis of newborn due to other streptococci"
      }, {
        "code": "P362",
        "display": "Sepsis of newborn due to Staphylococcus aureus"
      }, {
        "code": "P363",
        "display": "Sepsis of newborn due to other and unspecified staphylococci"
      }, {
        "code": "P3630",
        "display": "Sepsis of newborn due to unspecified staphylococci"
      }, {
        "code": "P3639",
        "display": "Sepsis of newborn due to other staphylococci"
      }, {
        "code": "P364",
        "display": "Sepsis of newborn due to Escherichia coli"
      }, {
        "code": "P365",
        "display": "Sepsis of newborn due to anaerobes"
      }, {
        "code": "P368",
        "display": "Other bacterial sepsis of newborn"
      }, {
        "code": "P369",
        "display": "Bacterial sepsis of newborn, unspecified"
      } ]
    } ]
  }
}