{
  "resourceType": "ValueSet",
  "id": "A49",
  "url": "http://hl7.org/fhir/sid/icd-10-cm-41",
  "version": "1.0",
  "name": "Bacterial infection of unspecified site",
  "title": "Bacterial infection of unspecified site",
  "status": "active",
  "compose": {
    "include": [ {
      "system": "http://hl7.org/fhir/sid/icd-10-cm",
      "concept": [ {
        "code": "A490",
        "display": "Staphylococcal infection, unspecified site"
      }, {
        "code": "A4901",
        "display": "Methicillin suscep staph infection, unsp site"
      }, {
        "code": "A4902",
        "display": "Methicillin resis staph infection, unsp site"
      }, {
        "code": "A491",
        "display": "Streptococcal infection, unspecified site"
      }, {
        "code": "A492",
        "display": "Hemophilus influenzae infection, unspecified site"
      }, {
        "code": "A493",
        "display": "Mycoplasma infection, unspecified site"
      }, {
        "code": "A498",
        "display": "Other bacterial infections of unspecified site"
      }, {
        "code": "A499",
        "display": "Bacterial infection, unspecified"
      } ]
    } ]
  }
}