{
  "resourceType": "ValueSet",
  "id": "G00",
  "url": "http://hl7.org/fhir/sid/icd-10-cm-489",
  "version": "1.0",
  "name": "Bacterial meningitis, not elsewhere classified",
  "title": "Bacterial meningitis, not elsewhere classified",
  "status": "active",
  "compose": {
    "include": [ {
      "system": "http://hl7.org/fhir/sid/icd-10-cm",
      "concept": [ {
        "code": "G000",
        "display": "Hemophilus meningitis"
      }, {
        "code": "G001",
        "display": "Pneumococcal meningitis"
      }, {
        "code": "G002",
        "display": "Streptococcal meningitis"
      }, {
        "code": "G003",
        "display": "Staphylococcal meningitis"
      }, {
        "code": "G008",
        "display": "Other bacterial meningitis"
      }, {
        "code": "G009",
        "display": "Bacterial meningitis, unspecified"
      } ]
    } ]
  }
}