{
  "resourceType": "ValueSet",
  "id": "Q95",
  "url": "http://hl7.org/fhir/sid/icd-10-cm-1285",
  "version": "1.0",
  "name": "Balanced rearrangements and structural markers, NEC",
  "title": "Balanced rearrangements and structural markers, not elsewhere classified",
  "status": "active",
  "compose": {
    "include": [ {
      "system": "http://hl7.org/fhir/sid/icd-10-cm",
      "concept": [ {
        "code": "Q950",
        "display": "Balanced translocation and insertion in normal individual"
      }, {
        "code": "Q951",
        "display": "Chromosome inversion in normal individual"
      }, {
        "code": "Q952",
        "display": "Balanced autosomal rearrangement in abnormal individual"
      }, {
        "code": "Q953",
        "display": "Balanced sex/autosomal rearrangement in abnormal individual"
      }, {
        "code": "Q955",
        "display": "Individual with autosomal fragile site"
      }, {
        "code": "Q958",
        "display": "Other balanced rearrangements and structural markers"
      }, {
        "code": "Q959",
        "display": "Balanced rearrangement and structural marker, unspecified"
      } ]
    } ]
  }
}