{
  "resourceType": "ValueSet",
  "id": "A44",
  "url": "http://hl7.org/fhir/sid/icd-10-cm-38",
  "version": "1.0",
  "name": "Bartonellosis",
  "title": "Bartonellosis",
  "status": "active",
  "compose": {
    "include": [ {
      "system": "http://hl7.org/fhir/sid/icd-10-cm",
      "concept": [ {
        "code": "A440",
        "display": "Systemic bartonellosis"
      }, {
        "code": "A441",
        "display": "Cutaneous and mucocutaneous bartonellosis"
      }, {
        "code": "A448",
        "display": "Other forms of bartonellosis"
      }, {
        "code": "A449",
        "display": "Bartonellosis, unspecified"
      } ]
    } ]
  }
}