{
  "resourceType": "ValueSet",
  "id": "D14",
  "url": "http://hl7.org/fhir/sid/icd-10-cm-272",
  "version": "1.0",
  "name": "Benign neoplasm of middle ear and respiratory system",
  "title": "Benign neoplasm of middle ear and respiratory system",
  "status": "active",
  "compose": {
    "include": [ {
      "system": "http://hl7.org/fhir/sid/icd-10-cm",
      "concept": [ {
        "code": "D140",
        "display": "Benign neoplasm of mid ear, nasl cav and accessory sinuses"
      }, {
        "code": "D141",
        "display": "Benign neoplasm of larynx"
      }, {
        "code": "D142",
        "display": "Benign neoplasm of trachea"
      }, {
        "code": "D143",
        "display": "Benign neoplasm of bronchus and lung"
      }, {
        "code": "D1430",
        "display": "Benign neoplasm of unspecified bronchus and lung"
      }, {
        "code": "D1431",
        "display": "Benign neoplasm of right bronchus and lung"
      }, {
        "code": "D1432",
        "display": "Benign neoplasm of left bronchus and lung"
      }, {
        "code": "D144",
        "display": "Benign neoplasm of respiratory system, unspecified"
      } ]
    } ]
  }
}