{
  "resourceType": "ValueSet",
  "id": "D27",
  "url": "http://hl7.org/fhir/sid/icd-10-cm-285",
  "version": "1.0",
  "name": "Benign neoplasm of ovary",
  "title": "Benign neoplasm of ovary",
  "status": "active",
  "compose": {
    "include": [ {
      "system": "http://hl7.org/fhir/sid/icd-10-cm",
      "concept": [ {
        "code": "D270",
        "display": "Benign neoplasm of right ovary"
      }, {
        "code": "D271",
        "display": "Benign neoplasm of left ovary"
      }, {
        "code": "D279",
        "display": "Benign neoplasm of unspecified ovary"
      } ]
    } ]
  }
}