{
  "resourceType": "ValueSet",
  "id": "N40",
  "url": "http://hl7.org/fhir/sid/icd-10-cm-1024",
  "version": "1.0",
  "name": "Benign prostatic hyperplasia",
  "title": "Benign prostatic hyperplasia",
  "status": "active",
  "compose": {
    "include": [ {
      "system": "http://hl7.org/fhir/sid/icd-10-cm",
      "concept": [ {
        "code": "N400",
        "display": "Benign prostatic hyperplasia without lower urinry tract symp"
      }, {
        "code": "N401",
        "display": "Benign prostatic hyperplasia with lower urinary tract symp"
      }, {
        "code": "N402",
        "display": "Nodular prostate without lower urinary tract symptoms"
      }, {
        "code": "N403",
        "display": "Nodular prostate with lower urinary tract symptoms"
      } ]
    } ]
  }
}