{
  "resourceType": "ValueSet",
  "id": "D32",
  "url": "http://hl7.org/fhir/sid/icd-10-cm-290",
  "version": "1.0",
  "name": "Benign neoplasm of meninges",
  "title": "Benign neoplasm of meninges",
  "status": "active",
  "compose": {
    "include": [ {
      "system": "http://hl7.org/fhir/sid/icd-10-cm",
      "concept": [ {
        "code": "D320",
        "display": "Benign neoplasm of cerebral meninges"
      }, {
        "code": "D321",
        "display": "Benign neoplasm of spinal meninges"
      }, {
        "code": "D329",
        "display": "Benign neoplasm of meninges, unspecified"
      } ]
    } ]
  }
}