{
  "resourceType": "ValueSet",
  "id": "D31",
  "url": "http://hl7.org/fhir/sid/icd-10-cm-289",
  "version": "1.0",
  "name": "Benign neoplasm of eye and adnexa",
  "title": "Benign neoplasm of eye and adnexa",
  "status": "active",
  "compose": {
    "include": [ {
      "system": "http://hl7.org/fhir/sid/icd-10-cm",
      "concept": [ {
        "code": "D310",
        "display": "Benign neoplasm of conjunctiva"
      }, {
        "code": "D3100",
        "display": "Benign neoplasm of unspecified conjunctiva"
      }, {
        "code": "D3101",
        "display": "Benign neoplasm of right conjunctiva"
      }, {
        "code": "D3102",
        "display": "Benign neoplasm of left conjunctiva"
      }, {
        "code": "D311",
        "display": "Benign neoplasm of cornea"
      }, {
        "code": "D3110",
        "display": "Benign neoplasm of unspecified cornea"
      }, {
        "code": "D3111",
        "display": "Benign neoplasm of right cornea"
      }, {
        "code": "D3112",
        "display": "Benign neoplasm of left cornea"
      }, {
        "code": "D312",
        "display": "Benign neoplasm of retina"
      }, {
        "code": "D3120",
        "display": "Benign neoplasm of unspecified retina"
      }, {
        "code": "D3121",
        "display": "Benign neoplasm of right retina"
      }, {
        "code": "D3122",
        "display": "Benign neoplasm of left retina"
      }, {
        "code": "D313",
        "display": "Benign neoplasm of choroid"
      }, {
        "code": "D3130",
        "display": "Benign neoplasm of unspecified choroid"
      }, {
        "code": "D3131",
        "display": "Benign neoplasm of right choroid"
      }, {
        "code": "D3132",
        "display": "Benign neoplasm of left choroid"
      }, {
        "code": "D314",
        "display": "Benign neoplasm of ciliary body"
      }, {
        "code": "D3140",
        "display": "Benign neoplasm of unspecified ciliary body"
      }, {
        "code": "D3141",
        "display": "Benign neoplasm of right ciliary body"
      }, {
        "code": "D3142",
        "display": "Benign neoplasm of left ciliary body"
      }, {
        "code": "D315",
        "display": "Benign neoplasm of lacrimal gland and duct"
      }, {
        "code": "D3150",
        "display": "Benign neoplasm of unspecified lacrimal gland and duct"
      }, {
        "code": "D3151",
        "display": "Benign neoplasm of right lacrimal gland and duct"
      }, {
        "code": "D3152",
        "display": "Benign neoplasm of left lacrimal gland and duct"
      }, {
        "code": "D316",
        "display": "Benign neoplasm of unspecified site of orbit"
      }, {
        "code": "D3160",
        "display": "Benign neoplasm of unspecified site of unspecified orbit"
      }, {
        "code": "D3161",
        "display": "Benign neoplasm of unspecified site of right orbit"
      }, {
        "code": "D3162",
        "display": "Benign neoplasm of unspecified site of left orbit"
      }, {
        "code": "D319",
        "display": "Benign neoplasm of unspecified part of eye"
      }, {
        "code": "D3190",
        "display": "Benign neoplasm of unspecified part of unspecified eye"
      }, {
        "code": "D3191",
        "display": "Benign neoplasm of unspecified part of right eye"
      }, {
        "code": "D3192",
        "display": "Benign neoplasm of unspecified part of left eye"
      } ]
    } ]
  }
}