{
  "resourceType": "ValueSet",
  "id": "D20",
  "url": "http://hl7.org/fhir/sid/icd-10-cm-278",
  "version": "1.0",
  "name": "Benign neoplm of soft tissue of retroperiton and peritoneum",
  "title": "Benign neoplasm of soft tissue of retroperitoneum and peritoneum",
  "status": "active",
  "compose": {
    "include": [ {
      "system": "http://hl7.org/fhir/sid/icd-10-cm",
      "concept": [ {
        "code": "D200",
        "display": "Benign neoplasm of soft tissue of retroperitoneum"
      }, {
        "code": "D201",
        "display": "Benign neoplasm of soft tissue of peritoneum"
      } ]
    } ]
  }
}