{
  "resourceType": "ValueSet",
  "id": "D35",
  "url": "http://hl7.org/fhir/sid/icd-10-cm-293",
  "version": "1.0",
  "name": "Benign neoplasm of other and unspecified endocrine glands",
  "title": "Benign neoplasm of other and unspecified endocrine glands",
  "status": "active",
  "compose": {
    "include": [ {
      "system": "http://hl7.org/fhir/sid/icd-10-cm",
      "concept": [ {
        "code": "D350",
        "display": "Benign neoplasm of adrenal gland"
      }, {
        "code": "D3500",
        "display": "Benign neoplasm of unspecified adrenal gland"
      }, {
        "code": "D3501",
        "display": "Benign neoplasm of right adrenal gland"
      }, {
        "code": "D3502",
        "display": "Benign neoplasm of left adrenal gland"
      }, {
        "code": "D351",
        "display": "Benign neoplasm of parathyroid gland"
      }, {
        "code": "D352",
        "display": "Benign neoplasm of pituitary gland"
      }, {
        "code": "D353",
        "display": "Benign neoplasm of craniopharyngeal duct"
      }, {
        "code": "D354",
        "display": "Benign neoplasm of pineal gland"
      }, {
        "code": "D355",
        "display": "Benign neoplasm of carotid body"
      }, {
        "code": "D356",
        "display": "Benign neoplasm of aortic body and other paraganglia"
      }, {
        "code": "D357",
        "display": "Benign neoplasm of other specified endocrine glands"
      }, {
        "code": "D359",
        "display": "Benign neoplasm of endocrine gland, unspecified"
      } ]
    } ]
  }
}