{
  "resourceType": "ValueSet",
  "id": "D33",
  "url": "http://hl7.org/fhir/sid/icd-10-cm-291",
  "version": "1.0",
  "name": "Benign neoplasm of brain and oth prt central nervous system",
  "title": "Benign neoplasm of brain and other parts of central nervous system",
  "status": "active",
  "compose": {
    "include": [ {
      "system": "http://hl7.org/fhir/sid/icd-10-cm",
      "concept": [ {
        "code": "D330",
        "display": "Benign neoplasm of brain, supratentorial"
      }, {
        "code": "D331",
        "display": "Benign neoplasm of brain, infratentorial"
      }, {
        "code": "D332",
        "display": "Benign neoplasm of brain, unspecified"
      }, {
        "code": "D333",
        "display": "Benign neoplasm of cranial nerves"
      }, {
        "code": "D334",
        "display": "Benign neoplasm of spinal cord"
      }, {
        "code": "D337",
        "display": "Benign neoplasm of oth parts of central nervous system"
      }, {
        "code": "D339",
        "display": "Benign neoplasm of central nervous system, unspecified"
      } ]
    } ]
  }
}