{
  "resourceType": "ValueSet",
  "id": "D24",
  "url": "http://hl7.org/fhir/sid/icd-10-cm-282",
  "version": "1.0",
  "name": "Benign neoplasm of breast",
  "title": "Benign neoplasm of breast",
  "status": "active",
  "compose": {
    "include": [ {
      "system": "http://hl7.org/fhir/sid/icd-10-cm",
      "concept": [ {
        "code": "D241",
        "display": "Benign neoplasm of right breast"
      }, {
        "code": "D242",
        "display": "Benign neoplasm of left breast"
      }, {
        "code": "D249",
        "display": "Benign neoplasm of unspecified breast"
      } ]
    } ]
  }
}