{
  "resourceType": "ValueSet",
  "id": "D12",
  "url": "http://hl7.org/fhir/sid/icd-10-cm-270",
  "version": "1.0",
  "name": "Benign neoplasm of colon, rectum, anus and anal canal",
  "title": "Benign neoplasm of colon, rectum, anus and anal canal",
  "status": "active",
  "compose": {
    "include": [ {
      "system": "http://hl7.org/fhir/sid/icd-10-cm",
      "concept": [ {
        "code": "D120",
        "display": "Benign neoplasm of cecum"
      }, {
        "code": "D121",
        "display": "Benign neoplasm of appendix"
      }, {
        "code": "D122",
        "display": "Benign neoplasm of ascending colon"
      }, {
        "code": "D123",
        "display": "Benign neoplasm of transverse colon"
      }, {
        "code": "D124",
        "display": "Benign neoplasm of descending colon"
      }, {
        "code": "D125",
        "display": "Benign neoplasm of sigmoid colon"
      }, {
        "code": "D126",
        "display": "Benign neoplasm of colon, unspecified"
      }, {
        "code": "D127",
        "display": "Benign neoplasm of rectosigmoid junction"
      }, {
        "code": "D128",
        "display": "Benign neoplasm of rectum"
      }, {
        "code": "D129",
        "display": "Benign neoplasm of anus and anal canal"
      } ]
    } ]
  }
}