{
  "resourceType": "ValueSet",
  "id": "D17",
  "url": "http://hl7.org/fhir/sid/icd-10-cm-275",
  "version": "1.0",
  "name": "Benign lipomatous neoplasm",
  "title": "Benign lipomatous neoplasm",
  "status": "active",
  "compose": {
    "include": [ {
      "system": "http://hl7.org/fhir/sid/icd-10-cm",
      "concept": [ {
        "code": "D170",
        "display": "Ben lipomatous neoplm of skin, subcu of head, face and neck"
      }, {
        "code": "D171",
        "display": "Benign lipomatous neoplasm of skin, subcu of trunk"
      }, {
        "code": "D172",
        "display": "Benign lipomatous neoplasm of skin, subcu of limb"
      }, {
        "code": "D1720",
        "display": "Benign lipomatous neoplasm of skin, subcu of unsp limb"
      }, {
        "code": "D1721",
        "display": "Benign lipomatous neoplasm of skin, subcu of right arm"
      }, {
        "code": "D1722",
        "display": "Benign lipomatous neoplasm of skin, subcu of left arm"
      }, {
        "code": "D1723",
        "display": "Benign lipomatous neoplasm of skin, subcu of right leg"
      }, {
        "code": "D1724",
        "display": "Benign lipomatous neoplasm of skin, subcu of left leg"
      }, {
        "code": "D173",
        "display": "Benign lipomatous neoplasm of skin, subcu of and unsp sites"
      }, {
        "code": "D1730",
        "display": "Benign lipomatous neoplasm of skin, subcu of unsp sites"
      }, {
        "code": "D1739",
        "display": "Benign lipomatous neoplasm of skin, subcu of sites"
      }, {
        "code": "D174",
        "display": "Benign lipomatous neoplasm of intrathoracic organs"
      }, {
        "code": "D175",
        "display": "Benign lipomatous neoplasm of intra-abdominal organs"
      }, {
        "code": "D176",
        "display": "Benign lipomatous neoplasm of spermatic cord"
      }, {
        "code": "D177",
        "display": "Benign lipomatous neoplasm of other sites"
      }, {
        "code": "D1771",
        "display": "Benign lipomatous neoplasm of kidney"
      }, {
        "code": "D1772",
        "display": "Benign lipomatous neoplasm of other genitourinary organ"
      }, {
        "code": "D1779",
        "display": "Benign lipomatous neoplasm of other sites"
      }, {
        "code": "D179",
        "display": "Benign lipomatous neoplasm, unspecified"
      } ]
    } ]
  }
}