{
  "resourceType": "ValueSet",
  "id": "D16",
  "url": "http://hl7.org/fhir/sid/icd-10-cm-274",
  "version": "1.0",
  "name": "Benign neoplasm of bone and articular cartilage",
  "title": "Benign neoplasm of bone and articular cartilage",
  "status": "active",
  "compose": {
    "include": [ {
      "system": "http://hl7.org/fhir/sid/icd-10-cm",
      "concept": [ {
        "code": "D160",
        "display": "Benign neoplasm of scapula and long bones of upper limb"
      }, {
        "code": "D1600",
        "display": "Benign neoplasm of scapula and long bones of unsp upper limb"
      }, {
        "code": "D1601",
        "display": "Benign neoplm of scapula and long bones of right upper limb"
      }, {
        "code": "D1602",
        "display": "Benign neoplasm of scapula and long bones of left upper limb"
      }, {
        "code": "D161",
        "display": "Benign neoplasm of short bones of upper limb"
      }, {
        "code": "D1610",
        "display": "Benign neoplasm of short bones of unspecified upper limb"
      }, {
        "code": "D1611",
        "display": "Benign neoplasm of short bones of right upper limb"
      }, {
        "code": "D1612",
        "display": "Benign neoplasm of short bones of left upper limb"
      }, {
        "code": "D162",
        "display": "Benign neoplasm of long bones of lower limb"
      }, {
        "code": "D1620",
        "display": "Benign neoplasm of long bones of unspecified lower limb"
      }, {
        "code": "D1621",
        "display": "Benign neoplasm of long bones of right lower limb"
      }, {
        "code": "D1622",
        "display": "Benign neoplasm of long bones of left lower limb"
      }, {
        "code": "D163",
        "display": "Benign neoplasm of short bones of lower limb"
      }, {
        "code": "D1630",
        "display": "Benign neoplasm of short bones of unspecified lower limb"
      }, {
        "code": "D1631",
        "display": "Benign neoplasm of short bones of right lower limb"
      }, {
        "code": "D1632",
        "display": "Benign neoplasm of short bones of left lower limb"
      }, {
        "code": "D164",
        "display": "Benign neoplasm of bones of skull and face"
      }, {
        "code": "D165",
        "display": "Benign neoplasm of lower jaw bone"
      }, {
        "code": "D166",
        "display": "Benign neoplasm of vertebral column"
      }, {
        "code": "D167",
        "display": "Benign neoplasm of ribs, sternum and clavicle"
      }, {
        "code": "D168",
        "display": "Benign neoplasm of pelvic bones, sacrum and coccyx"
      }, {
        "code": "D169",
        "display": "Benign neoplasm of bone and articular cartilage, unspecified"
      } ]
    } ]
  }
}