{
  "resourceType": "ValueSet",
  "id": "D30",
  "url": "http://hl7.org/fhir/sid/icd-10-cm-288",
  "version": "1.0",
  "name": "Benign neoplasm of urinary organs",
  "title": "Benign neoplasm of urinary organs",
  "status": "active",
  "compose": {
    "include": [ {
      "system": "http://hl7.org/fhir/sid/icd-10-cm",
      "concept": [ {
        "code": "D300",
        "display": "Benign neoplasm of kidney"
      }, {
        "code": "D3000",
        "display": "Benign neoplasm of unspecified kidney"
      }, {
        "code": "D3001",
        "display": "Benign neoplasm of right kidney"
      }, {
        "code": "D3002",
        "display": "Benign neoplasm of left kidney"
      }, {
        "code": "D301",
        "display": "Benign neoplasm of renal pelvis"
      }, {
        "code": "D3010",
        "display": "Benign neoplasm of unspecified renal pelvis"
      }, {
        "code": "D3011",
        "display": "Benign neoplasm of right renal pelvis"
      }, {
        "code": "D3012",
        "display": "Benign neoplasm of left renal pelvis"
      }, {
        "code": "D302",
        "display": "Benign neoplasm of ureter"
      }, {
        "code": "D3020",
        "display": "Benign neoplasm of unspecified ureter"
      }, {
        "code": "D3021",
        "display": "Benign neoplasm of right ureter"
      }, {
        "code": "D3022",
        "display": "Benign neoplasm of left ureter"
      }, {
        "code": "D303",
        "display": "Benign neoplasm of bladder"
      }, {
        "code": "D304",
        "display": "Benign neoplasm of urethra"
      }, {
        "code": "D308",
        "display": "Benign neoplasm of other specified urinary organs"
      }, {
        "code": "D309",
        "display": "Benign neoplasm of urinary organ, unspecified"
      } ]
    } ]
  }
}