{
  "resourceType": "ValueSet",
  "id": "D19",
  "url": "http://hl7.org/fhir/sid/icd-10-cm-277",
  "version": "1.0",
  "name": "Benign neoplasm of mesothelial tissue",
  "title": "Benign neoplasm of mesothelial tissue",
  "status": "active",
  "compose": {
    "include": [ {
      "system": "http://hl7.org/fhir/sid/icd-10-cm",
      "concept": [ {
        "code": "D190",
        "display": "Benign neoplasm of mesothelial tissue of pleura"
      }, {
        "code": "D191",
        "display": "Benign neoplasm of mesothelial tissue of peritoneum"
      }, {
        "code": "D197",
        "display": "Benign neoplasm of mesothelial tissue of other sites"
      }, {
        "code": "D199",
        "display": "Benign neoplasm of mesothelial tissue, unspecified"
      } ]
    } ]
  }
}