{
  "resourceType": "ValueSet",
  "id": "D11",
  "url": "http://hl7.org/fhir/sid/icd-10-cm-269",
  "version": "1.0",
  "name": "Benign neoplasm of major salivary glands",
  "title": "Benign neoplasm of major salivary glands",
  "status": "active",
  "compose": {
    "include": [ {
      "system": "http://hl7.org/fhir/sid/icd-10-cm",
      "concept": [ {
        "code": "D110",
        "display": "Benign neoplasm of parotid gland"
      }, {
        "code": "D117",
        "display": "Benign neoplasm of other major salivary glands"
      }, {
        "code": "D119",
        "display": "Benign neoplasm of major salivary gland, unspecified"
      } ]
    } ]
  }
}