{
  "resourceType": "ValueSet",
  "id": "N60",
  "url": "http://hl7.org/fhir/sid/icd-10-cm-1038",
  "version": "1.0",
  "name": "Benign mammary dysplasia",
  "title": "Benign mammary dysplasia",
  "status": "active",
  "compose": {
    "include": [ {
      "system": "http://hl7.org/fhir/sid/icd-10-cm",
      "concept": [ {
        "code": "N600",
        "display": "Solitary cyst of breast"
      }, {
        "code": "N6001",
        "display": "Solitary cyst of right breast"
      }, {
        "code": "N6002",
        "display": "Solitary cyst of left breast"
      }, {
        "code": "N6009",
        "display": "Solitary cyst of unspecified breast"
      }, {
        "code": "N601",
        "display": "Diffuse cystic mastopathy"
      }, {
        "code": "N6011",
        "display": "Diffuse cystic mastopathy of right breast"
      }, {
        "code": "N6012",
        "display": "Diffuse cystic mastopathy of left breast"
      }, {
        "code": "N6019",
        "display": "Diffuse cystic mastopathy of unspecified breast"
      }, {
        "code": "N602",
        "display": "Fibroadenosis of breast"
      }, {
        "code": "N6021",
        "display": "Fibroadenosis of right breast"
      }, {
        "code": "N6022",
        "display": "Fibroadenosis of left breast"
      }, {
        "code": "N6029",
        "display": "Fibroadenosis of unspecified breast"
      }, {
        "code": "N603",
        "display": "Fibrosclerosis of breast"
      }, {
        "code": "N6031",
        "display": "Fibrosclerosis of right breast"
      }, {
        "code": "N6032",
        "display": "Fibrosclerosis of left breast"
      }, {
        "code": "N6039",
        "display": "Fibrosclerosis of unspecified breast"
      }, {
        "code": "N604",
        "display": "Mammary duct ectasia"
      }, {
        "code": "N6041",
        "display": "Mammary duct ectasia of right breast"
      }, {
        "code": "N6042",
        "display": "Mammary duct ectasia of left breast"
      }, {
        "code": "N6049",
        "display": "Mammary duct ectasia of unspecified breast"
      }, {
        "code": "N608",
        "display": "Other benign mammary dysplasias"
      }, {
        "code": "N6081",
        "display": "Other benign mammary dysplasias of right breast"
      }, {
        "code": "N6082",
        "display": "Other benign mammary dysplasias of left breast"
      }, {
        "code": "N6089",
        "display": "Other benign mammary dysplasias of unspecified breast"
      }, {
        "code": "N609",
        "display": "Unspecified benign mammary dysplasia"
      }, {
        "code": "N6091",
        "display": "Unspecified benign mammary dysplasia of right breast"
      }, {
        "code": "N6092",
        "display": "Unspecified benign mammary dysplasia of left breast"
      }, {
        "code": "N6099",
        "display": "Unspecified benign mammary dysplasia of unspecified breast"
      } ]
    } ]
  }
}