{
  "resourceType": "ValueSet",
  "id": "D36",
  "url": "http://hl7.org/fhir/sid/icd-10-cm-294",
  "version": "1.0",
  "name": "Benign neoplasm of other and unspecified sites",
  "title": "Benign neoplasm of other and unspecified sites",
  "status": "active",
  "compose": {
    "include": [ {
      "system": "http://hl7.org/fhir/sid/icd-10-cm",
      "concept": [ {
        "code": "D360",
        "display": "Benign neoplasm of lymph nodes"
      }, {
        "code": "D361",
        "display": "Benign neoplasm of prph nerves and autonomic nervous sys"
      }, {
        "code": "D3610",
        "display": "Benign neoplasm of prph nerves and autonm nervous sys, unsp"
      }, {
        "code": "D3611",
        "display": "Ben neoplm of prph nerves and autonm nrv sys of face/hed/nk"
      }, {
        "code": "D3612",
        "display": "Ben neoplm of prph nrv & autonm nrv sys, upr lmb, inc shldr"
      }, {
        "code": "D3613",
        "display": "Ben neoplm of prph nrv & autonm nrv sys of low lmb, inc hip"
      }, {
        "code": "D3614",
        "display": "Benign neoplm of prph nerves and autonm nrv sys of thorax"
      }, {
        "code": "D3615",
        "display": "Benign neoplm of prph nerves and autonm nervous sys of abd"
      }, {
        "code": "D3616",
        "display": "Benign neoplm of prph nerves and autonm nrv sys of pelvis"
      }, {
        "code": "D3617",
        "display": "Ben neoplm of prph nerves and autonm nrv sys of trunk, unsp"
      }, {
        "code": "D367",
        "display": "Benign neoplasm of other specified sites"
      }, {
        "code": "D369",
        "display": "Benign neoplasm, unspecified site"
      } ]
    } ]
  }
}