{
  "resourceType": "ValueSet",
  "id": "D29",
  "url": "http://hl7.org/fhir/sid/icd-10-cm-287",
  "version": "1.0",
  "name": "Benign neoplasm of male genital organs",
  "title": "Benign neoplasm of male genital organs",
  "status": "active",
  "compose": {
    "include": [ {
      "system": "http://hl7.org/fhir/sid/icd-10-cm",
      "concept": [ {
        "code": "D290",
        "display": "Benign neoplasm of penis"
      }, {
        "code": "D291",
        "display": "Benign neoplasm of prostate"
      }, {
        "code": "D292",
        "display": "Benign neoplasm of testis"
      }, {
        "code": "D2920",
        "display": "Benign neoplasm of unspecified testis"
      }, {
        "code": "D2921",
        "display": "Benign neoplasm of right testis"
      }, {
        "code": "D2922",
        "display": "Benign neoplasm of left testis"
      }, {
        "code": "D293",
        "display": "Benign neoplasm of epididymis"
      }, {
        "code": "D2930",
        "display": "Benign neoplasm of unspecified epididymis"
      }, {
        "code": "D2931",
        "display": "Benign neoplasm of right epididymis"
      }, {
        "code": "D2932",
        "display": "Benign neoplasm of left epididymis"
      }, {
        "code": "D294",
        "display": "Benign neoplasm of scrotum"
      }, {
        "code": "D298",
        "display": "Benign neoplasm of other specified male genital organs"
      }, {
        "code": "D299",
        "display": "Benign neoplasm of male genital organ, unspecified"
      } ]
    } ]
  }
}