{
  "resourceType": "ValueSet",
  "id": "D10",
  "url": "http://hl7.org/fhir/sid/icd-10-cm-268",
  "version": "1.0",
  "name": "Benign neoplasm of mouth and pharynx",
  "title": "Benign neoplasm of mouth and pharynx",
  "status": "active",
  "compose": {
    "include": [ {
      "system": "http://hl7.org/fhir/sid/icd-10-cm",
      "concept": [ {
        "code": "D100",
        "display": "Benign neoplasm of lip"
      }, {
        "code": "D101",
        "display": "Benign neoplasm of tongue"
      }, {
        "code": "D102",
        "display": "Benign neoplasm of floor of mouth"
      }, {
        "code": "D103",
        "display": "Benign neoplasm of other and unspecified parts of mouth"
      }, {
        "code": "D1030",
        "display": "Benign neoplasm of unspecified part of mouth"
      }, {
        "code": "D1039",
        "display": "Benign neoplasm of other parts of mouth"
      }, {
        "code": "D104",
        "display": "Benign neoplasm of tonsil"
      }, {
        "code": "D105",
        "display": "Benign neoplasm of other parts of oropharynx"
      }, {
        "code": "D106",
        "display": "Benign neoplasm of nasopharynx"
      }, {
        "code": "D107",
        "display": "Benign neoplasm of hypopharynx"
      }, {
        "code": "D109",
        "display": "Benign neoplasm of pharynx, unspecified"
      } ]
    } ]
  }
}