{
  "resourceType": "ValueSet",
  "id": "D15",
  "url": "http://hl7.org/fhir/sid/icd-10-cm-273",
  "version": "1.0",
  "name": "Benign neoplasm of other and unsp intrathoracic organs",
  "title": "Benign neoplasm of other and unspecified intrathoracic organs",
  "status": "active",
  "compose": {
    "include": [ {
      "system": "http://hl7.org/fhir/sid/icd-10-cm",
      "concept": [ {
        "code": "D150",
        "display": "Benign neoplasm of thymus"
      }, {
        "code": "D151",
        "display": "Benign neoplasm of heart"
      }, {
        "code": "D152",
        "display": "Benign neoplasm of mediastinum"
      }, {
        "code": "D157",
        "display": "Benign neoplasm of other specified intrathoracic organs"
      }, {
        "code": "D159",
        "display": "Benign neoplasm of intrathoracic organ, unspecified"
      } ]
    } ]
  }
}