{
  "resourceType": "ValueSet",
  "id": "D3A",
  "url": "http://hl7.org/fhir/sid/icd-10-cm-295",
  "version": "1.0",
  "name": "Benign neuroendocrine tumors",
  "title": "Benign neuroendocrine tumors",
  "status": "active",
  "compose": {
    "include": [ {
      "system": "http://hl7.org/fhir/sid/icd-10-cm",
      "concept": [ {
        "code": "D3A0",
        "display": "Benign carcinoid tumors"
      }, {
        "code": "D3A00",
        "display": "Benign carcinoid tumor of unspecified site"
      }, {
        "code": "D3A01",
        "display": "Benign carcinoid tumors of the small intestine"
      }, {
        "code": "D3A010",
        "display": "Benign carcinoid tumor of the duodenum"
      }, {
        "code": "D3A011",
        "display": "Benign carcinoid tumor of the jejunum"
      }, {
        "code": "D3A012",
        "display": "Benign carcinoid tumor of the ileum"
      }, {
        "code": "D3A019",
        "display": "Benign carcinoid tumor of the small intestine, unsp portion"
      }, {
        "code": "D3A02",
        "display": "Benign carcinoid tumors of the appendix, lg int, and rectum"
      }, {
        "code": "D3A020",
        "display": "Benign carcinoid tumor of the appendix"
      }, {
        "code": "D3A021",
        "display": "Benign carcinoid tumor of the cecum"
      }, {
        "code": "D3A022",
        "display": "Benign carcinoid tumor of the ascending colon"
      }, {
        "code": "D3A023",
        "display": "Benign carcinoid tumor of the transverse colon"
      }, {
        "code": "D3A024",
        "display": "Benign carcinoid tumor of the descending colon"
      }, {
        "code": "D3A025",
        "display": "Benign carcinoid tumor of the sigmoid colon"
      }, {
        "code": "D3A026",
        "display": "Benign carcinoid tumor of the rectum"
      }, {
        "code": "D3A029",
        "display": "Benign carcinoid tumor of the large intestine, unsp portion"
      }, {
        "code": "D3A09",
        "display": "Benign carcinoid tumors of other sites"
      }, {
        "code": "D3A090",
        "display": "Benign carcinoid tumor of the bronchus and lung"
      }, {
        "code": "D3A091",
        "display": "Benign carcinoid tumor of the thymus"
      }, {
        "code": "D3A092",
        "display": "Benign carcinoid tumor of the stomach"
      }, {
        "code": "D3A093",
        "display": "Benign carcinoid tumor of the kidney"
      }, {
        "code": "D3A094",
        "display": "Benign carcinoid tumor of the foregut, unspecified"
      }, {
        "code": "D3A095",
        "display": "Benign carcinoid tumor of the midgut, unspecified"
      }, {
        "code": "D3A096",
        "display": "Benign carcinoid tumor of the hindgut, unspecified"
      }, {
        "code": "D3A098",
        "display": "Benign carcinoid tumors of other sites"
      }, {
        "code": "D3A8",
        "display": "Other benign neuroendocrine tumors"
      } ]
    } ]
  }
}