{
  "resourceType": "ValueSet",
  "id": "D13",
  "url": "http://hl7.org/fhir/sid/icd-10-cm-271",
  "version": "1.0",
  "name": "Benign neoplasm of and ill-defined parts of digestive system",
  "title": "Benign neoplasm of other and ill-defined parts of digestive system",
  "status": "active",
  "compose": {
    "include": [ {
      "system": "http://hl7.org/fhir/sid/icd-10-cm",
      "concept": [ {
        "code": "D130",
        "display": "Benign neoplasm of esophagus"
      }, {
        "code": "D131",
        "display": "Benign neoplasm of stomach"
      }, {
        "code": "D132",
        "display": "Benign neoplasm of duodenum"
      }, {
        "code": "D133",
        "display": "Benign neoplasm of other and unsp parts of small intestine"
      }, {
        "code": "D1330",
        "display": "Benign neoplasm of unspecified part of small intestine"
      }, {
        "code": "D1339",
        "display": "Benign neoplasm of other parts of small intestine"
      }, {
        "code": "D134",
        "display": "Benign neoplasm of liver"
      }, {
        "code": "D135",
        "display": "Benign neoplasm of extrahepatic bile ducts"
      }, {
        "code": "D136",
        "display": "Benign neoplasm of pancreas"
      }, {
        "code": "D137",
        "display": "Benign neoplasm of endocrine pancreas"
      }, {
        "code": "D139",
        "display": "Benign neoplasm of ill-defined sites within the dgstv sys"
      } ]
    } ]
  }
}