{
  "resourceType": "ValueSet",
  "id": "D28",
  "url": "http://hl7.org/fhir/sid/icd-10-cm-286",
  "version": "1.0",
  "name": "Benign neoplasm of other and unsp female genital organs",
  "title": "Benign neoplasm of other and unspecified female genital organs",
  "status": "active",
  "compose": {
    "include": [ {
      "system": "http://hl7.org/fhir/sid/icd-10-cm",
      "concept": [ {
        "code": "D280",
        "display": "Benign neoplasm of vulva"
      }, {
        "code": "D281",
        "display": "Benign neoplasm of vagina"
      }, {
        "code": "D282",
        "display": "Benign neoplasm of uterine tubes and ligaments"
      }, {
        "code": "D287",
        "display": "Benign neoplasm of other specified female genital organs"
      }, {
        "code": "D289",
        "display": "Benign neoplasm of female genital organ, unspecified"
      } ]
    } ]
  }
}