{
  "resourceType": "ValueSet",
  "id": "M99",
  "url": "http://hl7.org/fhir/sid/icd-10-cm-986",
  "version": "1.0",
  "name": "Biomechanical lesions, not elsewhere classified",
  "title": "Biomechanical lesions, not elsewhere classified",
  "status": "active",
  "compose": {
    "include": [ {
      "system": "http://hl7.org/fhir/sid/icd-10-cm",
      "concept": [ {
        "code": "M990",
        "display": "Segmental and somatic dysfunction"
      }, {
        "code": "M9900",
        "display": "Segmental and somatic dysfunction of head region"
      }, {
        "code": "M9901",
        "display": "Segmental and somatic dysfunction of cervical region"
      }, {
        "code": "M9902",
        "display": "Segmental and somatic dysfunction of thoracic region"
      }, {
        "code": "M9903",
        "display": "Segmental and somatic dysfunction of lumbar region"
      }, {
        "code": "M9904",
        "display": "Segmental and somatic dysfunction of sacral region"
      }, {
        "code": "M9905",
        "display": "Segmental and somatic dysfunction of pelvic region"
      }, {
        "code": "M9906",
        "display": "Segmental and somatic dysfunction of lower extremity"
      }, {
        "code": "M9907",
        "display": "Segmental and somatic dysfunction of upper extremity"
      }, {
        "code": "M9908",
        "display": "Segmental and somatic dysfunction of rib cage"
      }, {
        "code": "M9909",
        "display": "Segmental and somatic dysfunction of abdomen and oth regions"
      }, {
        "code": "M991",
        "display": "Subluxation complex (vertebral)"
      }, {
        "code": "M9910",
        "display": "Subluxation complex (vertebral) of head region"
      }, {
        "code": "M9911",
        "display": "Subluxation complex (vertebral) of cervical region"
      }, {
        "code": "M9912",
        "display": "Subluxation complex (vertebral) of thoracic region"
      }, {
        "code": "M9913",
        "display": "Subluxation complex (vertebral) of lumbar region"
      }, {
        "code": "M9914",
        "display": "Subluxation complex (vertebral) of sacral region"
      }, {
        "code": "M9915",
        "display": "Subluxation complex (vertebral) of pelvic region"
      }, {
        "code": "M9916",
        "display": "Subluxation complex (vertebral) of lower extremity"
      }, {
        "code": "M9917",
        "display": "Subluxation complex (vertebral) of upper extremity"
      }, {
        "code": "M9918",
        "display": "Subluxation complex (vertebral) of rib cage"
      }, {
        "code": "M9919",
        "display": "Subluxation complex (vertebral) of abdomen and other regions"
      }, {
        "code": "M992",
        "display": "Subluxation stenosis of neural canal"
      }, {
        "code": "M9920",
        "display": "Subluxation stenosis of neural canal of head region"
      }, {
        "code": "M9921",
        "display": "Subluxation stenosis of neural canal of cervical region"
      }, {
        "code": "M9922",
        "display": "Subluxation stenosis of neural canal of thoracic region"
      }, {
        "code": "M9923",
        "display": "Subluxation stenosis of neural canal of lumbar region"
      }, {
        "code": "M9924",
        "display": "Subluxation stenosis of neural canal of sacral region"
      }, {
        "code": "M9925",
        "display": "Subluxation stenosis of neural canal of pelvic region"
      }, {
        "code": "M9926",
        "display": "Subluxation stenosis of neural canal of lower extremity"
      }, {
        "code": "M9927",
        "display": "Subluxation stenosis of neural canal of upper extremity"
      }, {
        "code": "M9928",
        "display": "Subluxation stenosis of neural canal of rib cage"
      }, {
        "code": "M9929",
        "display": "Sublux stenosis of neural canal of abdomen and oth regions"
      }, {
        "code": "M993",
        "display": "Osseous stenosis of neural canal"
      }, {
        "code": "M9930",
        "display": "Osseous stenosis of neural canal of head region"
      }, {
        "code": "M9931",
        "display": "Osseous stenosis of neural canal of cervical region"
      }, {
        "code": "M9932",
        "display": "Osseous stenosis of neural canal of thoracic region"
      }, {
        "code": "M9933",
        "display": "Osseous stenosis of neural canal of lumbar region"
      }, {
        "code": "M9934",
        "display": "Osseous stenosis of neural canal of sacral region"
      }, {
        "code": "M9935",
        "display": "Osseous stenosis of neural canal of pelvic region"
      }, {
        "code": "M9936",
        "display": "Osseous stenosis of neural canal of lower extremity"
      }, {
        "code": "M9937",
        "display": "Osseous stenosis of neural canal of upper extremity"
      }, {
        "code": "M9938",
        "display": "Osseous stenosis of neural canal of rib cage"
      }, {
        "code": "M9939",
        "display": "Osseous stenosis of neural canal of abdomen and oth regions"
      }, {
        "code": "M994",
        "display": "Connective tissue stenosis of neural canal"
      }, {
        "code": "M9940",
        "display": "Connective tissue stenosis of neural canal of head region"
      }, {
        "code": "M9941",
        "display": "Connective tiss stenosis of neural canal of cervical region"
      }, {
        "code": "M9942",
        "display": "Connective tiss stenosis of neural canal of thoracic region"
      }, {
        "code": "M9943",
        "display": "Connective tissue stenosis of neural canal of lumbar region"
      }, {
        "code": "M9944",
        "display": "Connective tissue stenosis of neural canal of sacral region"
      }, {
        "code": "M9945",
        "display": "Connective tissue stenosis of neural canal of pelvic region"
      }, {
        "code": "M9946",
        "display": "Connective tiss stenosis of neural canal of lower extremity"
      }, {
        "code": "M9947",
        "display": "Connective tiss stenosis of neural canal of upper extremity"
      }, {
        "code": "M9948",
        "display": "Connective tissue stenosis of neural canal of rib cage"
      }, {
        "code": "M9949",
        "display": "Conn tiss stenos of neural canal of abdomen and oth regions"
      }, {
        "code": "M995",
        "display": "Intervertebral disc stenosis of neural canal"
      }, {
        "code": "M9950",
        "display": "Intervertebral disc stenosis of neural canal of head region"
      }, {
        "code": "M9951",
        "display": "Intvrt disc stenosis of neural canal of cervical region"
      }, {
        "code": "M9952",
        "display": "Intvrt disc stenosis of neural canal of thoracic region"
      }, {
        "code": "M9953",
        "display": "Intvrt disc stenosis of neural canal of lumbar region"
      }, {
        "code": "M9954",
        "display": "Intvrt disc stenosis of neural canal of sacral region"
      }, {
        "code": "M9955",
        "display": "Intvrt disc stenosis of neural canal of pelvic region"
      }, {
        "code": "M9956",
        "display": "Intervertebral disc stenosis of neural canal of low extrm"
      }, {
        "code": "M9957",
        "display": "Intervertebral disc stenosis of neural canal of up extrem"
      }, {
        "code": "M9958",
        "display": "Intervertebral disc stenosis of neural canal of rib cage"
      }, {
        "code": "M9959",
        "display": "Intvrt disc stenos of neural canal of abd and oth regions"
      }, {
        "code": "M996",
        "display": "Osseous and subluxation stenosis of intervertebral foramina"
      }, {
        "code": "M9960",
        "display": "Osseous and sublux stenosis of intvrt foramin of head region"
      }, {
        "code": "M9961",
        "display": "Osseous and sublux stenosis of intvrt foramin of cerv region"
      }, {
        "code": "M9962",
        "display": "Osseous and sublux stenos of intvrt foramin of thor region"
      }, {
        "code": "M9963",
        "display": "Osseous and sublux stenos of intvrt foramin of lumbar region"
      }, {
        "code": "M9964",
        "display": "Osseous and sublux stenos of intvrt foramin of sacral region"
      }, {
        "code": "M9965",
        "display": "Osseous and sublux stenos of intvrt foramin of pelvic region"
      }, {
        "code": "M9966",
        "display": "Osseous and sublux stenosis of intvrt foramina of low extrm"
      }, {
        "code": "M9967",
        "display": "Osseous and sublux stenosis of intvrt foramina of up extrem"
      }, {
        "code": "M9968",
        "display": "Osseous and sublux stenosis of intvrt foramina of rib cage"
      }, {
        "code": "M9969",
        "display": "Osseous & sublux stenos of intvrt foramin of abd and oth rgn"
      }, {
        "code": "M997",
        "display": "Connective tiss and disc stenosis of intervertebral foramina"
      }, {
        "code": "M9970",
        "display": "Conn tiss and disc stenosis of intvrt foramin of head region"
      }, {
        "code": "M9971",
        "display": "Conn tiss and disc stenosis of intvrt foramin of cerv region"
      }, {
        "code": "M9972",
        "display": "Conn tiss and disc stenos of intvrt foramin of thor region"
      }, {
        "code": "M9973",
        "display": "Conn tiss and disc stenos of intvrt foramin of lumbar region"
      }, {
        "code": "M9974",
        "display": "Conn tiss and disc stenos of intvrt foramin of sacral region"
      }, {
        "code": "M9975",
        "display": "Conn tiss and disc stenos of intvrt foramin of pelvic region"
      }, {
        "code": "M9976",
        "display": "Conn tiss and disc stenosis of intvrt foramina of low extrm"
      }, {
        "code": "M9977",
        "display": "Conn tiss and disc stenosis of intvrt foramina of up extrem"
      }, {
        "code": "M9978",
        "display": "Conn tiss and disc stenosis of intvrt foramina of rib cage"
      }, {
        "code": "M9979",
        "display": "Conn tiss & disc stenos of intvrt foramin of abd and oth rgn"
      }, {
        "code": "M998",
        "display": "Other biomechanical lesions"
      }, {
        "code": "M9980",
        "display": "Other biomechanical lesions of head region"
      }, {
        "code": "M9981",
        "display": "Other biomechanical lesions of cervical region"
      }, {
        "code": "M9982",
        "display": "Other biomechanical lesions of thoracic region"
      }, {
        "code": "M9983",
        "display": "Other biomechanical lesions of lumbar region"
      }, {
        "code": "M9984",
        "display": "Other biomechanical lesions of sacral region"
      }, {
        "code": "M9985",
        "display": "Other biomechanical lesions of pelvic region"
      }, {
        "code": "M9986",
        "display": "Other biomechanical lesions of lower extremity"
      }, {
        "code": "M9987",
        "display": "Other biomechanical lesions of upper extremity"
      }, {
        "code": "M9988",
        "display": "Other biomechanical lesions of rib cage"
      }, {
        "code": "M9989",
        "display": "Other biomechanical lesions of abdomen and other regions"
      }, {
        "code": "M999",
        "display": "Biomechanical lesion, unspecified"
      } ]
    } ]
  }
}