{
  "resourceType": "ValueSet",
  "id": "F31",
  "url": "http://hl7.org/fhir/sid/icd-10-cm-444",
  "version": "1.0",
  "name": "Bipolar disorder",
  "title": "Bipolar disorder",
  "status": "active",
  "compose": {
    "include": [ {
      "system": "http://hl7.org/fhir/sid/icd-10-cm",
      "concept": [ {
        "code": "F310",
        "display": "Bipolar disorder, current episode hypomanic"
      }, {
        "code": "F311",
        "display": "Bipolar disorder, current episode manic w/o psych features"
      }, {
        "code": "F3110",
        "display": "Bipolar disord, crnt episode manic w/o psych features, unsp"
      }, {
        "code": "F3111",
        "display": "Bipolar disord, crnt episode manic w/o psych features, mild"
      }, {
        "code": "F3112",
        "display": "Bipolar disord, crnt episode manic w/o psych features, mod"
      }, {
        "code": "F3113",
        "display": "Bipolar disord, crnt epsd manic w/o psych features, severe"
      }, {
        "code": "F312",
        "display": "Bipolar disord, crnt episode manic severe w psych features"
      }, {
        "code": "F313",
        "display": "Bipolar disord, current episode depress, mild or mod severt"
      }, {
        "code": "F3130",
        "display": "Bipolar disord, crnt epsd depress, mild or mod severt, unsp"
      }, {
        "code": "F3131",
        "display": "Bipolar disorder, current episode depressed, mild"
      }, {
        "code": "F3132",
        "display": "Bipolar disorder, current episode depressed, moderate"
      }, {
        "code": "F314",
        "display": "Bipolar disord, crnt epsd depress, sev, w/o psych features"
      }, {
        "code": "F315",
        "display": "Bipolar disord, crnt epsd depress, severe, w psych features"
      }, {
        "code": "F316",
        "display": "Bipolar disorder, current episode mixed"
      }, {
        "code": "F3160",
        "display": "Bipolar disorder, current episode mixed, unspecified"
      }, {
        "code": "F3161",
        "display": "Bipolar disorder, current episode mixed, mild"
      }, {
        "code": "F3162",
        "display": "Bipolar disorder, current episode mixed, moderate"
      }, {
        "code": "F3163",
        "display": "Bipolar disord, crnt epsd mixed, severe, w/o psych features"
      }, {
        "code": "F3164",
        "display": "Bipolar disord, crnt episode mixed, severe, w psych features"
      }, {
        "code": "F317",
        "display": "Bipolar disorder, currently in remission"
      }, {
        "code": "F3170",
        "display": "Bipolar disord, currently in remis, most recent episode unsp"
      }, {
        "code": "F3171",
        "display": "Bipolar disord, in partial remis, most recent epsd hypomanic"
      }, {
        "code": "F3172",
        "display": "Bipolar disord, in full remis, most recent episode hypomanic"
      }, {
        "code": "F3173",
        "display": "Bipolar disord, in partial remis, most recent episode manic"
      }, {
        "code": "F3174",
        "display": "Bipolar disorder, in full remis, most recent episode manic"
      }, {
        "code": "F3175",
        "display": "Bipolar disord, in partial remis, most recent epsd depress"
      }, {
        "code": "F3176",
        "display": "Bipolar disorder, in full remis, most recent episode depress"
      }, {
        "code": "F3177",
        "display": "Bipolar disord, in partial remis, most recent episode mixed"
      }, {
        "code": "F3178",
        "display": "Bipolar disorder, in full remis, most recent episode mixed"
      }, {
        "code": "F318",
        "display": "Other bipolar disorders"
      }, {
        "code": "F3181",
        "display": "Bipolar II disorder"
      }, {
        "code": "F3189",
        "display": "Other bipolar disorder"
      }, {
        "code": "F319",
        "display": "Bipolar disorder, unspecified"
      } ]
    } ]
  }
}