{
  "resourceType": "ValueSet",
  "id": "P13",
  "url": "http://hl7.org/fhir/sid/icd-10-cm-1156",
  "version": "1.0",
  "name": "Birth injury to skeleton",
  "title": "Birth injury to skeleton",
  "status": "active",
  "compose": {
    "include": [ {
      "system": "http://hl7.org/fhir/sid/icd-10-cm",
      "concept": [ {
        "code": "P130",
        "display": "Fracture of skull due to birth injury"
      }, {
        "code": "P131",
        "display": "Other birth injuries to skull"
      }, {
        "code": "P132",
        "display": "Birth injury to femur"
      }, {
        "code": "P133",
        "display": "Birth injury to other long bones"
      }, {
        "code": "P134",
        "display": "Fracture of clavicle due to birth injury"
      }, {
        "code": "P138",
        "display": "Birth injuries to other parts of skeleton"
      }, {
        "code": "P139",
        "display": "Birth injury to skeleton, unspecified"
      } ]
    } ]
  }
}