{
  "resourceType": "ValueSet",
  "id": "P14",
  "url": "http://hl7.org/fhir/sid/icd-10-cm-1157",
  "version": "1.0",
  "name": "Birth injury to peripheral nervous system",
  "title": "Birth injury to peripheral nervous system",
  "status": "active",
  "compose": {
    "include": [ {
      "system": "http://hl7.org/fhir/sid/icd-10-cm",
      "concept": [ {
        "code": "P140",
        "display": "Erb's paralysis due to birth injury"
      }, {
        "code": "P141",
        "display": "Klumpke's paralysis due to birth injury"
      }, {
        "code": "P142",
        "display": "Phrenic nerve paralysis due to birth injury"
      }, {
        "code": "P143",
        "display": "Other brachial plexus birth injuries"
      }, {
        "code": "P148",
        "display": "Birth injuries to other parts of peripheral nervous system"
      }, {
        "code": "P149",
        "display": "Birth injury to peripheral nervous system, unspecified"
      } ]
    } ]
  }
}