{
  "resourceType": "ValueSet",
  "id": "P12",
  "url": "http://hl7.org/fhir/sid/icd-10-cm-1155",
  "version": "1.0",
  "name": "Birth injury to scalp",
  "title": "Birth injury to scalp",
  "status": "active",
  "compose": {
    "include": [ {
      "system": "http://hl7.org/fhir/sid/icd-10-cm",
      "concept": [ {
        "code": "P120",
        "display": "Cephalhematoma due to birth injury"
      }, {
        "code": "P121",
        "display": "Chignon (from vacuum extraction) due to birth injury"
      }, {
        "code": "P122",
        "display": "Epicranial subaponeurotic hemorrhage due to birth injury"
      }, {
        "code": "P123",
        "display": "Bruising of scalp due to birth injury"
      }, {
        "code": "P124",
        "display": "Injury of scalp of newborn due to monitoring equipment"
      }, {
        "code": "P128",
        "display": "Other birth injuries to scalp"
      }, {
        "code": "P1281",
        "display": "Caput succedaneum"
      }, {
        "code": "P1289",
        "display": "Other birth injuries to scalp"
      }, {
        "code": "P129",
        "display": "Birth injury to scalp, unspecified"
      } ]
    } ]
  }
}