{
  "resourceType": "ValueSet",
  "id": "W57",
  "url": "http://hl7.org/fhir/sid/icd-10-cm-1699",
  "version": "1.0",
  "name": "Bit/stung by nonvenom insect and oth nonvenomous arthropods",
  "title": "Bitten or stung by nonvenomous insect and other nonvenomous arthropods",
  "status": "active",
  "compose": {
    "include": [ {
      "system": "http://hl7.org/fhir/sid/icd-10-cm",
      "concept": [ {
        "code": "W57XXXA",
        "display": "Bit/stung by nonvenom insect & oth nonvenom arthropods, init"
      }, {
        "code": "W57XXXD",
        "display": "Bit/stung by nonvenom insect & oth nonvenom arthropods, subs"
      }, {
        "code": "W57XXXS",
        "display": "Bit/stung by nonvenom insect & oth nonvenom arthropods, sqla"
      } ]
    } ]
  }
}