{
  "resourceType": "ValueSet",
  "id": "B40",
  "url": "http://hl7.org/fhir/sid/icd-10-cm-114",
  "version": "1.0",
  "name": "Blastomycosis",
  "title": "Blastomycosis",
  "status": "active",
  "compose": {
    "include": [ {
      "system": "http://hl7.org/fhir/sid/icd-10-cm",
      "concept": [ {
        "code": "B400",
        "display": "Acute pulmonary blastomycosis"
      }, {
        "code": "B401",
        "display": "Chronic pulmonary blastomycosis"
      }, {
        "code": "B402",
        "display": "Pulmonary blastomycosis, unspecified"
      }, {
        "code": "B403",
        "display": "Cutaneous blastomycosis"
      }, {
        "code": "B407",
        "display": "Disseminated blastomycosis"
      }, {
        "code": "B408",
        "display": "Other forms of blastomycosis"
      }, {
        "code": "B4081",
        "display": "Blastomycotic meningoencephalitis"
      }, {
        "code": "B4089",
        "display": "Other forms of blastomycosis"
      }, {
        "code": "B409",
        "display": "Blastomycosis, unspecified"
      } ]
    } ]
  }
}