{
  "resourceType": "ValueSet",
  "id": "H54",
  "url": "http://hl7.org/fhir/sid/icd-10-cm-593",
  "version": "1.0",
  "name": "Blindness and low vision",
  "title": "Blindness and low vision",
  "status": "active",
  "compose": {
    "include": [ {
      "system": "http://hl7.org/fhir/sid/icd-10-cm",
      "concept": [ {
        "code": "H540",
        "display": "Blindness, both eyes"
      }, {
        "code": "H540X",
        "display": "Blindness, both eyes, different category levels"
      }, {
        "code": "H540X3",
        "display": "Blindness right eye, category 3"
      }, {
        "code": "H540X33",
        "display": "Blindness r eye category 3, blindness left eye category 3"
      }, {
        "code": "H540X34",
        "display": "Blindness r eye category 3, blindness left eye category 4"
      }, {
        "code": "H540X35",
        "display": "Blindness r eye category 3, blindness left eye category 5"
      }, {
        "code": "H540X4",
        "display": "Blindness right eye, category 4"
      }, {
        "code": "H540X43",
        "display": "Blindness r eye category 4, blindness left eye category 3"
      }, {
        "code": "H540X44",
        "display": "Blindness r eye category 4, blindness left eye category 4"
      }, {
        "code": "H540X45",
        "display": "Blindness r eye category 4, blindness left eye category 5"
      }, {
        "code": "H540X5",
        "display": "Blindness right eye, category 5"
      }, {
        "code": "H540X53",
        "display": "Blindness r eye category 5, blindness left eye category 3"
      }, {
        "code": "H540X54",
        "display": "Blindness r eye category 5, blindness left eye category 4"
      }, {
        "code": "H540X55",
        "display": "Blindness r eye category 5, blindness left eye category 5"
      }, {
        "code": "H541",
        "display": "Blindness, one eye, low vision other eye"
      }, {
        "code": "H5410",
        "display": "Blindness, one eye, low vision other eye, unspecified eyes"
      }, {
        "code": "H5411",
        "display": "Blindness, right eye, low vision left eye"
      }, {
        "code": "H54113",
        "display": "Blindness right eye category 3, low vision left eye"
      }, {
        "code": "H541131",
        "display": "Blindness r eye category 3, low vision left eye category 1"
      }, {
        "code": "H541132",
        "display": "Blindness r eye category 3, low vision left eye category 2"
      }, {
        "code": "H54114",
        "display": "Blindness right eye category 4, low vision left eye"
      }, {
        "code": "H541141",
        "display": "Blindness r eye category 4, low vision left eye category 1"
      }, {
        "code": "H541142",
        "display": "Blindness r eye category 4, low vision left eye category 2"
      }, {
        "code": "H54115",
        "display": "Blindness right eye category 5, low vision left eye"
      }, {
        "code": "H541151",
        "display": "Blindness r eye category 5, low vision left eye category 1"
      }, {
        "code": "H541152",
        "display": "Blindness r eye category 5, low vision left eye category 2"
      }, {
        "code": "H5412",
        "display": "Blindness, left eye, low vision right eye"
      }, {
        "code": "H54121",
        "display": "Low vision right eye category 1, blindness left eye"
      }, {
        "code": "H541213",
        "display": "Low vision r eye category 1, blindness left eye category 3"
      }, {
        "code": "H541214",
        "display": "Low vision r eye category 1, blindness left eye category 4"
      }, {
        "code": "H541215",
        "display": "Low vision r eye category 1, blindness left eye category 5"
      }, {
        "code": "H54122",
        "display": "Low vision right eye category 2, blindness left eye"
      }, {
        "code": "H541223",
        "display": "Low vision r eye category 2, blindness left eye category 3"
      }, {
        "code": "H541224",
        "display": "Low vision r eye category 2, blindness left eye category 4"
      }, {
        "code": "H541225",
        "display": "Low vision r eye category 2, blindness left eye category 5"
      }, {
        "code": "H542",
        "display": "Low vision, both eyes"
      }, {
        "code": "H542X",
        "display": "Low vision, both eyes, different category levels"
      }, {
        "code": "H542X1",
        "display": "Low vision, right eye, category 1"
      }, {
        "code": "H542X11",
        "display": "Low vision r eye category 1, low vision left eye category 1"
      }, {
        "code": "H542X12",
        "display": "Low vision r eye category 1, low vision left eye category 2"
      }, {
        "code": "H542X2",
        "display": "Low vision, right eye, category 2"
      }, {
        "code": "H542X21",
        "display": "Low vision r eye category 2, low vision left eye category 1"
      }, {
        "code": "H542X22",
        "display": "Low vision r eye category 2, low vision left eye category 2"
      }, {
        "code": "H543",
        "display": "Unqualified visual loss, both eyes"
      }, {
        "code": "H544",
        "display": "Blindness, one eye"
      }, {
        "code": "H5440",
        "display": "Blindness, one eye, unspecified eye"
      }, {
        "code": "H5441",
        "display": "Blindness, right eye, normal vision left eye"
      }, {
        "code": "H54413",
        "display": "Blindness, right eye, category 3"
      }, {
        "code": "H54413A",
        "display": "Blindness right eye category 3, normal vision left eye"
      }, {
        "code": "H54414",
        "display": "Blindness, right eye, category 4"
      }, {
        "code": "H54414A",
        "display": "Blindness right eye category 4, normal vision left eye"
      }, {
        "code": "H54415",
        "display": "Blindness, right eye, category 5"
      }, {
        "code": "H54415A",
        "display": "Blindness right eye category 5, normal vision left eye"
      }, {
        "code": "H5442",
        "display": "Blindness, left eye, normal vision right eye"
      }, {
        "code": "H5442A",
        "display": "Blindness, left eye, category 3-5"
      }, {
        "code": "H5442A3",
        "display": "Blindness left eye category 3, normal vision right eye"
      }, {
        "code": "H5442A4",
        "display": "Blindness left eye category 4, normal vision right eye"
      }, {
        "code": "H5442A5",
        "display": "Blindness left eye category 5, normal vision right eye"
      }, {
        "code": "H545",
        "display": "Low vision, one eye"
      }, {
        "code": "H5450",
        "display": "Low vision, one eye, unspecified eye"
      }, {
        "code": "H5451",
        "display": "Low vision, right eye, normal vision left eye"
      }, {
        "code": "H54511",
        "display": "Low vision, right eye, category 1-2"
      }, {
        "code": "H54511A",
        "display": "Low vision right eye category 1, normal vision left eye"
      }, {
        "code": "H54512A",
        "display": "Low vision right eye category 2, normal vision left eye"
      }, {
        "code": "H5452",
        "display": "Low vision, left eye, normal vision right eye"
      }, {
        "code": "H5452A",
        "display": "Low vision, left eye, category 1-2"
      }, {
        "code": "H5452A1",
        "display": "Low vision left eye category 1, normal vision right eye"
      }, {
        "code": "H5452A2",
        "display": "Low vision left eye category 2, normal vision right eye"
      }, {
        "code": "H546",
        "display": "Unqualified visual loss, one eye"
      }, {
        "code": "H5460",
        "display": "Unqualified visual loss, one eye, unspecified"
      }, {
        "code": "H5461",
        "display": "Unqualified visual loss, right eye, normal vision left eye"
      }, {
        "code": "H5462",
        "display": "Unqualified visual loss, left eye, normal vision right eye"
      }, {
        "code": "H547",
        "display": "Unspecified visual loss"
      }, {
        "code": "H548",
        "display": "Legal blindness, as defined in USA"
      } ]
    } ]
  }
}