{
  "resourceType": "ValueSet",
  "id": "Z67",
  "url": "http://hl7.org/fhir/sid/icd-10-cm-1878",
  "version": "1.0",
  "name": "Blood type",
  "title": "Blood type",
  "status": "active",
  "compose": {
    "include": [ {
      "system": "http://hl7.org/fhir/sid/icd-10-cm",
      "concept": [ {
        "code": "Z671",
        "display": "Type A blood"
      }, {
        "code": "Z6710",
        "display": "Type A blood, Rh positive"
      }, {
        "code": "Z6711",
        "display": "Type A blood, Rh negative"
      }, {
        "code": "Z672",
        "display": "Type B blood"
      }, {
        "code": "Z6720",
        "display": "Type B blood, Rh positive"
      }, {
        "code": "Z6721",
        "display": "Type B blood, Rh negative"
      }, {
        "code": "Z673",
        "display": "Type AB blood"
      }, {
        "code": "Z6730",
        "display": "Type AB blood, Rh positive"
      }, {
        "code": "Z6731",
        "display": "Type AB blood, Rh negative"
      }, {
        "code": "Z674",
        "display": "Type O blood"
      }, {
        "code": "Z6740",
        "display": "Type O blood, Rh positive"
      }, {
        "code": "Z6741",
        "display": "Type O blood, Rh negative"
      }, {
        "code": "Z679",
        "display": "Unspecified blood type"
      }, {
        "code": "Z6790",
        "display": "Unspecified blood type, Rh positive"
      }, {
        "code": "Z6791",
        "display": "Unspecified blood type, Rh negative"
      } ]
    } ]
  }
}