{
  "resourceType": "ValueSet",
  "id": "Z68",
  "url": "http://hl7.org/fhir/sid/icd-10-cm-1879",
  "version": "1.0",
  "name": "Body mass index [BMI]",
  "title": "Body mass index [BMI]",
  "status": "active",
  "compose": {
    "include": [ {
      "system": "http://hl7.org/fhir/sid/icd-10-cm",
      "concept": [ {
        "code": "Z681",
        "display": "Body mass index (BMI) 19.9 or less, adult"
      }, {
        "code": "Z682",
        "display": "Body mass index (BMI) 20-29, adult"
      }, {
        "code": "Z6820",
        "display": "Body mass index (BMI) 20.0-20.9, adult"
      }, {
        "code": "Z6821",
        "display": "Body mass index (BMI) 21.0-21.9, adult"
      }, {
        "code": "Z6822",
        "display": "Body mass index (BMI) 22.0-22.9, adult"
      }, {
        "code": "Z6823",
        "display": "Body mass index (BMI) 23.0-23.9, adult"
      }, {
        "code": "Z6824",
        "display": "Body mass index (BMI) 24.0-24.9, adult"
      }, {
        "code": "Z6825",
        "display": "Body mass index (BMI) 25.0-25.9, adult"
      }, {
        "code": "Z6826",
        "display": "Body mass index (BMI) 26.0-26.9, adult"
      }, {
        "code": "Z6827",
        "display": "Body mass index (BMI) 27.0-27.9, adult"
      }, {
        "code": "Z6828",
        "display": "Body mass index (BMI) 28.0-28.9, adult"
      }, {
        "code": "Z6829",
        "display": "Body mass index (BMI) 29.0-29.9, adult"
      }, {
        "code": "Z683",
        "display": "Body mass index (BMI) 30-39, adult"
      }, {
        "code": "Z6830",
        "display": "Body mass index (BMI) 30.0-30.9, adult"
      }, {
        "code": "Z6831",
        "display": "Body mass index (BMI) 31.0-31.9, adult"
      }, {
        "code": "Z6832",
        "display": "Body mass index (BMI) 32.0-32.9, adult"
      }, {
        "code": "Z6833",
        "display": "Body mass index (BMI) 33.0-33.9, adult"
      }, {
        "code": "Z6834",
        "display": "Body mass index (BMI) 34.0-34.9, adult"
      }, {
        "code": "Z6835",
        "display": "Body mass index (BMI) 35.0-35.9, adult"
      }, {
        "code": "Z6836",
        "display": "Body mass index (BMI) 36.0-36.9, adult"
      }, {
        "code": "Z6837",
        "display": "Body mass index (BMI) 37.0-37.9, adult"
      }, {
        "code": "Z6838",
        "display": "Body mass index (BMI) 38.0-38.9, adult"
      }, {
        "code": "Z6839",
        "display": "Body mass index (BMI) 39.0-39.9, adult"
      }, {
        "code": "Z684",
        "display": "Body mass index (BMI) 40 or greater, adult"
      }, {
        "code": "Z6841",
        "display": "Body mass index (BMI) 40.0-44.9, adult"
      }, {
        "code": "Z6842",
        "display": "Body mass index (BMI) 45.0-49.9, adult"
      }, {
        "code": "Z6843",
        "display": "Body mass index (BMI) 50.0-59.9, adult"
      }, {
        "code": "Z6844",
        "display": "Body mass index (BMI) 60.0-69.9, adult"
      }, {
        "code": "Z6845",
        "display": "Body mass index (BMI) 70 or greater, adult"
      }, {
        "code": "Z685",
        "display": "Body mass index (BMI) pediatric"
      }, {
        "code": "Z6851",
        "display": "BMI pediatric, less than 5th percentile for age"
      }, {
        "code": "Z6852",
        "display": "BMI pediatric, 5th percentile to less than 85% for age"
      }, {
        "code": "Z6853",
        "display": "BMI pediatric, 85% to less than 95th percentile for age"
      }, {
        "code": "Z6854",
        "display": "BMI pediatric, greater than or equal to 95% for age"
      } ]
    } ]
  }
}