{
  "resourceType": "ValueSet",
  "id": "J47",
  "url": "http://hl7.org/fhir/sid/icd-10-cm-735",
  "version": "1.0",
  "name": "Bronchiectasis",
  "title": "Bronchiectasis",
  "status": "active",
  "compose": {
    "include": [ {
      "system": "http://hl7.org/fhir/sid/icd-10-cm",
      "concept": [ {
        "code": "J470",
        "display": "Bronchiectasis with acute lower respiratory infection"
      }, {
        "code": "J471",
        "display": "Bronchiectasis with (acute) exacerbation"
      }, {
        "code": "J479",
        "display": "Bronchiectasis, uncomplicated"
      } ]
    } ]
  }
}