{
  "resourceType": "ValueSet",
  "id": "A23",
  "url": "http://hl7.org/fhir/sid/icd-10-cm-18",
  "version": "1.0",
  "name": "Brucellosis",
  "title": "Brucellosis",
  "status": "active",
  "compose": {
    "include": [ {
      "system": "http://hl7.org/fhir/sid/icd-10-cm",
      "concept": [ {
        "code": "A230",
        "display": "Brucellosis due to Brucella melitensis"
      }, {
        "code": "A231",
        "display": "Brucellosis due to Brucella abortus"
      }, {
        "code": "A232",
        "display": "Brucellosis due to Brucella suis"
      }, {
        "code": "A233",
        "display": "Brucellosis due to Brucella canis"
      }, {
        "code": "A238",
        "display": "Other brucellosis"
      }, {
        "code": "A239",
        "display": "Brucellosis, unspecified"
      } ]
    } ]
  }
}