{
  "resourceType": "ValueSet",
  "id": "T20",
  "url": "http://hl7.org/fhir/sid/icd-10-cm-1485",
  "version": "1.0",
  "name": "Burn and corrosion of head, face, and neck",
  "title": "Burn and corrosion of head, face, and neck",
  "status": "active",
  "compose": {
    "include": [ {
      "system": "http://hl7.org/fhir/sid/icd-10-cm",
      "concept": [ {
        "code": "T200",
        "display": "Burn of unspecified degree of head, face, and neck"
      }, {
        "code": "T2000",
        "display": "Burn of unsp degree of head, face, and neck, unsp site"
      }, {
        "code": "T2000XA",
        "display": "Burn of unsp degree of head, face, and neck, unsp site, init"
      }, {
        "code": "T2000XD",
        "display": "Burn of unsp degree of head, face, and neck, unsp site, subs"
      }, {
        "code": "T2000XS",
        "display": "Burn unsp degree of head, face, and neck, unsp site, sequela"
      }, {
        "code": "T2001",
        "display": "Burn of unspecified degree of ear"
      }, {
        "code": "T20011",
        "display": "Burn of unspecified degree of right ear"
      }, {
        "code": "T20011A",
        "display": "Burn of unspecified degree of right ear, initial encounter"
      }, {
        "code": "T20011D",
        "display": "Burn of unspecified degree of right ear, subs encntr"
      }, {
        "code": "T20011S",
        "display": "Burn of unspecified degree of right ear, sequela"
      }, {
        "code": "T20012",
        "display": "Burn of unspecified degree of left ear"
      }, {
        "code": "T20012A",
        "display": "Burn of unspecified degree of left ear, initial encounter"
      }, {
        "code": "T20012D",
        "display": "Burn of unspecified degree of left ear, subsequent encounter"
      }, {
        "code": "T20012S",
        "display": "Burn of unspecified degree of left ear, sequela"
      }, {
        "code": "T20019",
        "display": "Burn of unspecified degree of unspecified ear"
      }, {
        "code": "T20019A",
        "display": "Burn of unspecified degree of unspecified ear, init encntr"
      }, {
        "code": "T20019D",
        "display": "Burn of unspecified degree of unspecified ear, subs encntr"
      }, {
        "code": "T20019S",
        "display": "Burn of unspecified degree of unspecified ear, sequela"
      }, {
        "code": "T2002",
        "display": "Burn of unspecified degree of lip(s)"
      }, {
        "code": "T2002XA",
        "display": "Burn of unspecified degree of lip(s), initial encounter"
      }, {
        "code": "T2002XD",
        "display": "Burn of unspecified degree of lip(s), subsequent encounter"
      }, {
        "code": "T2002XS",
        "display": "Burn of unspecified degree of lip(s), sequela"
      }, {
        "code": "T2003",
        "display": "Burn of unspecified degree of chin"
      }, {
        "code": "T2003XA",
        "display": "Burn of unspecified degree of chin, initial encounter"
      }, {
        "code": "T2003XD",
        "display": "Burn of unspecified degree of chin, subsequent encounter"
      }, {
        "code": "T2003XS",
        "display": "Burn of unspecified degree of chin, sequela"
      }, {
        "code": "T2004",
        "display": "Burn of unspecified degree of nose (septum)"
      }, {
        "code": "T2004XA",
        "display": "Burn of unspecified degree of nose (septum), init encntr"
      }, {
        "code": "T2004XD",
        "display": "Burn of unspecified degree of nose (septum), subs encntr"
      }, {
        "code": "T2004XS",
        "display": "Burn of unspecified degree of nose (septum), sequela"
      }, {
        "code": "T2005",
        "display": "Burn of unspecified degree of scalp [any part]"
      }, {
        "code": "T2005XA",
        "display": "Burn of unspecified degree of scalp, initial encounter"
      }, {
        "code": "T2005XD",
        "display": "Burn of unspecified degree of scalp, subsequent encounter"
      }, {
        "code": "T2005XS",
        "display": "Burn of unspecified degree of scalp [any part], sequela"
      }, {
        "code": "T2006",
        "display": "Burn of unspecified degree of forehead and cheek"
      }, {
        "code": "T2006XA",
        "display": "Burn of unsp degree of forehead and cheek, init encntr"
      }, {
        "code": "T2006XD",
        "display": "Burn of unsp degree of forehead and cheek, subs encntr"
      }, {
        "code": "T2006XS",
        "display": "Burn of unspecified degree of forehead and cheek, sequela"
      }, {
        "code": "T2007",
        "display": "Burn of unspecified degree of neck"
      }, {
        "code": "T2007XA",
        "display": "Burn of unspecified degree of neck, initial encounter"
      }, {
        "code": "T2007XD",
        "display": "Burn of unspecified degree of neck, subsequent encounter"
      }, {
        "code": "T2007XS",
        "display": "Burn of unspecified degree of neck, sequela"
      }, {
        "code": "T2009",
        "display": "Burn of unsp deg mult sites of head, face, and neck"
      }, {
        "code": "T2009XA",
        "display": "Burn of unsp deg mult sites of head, face, and neck, init"
      }, {
        "code": "T2009XD",
        "display": "Burn of unsp deg mult sites of head, face, and neck, subs"
      }, {
        "code": "T2009XS",
        "display": "Burn of unsp deg mult sites of head, face, and neck, sequela"
      }, {
        "code": "T201",
        "display": "Burn of first degree of head, face, and neck"
      }, {
        "code": "T2010",
        "display": "Burn of first degree of head, face, and neck, unsp site"
      }, {
        "code": "T2010XA",
        "display": "Burn first degree of head, face, and neck, unsp site, init"
      }, {
        "code": "T2010XD",
        "display": "Burn first degree of head, face, and neck, unsp site, subs"
      }, {
        "code": "T2010XS",
        "display": "Burn first degree of head, face, and neck, unsp site, sqla"
      }, {
        "code": "T2011",
        "display": "Burn of first degree of ear [any part, except ear drum]"
      }, {
        "code": "T20111",
        "display": "Burn of first degree of right ear"
      }, {
        "code": "T20111A",
        "display": "Burn of first degree of right ear, initial encounter"
      }, {
        "code": "T20111D",
        "display": "Burn of first degree of right ear, subsequent encounter"
      }, {
        "code": "T20111S",
        "display": "Burn of first degree of right ear, sequela"
      }, {
        "code": "T20112",
        "display": "Burn of first degree of left ear [any part, except ear drum]"
      }, {
        "code": "T20112A",
        "display": "Burn of first degree of left ear, initial encounter"
      }, {
        "code": "T20112D",
        "display": "Burn of first degree of left ear, subsequent encounter"
      }, {
        "code": "T20112S",
        "display": "Burn of first degree of left ear, sequela"
      }, {
        "code": "T20119",
        "display": "Burn of first degree of unspecified ear"
      }, {
        "code": "T20119A",
        "display": "Burn of first degree of unspecified ear, initial encounter"
      }, {
        "code": "T20119D",
        "display": "Burn of first degree of unspecified ear, subs encntr"
      }, {
        "code": "T20119S",
        "display": "Burn of first degree of unspecified ear, sequela"
      }, {
        "code": "T2012",
        "display": "Burn of first degree of lip(s)"
      }, {
        "code": "T2012XA",
        "display": "Burn of first degree of lip(s), initial encounter"
      }, {
        "code": "T2012XD",
        "display": "Burn of first degree of lip(s), subsequent encounter"
      }, {
        "code": "T2012XS",
        "display": "Burn of first degree of lip(s), sequela"
      }, {
        "code": "T2013",
        "display": "Burn of first degree of chin"
      }, {
        "code": "T2013XA",
        "display": "Burn of first degree of chin, initial encounter"
      }, {
        "code": "T2013XD",
        "display": "Burn of first degree of chin, subsequent encounter"
      }, {
        "code": "T2013XS",
        "display": "Burn of first degree of chin, sequela"
      }, {
        "code": "T2014",
        "display": "Burn of first degree of nose (septum)"
      }, {
        "code": "T2014XA",
        "display": "Burn of first degree of nose (septum), initial encounter"
      }, {
        "code": "T2014XD",
        "display": "Burn of first degree of nose (septum), subsequent encounter"
      }, {
        "code": "T2014XS",
        "display": "Burn of first degree of nose (septum), sequela"
      }, {
        "code": "T2015",
        "display": "Burn of first degree of scalp [any part]"
      }, {
        "code": "T2015XA",
        "display": "Burn of first degree of scalp [any part], initial encounter"
      }, {
        "code": "T2015XD",
        "display": "Burn of first degree of scalp, subsequent encounter"
      }, {
        "code": "T2015XS",
        "display": "Burn of first degree of scalp [any part], sequela"
      }, {
        "code": "T2016",
        "display": "Burn of first degree of forehead and cheek"
      }, {
        "code": "T2016XA",
        "display": "Burn of first degree of forehead and cheek, init encntr"
      }, {
        "code": "T2016XD",
        "display": "Burn of first degree of forehead and cheek, subs encntr"
      }, {
        "code": "T2016XS",
        "display": "Burn of first degree of forehead and cheek, sequela"
      }, {
        "code": "T2017",
        "display": "Burn of first degree of neck"
      }, {
        "code": "T2017XA",
        "display": "Burn of first degree of neck, initial encounter"
      }, {
        "code": "T2017XD",
        "display": "Burn of first degree of neck, subsequent encounter"
      }, {
        "code": "T2017XS",
        "display": "Burn of first degree of neck, sequela"
      }, {
        "code": "T2019",
        "display": "Burn of first deg mult sites of head, face, and neck"
      }, {
        "code": "T2019XA",
        "display": "Burn of first deg mult sites of head, face, and neck, init"
      }, {
        "code": "T2019XD",
        "display": "Burn of first deg mult sites of head, face, and neck, subs"
      }, {
        "code": "T2019XS",
        "display": "Burn first deg mult sites of head, face, and neck, sequela"
      }, {
        "code": "T202",
        "display": "Burn of second degree of head, face, and neck"
      }, {
        "code": "T2020",
        "display": "Burn of second degree of head, face, and neck, unsp site"
      }, {
        "code": "T2020XA",
        "display": "Burn second degree of head, face, and neck, unsp site, init"
      }, {
        "code": "T2020XD",
        "display": "Burn second degree of head, face, and neck, unsp site, subs"
      }, {
        "code": "T2020XS",
        "display": "Burn second degree of head, face, and neck, unsp site, sqla"
      }, {
        "code": "T2021",
        "display": "Burn of second degree of ear [any part, except ear drum]"
      }, {
        "code": "T20211",
        "display": "Burn of second degree of right ear"
      }, {
        "code": "T20211A",
        "display": "Burn of second degree of right ear, initial encounter"
      }, {
        "code": "T20211D",
        "display": "Burn of second degree of right ear, subsequent encounter"
      }, {
        "code": "T20211S",
        "display": "Burn of second degree of right ear, sequela"
      }, {
        "code": "T20212",
        "display": "Burn of second degree of left ear"
      }, {
        "code": "T20212A",
        "display": "Burn of second degree of left ear, initial encounter"
      }, {
        "code": "T20212D",
        "display": "Burn of second degree of left ear, subsequent encounter"
      }, {
        "code": "T20212S",
        "display": "Burn of second degree of left ear, sequela"
      }, {
        "code": "T20219",
        "display": "Burn of second degree of unspecified ear"
      }, {
        "code": "T20219A",
        "display": "Burn of second degree of unspecified ear, initial encounter"
      }, {
        "code": "T20219D",
        "display": "Burn of second degree of unspecified ear, subs encntr"
      }, {
        "code": "T20219S",
        "display": "Burn of second degree of unspecified ear, sequela"
      }, {
        "code": "T2022",
        "display": "Burn of second degree of lip(s)"
      }, {
        "code": "T2022XA",
        "display": "Burn of second degree of lip(s), initial encounter"
      }, {
        "code": "T2022XD",
        "display": "Burn of second degree of lip(s), subsequent encounter"
      }, {
        "code": "T2022XS",
        "display": "Burn of second degree of lip(s), sequela"
      }, {
        "code": "T2023",
        "display": "Burn of second degree of chin"
      }, {
        "code": "T2023XA",
        "display": "Burn of second degree of chin, initial encounter"
      }, {
        "code": "T2023XD",
        "display": "Burn of second degree of chin, subsequent encounter"
      }, {
        "code": "T2023XS",
        "display": "Burn of second degree of chin, sequela"
      }, {
        "code": "T2024",
        "display": "Burn of second degree of nose (septum)"
      }, {
        "code": "T2024XA",
        "display": "Burn of second degree of nose (septum), initial encounter"
      }, {
        "code": "T2024XD",
        "display": "Burn of second degree of nose (septum), subsequent encounter"
      }, {
        "code": "T2024XS",
        "display": "Burn of second degree of nose (septum), sequela"
      }, {
        "code": "T2025",
        "display": "Burn of second degree of scalp [any part]"
      }, {
        "code": "T2025XA",
        "display": "Burn of second degree of scalp [any part], initial encounter"
      }, {
        "code": "T2025XD",
        "display": "Burn of second degree of scalp, subsequent encounter"
      }, {
        "code": "T2025XS",
        "display": "Burn of second degree of scalp [any part], sequela"
      }, {
        "code": "T2026",
        "display": "Burn of second degree of forehead and cheek"
      }, {
        "code": "T2026XA",
        "display": "Burn of second degree of forehead and cheek, init encntr"
      }, {
        "code": "T2026XD",
        "display": "Burn of second degree of forehead and cheek, subs encntr"
      }, {
        "code": "T2026XS",
        "display": "Burn of second degree of forehead and cheek, sequela"
      }, {
        "code": "T2027",
        "display": "Burn of second degree of neck"
      }, {
        "code": "T2027XA",
        "display": "Burn of second degree of neck, initial encounter"
      }, {
        "code": "T2027XD",
        "display": "Burn of second degree of neck, subsequent encounter"
      }, {
        "code": "T2027XS",
        "display": "Burn of second degree of neck, sequela"
      }, {
        "code": "T2029",
        "display": "Burn of 2nd deg mul sites of head, face, and neck"
      }, {
        "code": "T2029XA",
        "display": "Burn of 2nd deg mul sites of head, face, and neck, init"
      }, {
        "code": "T2029XD",
        "display": "Burn of 2nd deg mul sites of head, face, and neck, subs"
      }, {
        "code": "T2029XS",
        "display": "Burn of 2nd deg mul sites of head, face, and neck, sequela"
      }, {
        "code": "T203",
        "display": "Burn of third degree of head, face, and neck"
      }, {
        "code": "T2030",
        "display": "Burn of third degree of head, face, and neck, unsp site"
      }, {
        "code": "T2030XA",
        "display": "Burn third degree of head, face, and neck, unsp site, init"
      }, {
        "code": "T2030XD",
        "display": "Burn third degree of head, face, and neck, unsp site, subs"
      }, {
        "code": "T2030XS",
        "display": "Burn third degree of head, face, and neck, unsp site, sqla"
      }, {
        "code": "T2031",
        "display": "Burn of third degree of ear [any part, except ear drum]"
      }, {
        "code": "T20311",
        "display": "Burn of third degree of right ear"
      }, {
        "code": "T20311A",
        "display": "Burn of third degree of right ear, initial encounter"
      }, {
        "code": "T20311D",
        "display": "Burn of third degree of right ear, subsequent encounter"
      }, {
        "code": "T20311S",
        "display": "Burn of third degree of right ear, sequela"
      }, {
        "code": "T20312",
        "display": "Burn of third degree of left ear [any part, except ear drum]"
      }, {
        "code": "T20312A",
        "display": "Burn of third degree of left ear, initial encounter"
      }, {
        "code": "T20312D",
        "display": "Burn of third degree of left ear, subsequent encounter"
      }, {
        "code": "T20312S",
        "display": "Burn of third degree of left ear, sequela"
      }, {
        "code": "T20319",
        "display": "Burn of third degree of unspecified ear"
      }, {
        "code": "T20319A",
        "display": "Burn of third degree of unspecified ear, initial encounter"
      }, {
        "code": "T20319D",
        "display": "Burn of third degree of unspecified ear, subs encntr"
      }, {
        "code": "T20319S",
        "display": "Burn of third degree of unspecified ear, sequela"
      }, {
        "code": "T2032",
        "display": "Burn of third degree of lip(s)"
      }, {
        "code": "T2032XA",
        "display": "Burn of third degree of lip(s), initial encounter"
      }, {
        "code": "T2032XD",
        "display": "Burn of third degree of lip(s), subsequent encounter"
      }, {
        "code": "T2032XS",
        "display": "Burn of third degree of lip(s), sequela"
      }, {
        "code": "T2033",
        "display": "Burn of third degree of chin"
      }, {
        "code": "T2033XA",
        "display": "Burn of third degree of chin, initial encounter"
      }, {
        "code": "T2033XD",
        "display": "Burn of third degree of chin, subsequent encounter"
      }, {
        "code": "T2033XS",
        "display": "Burn of third degree of chin, sequela"
      }, {
        "code": "T2034",
        "display": "Burn of third degree of nose (septum)"
      }, {
        "code": "T2034XA",
        "display": "Burn of third degree of nose (septum), initial encounter"
      }, {
        "code": "T2034XD",
        "display": "Burn of third degree of nose (septum), subsequent encounter"
      }, {
        "code": "T2034XS",
        "display": "Burn of third degree of nose (septum), sequela"
      }, {
        "code": "T2035",
        "display": "Burn of third degree of scalp [any part]"
      }, {
        "code": "T2035XA",
        "display": "Burn of third degree of scalp [any part], initial encounter"
      }, {
        "code": "T2035XD",
        "display": "Burn of third degree of scalp, subsequent encounter"
      }, {
        "code": "T2035XS",
        "display": "Burn of third degree of scalp [any part], sequela"
      }, {
        "code": "T2036",
        "display": "Burn of third degree of forehead and cheek"
      }, {
        "code": "T2036XA",
        "display": "Burn of third degree of forehead and cheek, init encntr"
      }, {
        "code": "T2036XD",
        "display": "Burn of third degree of forehead and cheek, subs encntr"
      }, {
        "code": "T2036XS",
        "display": "Burn of third degree of forehead and cheek, sequela"
      }, {
        "code": "T2037",
        "display": "Burn of third degree of neck"
      }, {
        "code": "T2037XA",
        "display": "Burn of third degree of neck, initial encounter"
      }, {
        "code": "T2037XD",
        "display": "Burn of third degree of neck, subsequent encounter"
      }, {
        "code": "T2037XS",
        "display": "Burn of third degree of neck, sequela"
      }, {
        "code": "T2039",
        "display": "Burn of 3rd deg mu sites of head, face, and neck"
      }, {
        "code": "T2039XA",
        "display": "Burn of 3rd deg mu sites of head, face, and neck, init"
      }, {
        "code": "T2039XD",
        "display": "Burn of 3rd deg mu sites of head, face, and neck, subs"
      }, {
        "code": "T2039XS",
        "display": "Burn of 3rd deg mu sites of head, face, and neck, sequela"
      }, {
        "code": "T204",
        "display": "Corrosion of unspecified degree of head, face, and neck"
      }, {
        "code": "T2040",
        "display": "Corrosion of unsp degree of head, face, and neck, unsp site"
      }, {
        "code": "T2040XA",
        "display": "Corros unsp degree of head, face, and neck, unsp site, init"
      }, {
        "code": "T2040XD",
        "display": "Corros unsp degree of head, face, and neck, unsp site, subs"
      }, {
        "code": "T2040XS",
        "display": "Corros unsp degree of head, face, and neck, unsp site, sqla"
      }, {
        "code": "T2041",
        "display": "Corrosion of unspecified degree of ear"
      }, {
        "code": "T20411",
        "display": "Corrosion of unspecified degree of right ear"
      }, {
        "code": "T20411A",
        "display": "Corrosion of unspecified degree of right ear, init encntr"
      }, {
        "code": "T20411D",
        "display": "Corrosion of unspecified degree of right ear, subs encntr"
      }, {
        "code": "T20411S",
        "display": "Corrosion of unspecified degree of right ear, sequela"
      }, {
        "code": "T20412",
        "display": "Corrosion of unspecified degree of left ear"
      }, {
        "code": "T20412A",
        "display": "Corrosion of unspecified degree of left ear, init encntr"
      }, {
        "code": "T20412D",
        "display": "Corrosion of unspecified degree of left ear, subs encntr"
      }, {
        "code": "T20412S",
        "display": "Corrosion of unspecified degree of left ear, sequela"
      }, {
        "code": "T20419",
        "display": "Corrosion of unspecified degree of unspecified ear"
      }, {
        "code": "T20419A",
        "display": "Corrosion of unsp degree of unspecified ear, init encntr"
      }, {
        "code": "T20419D",
        "display": "Corrosion of unsp degree of unspecified ear, subs encntr"
      }, {
        "code": "T20419S",
        "display": "Corrosion of unspecified degree of unspecified ear, sequela"
      }, {
        "code": "T2042",
        "display": "Corrosion of unspecified degree of lip(s)"
      }, {
        "code": "T2042XA",
        "display": "Corrosion of unspecified degree of lip(s), initial encounter"
      }, {
        "code": "T2042XD",
        "display": "Corrosion of unspecified degree of lip(s), subs encntr"
      }, {
        "code": "T2042XS",
        "display": "Corrosion of unspecified degree of lip(s), sequela"
      }, {
        "code": "T2043",
        "display": "Corrosion of unspecified degree of chin"
      }, {
        "code": "T2043XA",
        "display": "Corrosion of unspecified degree of chin, initial encounter"
      }, {
        "code": "T2043XD",
        "display": "Corrosion of unspecified degree of chin, subs encntr"
      }, {
        "code": "T2043XS",
        "display": "Corrosion of unspecified degree of chin, sequela"
      }, {
        "code": "T2044",
        "display": "Corrosion of unspecified degree of nose (septum)"
      }, {
        "code": "T2044XA",
        "display": "Corrosion of unsp degree of nose (septum), init encntr"
      }, {
        "code": "T2044XD",
        "display": "Corrosion of unsp degree of nose (septum), subs encntr"
      }, {
        "code": "T2044XS",
        "display": "Corrosion of unspecified degree of nose (septum), sequela"
      }, {
        "code": "T2045",
        "display": "Corrosion of unspecified degree of scalp [any part]"
      }, {
        "code": "T2045XA",
        "display": "Corrosion of unspecified degree of scalp, initial encounter"
      }, {
        "code": "T2045XD",
        "display": "Corrosion of unspecified degree of scalp, subs encntr"
      }, {
        "code": "T2045XS",
        "display": "Corrosion of unspecified degree of scalp [any part], sequela"
      }, {
        "code": "T2046",
        "display": "Corrosion of unspecified degree of forehead and cheek"
      }, {
        "code": "T2046XA",
        "display": "Corrosion of unsp degree of forehead and cheek, init encntr"
      }, {
        "code": "T2046XD",
        "display": "Corrosion of unsp degree of forehead and cheek, subs encntr"
      }, {
        "code": "T2046XS",
        "display": "Corrosion of unsp degree of forehead and cheek, sequela"
      }, {
        "code": "T2047",
        "display": "Corrosion of unspecified degree of neck"
      }, {
        "code": "T2047XA",
        "display": "Corrosion of unspecified degree of neck, initial encounter"
      }, {
        "code": "T2047XD",
        "display": "Corrosion of unspecified degree of neck, subs encntr"
      }, {
        "code": "T2047XS",
        "display": "Corrosion of unspecified degree of neck, sequela"
      }, {
        "code": "T2049",
        "display": "Corrosion of unsp deg mult sites of head, face, and neck"
      }, {
        "code": "T2049XA",
        "display": "Corros unsp deg mult sites of head, face, and neck, init"
      }, {
        "code": "T2049XD",
        "display": "Corros unsp deg mult sites of head, face, and neck, subs"
      }, {
        "code": "T2049XS",
        "display": "Corros unsp deg mult sites of head, face, and neck, sequela"
      }, {
        "code": "T205",
        "display": "Corrosion of first degree of head, face, and neck"
      }, {
        "code": "T2050",
        "display": "Corrosion of first degree of head, face, and neck, unsp site"
      }, {
        "code": "T2050XA",
        "display": "Corros first degree of head, face, and neck, unsp site, init"
      }, {
        "code": "T2050XD",
        "display": "Corros first degree of head, face, and neck, unsp site, subs"
      }, {
        "code": "T2050XS",
        "display": "Corros first degree of head, face, and neck, unsp site, sqla"
      }, {
        "code": "T2051",
        "display": "Corrosion of first degree of ear [any part, except ear drum]"
      }, {
        "code": "T20511",
        "display": "Corrosion of first degree of right ear"
      }, {
        "code": "T20511A",
        "display": "Corrosion of first degree of right ear, initial encounter"
      }, {
        "code": "T20511D",
        "display": "Corrosion of first degree of right ear, subsequent encounter"
      }, {
        "code": "T20511S",
        "display": "Corrosion of first degree of right ear, sequela"
      }, {
        "code": "T20512",
        "display": "Corrosion of first degree of left ear"
      }, {
        "code": "T20512A",
        "display": "Corrosion of first degree of left ear, initial encounter"
      }, {
        "code": "T20512D",
        "display": "Corrosion of first degree of left ear, subsequent encounter"
      }, {
        "code": "T20512S",
        "display": "Corrosion of first degree of left ear, sequela"
      }, {
        "code": "T20519",
        "display": "Corrosion of first degree of unspecified ear"
      }, {
        "code": "T20519A",
        "display": "Corrosion of first degree of unspecified ear, init encntr"
      }, {
        "code": "T20519D",
        "display": "Corrosion of first degree of unspecified ear, subs encntr"
      }, {
        "code": "T20519S",
        "display": "Corrosion of first degree of unspecified ear, sequela"
      }, {
        "code": "T2052",
        "display": "Corrosion of first degree of lip(s)"
      }, {
        "code": "T2052XA",
        "display": "Corrosion of first degree of lip(s), initial encounter"
      }, {
        "code": "T2052XD",
        "display": "Corrosion of first degree of lip(s), subsequent encounter"
      }, {
        "code": "T2052XS",
        "display": "Corrosion of first degree of lip(s), sequela"
      }, {
        "code": "T2053",
        "display": "Corrosion of first degree of chin"
      }, {
        "code": "T2053XA",
        "display": "Corrosion of first degree of chin, initial encounter"
      }, {
        "code": "T2053XD",
        "display": "Corrosion of first degree of chin, subsequent encounter"
      }, {
        "code": "T2053XS",
        "display": "Corrosion of first degree of chin, sequela"
      }, {
        "code": "T2054",
        "display": "Corrosion of first degree of nose (septum)"
      }, {
        "code": "T2054XA",
        "display": "Corrosion of first degree of nose (septum), init encntr"
      }, {
        "code": "T2054XD",
        "display": "Corrosion of first degree of nose (septum), subs encntr"
      }, {
        "code": "T2054XS",
        "display": "Corrosion of first degree of nose (septum), sequela"
      }, {
        "code": "T2055",
        "display": "Corrosion of first degree of scalp [any part]"
      }, {
        "code": "T2055XA",
        "display": "Corrosion of first degree of scalp, initial encounter"
      }, {
        "code": "T2055XD",
        "display": "Corrosion of first degree of scalp, subsequent encounter"
      }, {
        "code": "T2055XS",
        "display": "Corrosion of first degree of scalp [any part], sequela"
      }, {
        "code": "T2056",
        "display": "Corrosion of first degree of forehead and cheek"
      }, {
        "code": "T2056XA",
        "display": "Corrosion of first degree of forehead and cheek, init encntr"
      }, {
        "code": "T2056XD",
        "display": "Corrosion of first degree of forehead and cheek, subs encntr"
      }, {
        "code": "T2056XS",
        "display": "Corrosion of first degree of forehead and cheek, sequela"
      }, {
        "code": "T2057",
        "display": "Corrosion of first degree of neck"
      }, {
        "code": "T2057XA",
        "display": "Corrosion of first degree of neck, initial encounter"
      }, {
        "code": "T2057XD",
        "display": "Corrosion of first degree of neck, subsequent encounter"
      }, {
        "code": "T2057XS",
        "display": "Corrosion of first degree of neck, sequela"
      }, {
        "code": "T2059",
        "display": "Corrosion of first deg mult sites of head, face, and neck"
      }, {
        "code": "T2059XA",
        "display": "Corros first deg mult sites of head, face, and neck, init"
      }, {
        "code": "T2059XD",
        "display": "Corros first deg mult sites of head, face, and neck, subs"
      }, {
        "code": "T2059XS",
        "display": "Corros first deg mult sites of head, face, and neck, sequela"
      }, {
        "code": "T206",
        "display": "Corrosion of second degree of head, face, and neck"
      }, {
        "code": "T2060",
        "display": "Corros second degree of head, face, and neck, unsp site"
      }, {
        "code": "T2060XA",
        "display": "Corros second deg of head, face, and neck, unsp site, init"
      }, {
        "code": "T2060XD",
        "display": "Corros second deg of head, face, and neck, unsp site, subs"
      }, {
        "code": "T2060XS",
        "display": "Corros second deg of head, face, and neck, unsp site, sqla"
      }, {
        "code": "T2061",
        "display": "Corrosion of second degree of ear"
      }, {
        "code": "T20611",
        "display": "Corrosion of second degree of right ear"
      }, {
        "code": "T20611A",
        "display": "Corrosion of second degree of right ear, initial encounter"
      }, {
        "code": "T20611D",
        "display": "Corrosion of second degree of right ear, subs encntr"
      }, {
        "code": "T20611S",
        "display": "Corrosion of second degree of right ear, sequela"
      }, {
        "code": "T20612",
        "display": "Corrosion of second degree of left ear"
      }, {
        "code": "T20612A",
        "display": "Corrosion of second degree of left ear, initial encounter"
      }, {
        "code": "T20612D",
        "display": "Corrosion of second degree of left ear, subsequent encounter"
      }, {
        "code": "T20612S",
        "display": "Corrosion of second degree of left ear, sequela"
      }, {
        "code": "T20619",
        "display": "Corrosion of second degree of unspecified ear"
      }, {
        "code": "T20619A",
        "display": "Corrosion of second degree of unspecified ear, init encntr"
      }, {
        "code": "T20619D",
        "display": "Corrosion of second degree of unspecified ear, subs encntr"
      }, {
        "code": "T20619S",
        "display": "Corrosion of second degree of unspecified ear, sequela"
      }, {
        "code": "T2062",
        "display": "Corrosion of second degree of lip(s)"
      }, {
        "code": "T2062XA",
        "display": "Corrosion of second degree of lip(s), initial encounter"
      }, {
        "code": "T2062XD",
        "display": "Corrosion of second degree of lip(s), subsequent encounter"
      }, {
        "code": "T2062XS",
        "display": "Corrosion of second degree of lip(s), sequela"
      }, {
        "code": "T2063",
        "display": "Corrosion of second degree of chin"
      }, {
        "code": "T2063XA",
        "display": "Corrosion of second degree of chin, initial encounter"
      }, {
        "code": "T2063XD",
        "display": "Corrosion of second degree of chin, subsequent encounter"
      }, {
        "code": "T2063XS",
        "display": "Corrosion of second degree of chin, sequela"
      }, {
        "code": "T2064",
        "display": "Corrosion of second degree of nose (septum)"
      }, {
        "code": "T2064XA",
        "display": "Corrosion of second degree of nose (septum), init encntr"
      }, {
        "code": "T2064XD",
        "display": "Corrosion of second degree of nose (septum), subs encntr"
      }, {
        "code": "T2064XS",
        "display": "Corrosion of second degree of nose (septum), sequela"
      }, {
        "code": "T2065",
        "display": "Corrosion of second degree of scalp [any part]"
      }, {
        "code": "T2065XA",
        "display": "Corrosion of second degree of scalp, initial encounter"
      }, {
        "code": "T2065XD",
        "display": "Corrosion of second degree of scalp, subsequent encounter"
      }, {
        "code": "T2065XS",
        "display": "Corrosion of second degree of scalp [any part], sequela"
      }, {
        "code": "T2066",
        "display": "Corrosion of second degree of forehead and cheek"
      }, {
        "code": "T2066XA",
        "display": "Corrosion of second degree of forehead and cheek, init"
      }, {
        "code": "T2066XD",
        "display": "Corrosion of second degree of forehead and cheek, subs"
      }, {
        "code": "T2066XS",
        "display": "Corrosion of second degree of forehead and cheek, sequela"
      }, {
        "code": "T2067",
        "display": "Corrosion of second degree of neck"
      }, {
        "code": "T2067XA",
        "display": "Corrosion of second degree of neck, initial encounter"
      }, {
        "code": "T2067XD",
        "display": "Corrosion of second degree of neck, subsequent encounter"
      }, {
        "code": "T2067XS",
        "display": "Corrosion of second degree of neck, sequela"
      }, {
        "code": "T2069",
        "display": "Corrosion of 2nd deg mul sites of head, face, and neck"
      }, {
        "code": "T2069XA",
        "display": "Corrosion of 2nd deg mul sites of head, face, and neck, init"
      }, {
        "code": "T2069XD",
        "display": "Corrosion of 2nd deg mul sites of head, face, and neck, subs"
      }, {
        "code": "T2069XS",
        "display": "Corros 2nd deg mul sites of head, face, and neck, sequela"
      }, {
        "code": "T207",
        "display": "Corrosion of third degree of head, face, and neck"
      }, {
        "code": "T2070",
        "display": "Corrosion of third degree of head, face, and neck, unsp site"
      }, {
        "code": "T2070XA",
        "display": "Corros third degree of head, face, and neck, unsp site, init"
      }, {
        "code": "T2070XD",
        "display": "Corros third degree of head, face, and neck, unsp site, subs"
      }, {
        "code": "T2070XS",
        "display": "Corros third degree of head, face, and neck, unsp site, sqla"
      }, {
        "code": "T2071",
        "display": "Corrosion of third degree of ear [any part, except ear drum]"
      }, {
        "code": "T20711",
        "display": "Corrosion of third degree of right ear"
      }, {
        "code": "T20711A",
        "display": "Corrosion of third degree of right ear, initial encounter"
      }, {
        "code": "T20711D",
        "display": "Corrosion of third degree of right ear, subsequent encounter"
      }, {
        "code": "T20711S",
        "display": "Corrosion of third degree of right ear, sequela"
      }, {
        "code": "T20712",
        "display": "Corrosion of third degree of left ear"
      }, {
        "code": "T20712A",
        "display": "Corrosion of third degree of left ear, initial encounter"
      }, {
        "code": "T20712D",
        "display": "Corrosion of third degree of left ear, subsequent encounter"
      }, {
        "code": "T20712S",
        "display": "Corrosion of third degree of left ear, sequela"
      }, {
        "code": "T20719",
        "display": "Corrosion of third degree of unspecified ear"
      }, {
        "code": "T20719A",
        "display": "Corrosion of third degree of unspecified ear, init encntr"
      }, {
        "code": "T20719D",
        "display": "Corrosion of third degree of unspecified ear, subs encntr"
      }, {
        "code": "T20719S",
        "display": "Corrosion of third degree of unspecified ear, sequela"
      }, {
        "code": "T2072",
        "display": "Corrosion of third degree of lip(s)"
      }, {
        "code": "T2072XA",
        "display": "Corrosion of third degree of lip(s), initial encounter"
      }, {
        "code": "T2072XD",
        "display": "Corrosion of third degree of lip(s), subsequent encounter"
      }, {
        "code": "T2072XS",
        "display": "Corrosion of third degree of lip(s), sequela"
      }, {
        "code": "T2073",
        "display": "Corrosion of third degree of chin"
      }, {
        "code": "T2073XA",
        "display": "Corrosion of third degree of chin, initial encounter"
      }, {
        "code": "T2073XD",
        "display": "Corrosion of third degree of chin, subsequent encounter"
      }, {
        "code": "T2073XS",
        "display": "Corrosion of third degree of chin, sequela"
      }, {
        "code": "T2074",
        "display": "Corrosion of third degree of nose (septum)"
      }, {
        "code": "T2074XA",
        "display": "Corrosion of third degree of nose (septum), init encntr"
      }, {
        "code": "T2074XD",
        "display": "Corrosion of third degree of nose (septum), subs encntr"
      }, {
        "code": "T2074XS",
        "display": "Corrosion of third degree of nose (septum), sequela"
      }, {
        "code": "T2075",
        "display": "Corrosion of third degree of scalp [any part]"
      }, {
        "code": "T2075XA",
        "display": "Corrosion of third degree of scalp, initial encounter"
      }, {
        "code": "T2075XD",
        "display": "Corrosion of third degree of scalp, subsequent encounter"
      }, {
        "code": "T2075XS",
        "display": "Corrosion of third degree of scalp [any part], sequela"
      }, {
        "code": "T2076",
        "display": "Corrosion of third degree of forehead and cheek"
      }, {
        "code": "T2076XA",
        "display": "Corrosion of third degree of forehead and cheek, init encntr"
      }, {
        "code": "T2076XD",
        "display": "Corrosion of third degree of forehead and cheek, subs encntr"
      }, {
        "code": "T2076XS",
        "display": "Corrosion of third degree of forehead and cheek, sequela"
      }, {
        "code": "T2077",
        "display": "Corrosion of third degree of neck"
      }, {
        "code": "T2077XA",
        "display": "Corrosion of third degree of neck, initial encounter"
      }, {
        "code": "T2077XD",
        "display": "Corrosion of third degree of neck, subsequent encounter"
      }, {
        "code": "T2077XS",
        "display": "Corrosion of third degree of neck, sequela"
      }, {
        "code": "T2079",
        "display": "Corrosion of 3rd deg mu sites of head, face, and neck"
      }, {
        "code": "T2079XA",
        "display": "Corrosion of 3rd deg mu sites of head, face, and neck, init"
      }, {
        "code": "T2079XD",
        "display": "Corrosion of 3rd deg mu sites of head, face, and neck, subs"
      }, {
        "code": "T2079XS",
        "display": "Corros 3rd deg mu sites of head, face, and neck, sequela"
      } ]
    } ]
  }
}