{
  "resourceType": "ValueSet",
  "id": "T28",
  "url": "http://hl7.org/fhir/sid/icd-10-cm-1493",
  "version": "1.0",
  "name": "Burn and corrosion of other internal organs",
  "title": "Burn and corrosion of other internal organs",
  "status": "active",
  "compose": {
    "include": [ {
      "system": "http://hl7.org/fhir/sid/icd-10-cm",
      "concept": [ {
        "code": "T280",
        "display": "Burn of mouth and pharynx"
      }, {
        "code": "T280XXA",
        "display": "Burn of mouth and pharynx, initial encounter"
      }, {
        "code": "T280XXD",
        "display": "Burn of mouth and pharynx, subsequent encounter"
      }, {
        "code": "T280XXS",
        "display": "Burn of mouth and pharynx, sequela"
      }, {
        "code": "T281",
        "display": "Burn of esophagus"
      }, {
        "code": "T281XXA",
        "display": "Burn of esophagus, initial encounter"
      }, {
        "code": "T281XXD",
        "display": "Burn of esophagus, subsequent encounter"
      }, {
        "code": "T281XXS",
        "display": "Burn of esophagus, sequela"
      }, {
        "code": "T282",
        "display": "Burn of other parts of alimentary tract"
      }, {
        "code": "T282XXA",
        "display": "Burn of other parts of alimentary tract, initial encounter"
      }, {
        "code": "T282XXD",
        "display": "Burn of other parts of alimentary tract, subs encntr"
      }, {
        "code": "T282XXS",
        "display": "Burn of other parts of alimentary tract, sequela"
      }, {
        "code": "T283",
        "display": "Burn of internal genitourinary organs"
      }, {
        "code": "T283XXA",
        "display": "Burn of internal genitourinary organs, initial encounter"
      }, {
        "code": "T283XXD",
        "display": "Burn of internal genitourinary organs, subsequent encounter"
      }, {
        "code": "T283XXS",
        "display": "Burn of internal genitourinary organs, sequela"
      }, {
        "code": "T284",
        "display": "Burns of other and unspecified internal organs"
      }, {
        "code": "T2840",
        "display": "Burn of unspecified internal organ"
      }, {
        "code": "T2840XA",
        "display": "Burn of unspecified internal organ, initial encounter"
      }, {
        "code": "T2840XD",
        "display": "Burn of unspecified internal organ, subsequent encounter"
      }, {
        "code": "T2840XS",
        "display": "Burn of unspecified internal organ, sequela"
      }, {
        "code": "T2841",
        "display": "Burn of ear drum"
      }, {
        "code": "T28411",
        "display": "Burn of right ear drum"
      }, {
        "code": "T28411A",
        "display": "Burn of right ear drum, initial encounter"
      }, {
        "code": "T28411D",
        "display": "Burn of right ear drum, subsequent encounter"
      }, {
        "code": "T28411S",
        "display": "Burn of right ear drum, sequela"
      }, {
        "code": "T28412",
        "display": "Burn of left ear drum"
      }, {
        "code": "T28412A",
        "display": "Burn of left ear drum, initial encounter"
      }, {
        "code": "T28412D",
        "display": "Burn of left ear drum, subsequent encounter"
      }, {
        "code": "T28412S",
        "display": "Burn of left ear drum, sequela"
      }, {
        "code": "T28419",
        "display": "Burn of unspecified ear drum"
      }, {
        "code": "T28419A",
        "display": "Burn of unspecified ear drum, initial encounter"
      }, {
        "code": "T28419D",
        "display": "Burn of unspecified ear drum, subsequent encounter"
      }, {
        "code": "T28419S",
        "display": "Burn of unspecified ear drum, sequela"
      }, {
        "code": "T2849",
        "display": "Burn of other internal organ"
      }, {
        "code": "T2849XA",
        "display": "Burn of other internal organ, initial encounter"
      }, {
        "code": "T2849XD",
        "display": "Burn of other internal organ, subsequent encounter"
      }, {
        "code": "T2849XS",
        "display": "Burn of other internal organ, sequela"
      }, {
        "code": "T285",
        "display": "Corrosion of mouth and pharynx"
      }, {
        "code": "T285XXA",
        "display": "Corrosion of mouth and pharynx, initial encounter"
      }, {
        "code": "T285XXD",
        "display": "Corrosion of mouth and pharynx, subsequent encounter"
      }, {
        "code": "T285XXS",
        "display": "Corrosion of mouth and pharynx, sequela"
      }, {
        "code": "T286",
        "display": "Corrosion of esophagus"
      }, {
        "code": "T286XXA",
        "display": "Corrosion of esophagus, initial encounter"
      }, {
        "code": "T286XXD",
        "display": "Corrosion of esophagus, subsequent encounter"
      }, {
        "code": "T286XXS",
        "display": "Corrosion of esophagus, sequela"
      }, {
        "code": "T287",
        "display": "Corrosion of other parts of alimentary tract"
      }, {
        "code": "T287XXA",
        "display": "Corrosion of other parts of alimentary tract, init encntr"
      }, {
        "code": "T287XXD",
        "display": "Corrosion of other parts of alimentary tract, subs encntr"
      }, {
        "code": "T287XXS",
        "display": "Corrosion of other parts of alimentary tract, sequela"
      }, {
        "code": "T288",
        "display": "Corrosion of internal genitourinary organs"
      }, {
        "code": "T288XXA",
        "display": "Corrosion of internal genitourinary organs, init encntr"
      }, {
        "code": "T288XXD",
        "display": "Corrosion of internal genitourinary organs, subs encntr"
      }, {
        "code": "T288XXS",
        "display": "Corrosion of internal genitourinary organs, sequela"
      }, {
        "code": "T289",
        "display": "Corrosions of other and unspecified internal organs"
      }, {
        "code": "T2890",
        "display": "Corrosions of unspecified internal organs"
      }, {
        "code": "T2890XA",
        "display": "Corrosions of unspecified internal organs, initial encounter"
      }, {
        "code": "T2890XD",
        "display": "Corrosions of unspecified internal organs, subs encntr"
      }, {
        "code": "T2890XS",
        "display": "Corrosions of unspecified internal organs, sequela"
      }, {
        "code": "T2891",
        "display": "Corrosions of ear drum"
      }, {
        "code": "T28911",
        "display": "Corrosions of right ear drum"
      }, {
        "code": "T28911A",
        "display": "Corrosions of right ear drum, initial encounter"
      }, {
        "code": "T28911D",
        "display": "Corrosions of right ear drum, subsequent encounter"
      }, {
        "code": "T28911S",
        "display": "Corrosions of right ear drum, sequela"
      }, {
        "code": "T28912",
        "display": "Corrosions of left ear drum"
      }, {
        "code": "T28912A",
        "display": "Corrosions of left ear drum, initial encounter"
      }, {
        "code": "T28912D",
        "display": "Corrosions of left ear drum, subsequent encounter"
      }, {
        "code": "T28912S",
        "display": "Corrosions of left ear drum, sequela"
      }, {
        "code": "T28919",
        "display": "Corrosions of unspecified ear drum"
      }, {
        "code": "T28919A",
        "display": "Corrosions of unspecified ear drum, initial encounter"
      }, {
        "code": "T28919D",
        "display": "Corrosions of unspecified ear drum, subsequent encounter"
      }, {
        "code": "T28919S",
        "display": "Corrosions of unspecified ear drum, sequela"
      }, {
        "code": "T2899",
        "display": "Corrosions of other internal organs"
      }, {
        "code": "T2899XA",
        "display": "Corrosions of other internal organs, initial encounter"
      }, {
        "code": "T2899XD",
        "display": "Corrosions of other internal organs, subsequent encounter"
      }, {
        "code": "T2899XS",
        "display": "Corrosions of other internal organs, sequela"
      } ]
    } ]
  }
}