{
  "resourceType": "ValueSet",
  "id": "T24",
  "url": "http://hl7.org/fhir/sid/icd-10-cm-1489",
  "version": "1.0",
  "name": "Burn and corrosion of lower limb, except ankle and foot",
  "title": "Burn and corrosion of lower limb, except ankle and foot",
  "status": "active",
  "compose": {
    "include": [ {
      "system": "http://hl7.org/fhir/sid/icd-10-cm",
      "concept": [ {
        "code": "T240",
        "display": "Burn of unsp degree of lower limb, except ankle and foot"
      }, {
        "code": "T2400",
        "display": "Burn of unsp degree of unsp site lower limb, except ank/ft"
      }, {
        "code": "T24001",
        "display": "Burn unsp deg of unsp site right lower limb, except ank/ft"
      }, {
        "code": "T24001A",
        "display": "Burn unsp deg of unsp site right lower limb, ex ank/ft, init"
      }, {
        "code": "T24001D",
        "display": "Burn unsp deg of unsp site right lower limb, ex ank/ft, subs"
      }, {
        "code": "T24001S",
        "display": "Burn unsp deg of unsp site right lower limb, ex ank/ft, sqla"
      }, {
        "code": "T24002",
        "display": "Burn unsp degree of unsp site left lower limb, except ank/ft"
      }, {
        "code": "T24002A",
        "display": "Burn unsp deg of unsp site left lower limb, ex ank/ft, init"
      }, {
        "code": "T24002D",
        "display": "Burn unsp deg of unsp site left lower limb, ex ank/ft, subs"
      }, {
        "code": "T24002S",
        "display": "Burn unsp deg of unsp site left lower limb, ex ank/ft, sqla"
      }, {
        "code": "T24009",
        "display": "Burn unsp degree of unsp site unsp lower limb, except ank/ft"
      }, {
        "code": "T24009A",
        "display": "Burn unsp deg of unsp site unsp lower limb, ex ank/ft, init"
      }, {
        "code": "T24009D",
        "display": "Burn unsp deg of unsp site unsp lower limb, ex ank/ft, subs"
      }, {
        "code": "T24009S",
        "display": "Burn unsp deg of unsp site unsp lower limb, ex ank/ft, sqla"
      }, {
        "code": "T2401",
        "display": "Burn of unspecified degree of thigh"
      }, {
        "code": "T24011",
        "display": "Burn of unspecified degree of right thigh"
      }, {
        "code": "T24011A",
        "display": "Burn of unspecified degree of right thigh, initial encounter"
      }, {
        "code": "T24011D",
        "display": "Burn of unspecified degree of right thigh, subs encntr"
      }, {
        "code": "T24011S",
        "display": "Burn of unspecified degree of right thigh, sequela"
      }, {
        "code": "T24012",
        "display": "Burn of unspecified degree of left thigh"
      }, {
        "code": "T24012A",
        "display": "Burn of unspecified degree of left thigh, initial encounter"
      }, {
        "code": "T24012D",
        "display": "Burn of unspecified degree of left thigh, subs encntr"
      }, {
        "code": "T24012S",
        "display": "Burn of unspecified degree of left thigh, sequela"
      }, {
        "code": "T24019",
        "display": "Burn of unspecified degree of unspecified thigh"
      }, {
        "code": "T24019A",
        "display": "Burn of unspecified degree of unspecified thigh, init encntr"
      }, {
        "code": "T24019D",
        "display": "Burn of unspecified degree of unspecified thigh, subs encntr"
      }, {
        "code": "T24019S",
        "display": "Burn of unspecified degree of unspecified thigh, sequela"
      }, {
        "code": "T2402",
        "display": "Burn of unspecified degree of knee"
      }, {
        "code": "T24021",
        "display": "Burn of unspecified degree of right knee"
      }, {
        "code": "T24021A",
        "display": "Burn of unspecified degree of right knee, initial encounter"
      }, {
        "code": "T24021D",
        "display": "Burn of unspecified degree of right knee, subs encntr"
      }, {
        "code": "T24021S",
        "display": "Burn of unspecified degree of right knee, sequela"
      }, {
        "code": "T24022",
        "display": "Burn of unspecified degree of left knee"
      }, {
        "code": "T24022A",
        "display": "Burn of unspecified degree of left knee, initial encounter"
      }, {
        "code": "T24022D",
        "display": "Burn of unspecified degree of left knee, subs encntr"
      }, {
        "code": "T24022S",
        "display": "Burn of unspecified degree of left knee, sequela"
      }, {
        "code": "T24029",
        "display": "Burn of unspecified degree of unspecified knee"
      }, {
        "code": "T24029A",
        "display": "Burn of unspecified degree of unspecified knee, init encntr"
      }, {
        "code": "T24029D",
        "display": "Burn of unspecified degree of unspecified knee, subs encntr"
      }, {
        "code": "T24029S",
        "display": "Burn of unspecified degree of unspecified knee, sequela"
      }, {
        "code": "T2403",
        "display": "Burn of unspecified degree of lower leg"
      }, {
        "code": "T24031",
        "display": "Burn of unspecified degree of right lower leg"
      }, {
        "code": "T24031A",
        "display": "Burn of unspecified degree of right lower leg, init encntr"
      }, {
        "code": "T24031D",
        "display": "Burn of unspecified degree of right lower leg, subs encntr"
      }, {
        "code": "T24031S",
        "display": "Burn of unspecified degree of right lower leg, sequela"
      }, {
        "code": "T24032",
        "display": "Burn of unspecified degree of left lower leg"
      }, {
        "code": "T24032A",
        "display": "Burn of unspecified degree of left lower leg, init encntr"
      }, {
        "code": "T24032D",
        "display": "Burn of unspecified degree of left lower leg, subs encntr"
      }, {
        "code": "T24032S",
        "display": "Burn of unspecified degree of left lower leg, sequela"
      }, {
        "code": "T24039",
        "display": "Burn of unspecified degree of unspecified lower leg"
      }, {
        "code": "T24039A",
        "display": "Burn of unsp degree of unspecified lower leg, init encntr"
      }, {
        "code": "T24039D",
        "display": "Burn of unsp degree of unspecified lower leg, subs encntr"
      }, {
        "code": "T24039S",
        "display": "Burn of unspecified degree of unspecified lower leg, sequela"
      }, {
        "code": "T2409",
        "display": "Burn of unsp deg mult sites of lower limb, except ank/ft"
      }, {
        "code": "T24091",
        "display": "Burn unsp deg mult sites of right lower limb, except ank/ft"
      }, {
        "code": "T24091A",
        "display": "Burn unsp deg mult sites of right low limb, ex ank/ft, init"
      }, {
        "code": "T24091D",
        "display": "Burn unsp deg mult sites of right low limb, ex ank/ft, subs"
      }, {
        "code": "T24091S",
        "display": "Burn unsp deg mult sites of right low limb, ex ank/ft, sqla"
      }, {
        "code": "T24092",
        "display": "Burn unsp deg mult sites of left lower limb, except ank/ft"
      }, {
        "code": "T24092A",
        "display": "Burn unsp deg mult sites of left lower limb, ex ank/ft, init"
      }, {
        "code": "T24092D",
        "display": "Burn unsp deg mult sites of left lower limb, ex ank/ft, subs"
      }, {
        "code": "T24092S",
        "display": "Burn unsp deg mult sites of left lower limb, ex ank/ft, sqla"
      }, {
        "code": "T24099",
        "display": "Burn unsp deg mult sites of unsp lower limb, except ank/ft"
      }, {
        "code": "T24099A",
        "display": "Burn unsp deg mult sites of unsp lower limb, ex ank/ft, init"
      }, {
        "code": "T24099D",
        "display": "Burn unsp deg mult sites of unsp lower limb, ex ank/ft, subs"
      }, {
        "code": "T24099S",
        "display": "Burn unsp deg mult sites of unsp lower limb, ex ank/ft, sqla"
      }, {
        "code": "T241",
        "display": "Burn of first degree of lower limb, except ankle and foot"
      }, {
        "code": "T2410",
        "display": "Burn of first degree of unsp site lower limb, except ank/ft"
      }, {
        "code": "T24101",
        "display": "Burn first deg of unsp site right lower limb, except ank/ft"
      }, {
        "code": "T24101A",
        "display": "Burn 1st deg of unsp site right lower limb, ex ank/ft, init"
      }, {
        "code": "T24101D",
        "display": "Burn 1st deg of unsp site right lower limb, ex ank/ft, subs"
      }, {
        "code": "T24101S",
        "display": "Burn 1st deg of unsp site right lower limb, ex ank/ft, sqla"
      }, {
        "code": "T24102",
        "display": "Burn first deg of unsp site left lower limb, except ank/ft"
      }, {
        "code": "T24102A",
        "display": "Burn first deg of unsp site left lower limb, ex ank/ft, init"
      }, {
        "code": "T24102D",
        "display": "Burn first deg of unsp site left lower limb, ex ank/ft, subs"
      }, {
        "code": "T24102S",
        "display": "Burn first deg of unsp site left lower limb, ex ank/ft, sqla"
      }, {
        "code": "T24109",
        "display": "Burn first deg of unsp site unsp lower limb, except ank/ft"
      }, {
        "code": "T24109A",
        "display": "Burn first deg of unsp site unsp lower limb, ex ank/ft, init"
      }, {
        "code": "T24109D",
        "display": "Burn first deg of unsp site unsp lower limb, ex ank/ft, subs"
      }, {
        "code": "T24109S",
        "display": "Burn first deg of unsp site unsp lower limb, ex ank/ft, sqla"
      }, {
        "code": "T2411",
        "display": "Burn of first degree of thigh"
      }, {
        "code": "T24111",
        "display": "Burn of first degree of right thigh"
      }, {
        "code": "T24111A",
        "display": "Burn of first degree of right thigh, initial encounter"
      }, {
        "code": "T24111D",
        "display": "Burn of first degree of right thigh, subsequent encounter"
      }, {
        "code": "T24111S",
        "display": "Burn of first degree of right thigh, sequela"
      }, {
        "code": "T24112",
        "display": "Burn of first degree of left thigh"
      }, {
        "code": "T24112A",
        "display": "Burn of first degree of left thigh, initial encounter"
      }, {
        "code": "T24112D",
        "display": "Burn of first degree of left thigh, subsequent encounter"
      }, {
        "code": "T24112S",
        "display": "Burn of first degree of left thigh, sequela"
      }, {
        "code": "T24119",
        "display": "Burn of first degree of unspecified thigh"
      }, {
        "code": "T24119A",
        "display": "Burn of first degree of unspecified thigh, initial encounter"
      }, {
        "code": "T24119D",
        "display": "Burn of first degree of unspecified thigh, subs encntr"
      }, {
        "code": "T24119S",
        "display": "Burn of first degree of unspecified thigh, sequela"
      }, {
        "code": "T2412",
        "display": "Burn of first degree of knee"
      }, {
        "code": "T24121",
        "display": "Burn of first degree of right knee"
      }, {
        "code": "T24121A",
        "display": "Burn of first degree of right knee, initial encounter"
      }, {
        "code": "T24121D",
        "display": "Burn of first degree of right knee, subsequent encounter"
      }, {
        "code": "T24121S",
        "display": "Burn of first degree of right knee, sequela"
      }, {
        "code": "T24122",
        "display": "Burn of first degree of left knee"
      }, {
        "code": "T24122A",
        "display": "Burn of first degree of left knee, initial encounter"
      }, {
        "code": "T24122D",
        "display": "Burn of first degree of left knee, subsequent encounter"
      }, {
        "code": "T24122S",
        "display": "Burn of first degree of left knee, sequela"
      }, {
        "code": "T24129",
        "display": "Burn of first degree of unspecified knee"
      }, {
        "code": "T24129A",
        "display": "Burn of first degree of unspecified knee, initial encounter"
      }, {
        "code": "T24129D",
        "display": "Burn of first degree of unspecified knee, subs encntr"
      }, {
        "code": "T24129S",
        "display": "Burn of first degree of unspecified knee, sequela"
      }, {
        "code": "T2413",
        "display": "Burn of first degree of lower leg"
      }, {
        "code": "T24131",
        "display": "Burn of first degree of right lower leg"
      }, {
        "code": "T24131A",
        "display": "Burn of first degree of right lower leg, initial encounter"
      }, {
        "code": "T24131D",
        "display": "Burn of first degree of right lower leg, subs encntr"
      }, {
        "code": "T24131S",
        "display": "Burn of first degree of right lower leg, sequela"
      }, {
        "code": "T24132",
        "display": "Burn of first degree of left lower leg"
      }, {
        "code": "T24132A",
        "display": "Burn of first degree of left lower leg, initial encounter"
      }, {
        "code": "T24132D",
        "display": "Burn of first degree of left lower leg, subsequent encounter"
      }, {
        "code": "T24132S",
        "display": "Burn of first degree of left lower leg, sequela"
      }, {
        "code": "T24139",
        "display": "Burn of first degree of unspecified lower leg"
      }, {
        "code": "T24139A",
        "display": "Burn of first degree of unspecified lower leg, init encntr"
      }, {
        "code": "T24139D",
        "display": "Burn of first degree of unspecified lower leg, subs encntr"
      }, {
        "code": "T24139S",
        "display": "Burn of first degree of unspecified lower leg, sequela"
      }, {
        "code": "T2419",
        "display": "Burn of first deg mult sites of lower limb, except ank/ft"
      }, {
        "code": "T24191",
        "display": "Burn first deg mult sites of right lower limb, except ank/ft"
      }, {
        "code": "T24191A",
        "display": "Burn 1st deg mult sites of right lower limb, ex ank/ft, init"
      }, {
        "code": "T24191D",
        "display": "Burn 1st deg mult sites of right lower limb, ex ank/ft, subs"
      }, {
        "code": "T24191S",
        "display": "Burn 1st deg mult sites of right lower limb, ex ank/ft, sqla"
      }, {
        "code": "T24192",
        "display": "Burn first deg mult sites of left lower limb, except ank/ft"
      }, {
        "code": "T24192A",
        "display": "Burn 1st deg mult sites of left lower limb, ex ank/ft, init"
      }, {
        "code": "T24192D",
        "display": "Burn 1st deg mult sites of left lower limb, ex ank/ft, subs"
      }, {
        "code": "T24192S",
        "display": "Burn 1st deg mult sites of left lower limb, ex ank/ft, sqla"
      }, {
        "code": "T24199",
        "display": "Burn first deg mult sites of unsp lower limb, except ank/ft"
      }, {
        "code": "T24199A",
        "display": "Burn 1st deg mult sites of unsp lower limb, ex ank/ft, init"
      }, {
        "code": "T24199D",
        "display": "Burn 1st deg mult sites of unsp lower limb, ex ank/ft, subs"
      }, {
        "code": "T24199S",
        "display": "Burn 1st deg mult sites of unsp lower limb, ex ank/ft, sqla"
      }, {
        "code": "T242",
        "display": "Burn of second degree of lower limb, except ankle and foot"
      }, {
        "code": "T2420",
        "display": "Burn of second degree of unsp site lower limb, except ank/ft"
      }, {
        "code": "T24201",
        "display": "Burn second deg of unsp site right lower limb, except ank/ft"
      }, {
        "code": "T24201A",
        "display": "Burn 2nd deg of unsp site right lower limb, ex ank/ft, init"
      }, {
        "code": "T24201D",
        "display": "Burn 2nd deg of unsp site right lower limb, ex ank/ft, subs"
      }, {
        "code": "T24201S",
        "display": "Burn 2nd deg of unsp site right lower limb, ex ank/ft, sqla"
      }, {
        "code": "T24202",
        "display": "Burn second deg of unsp site left lower limb, except ank/ft"
      }, {
        "code": "T24202A",
        "display": "Burn 2nd deg of unsp site left lower limb, ex ank/ft, init"
      }, {
        "code": "T24202D",
        "display": "Burn 2nd deg of unsp site left lower limb, ex ank/ft, subs"
      }, {
        "code": "T24202S",
        "display": "Burn 2nd deg of unsp site left lower limb, ex ank/ft, sqla"
      }, {
        "code": "T24209",
        "display": "Burn second deg of unsp site unsp lower limb, except ank/ft"
      }, {
        "code": "T24209A",
        "display": "Burn 2nd deg of unsp site unsp lower limb, ex ank/ft, init"
      }, {
        "code": "T24209D",
        "display": "Burn 2nd deg of unsp site unsp lower limb, ex ank/ft, subs"
      }, {
        "code": "T24209S",
        "display": "Burn 2nd deg of unsp site unsp lower limb, ex ank/ft, sqla"
      }, {
        "code": "T2421",
        "display": "Burn of second degree of thigh"
      }, {
        "code": "T24211",
        "display": "Burn of second degree of right thigh"
      }, {
        "code": "T24211A",
        "display": "Burn of second degree of right thigh, initial encounter"
      }, {
        "code": "T24211D",
        "display": "Burn of second degree of right thigh, subsequent encounter"
      }, {
        "code": "T24211S",
        "display": "Burn of second degree of right thigh, sequela"
      }, {
        "code": "T24212",
        "display": "Burn of second degree of left thigh"
      }, {
        "code": "T24212A",
        "display": "Burn of second degree of left thigh, initial encounter"
      }, {
        "code": "T24212D",
        "display": "Burn of second degree of left thigh, subsequent encounter"
      }, {
        "code": "T24212S",
        "display": "Burn of second degree of left thigh, sequela"
      }, {
        "code": "T24219",
        "display": "Burn of second degree of unspecified thigh"
      }, {
        "code": "T24219A",
        "display": "Burn of second degree of unspecified thigh, init encntr"
      }, {
        "code": "T24219D",
        "display": "Burn of second degree of unspecified thigh, subs encntr"
      }, {
        "code": "T24219S",
        "display": "Burn of second degree of unspecified thigh, sequela"
      }, {
        "code": "T2422",
        "display": "Burn of second degree of knee"
      }, {
        "code": "T24221",
        "display": "Burn of second degree of right knee"
      }, {
        "code": "T24221A",
        "display": "Burn of second degree of right knee, initial encounter"
      }, {
        "code": "T24221D",
        "display": "Burn of second degree of right knee, subsequent encounter"
      }, {
        "code": "T24221S",
        "display": "Burn of second degree of right knee, sequela"
      }, {
        "code": "T24222",
        "display": "Burn of second degree of left knee"
      }, {
        "code": "T24222A",
        "display": "Burn of second degree of left knee, initial encounter"
      }, {
        "code": "T24222D",
        "display": "Burn of second degree of left knee, subsequent encounter"
      }, {
        "code": "T24222S",
        "display": "Burn of second degree of left knee, sequela"
      }, {
        "code": "T24229",
        "display": "Burn of second degree of unspecified knee"
      }, {
        "code": "T24229A",
        "display": "Burn of second degree of unspecified knee, initial encounter"
      }, {
        "code": "T24229D",
        "display": "Burn of second degree of unspecified knee, subs encntr"
      }, {
        "code": "T24229S",
        "display": "Burn of second degree of unspecified knee, sequela"
      }, {
        "code": "T2423",
        "display": "Burn of second degree of lower leg"
      }, {
        "code": "T24231",
        "display": "Burn of second degree of right lower leg"
      }, {
        "code": "T24231A",
        "display": "Burn of second degree of right lower leg, initial encounter"
      }, {
        "code": "T24231D",
        "display": "Burn of second degree of right lower leg, subs encntr"
      }, {
        "code": "T24231S",
        "display": "Burn of second degree of right lower leg, sequela"
      }, {
        "code": "T24232",
        "display": "Burn of second degree of left lower leg"
      }, {
        "code": "T24232A",
        "display": "Burn of second degree of left lower leg, initial encounter"
      }, {
        "code": "T24232D",
        "display": "Burn of second degree of left lower leg, subs encntr"
      }, {
        "code": "T24232S",
        "display": "Burn of second degree of left lower leg, sequela"
      }, {
        "code": "T24239",
        "display": "Burn of second degree of unspecified lower leg"
      }, {
        "code": "T24239A",
        "display": "Burn of second degree of unspecified lower leg, init encntr"
      }, {
        "code": "T24239D",
        "display": "Burn of second degree of unspecified lower leg, subs encntr"
      }, {
        "code": "T24239S",
        "display": "Burn of second degree of unspecified lower leg, sequela"
      }, {
        "code": "T2429",
        "display": "Burn of 2nd deg mul sites of lower limb, except ank/ft"
      }, {
        "code": "T24291",
        "display": "Burn of 2nd deg mul sites of right lower limb, except ank/ft"
      }, {
        "code": "T24291A",
        "display": "Burn 2nd deg mul sites of right lower limb, ex ank/ft, init"
      }, {
        "code": "T24291D",
        "display": "Burn 2nd deg mul sites of right lower limb, ex ank/ft, subs"
      }, {
        "code": "T24291S",
        "display": "Burn 2nd deg mul sites of right lower limb, ex ank/ft, sqla"
      }, {
        "code": "T24292",
        "display": "Burn of 2nd deg mul sites of left lower limb, except ank/ft"
      }, {
        "code": "T24292A",
        "display": "Burn 2nd deg mul sites of left lower limb, ex ank/ft, init"
      }, {
        "code": "T24292D",
        "display": "Burn 2nd deg mul sites of left lower limb, ex ank/ft, subs"
      }, {
        "code": "T24292S",
        "display": "Burn 2nd deg mul sites of left lower limb, ex ank/ft, sqla"
      }, {
        "code": "T24299",
        "display": "Burn of 2nd deg mul sites of unsp lower limb, except ank/ft"
      }, {
        "code": "T24299A",
        "display": "Burn 2nd deg mul sites of unsp lower limb, ex ank/ft, init"
      }, {
        "code": "T24299D",
        "display": "Burn 2nd deg mul sites of unsp lower limb, ex ank/ft, subs"
      }, {
        "code": "T24299S",
        "display": "Burn 2nd deg mul sites of unsp lower limb, ex ank/ft, sqla"
      }, {
        "code": "T243",
        "display": "Burn of third degree of lower limb, except ankle and foot"
      }, {
        "code": "T2430",
        "display": "Burn of third degree of unsp site lower limb, except ank/ft"
      }, {
        "code": "T24301",
        "display": "Burn third deg of unsp site right lower limb, except ank/ft"
      }, {
        "code": "T24301A",
        "display": "Burn third deg of unsp site right low limb, ex ank/ft, init"
      }, {
        "code": "T24301D",
        "display": "Burn third deg of unsp site right low limb, ex ank/ft, subs"
      }, {
        "code": "T24301S",
        "display": "Burn third deg of unsp site right low limb, ex ank/ft, sqla"
      }, {
        "code": "T24302",
        "display": "Burn third deg of unsp site left lower limb, except ank/ft"
      }, {
        "code": "T24302A",
        "display": "Burn third deg of unsp site left lower limb, ex ank/ft, init"
      }, {
        "code": "T24302D",
        "display": "Burn third deg of unsp site left lower limb, ex ank/ft, subs"
      }, {
        "code": "T24302S",
        "display": "Burn third deg of unsp site left lower limb, ex ank/ft, sqla"
      }, {
        "code": "T24309",
        "display": "Burn third deg of unsp site unsp lower limb, except ank/ft"
      }, {
        "code": "T24309A",
        "display": "Burn third deg of unsp site unsp lower limb, ex ank/ft, init"
      }, {
        "code": "T24309D",
        "display": "Burn third deg of unsp site unsp lower limb, ex ank/ft, subs"
      }, {
        "code": "T24309S",
        "display": "Burn third deg of unsp site unsp lower limb, ex ank/ft, sqla"
      }, {
        "code": "T2431",
        "display": "Burn of third degree of thigh"
      }, {
        "code": "T24311",
        "display": "Burn of third degree of right thigh"
      }, {
        "code": "T24311A",
        "display": "Burn of third degree of right thigh, initial encounter"
      }, {
        "code": "T24311D",
        "display": "Burn of third degree of right thigh, subsequent encounter"
      }, {
        "code": "T24311S",
        "display": "Burn of third degree of right thigh, sequela"
      }, {
        "code": "T24312",
        "display": "Burn of third degree of left thigh"
      }, {
        "code": "T24312A",
        "display": "Burn of third degree of left thigh, initial encounter"
      }, {
        "code": "T24312D",
        "display": "Burn of third degree of left thigh, subsequent encounter"
      }, {
        "code": "T24312S",
        "display": "Burn of third degree of left thigh, sequela"
      }, {
        "code": "T24319",
        "display": "Burn of third degree of unspecified thigh"
      }, {
        "code": "T24319A",
        "display": "Burn of third degree of unspecified thigh, initial encounter"
      }, {
        "code": "T24319D",
        "display": "Burn of third degree of unspecified thigh, subs encntr"
      }, {
        "code": "T24319S",
        "display": "Burn of third degree of unspecified thigh, sequela"
      }, {
        "code": "T2432",
        "display": "Burn of third degree of knee"
      }, {
        "code": "T24321",
        "display": "Burn of third degree of right knee"
      }, {
        "code": "T24321A",
        "display": "Burn of third degree of right knee, initial encounter"
      }, {
        "code": "T24321D",
        "display": "Burn of third degree of right knee, subsequent encounter"
      }, {
        "code": "T24321S",
        "display": "Burn of third degree of right knee, sequela"
      }, {
        "code": "T24322",
        "display": "Burn of third degree of left knee"
      }, {
        "code": "T24322A",
        "display": "Burn of third degree of left knee, initial encounter"
      }, {
        "code": "T24322D",
        "display": "Burn of third degree of left knee, subsequent encounter"
      }, {
        "code": "T24322S",
        "display": "Burn of third degree of left knee, sequela"
      }, {
        "code": "T24329",
        "display": "Burn of third degree of unspecified knee"
      }, {
        "code": "T24329A",
        "display": "Burn of third degree of unspecified knee, initial encounter"
      }, {
        "code": "T24329D",
        "display": "Burn of third degree of unspecified knee, subs encntr"
      }, {
        "code": "T24329S",
        "display": "Burn of third degree of unspecified knee, sequela"
      }, {
        "code": "T2433",
        "display": "Burn of third degree of lower leg"
      }, {
        "code": "T24331",
        "display": "Burn of third degree of right lower leg"
      }, {
        "code": "T24331A",
        "display": "Burn of third degree of right lower leg, initial encounter"
      }, {
        "code": "T24331D",
        "display": "Burn of third degree of right lower leg, subs encntr"
      }, {
        "code": "T24331S",
        "display": "Burn of third degree of right lower leg, sequela"
      }, {
        "code": "T24332",
        "display": "Burn of third degree of left lower leg"
      }, {
        "code": "T24332A",
        "display": "Burn of third degree of left lower leg, initial encounter"
      }, {
        "code": "T24332D",
        "display": "Burn of third degree of left lower leg, subsequent encounter"
      }, {
        "code": "T24332S",
        "display": "Burn of third degree of left lower leg, sequela"
      }, {
        "code": "T24339",
        "display": "Burn of third degree of unspecified lower leg"
      }, {
        "code": "T24339A",
        "display": "Burn of third degree of unspecified lower leg, init encntr"
      }, {
        "code": "T24339D",
        "display": "Burn of third degree of unspecified lower leg, subs encntr"
      }, {
        "code": "T24339S",
        "display": "Burn of third degree of unspecified lower leg, sequela"
      }, {
        "code": "T2439",
        "display": "Burn of 3rd deg mu sites of lower limb, except ank/ft"
      }, {
        "code": "T24391",
        "display": "Burn of 3rd deg mu sites of right lower limb, except ank/ft"
      }, {
        "code": "T24391A",
        "display": "Burn 3rd deg mu sites of right lower limb, ex ank/ft, init"
      }, {
        "code": "T24391D",
        "display": "Burn 3rd deg mu sites of right lower limb, ex ank/ft, subs"
      }, {
        "code": "T24391S",
        "display": "Burn 3rd deg mu sites of right lower limb, ex ank/ft, sqla"
      }, {
        "code": "T24392",
        "display": "Burn of 3rd deg mu sites of left lower limb, except ank/ft"
      }, {
        "code": "T24392A",
        "display": "Burn 3rd deg mu sites of left lower limb, ex ank/ft, init"
      }, {
        "code": "T24392D",
        "display": "Burn 3rd deg mu sites of left lower limb, ex ank/ft, subs"
      }, {
        "code": "T24392S",
        "display": "Burn 3rd deg mu sites of left lower limb, ex ank/ft, sqla"
      }, {
        "code": "T24399",
        "display": "Burn of 3rd deg mu sites of unsp lower limb, except ank/ft"
      }, {
        "code": "T24399A",
        "display": "Burn 3rd deg mu sites of unsp lower limb, ex ank/ft, init"
      }, {
        "code": "T24399D",
        "display": "Burn 3rd deg mu sites of unsp lower limb, ex ank/ft, subs"
      }, {
        "code": "T24399S",
        "display": "Burn 3rd deg mu sites of unsp lower limb, ex ank/ft, sqla"
      }, {
        "code": "T244",
        "display": "Corrosion of unsp degree of lower limb, except ank/ft"
      }, {
        "code": "T2440",
        "display": "Corros unsp degree of unsp site lower limb, except ank/ft"
      }, {
        "code": "T24401",
        "display": "Corros unsp deg of unsp site right lower limb, except ank/ft"
      }, {
        "code": "T24401A",
        "display": "Corros unsp deg of unsp site right low limb, ex ank/ft, init"
      }, {
        "code": "T24401D",
        "display": "Corros unsp deg of unsp site right low limb, ex ank/ft, subs"
      }, {
        "code": "T24401S",
        "display": "Corros unsp deg of unsp site right low limb, ex ank/ft, sqla"
      }, {
        "code": "T24402",
        "display": "Corros unsp deg of unsp site left lower limb, except ank/ft"
      }, {
        "code": "T24402A",
        "display": "Corros unsp deg of unsp site left low limb, ex ank/ft, init"
      }, {
        "code": "T24402D",
        "display": "Corros unsp deg of unsp site left low limb, ex ank/ft, subs"
      }, {
        "code": "T24402S",
        "display": "Corros unsp deg of unsp site left low limb, ex ank/ft, sqla"
      }, {
        "code": "T24409",
        "display": "Corros unsp deg of unsp site unsp lower limb, except ank/ft"
      }, {
        "code": "T24409A",
        "display": "Corros unsp deg of unsp site unsp low limb, ex ank/ft, init"
      }, {
        "code": "T24409D",
        "display": "Corros unsp deg of unsp site unsp low limb, ex ank/ft, subs"
      }, {
        "code": "T24409S",
        "display": "Corros unsp deg of unsp site unsp low limb, ex ank/ft, sqla"
      }, {
        "code": "T2441",
        "display": "Corrosion of unspecified degree of thigh"
      }, {
        "code": "T24411",
        "display": "Corrosion of unspecified degree of right thigh"
      }, {
        "code": "T24411A",
        "display": "Corrosion of unspecified degree of right thigh, init encntr"
      }, {
        "code": "T24411D",
        "display": "Corrosion of unspecified degree of right thigh, subs encntr"
      }, {
        "code": "T24411S",
        "display": "Corrosion of unspecified degree of right thigh, sequela"
      }, {
        "code": "T24412",
        "display": "Corrosion of unspecified degree of left thigh"
      }, {
        "code": "T24412A",
        "display": "Corrosion of unspecified degree of left thigh, init encntr"
      }, {
        "code": "T24412D",
        "display": "Corrosion of unspecified degree of left thigh, subs encntr"
      }, {
        "code": "T24412S",
        "display": "Corrosion of unspecified degree of left thigh, sequela"
      }, {
        "code": "T24419",
        "display": "Corrosion of unspecified degree of unspecified thigh"
      }, {
        "code": "T24419A",
        "display": "Corrosion of unsp degree of unspecified thigh, init encntr"
      }, {
        "code": "T24419D",
        "display": "Corrosion of unsp degree of unspecified thigh, subs encntr"
      }, {
        "code": "T24419S",
        "display": "Corrosion of unsp degree of unspecified thigh, sequela"
      }, {
        "code": "T2442",
        "display": "Corrosion of unspecified degree of knee"
      }, {
        "code": "T24421",
        "display": "Corrosion of unspecified degree of right knee"
      }, {
        "code": "T24421A",
        "display": "Corrosion of unspecified degree of right knee, init encntr"
      }, {
        "code": "T24421D",
        "display": "Corrosion of unspecified degree of right knee, subs encntr"
      }, {
        "code": "T24421S",
        "display": "Corrosion of unspecified degree of right knee, sequela"
      }, {
        "code": "T24422",
        "display": "Corrosion of unspecified degree of left knee"
      }, {
        "code": "T24422A",
        "display": "Corrosion of unspecified degree of left knee, init encntr"
      }, {
        "code": "T24422D",
        "display": "Corrosion of unspecified degree of left knee, subs encntr"
      }, {
        "code": "T24422S",
        "display": "Corrosion of unspecified degree of left knee, sequela"
      }, {
        "code": "T24429",
        "display": "Corrosion of unspecified degree of unspecified knee"
      }, {
        "code": "T24429A",
        "display": "Corrosion of unsp degree of unspecified knee, init encntr"
      }, {
        "code": "T24429D",
        "display": "Corrosion of unsp degree of unspecified knee, subs encntr"
      }, {
        "code": "T24429S",
        "display": "Corrosion of unspecified degree of unspecified knee, sequela"
      }, {
        "code": "T2443",
        "display": "Corrosion of unspecified degree of lower leg"
      }, {
        "code": "T24431",
        "display": "Corrosion of unspecified degree of right lower leg"
      }, {
        "code": "T24431A",
        "display": "Corrosion of unsp degree of right lower leg, init encntr"
      }, {
        "code": "T24431D",
        "display": "Corrosion of unsp degree of right lower leg, subs encntr"
      }, {
        "code": "T24431S",
        "display": "Corrosion of unspecified degree of right lower leg, sequela"
      }, {
        "code": "T24432",
        "display": "Corrosion of unspecified degree of left lower leg"
      }, {
        "code": "T24432A",
        "display": "Corrosion of unsp degree of left lower leg, init encntr"
      }, {
        "code": "T24432D",
        "display": "Corrosion of unsp degree of left lower leg, subs encntr"
      }, {
        "code": "T24432S",
        "display": "Corrosion of unspecified degree of left lower leg, sequela"
      }, {
        "code": "T24439",
        "display": "Corrosion of unspecified degree of unspecified lower leg"
      }, {
        "code": "T24439A",
        "display": "Corrosion of unsp degree of unsp lower leg, init encntr"
      }, {
        "code": "T24439D",
        "display": "Corrosion of unsp degree of unsp lower leg, subs encntr"
      }, {
        "code": "T24439S",
        "display": "Corrosion of unsp degree of unspecified lower leg, sequela"
      }, {
        "code": "T2449",
        "display": "Corros unsp deg mult sites of lower limb, except ank/ft"
      }, {
        "code": "T24491",
        "display": "Corros unsp deg mult sites of right lower limb, ex ank/ft"
      }, {
        "code": "T24491A",
        "display": "Corros unsp deg mult sites of r low limb, ex ank/ft, init"
      }, {
        "code": "T24491D",
        "display": "Corros unsp deg mult sites of r low limb, ex ank/ft, subs"
      }, {
        "code": "T24491S",
        "display": "Corros unsp deg mult sites of r low limb, ex ank/ft, sqla"
      }, {
        "code": "T24492",
        "display": "Corros unsp deg mult sites of left lower limb, except ank/ft"
      }, {
        "code": "T24492A",
        "display": "Corros unsp deg mult sites of left low limb, ex ank/ft, init"
      }, {
        "code": "T24492D",
        "display": "Corros unsp deg mult sites of left low limb, ex ank/ft, subs"
      }, {
        "code": "T24492S",
        "display": "Corros unsp deg mult sites of left low limb, ex ank/ft, sqla"
      }, {
        "code": "T24499",
        "display": "Corros unsp deg mult sites of unsp lower limb, except ank/ft"
      }, {
        "code": "T24499A",
        "display": "Corros unsp deg mult sites of unsp low limb, ex ank/ft, init"
      }, {
        "code": "T24499D",
        "display": "Corros unsp deg mult sites of unsp low limb, ex ank/ft, subs"
      }, {
        "code": "T24499S",
        "display": "Corros unsp deg mult sites of unsp low limb, ex ank/ft, sqla"
      }, {
        "code": "T245",
        "display": "Corrosion of first degree of lower limb, except ank/ft"
      }, {
        "code": "T2450",
        "display": "Corros first degree of unsp site lower limb, except ank/ft"
      }, {
        "code": "T24501",
        "display": "Corros first deg of unsp site right lower limb, ex ank/ft"
      }, {
        "code": "T24501A",
        "display": "Corros 1st deg of unsp site right low limb, ex ank/ft, init"
      }, {
        "code": "T24501D",
        "display": "Corros 1st deg of unsp site right low limb, ex ank/ft, subs"
      }, {
        "code": "T24501S",
        "display": "Corros 1st deg of unsp site right low limb, ex ank/ft, sqla"
      }, {
        "code": "T24502",
        "display": "Corros first deg of unsp site left lower limb, except ank/ft"
      }, {
        "code": "T24502A",
        "display": "Corros 1st deg of unsp site left lower limb, ex ank/ft, init"
      }, {
        "code": "T24502D",
        "display": "Corros 1st deg of unsp site left lower limb, ex ank/ft, subs"
      }, {
        "code": "T24502S",
        "display": "Corros 1st deg of unsp site left lower limb, ex ank/ft, sqla"
      }, {
        "code": "T24509",
        "display": "Corros first deg of unsp site unsp lower limb, except ank/ft"
      }, {
        "code": "T24509A",
        "display": "Corros 1st deg of unsp site unsp lower limb, ex ank/ft, init"
      }, {
        "code": "T24509D",
        "display": "Corros 1st deg of unsp site unsp lower limb, ex ank/ft, subs"
      }, {
        "code": "T24509S",
        "display": "Corros 1st deg of unsp site unsp lower limb, ex ank/ft, sqla"
      }, {
        "code": "T2451",
        "display": "Corrosion of first degree of thigh"
      }, {
        "code": "T24511",
        "display": "Corrosion of first degree of right thigh"
      }, {
        "code": "T24511A",
        "display": "Corrosion of first degree of right thigh, initial encounter"
      }, {
        "code": "T24511D",
        "display": "Corrosion of first degree of right thigh, subs encntr"
      }, {
        "code": "T24511S",
        "display": "Corrosion of first degree of right thigh, sequela"
      }, {
        "code": "T24512",
        "display": "Corrosion of first degree of left thigh"
      }, {
        "code": "T24512A",
        "display": "Corrosion of first degree of left thigh, initial encounter"
      }, {
        "code": "T24512D",
        "display": "Corrosion of first degree of left thigh, subs encntr"
      }, {
        "code": "T24512S",
        "display": "Corrosion of first degree of left thigh, sequela"
      }, {
        "code": "T24519",
        "display": "Corrosion of first degree of unspecified thigh"
      }, {
        "code": "T24519A",
        "display": "Corrosion of first degree of unspecified thigh, init encntr"
      }, {
        "code": "T24519D",
        "display": "Corrosion of first degree of unspecified thigh, subs encntr"
      }, {
        "code": "T24519S",
        "display": "Corrosion of first degree of unspecified thigh, sequela"
      }, {
        "code": "T2452",
        "display": "Corrosion of first degree of knee"
      }, {
        "code": "T24521",
        "display": "Corrosion of first degree of right knee"
      }, {
        "code": "T24521A",
        "display": "Corrosion of first degree of right knee, initial encounter"
      }, {
        "code": "T24521D",
        "display": "Corrosion of first degree of right knee, subs encntr"
      }, {
        "code": "T24521S",
        "display": "Corrosion of first degree of right knee, sequela"
      }, {
        "code": "T24522",
        "display": "Corrosion of first degree of left knee"
      }, {
        "code": "T24522A",
        "display": "Corrosion of first degree of left knee, initial encounter"
      }, {
        "code": "T24522D",
        "display": "Corrosion of first degree of left knee, subsequent encounter"
      }, {
        "code": "T24522S",
        "display": "Corrosion of first degree of left knee, sequela"
      }, {
        "code": "T24529",
        "display": "Corrosion of first degree of unspecified knee"
      }, {
        "code": "T24529A",
        "display": "Corrosion of first degree of unspecified knee, init encntr"
      }, {
        "code": "T24529D",
        "display": "Corrosion of first degree of unspecified knee, subs encntr"
      }, {
        "code": "T24529S",
        "display": "Corrosion of first degree of unspecified knee, sequela"
      }, {
        "code": "T2453",
        "display": "Corrosion of first degree of lower leg"
      }, {
        "code": "T24531",
        "display": "Corrosion of first degree of right lower leg"
      }, {
        "code": "T24531A",
        "display": "Corrosion of first degree of right lower leg, init encntr"
      }, {
        "code": "T24531D",
        "display": "Corrosion of first degree of right lower leg, subs encntr"
      }, {
        "code": "T24531S",
        "display": "Corrosion of first degree of right lower leg, sequela"
      }, {
        "code": "T24532",
        "display": "Corrosion of first degree of left lower leg"
      }, {
        "code": "T24532A",
        "display": "Corrosion of first degree of left lower leg, init encntr"
      }, {
        "code": "T24532D",
        "display": "Corrosion of first degree of left lower leg, subs encntr"
      }, {
        "code": "T24532S",
        "display": "Corrosion of first degree of left lower leg, sequela"
      }, {
        "code": "T24539",
        "display": "Corrosion of first degree of unspecified lower leg"
      }, {
        "code": "T24539A",
        "display": "Corrosion of first degree of unsp lower leg, init encntr"
      }, {
        "code": "T24539D",
        "display": "Corrosion of first degree of unsp lower leg, subs encntr"
      }, {
        "code": "T24539S",
        "display": "Corrosion of first degree of unspecified lower leg, sequela"
      }, {
        "code": "T2459",
        "display": "Corros first deg mult sites of lower limb, except ank/ft"
      }, {
        "code": "T24591",
        "display": "Corros first deg mult sites of right lower limb, ex ank/ft"
      }, {
        "code": "T24591A",
        "display": "Corros 1st deg mult sites of right low limb, ex ank/ft, init"
      }, {
        "code": "T24591D",
        "display": "Corros 1st deg mult sites of right low limb, ex ank/ft, subs"
      }, {
        "code": "T24591S",
        "display": "Corros 1st deg mult sites of right low limb, ex ank/ft, sqla"
      }, {
        "code": "T24592",
        "display": "Corros first deg mult sites of left lower limb, ex ank/ft"
      }, {
        "code": "T24592A",
        "display": "Corros 1st deg mult sites of left low limb, ex ank/ft, init"
      }, {
        "code": "T24592D",
        "display": "Corros 1st deg mult sites of left low limb, ex ank/ft, subs"
      }, {
        "code": "T24592S",
        "display": "Corros 1st deg mult sites of left low limb, ex ank/ft, sqla"
      }, {
        "code": "T24599",
        "display": "Corros first deg mult sites of unsp lower limb, ex ank/ft"
      }, {
        "code": "T24599A",
        "display": "Corros 1st deg mult sites of unsp low limb, ex ank/ft, init"
      }, {
        "code": "T24599D",
        "display": "Corros 1st deg mult sites of unsp low limb, ex ank/ft, subs"
      }, {
        "code": "T24599S",
        "display": "Corros 1st deg mult sites of unsp low limb, ex ank/ft, sqla"
      }, {
        "code": "T246",
        "display": "Corrosion of second degree of lower limb, except ank/ft"
      }, {
        "code": "T2460",
        "display": "Corros second degree of unsp site lower limb, except ank/ft"
      }, {
        "code": "T24601",
        "display": "Corros second deg of unsp site right lower limb, ex ank/ft"
      }, {
        "code": "T24601A",
        "display": "Corros 2nd deg of unsp site right low limb, ex ank/ft, init"
      }, {
        "code": "T24601D",
        "display": "Corros 2nd deg of unsp site right low limb, ex ank/ft, subs"
      }, {
        "code": "T24601S",
        "display": "Corros 2nd deg of unsp site right low limb, ex ank/ft, sqla"
      }, {
        "code": "T24602",
        "display": "Corros second deg of unsp site left lower limb, ex ank/ft"
      }, {
        "code": "T24602A",
        "display": "Corros 2nd deg of unsp site left lower limb, ex ank/ft, init"
      }, {
        "code": "T24602D",
        "display": "Corros 2nd deg of unsp site left lower limb, ex ank/ft, subs"
      }, {
        "code": "T24602S",
        "display": "Corros 2nd deg of unsp site left lower limb, ex ank/ft, sqla"
      }, {
        "code": "T24609",
        "display": "Corros second deg of unsp site unsp lower limb, ex ank/ft"
      }, {
        "code": "T24609A",
        "display": "Corros 2nd deg of unsp site unsp lower limb, ex ank/ft, init"
      }, {
        "code": "T24609D",
        "display": "Corros 2nd deg of unsp site unsp lower limb, ex ank/ft, subs"
      }, {
        "code": "T24609S",
        "display": "Corros 2nd deg of unsp site unsp lower limb, ex ank/ft, sqla"
      }, {
        "code": "T2461",
        "display": "Corrosion of second degree of thigh"
      }, {
        "code": "T24611",
        "display": "Corrosion of second degree of right thigh"
      }, {
        "code": "T24611A",
        "display": "Corrosion of second degree of right thigh, initial encounter"
      }, {
        "code": "T24611D",
        "display": "Corrosion of second degree of right thigh, subs encntr"
      }, {
        "code": "T24611S",
        "display": "Corrosion of second degree of right thigh, sequela"
      }, {
        "code": "T24612",
        "display": "Corrosion of second degree of left thigh"
      }, {
        "code": "T24612A",
        "display": "Corrosion of second degree of left thigh, initial encounter"
      }, {
        "code": "T24612D",
        "display": "Corrosion of second degree of left thigh, subs encntr"
      }, {
        "code": "T24612S",
        "display": "Corrosion of second degree of left thigh, sequela"
      }, {
        "code": "T24619",
        "display": "Corrosion of second degree of unspecified thigh"
      }, {
        "code": "T24619A",
        "display": "Corrosion of second degree of unspecified thigh, init encntr"
      }, {
        "code": "T24619D",
        "display": "Corrosion of second degree of unspecified thigh, subs encntr"
      }, {
        "code": "T24619S",
        "display": "Corrosion of second degree of unspecified thigh, sequela"
      }, {
        "code": "T2462",
        "display": "Corrosion of second degree of knee"
      }, {
        "code": "T24621",
        "display": "Corrosion of second degree of right knee"
      }, {
        "code": "T24621A",
        "display": "Corrosion of second degree of right knee, initial encounter"
      }, {
        "code": "T24621D",
        "display": "Corrosion of second degree of right knee, subs encntr"
      }, {
        "code": "T24621S",
        "display": "Corrosion of second degree of right knee, sequela"
      }, {
        "code": "T24622",
        "display": "Corrosion of second degree of left knee"
      }, {
        "code": "T24622A",
        "display": "Corrosion of second degree of left knee, initial encounter"
      }, {
        "code": "T24622D",
        "display": "Corrosion of second degree of left knee, subs encntr"
      }, {
        "code": "T24622S",
        "display": "Corrosion of second degree of left knee, sequela"
      }, {
        "code": "T24629",
        "display": "Corrosion of second degree of unspecified knee"
      }, {
        "code": "T24629A",
        "display": "Corrosion of second degree of unspecified knee, init encntr"
      }, {
        "code": "T24629D",
        "display": "Corrosion of second degree of unspecified knee, subs encntr"
      }, {
        "code": "T24629S",
        "display": "Corrosion of second degree of unspecified knee, sequela"
      }, {
        "code": "T2463",
        "display": "Corrosion of second degree of lower leg"
      }, {
        "code": "T24631",
        "display": "Corrosion of second degree of right lower leg"
      }, {
        "code": "T24631A",
        "display": "Corrosion of second degree of right lower leg, init encntr"
      }, {
        "code": "T24631D",
        "display": "Corrosion of second degree of right lower leg, subs encntr"
      }, {
        "code": "T24631S",
        "display": "Corrosion of second degree of right lower leg, sequela"
      }, {
        "code": "T24632",
        "display": "Corrosion of second degree of left lower leg"
      }, {
        "code": "T24632A",
        "display": "Corrosion of second degree of left lower leg, init encntr"
      }, {
        "code": "T24632D",
        "display": "Corrosion of second degree of left lower leg, subs encntr"
      }, {
        "code": "T24632S",
        "display": "Corrosion of second degree of left lower leg, sequela"
      }, {
        "code": "T24639",
        "display": "Corrosion of second degree of unspecified lower leg"
      }, {
        "code": "T24639A",
        "display": "Corrosion of second degree of unsp lower leg, init encntr"
      }, {
        "code": "T24639D",
        "display": "Corrosion of second degree of unsp lower leg, subs encntr"
      }, {
        "code": "T24639S",
        "display": "Corrosion of second degree of unspecified lower leg, sequela"
      }, {
        "code": "T2469",
        "display": "Corrosion of 2nd deg mul sites of lower limb, except ank/ft"
      }, {
        "code": "T24691",
        "display": "Corros 2nd deg mul sites of right lower limb, except ank/ft"
      }, {
        "code": "T24691A",
        "display": "Corros 2nd deg mul sites of right low limb, ex ank/ft, init"
      }, {
        "code": "T24691D",
        "display": "Corros 2nd deg mul sites of right low limb, ex ank/ft, subs"
      }, {
        "code": "T24691S",
        "display": "Corros 2nd deg mul sites of right low limb, ex ank/ft, sqla"
      }, {
        "code": "T24692",
        "display": "Corros 2nd deg mul sites of left lower limb, except ank/ft"
      }, {
        "code": "T24692A",
        "display": "Corros 2nd deg mul sites of left lower limb, ex ank/ft, init"
      }, {
        "code": "T24692D",
        "display": "Corros 2nd deg mul sites of left lower limb, ex ank/ft, subs"
      }, {
        "code": "T24692S",
        "display": "Corros 2nd deg mul sites of left lower limb, ex ank/ft, sqla"
      }, {
        "code": "T24699",
        "display": "Corros 2nd deg mul sites of unsp lower limb, except ank/ft"
      }, {
        "code": "T24699A",
        "display": "Corros 2nd deg mul sites of unsp lower limb, ex ank/ft, init"
      }, {
        "code": "T24699D",
        "display": "Corros 2nd deg mul sites of unsp lower limb, ex ank/ft, subs"
      }, {
        "code": "T24699S",
        "display": "Corros 2nd deg mul sites of unsp lower limb, ex ank/ft, sqla"
      }, {
        "code": "T247",
        "display": "Corrosion of third degree of lower limb, except ank/ft"
      }, {
        "code": "T2470",
        "display": "Corros third degree of unsp site lower limb, except ank/ft"
      }, {
        "code": "T24701",
        "display": "Corros third deg of unsp site right lower limb, ex ank/ft"
      }, {
        "code": "T24701A",
        "display": "Corros third deg of unsp site r low limb, ex ank/ft, init"
      }, {
        "code": "T24701D",
        "display": "Corros third deg of unsp site r low limb, ex ank/ft, subs"
      }, {
        "code": "T24701S",
        "display": "Corros third deg of unsp site r low limb, ex ank/ft, sqla"
      }, {
        "code": "T24702",
        "display": "Corros third deg of unsp site left lower limb, except ank/ft"
      }, {
        "code": "T24702A",
        "display": "Corros third deg of unsp site left low limb, ex ank/ft, init"
      }, {
        "code": "T24702D",
        "display": "Corros third deg of unsp site left low limb, ex ank/ft, subs"
      }, {
        "code": "T24702S",
        "display": "Corros third deg of unsp site left low limb, ex ank/ft, sqla"
      }, {
        "code": "T24709",
        "display": "Corros third deg of unsp site unsp lower limb, except ank/ft"
      }, {
        "code": "T24709A",
        "display": "Corros third deg of unsp site unsp low limb, ex ank/ft, init"
      }, {
        "code": "T24709D",
        "display": "Corros third deg of unsp site unsp low limb, ex ank/ft, subs"
      }, {
        "code": "T24709S",
        "display": "Corros third deg of unsp site unsp low limb, ex ank/ft, sqla"
      }, {
        "code": "T2471",
        "display": "Corrosion of third degree of thigh"
      }, {
        "code": "T24711",
        "display": "Corrosion of third degree of right thigh"
      }, {
        "code": "T24711A",
        "display": "Corrosion of third degree of right thigh, initial encounter"
      }, {
        "code": "T24711D",
        "display": "Corrosion of third degree of right thigh, subs encntr"
      }, {
        "code": "T24711S",
        "display": "Corrosion of third degree of right thigh, sequela"
      }, {
        "code": "T24712",
        "display": "Corrosion of third degree of left thigh"
      }, {
        "code": "T24712A",
        "display": "Corrosion of third degree of left thigh, initial encounter"
      }, {
        "code": "T24712D",
        "display": "Corrosion of third degree of left thigh, subs encntr"
      }, {
        "code": "T24712S",
        "display": "Corrosion of third degree of left thigh, sequela"
      }, {
        "code": "T24719",
        "display": "Corrosion of third degree of unspecified thigh"
      }, {
        "code": "T24719A",
        "display": "Corrosion of third degree of unspecified thigh, init encntr"
      }, {
        "code": "T24719D",
        "display": "Corrosion of third degree of unspecified thigh, subs encntr"
      }, {
        "code": "T24719S",
        "display": "Corrosion of third degree of unspecified thigh, sequela"
      }, {
        "code": "T2472",
        "display": "Corrosion of third degree of knee"
      }, {
        "code": "T24721",
        "display": "Corrosion of third degree of right knee"
      }, {
        "code": "T24721A",
        "display": "Corrosion of third degree of right knee, initial encounter"
      }, {
        "code": "T24721D",
        "display": "Corrosion of third degree of right knee, subs encntr"
      }, {
        "code": "T24721S",
        "display": "Corrosion of third degree of right knee, sequela"
      }, {
        "code": "T24722",
        "display": "Corrosion of third degree of left knee"
      }, {
        "code": "T24722A",
        "display": "Corrosion of third degree of left knee, initial encounter"
      }, {
        "code": "T24722D",
        "display": "Corrosion of third degree of left knee, subsequent encounter"
      }, {
        "code": "T24722S",
        "display": "Corrosion of third degree of left knee, sequela"
      }, {
        "code": "T24729",
        "display": "Corrosion of third degree of unspecified knee"
      }, {
        "code": "T24729A",
        "display": "Corrosion of third degree of unspecified knee, init encntr"
      }, {
        "code": "T24729D",
        "display": "Corrosion of third degree of unspecified knee, subs encntr"
      }, {
        "code": "T24729S",
        "display": "Corrosion of third degree of unspecified knee, sequela"
      }, {
        "code": "T2473",
        "display": "Corrosion of third degree of lower leg"
      }, {
        "code": "T24731",
        "display": "Corrosion of third degree of right lower leg"
      }, {
        "code": "T24731A",
        "display": "Corrosion of third degree of right lower leg, init encntr"
      }, {
        "code": "T24731D",
        "display": "Corrosion of third degree of right lower leg, subs encntr"
      }, {
        "code": "T24731S",
        "display": "Corrosion of third degree of right lower leg, sequela"
      }, {
        "code": "T24732",
        "display": "Corrosion of third degree of left lower leg"
      }, {
        "code": "T24732A",
        "display": "Corrosion of third degree of left lower leg, init encntr"
      }, {
        "code": "T24732D",
        "display": "Corrosion of third degree of left lower leg, subs encntr"
      }, {
        "code": "T24732S",
        "display": "Corrosion of third degree of left lower leg, sequela"
      }, {
        "code": "T24739",
        "display": "Corrosion of third degree of unspecified lower leg"
      }, {
        "code": "T24739A",
        "display": "Corrosion of third degree of unsp lower leg, init encntr"
      }, {
        "code": "T24739D",
        "display": "Corrosion of third degree of unsp lower leg, subs encntr"
      }, {
        "code": "T24739S",
        "display": "Corrosion of third degree of unspecified lower leg, sequela"
      }, {
        "code": "T2479",
        "display": "Corrosion of 3rd deg mu sites of lower limb, except ank/ft"
      }, {
        "code": "T24791",
        "display": "Corros 3rd deg mu sites of right lower limb, except ank/ft"
      }, {
        "code": "T24791A",
        "display": "Corros 3rd deg mu sites of right lower limb, ex ank/ft, init"
      }, {
        "code": "T24791D",
        "display": "Corros 3rd deg mu sites of right lower limb, ex ank/ft, subs"
      }, {
        "code": "T24791S",
        "display": "Corros 3rd deg mu sites of right lower limb, ex ank/ft, sqla"
      }, {
        "code": "T24792",
        "display": "Corros 3rd deg mu sites of left lower limb, except ank/ft"
      }, {
        "code": "T24792A",
        "display": "Corros 3rd deg mu sites of left lower limb, ex ank/ft, init"
      }, {
        "code": "T24792D",
        "display": "Corros 3rd deg mu sites of left lower limb, ex ank/ft, subs"
      }, {
        "code": "T24792S",
        "display": "Corros 3rd deg mu sites of left lower limb, ex ank/ft, sqla"
      }, {
        "code": "T24799",
        "display": "Corros 3rd deg mu sites of unsp lower limb, except ank/ft"
      }, {
        "code": "T24799A",
        "display": "Corros 3rd deg mu sites of unsp lower limb, ex ank/ft, init"
      }, {
        "code": "T24799D",
        "display": "Corros 3rd deg mu sites of unsp lower limb, ex ank/ft, subs"
      }, {
        "code": "T24799S",
        "display": "Corros 3rd deg mu sites of unsp lower limb, ex ank/ft, sqla"
      } ]
    } ]
  }
}