{
  "resourceType": "ValueSet",
  "id": "T26",
  "url": "http://hl7.org/fhir/sid/icd-10-cm-1491",
  "version": "1.0",
  "name": "Burn and corrosion confined to eye and adnexa",
  "title": "Burn and corrosion confined to eye and adnexa",
  "status": "active",
  "compose": {
    "include": [ {
      "system": "http://hl7.org/fhir/sid/icd-10-cm",
      "concept": [ {
        "code": "T260",
        "display": "Burn of eyelid and periocular area"
      }, {
        "code": "T2600",
        "display": "Burn of unspecified eyelid and periocular area"
      }, {
        "code": "T2600XA",
        "display": "Burn of unspecified eyelid and periocular area, init encntr"
      }, {
        "code": "T2600XD",
        "display": "Burn of unspecified eyelid and periocular area, subs encntr"
      }, {
        "code": "T2600XS",
        "display": "Burn of unspecified eyelid and periocular area, sequela"
      }, {
        "code": "T2601",
        "display": "Burn of right eyelid and periocular area"
      }, {
        "code": "T2601XA",
        "display": "Burn of right eyelid and periocular area, initial encounter"
      }, {
        "code": "T2601XD",
        "display": "Burn of right eyelid and periocular area, subs encntr"
      }, {
        "code": "T2601XS",
        "display": "Burn of right eyelid and periocular area, sequela"
      }, {
        "code": "T2602",
        "display": "Burn of left eyelid and periocular area"
      }, {
        "code": "T2602XA",
        "display": "Burn of left eyelid and periocular area, initial encounter"
      }, {
        "code": "T2602XD",
        "display": "Burn of left eyelid and periocular area, subs encntr"
      }, {
        "code": "T2602XS",
        "display": "Burn of left eyelid and periocular area, sequela"
      }, {
        "code": "T261",
        "display": "Burn of cornea and conjunctival sac"
      }, {
        "code": "T2610",
        "display": "Burn of cornea and conjunctival sac, unspecified eye"
      }, {
        "code": "T2610XA",
        "display": "Burn of cornea and conjunctival sac, unsp eye, init encntr"
      }, {
        "code": "T2610XD",
        "display": "Burn of cornea and conjunctival sac, unsp eye, subs encntr"
      }, {
        "code": "T2610XS",
        "display": "Burn of cornea and conjunctival sac, unsp eye, sequela"
      }, {
        "code": "T2611",
        "display": "Burn of cornea and conjunctival sac, right eye"
      }, {
        "code": "T2611XA",
        "display": "Burn of cornea and conjunctival sac, right eye, init encntr"
      }, {
        "code": "T2611XD",
        "display": "Burn of cornea and conjunctival sac, right eye, subs encntr"
      }, {
        "code": "T2611XS",
        "display": "Burn of cornea and conjunctival sac, right eye, sequela"
      }, {
        "code": "T2612",
        "display": "Burn of cornea and conjunctival sac, left eye"
      }, {
        "code": "T2612XA",
        "display": "Burn of cornea and conjunctival sac, left eye, init encntr"
      }, {
        "code": "T2612XD",
        "display": "Burn of cornea and conjunctival sac, left eye, subs encntr"
      }, {
        "code": "T2612XS",
        "display": "Burn of cornea and conjunctival sac, left eye, sequela"
      }, {
        "code": "T262",
        "display": "Burn with resulting rupture and destruction of eyeball"
      }, {
        "code": "T2620",
        "display": "Burn with resulting rupture and destruction of unsp eyeball"
      }, {
        "code": "T2620XA",
        "display": "Burn w resulting rupture and dest of unsp eyeball, init"
      }, {
        "code": "T2620XD",
        "display": "Burn w resulting rupture and dest of unsp eyeball, subs"
      }, {
        "code": "T2620XS",
        "display": "Burn w resulting rupture and dest of unsp eyeball, sequela"
      }, {
        "code": "T2621",
        "display": "Burn with resulting rupture and destruction of right eyeball"
      }, {
        "code": "T2621XA",
        "display": "Burn w resulting rupture and dest of right eyeball, init"
      }, {
        "code": "T2621XD",
        "display": "Burn w resulting rupture and dest of right eyeball, subs"
      }, {
        "code": "T2621XS",
        "display": "Burn w resulting rupture and dest of right eyeball, sequela"
      }, {
        "code": "T2622",
        "display": "Burn with resulting rupture and destruction of left eyeball"
      }, {
        "code": "T2622XA",
        "display": "Burn w resulting rupture and dest of left eyeball, init"
      }, {
        "code": "T2622XD",
        "display": "Burn w resulting rupture and dest of left eyeball, subs"
      }, {
        "code": "T2622XS",
        "display": "Burn w resulting rupture and dest of left eyeball, sequela"
      }, {
        "code": "T263",
        "display": "Burns of other specified parts of eye and adnexa"
      }, {
        "code": "T2630",
        "display": "Burns of other specified parts of unspecified eye and adnexa"
      }, {
        "code": "T2630XA",
        "display": "Burns of oth parts of unsp eye and adnexa, init encntr"
      }, {
        "code": "T2630XD",
        "display": "Burns of oth parts of unsp eye and adnexa, subs encntr"
      }, {
        "code": "T2630XS",
        "display": "Burns of oth parts of unspecified eye and adnexa, sequela"
      }, {
        "code": "T2631",
        "display": "Burns of other specified parts of right eye and adnexa"
      }, {
        "code": "T2631XA",
        "display": "Burns of oth parts of right eye and adnexa, init encntr"
      }, {
        "code": "T2631XD",
        "display": "Burns of oth parts of right eye and adnexa, subs encntr"
      }, {
        "code": "T2631XS",
        "display": "Burns of oth parts of right eye and adnexa, sequela"
      }, {
        "code": "T2632",
        "display": "Burns of other specified parts of left eye and adnexa"
      }, {
        "code": "T2632XA",
        "display": "Burns of oth parts of left eye and adnexa, init encntr"
      }, {
        "code": "T2632XD",
        "display": "Burns of oth parts of left eye and adnexa, subs encntr"
      }, {
        "code": "T2632XS",
        "display": "Burns of oth parts of left eye and adnexa, sequela"
      }, {
        "code": "T264",
        "display": "Burn of eye and adnexa, part unspecified"
      }, {
        "code": "T2640",
        "display": "Burn of unspecified eye and adnexa, part unspecified"
      }, {
        "code": "T2640XA",
        "display": "Burn of unsp eye and adnexa, part unspecified, init encntr"
      }, {
        "code": "T2640XD",
        "display": "Burn of unsp eye and adnexa, part unspecified, subs encntr"
      }, {
        "code": "T2640XS",
        "display": "Burn of unsp eye and adnexa, part unspecified, sequela"
      }, {
        "code": "T2641",
        "display": "Burn of right eye and adnexa, part unspecified"
      }, {
        "code": "T2641XA",
        "display": "Burn of right eye and adnexa, part unspecified, init encntr"
      }, {
        "code": "T2641XD",
        "display": "Burn of right eye and adnexa, part unspecified, subs encntr"
      }, {
        "code": "T2641XS",
        "display": "Burn of right eye and adnexa, part unspecified, sequela"
      }, {
        "code": "T2642",
        "display": "Burn of left eye and adnexa, part unspecified"
      }, {
        "code": "T2642XA",
        "display": "Burn of left eye and adnexa, part unspecified, init encntr"
      }, {
        "code": "T2642XD",
        "display": "Burn of left eye and adnexa, part unspecified, subs encntr"
      }, {
        "code": "T2642XS",
        "display": "Burn of left eye and adnexa, part unspecified, sequela"
      }, {
        "code": "T265",
        "display": "Corrosion of eyelid and periocular area"
      }, {
        "code": "T2650",
        "display": "Corrosion of unspecified eyelid and periocular area"
      }, {
        "code": "T2650XA",
        "display": "Corrosion of unsp eyelid and periocular area, init encntr"
      }, {
        "code": "T2650XD",
        "display": "Corrosion of unsp eyelid and periocular area, subs encntr"
      }, {
        "code": "T2650XS",
        "display": "Corrosion of unspecified eyelid and periocular area, sequela"
      }, {
        "code": "T2651",
        "display": "Corrosion of right eyelid and periocular area"
      }, {
        "code": "T2651XA",
        "display": "Corrosion of right eyelid and periocular area, init encntr"
      }, {
        "code": "T2651XD",
        "display": "Corrosion of right eyelid and periocular area, subs encntr"
      }, {
        "code": "T2651XS",
        "display": "Corrosion of right eyelid and periocular area, sequela"
      }, {
        "code": "T2652",
        "display": "Corrosion of left eyelid and periocular area"
      }, {
        "code": "T2652XA",
        "display": "Corrosion of left eyelid and periocular area, init encntr"
      }, {
        "code": "T2652XD",
        "display": "Corrosion of left eyelid and periocular area, subs encntr"
      }, {
        "code": "T2652XS",
        "display": "Corrosion of left eyelid and periocular area, sequela"
      }, {
        "code": "T266",
        "display": "Corrosion of cornea and conjunctival sac"
      }, {
        "code": "T2660",
        "display": "Corrosion of cornea and conjunctival sac, unspecified eye"
      }, {
        "code": "T2660XA",
        "display": "Corrosion of cornea and conjunctival sac, unsp eye, init"
      }, {
        "code": "T2660XD",
        "display": "Corrosion of cornea and conjunctival sac, unsp eye, subs"
      }, {
        "code": "T2660XS",
        "display": "Corrosion of cornea and conjunctival sac, unsp eye, sequela"
      }, {
        "code": "T2661",
        "display": "Corrosion of cornea and conjunctival sac, right eye"
      }, {
        "code": "T2661XA",
        "display": "Corrosion of cornea and conjunctival sac, right eye, init"
      }, {
        "code": "T2661XD",
        "display": "Corrosion of cornea and conjunctival sac, right eye, subs"
      }, {
        "code": "T2661XS",
        "display": "Corrosion of cornea and conjunctival sac, right eye, sequela"
      }, {
        "code": "T2662",
        "display": "Corrosion of cornea and conjunctival sac, left eye"
      }, {
        "code": "T2662XA",
        "display": "Corrosion of cornea and conjunctival sac, left eye, init"
      }, {
        "code": "T2662XD",
        "display": "Corrosion of cornea and conjunctival sac, left eye, subs"
      }, {
        "code": "T2662XS",
        "display": "Corrosion of cornea and conjunctival sac, left eye, sequela"
      }, {
        "code": "T267",
        "display": "Corrosion with resulting rupture and destruction of eyeball"
      }, {
        "code": "T2670",
        "display": "Corrosion w resulting rupture and dest of unsp eyeball"
      }, {
        "code": "T2670XA",
        "display": "Corrosion w resulting rupture and dest of unsp eyeball, init"
      }, {
        "code": "T2670XD",
        "display": "Corrosion w resulting rupture and dest of unsp eyeball, subs"
      }, {
        "code": "T2670XS",
        "display": "Corros w resulting rupture and dest of unsp eyeball, sequela"
      }, {
        "code": "T2671",
        "display": "Corrosion w resulting rupture and dest of right eyeball"
      }, {
        "code": "T2671XA",
        "display": "Corros w resulting rupture and dest of right eyeball, init"
      }, {
        "code": "T2671XD",
        "display": "Corros w resulting rupture and dest of right eyeball, subs"
      }, {
        "code": "T2671XS",
        "display": "Corros w rslt rupture and dest of right eyeball, sequela"
      }, {
        "code": "T2672",
        "display": "Corrosion w resulting rupture and dest of left eyeball"
      }, {
        "code": "T2672XA",
        "display": "Corrosion w resulting rupture and dest of left eyeball, init"
      }, {
        "code": "T2672XD",
        "display": "Corrosion w resulting rupture and dest of left eyeball, subs"
      }, {
        "code": "T2672XS",
        "display": "Corros w resulting rupture and dest of left eyeball, sequela"
      }, {
        "code": "T268",
        "display": "Corrosions of other specified parts of eye and adnexa"
      }, {
        "code": "T2680",
        "display": "Corrosions of oth parts of unspecified eye and adnexa"
      }, {
        "code": "T2680XA",
        "display": "Corrosions of oth parts of unsp eye and adnexa, init encntr"
      }, {
        "code": "T2680XD",
        "display": "Corrosions of oth parts of unsp eye and adnexa, subs encntr"
      }, {
        "code": "T2680XS",
        "display": "Corrosions of oth parts of unsp eye and adnexa, sequela"
      }, {
        "code": "T2681",
        "display": "Corrosions of other specified parts of right eye and adnexa"
      }, {
        "code": "T2681XA",
        "display": "Corrosions of oth parts of right eye and adnexa, init encntr"
      }, {
        "code": "T2681XD",
        "display": "Corrosions of oth parts of right eye and adnexa, subs encntr"
      }, {
        "code": "T2681XS",
        "display": "Corrosions of oth parts of right eye and adnexa, sequela"
      }, {
        "code": "T2682",
        "display": "Corrosions of other specified parts of left eye and adnexa"
      }, {
        "code": "T2682XA",
        "display": "Corrosions of oth parts of left eye and adnexa, init encntr"
      }, {
        "code": "T2682XD",
        "display": "Corrosions of oth parts of left eye and adnexa, subs encntr"
      }, {
        "code": "T2682XS",
        "display": "Corrosions of oth parts of left eye and adnexa, sequela"
      }, {
        "code": "T269",
        "display": "Corrosion of eye and adnexa, part unspecified"
      }, {
        "code": "T2690",
        "display": "Corrosion of unspecified eye and adnexa, part unspecified"
      }, {
        "code": "T2690XA",
        "display": "Corrosion of unsp eye and adnexa, part unsp, init encntr"
      }, {
        "code": "T2690XD",
        "display": "Corrosion of unsp eye and adnexa, part unsp, subs encntr"
      }, {
        "code": "T2690XS",
        "display": "Corrosion of unsp eye and adnexa, part unspecified, sequela"
      }, {
        "code": "T2691",
        "display": "Corrosion of right eye and adnexa, part unspecified"
      }, {
        "code": "T2691XA",
        "display": "Corrosion of right eye and adnexa, part unsp, init encntr"
      }, {
        "code": "T2691XD",
        "display": "Corrosion of right eye and adnexa, part unsp, subs encntr"
      }, {
        "code": "T2691XS",
        "display": "Corrosion of right eye and adnexa, part unspecified, sequela"
      }, {
        "code": "T2692",
        "display": "Corrosion of left eye and adnexa, part unspecified"
      }, {
        "code": "T2692XA",
        "display": "Corrosion of left eye and adnexa, part unsp, init encntr"
      }, {
        "code": "T2692XD",
        "display": "Corrosion of left eye and adnexa, part unsp, subs encntr"
      }, {
        "code": "T2692XS",
        "display": "Corrosion of left eye and adnexa, part unspecified, sequela"
      } ]
    } ]
  }
}