{
  "resourceType": "ValueSet",
  "id": "T27",
  "url": "http://hl7.org/fhir/sid/icd-10-cm-1492",
  "version": "1.0",
  "name": "Burn and corrosion of respiratory tract",
  "title": "Burn and corrosion of respiratory tract",
  "status": "active",
  "compose": {
    "include": [ {
      "system": "http://hl7.org/fhir/sid/icd-10-cm",
      "concept": [ {
        "code": "T270",
        "display": "Burn of larynx and trachea"
      }, {
        "code": "T270XXA",
        "display": "Burn of larynx and trachea, initial encounter"
      }, {
        "code": "T270XXD",
        "display": "Burn of larynx and trachea, subsequent encounter"
      }, {
        "code": "T270XXS",
        "display": "Burn of larynx and trachea, sequela"
      }, {
        "code": "T271",
        "display": "Burn involving larynx and trachea with lung"
      }, {
        "code": "T271XXA",
        "display": "Burn involving larynx and trachea with lung, init encntr"
      }, {
        "code": "T271XXD",
        "display": "Burn involving larynx and trachea with lung, subs encntr"
      }, {
        "code": "T271XXS",
        "display": "Burn involving larynx and trachea with lung, sequela"
      }, {
        "code": "T272",
        "display": "Burn of other parts of respiratory tract"
      }, {
        "code": "T272XXA",
        "display": "Burn of other parts of respiratory tract, initial encounter"
      }, {
        "code": "T272XXD",
        "display": "Burn of other parts of respiratory tract, subs encntr"
      }, {
        "code": "T272XXS",
        "display": "Burn of other parts of respiratory tract, sequela"
      }, {
        "code": "T273",
        "display": "Burn of respiratory tract, part unspecified"
      }, {
        "code": "T273XXA",
        "display": "Burn of respiratory tract, part unspecified, init encntr"
      }, {
        "code": "T273XXD",
        "display": "Burn of respiratory tract, part unspecified, subs encntr"
      }, {
        "code": "T273XXS",
        "display": "Burn of respiratory tract, part unspecified, sequela"
      }, {
        "code": "T274",
        "display": "Corrosion of larynx and trachea"
      }, {
        "code": "T274XXA",
        "display": "Corrosion of larynx and trachea, initial encounter"
      }, {
        "code": "T274XXD",
        "display": "Corrosion of larynx and trachea, subsequent encounter"
      }, {
        "code": "T274XXS",
        "display": "Corrosion of larynx and trachea, sequela"
      }, {
        "code": "T275",
        "display": "Corrosion involving larynx and trachea with lung"
      }, {
        "code": "T275XXA",
        "display": "Corrosion involving larynx and trachea w lung, init encntr"
      }, {
        "code": "T275XXD",
        "display": "Corrosion involving larynx and trachea w lung, subs encntr"
      }, {
        "code": "T275XXS",
        "display": "Corrosion involving larynx and trachea with lung, sequela"
      }, {
        "code": "T276",
        "display": "Corrosion of other parts of respiratory tract"
      }, {
        "code": "T276XXA",
        "display": "Corrosion of other parts of respiratory tract, init encntr"
      }, {
        "code": "T276XXD",
        "display": "Corrosion of other parts of respiratory tract, subs encntr"
      }, {
        "code": "T276XXS",
        "display": "Corrosion of other parts of respiratory tract, sequela"
      }, {
        "code": "T277",
        "display": "Corrosion of respiratory tract, part unspecified"
      }, {
        "code": "T277XXA",
        "display": "Corrosion of respiratory tract, part unsp, init encntr"
      }, {
        "code": "T277XXD",
        "display": "Corrosion of respiratory tract, part unsp, subs encntr"
      }, {
        "code": "T277XXS",
        "display": "Corrosion of respiratory tract, part unspecified, sequela"
      } ]
    } ]
  }
}