{
  "resourceType": "ValueSet",
  "id": "T31",
  "url": "http://hl7.org/fhir/sid/icd-10-cm-1495",
  "version": "1.0",
  "name": "Burns classified accord extent body involv",
  "title": "Burns classified according to extent of body surface involved",
  "status": "active",
  "compose": {
    "include": [ {
      "system": "http://hl7.org/fhir/sid/icd-10-cm",
      "concept": [ {
        "code": "T310",
        "display": "Burns involving less than 10% of body surface"
      }, {
        "code": "T311",
        "display": "Burns involving 10-19% of body surface"
      }, {
        "code": "T3110",
        "display": "Burns of 10-19% of body surfc w 0% to 9% third degree burns"
      }, {
        "code": "T3111",
        "display": "Burns of 10-19% of body surface w 10-19% third degree burns"
      }, {
        "code": "T312",
        "display": "Burns involving 20-29% of body surface"
      }, {
        "code": "T3120",
        "display": "Burns of 20-29% of body surfc w 0% to 9% third degree burns"
      }, {
        "code": "T3121",
        "display": "Burns of 20-29% of body surface w 10-19% third degree burns"
      }, {
        "code": "T3122",
        "display": "Burns of 20-29% of body surface w 20-29% third degree burns"
      }, {
        "code": "T313",
        "display": "Burns involving 30-39% of body surface"
      }, {
        "code": "T3130",
        "display": "Burns of 30-39% of body surfc w 0% to 9% third degree burns"
      }, {
        "code": "T3131",
        "display": "Burns of 30-39% of body surface w 10-19% third degree burns"
      }, {
        "code": "T3132",
        "display": "Burns of 30-39% of body surface w 20-29% third degree burns"
      }, {
        "code": "T3133",
        "display": "Burns of 30-39% of body surface w 30-39% third degree burns"
      }, {
        "code": "T314",
        "display": "Burns involving 40-49% of body surface"
      }, {
        "code": "T3140",
        "display": "Burns of 40-49% of body surfc w 0% to 9% third degree burns"
      }, {
        "code": "T3141",
        "display": "Burns of 40-49% of body surface w 10-19% third degree burns"
      }, {
        "code": "T3142",
        "display": "Burns of 40-49% of body surface w 20-29% third degree burns"
      }, {
        "code": "T3143",
        "display": "Burns of 40-49% of body surface w 30-39% third degree burns"
      }, {
        "code": "T3144",
        "display": "Burns of 40-49% of body surface w 40-49% third degree burns"
      }, {
        "code": "T315",
        "display": "Burns involving 50-59% of body surface"
      }, {
        "code": "T3150",
        "display": "Burns of 50-59% of body surfc w 0% to 9% third degree burns"
      }, {
        "code": "T3151",
        "display": "Burns of 50-59% of body surface w 10-19% third degree burns"
      }, {
        "code": "T3152",
        "display": "Burns of 50-59% of body surface w 20-29% third degree burns"
      }, {
        "code": "T3153",
        "display": "Burns of 50-59% of body surface w 30-39% third degree burns"
      }, {
        "code": "T3154",
        "display": "Burns of 50-59% of body surface w 40-49% third degree burns"
      }, {
        "code": "T3155",
        "display": "Burns of 50-59% of body surface w 50-59% third degree burns"
      }, {
        "code": "T316",
        "display": "Burns involving 60-69% of body surface"
      }, {
        "code": "T3160",
        "display": "Burns of 60-69% of body surfc w 0% to 9% third degree burns"
      }, {
        "code": "T3161",
        "display": "Burns of 60-69% of body surface w 10-19% third degree burns"
      }, {
        "code": "T3162",
        "display": "Burns of 60-69% of body surface w 20-29% third degree burns"
      }, {
        "code": "T3163",
        "display": "Burns of 60-69% of body surface w 30-39% third degree burns"
      }, {
        "code": "T3164",
        "display": "Burns of 60-69% of body surface w 40-49% third degree burns"
      }, {
        "code": "T3165",
        "display": "Burns of 60-69% of body surface w 50-59% third degree burns"
      }, {
        "code": "T3166",
        "display": "Burns of 60-69% of body surface w 60-69% third degree burns"
      }, {
        "code": "T317",
        "display": "Burns involving 70-79% of body surface"
      }, {
        "code": "T3170",
        "display": "Burns of 70-79% of body surfc w 0% to 9% third degree burns"
      }, {
        "code": "T3171",
        "display": "Burns of 70-79% of body surface w 10-19% third degree burns"
      }, {
        "code": "T3172",
        "display": "Burns of 70-79% of body surface w 20-29% third degree burns"
      }, {
        "code": "T3173",
        "display": "Burns of 70-79% of body surface w 30-39% third degree burns"
      }, {
        "code": "T3174",
        "display": "Burns of 70-79% of body surface w 40-49% third degree burns"
      }, {
        "code": "T3175",
        "display": "Burns of 70-79% of body surface w 50-59% third degree burns"
      }, {
        "code": "T3176",
        "display": "Burns of 70-79% of body surface w 60-69% third degree burns"
      }, {
        "code": "T3177",
        "display": "Burns of 70-79% of body surface w 70-79% third degree burns"
      }, {
        "code": "T318",
        "display": "Burns involving 80-89% of body surface"
      }, {
        "code": "T3180",
        "display": "Burns of 80-89% of body surfc w 0% to 9% third degree burns"
      }, {
        "code": "T3181",
        "display": "Burns of 80-89% of body surface w 10-19% third degree burns"
      }, {
        "code": "T3182",
        "display": "Burns of 80-89% of body surface w 20-29% third degree burns"
      }, {
        "code": "T3183",
        "display": "Burns of 80-89% of body surface w 30-39% third degree burns"
      }, {
        "code": "T3184",
        "display": "Burns of 80-89% of body surface w 40-49% third degree burns"
      }, {
        "code": "T3185",
        "display": "Burns of 80-89% of body surface w 50-59% third degree burns"
      }, {
        "code": "T3186",
        "display": "Burns of 80-89% of body surface w 60-69% third degree burns"
      }, {
        "code": "T3187",
        "display": "Burns of 80-89% of body surface w 70-79% third degree burns"
      }, {
        "code": "T3188",
        "display": "Burns of 80-89% of body surface w 80-89% third degree burns"
      }, {
        "code": "T319",
        "display": "Burns involving 90% or more of body surface"
      }, {
        "code": "T3190",
        "display": "Burns of 90%/more of body surfc w 0% to 9% third deg burns"
      }, {
        "code": "T3191",
        "display": "Burns of 90%/more of body surfc w 10-19% third degree burns"
      }, {
        "code": "T3192",
        "display": "Burns of 90%/more of body surfc w 20-29% third degree burns"
      }, {
        "code": "T3193",
        "display": "Burns of 90%/more of body surfc w 30-39% third degree burns"
      }, {
        "code": "T3194",
        "display": "Burns of 90%/more of body surfc w 40-49% third degree burns"
      }, {
        "code": "T3195",
        "display": "Burns of 90%/more of body surfc w 50-59% third degree burns"
      }, {
        "code": "T3196",
        "display": "Burns of 90%/more of body surfc w 60-69% third degree burns"
      }, {
        "code": "T3197",
        "display": "Burns of 90%/more of body surfc w 70-79% third degree burns"
      }, {
        "code": "T3198",
        "display": "Burns of 90%/more of body surfc w 80-89% third degree burns"
      }, {
        "code": "T3199",
        "display": "Burns of 90%/more of body surfc w 90%/more third deg burns"
      } ]
    } ]
  }
}