{
  "resourceType": "ValueSet",
  "id": "T25",
  "url": "http://hl7.org/fhir/sid/icd-10-cm-1490",
  "version": "1.0",
  "name": "Burn and corrosion of ankle and foot",
  "title": "Burn and corrosion of ankle and foot",
  "status": "active",
  "compose": {
    "include": [ {
      "system": "http://hl7.org/fhir/sid/icd-10-cm",
      "concept": [ {
        "code": "T250",
        "display": "Burn of unspecified degree of ankle and foot"
      }, {
        "code": "T2501",
        "display": "Burn of unspecified degree of ankle"
      }, {
        "code": "T25011",
        "display": "Burn of unspecified degree of right ankle"
      }, {
        "code": "T25011A",
        "display": "Burn of unspecified degree of right ankle, initial encounter"
      }, {
        "code": "T25011D",
        "display": "Burn of unspecified degree of right ankle, subs encntr"
      }, {
        "code": "T25011S",
        "display": "Burn of unspecified degree of right ankle, sequela"
      }, {
        "code": "T25012",
        "display": "Burn of unspecified degree of left ankle"
      }, {
        "code": "T25012A",
        "display": "Burn of unspecified degree of left ankle, initial encounter"
      }, {
        "code": "T25012D",
        "display": "Burn of unspecified degree of left ankle, subs encntr"
      }, {
        "code": "T25012S",
        "display": "Burn of unspecified degree of left ankle, sequela"
      }, {
        "code": "T25019",
        "display": "Burn of unspecified degree of unspecified ankle"
      }, {
        "code": "T25019A",
        "display": "Burn of unspecified degree of unspecified ankle, init encntr"
      }, {
        "code": "T25019D",
        "display": "Burn of unspecified degree of unspecified ankle, subs encntr"
      }, {
        "code": "T25019S",
        "display": "Burn of unspecified degree of unspecified ankle, sequela"
      }, {
        "code": "T2502",
        "display": "Burn of unspecified degree of foot"
      }, {
        "code": "T25021",
        "display": "Burn of unspecified degree of right foot"
      }, {
        "code": "T25021A",
        "display": "Burn of unspecified degree of right foot, initial encounter"
      }, {
        "code": "T25021D",
        "display": "Burn of unspecified degree of right foot, subs encntr"
      }, {
        "code": "T25021S",
        "display": "Burn of unspecified degree of right foot, sequela"
      }, {
        "code": "T25022",
        "display": "Burn of unspecified degree of left foot"
      }, {
        "code": "T25022A",
        "display": "Burn of unspecified degree of left foot, initial encounter"
      }, {
        "code": "T25022D",
        "display": "Burn of unspecified degree of left foot, subs encntr"
      }, {
        "code": "T25022S",
        "display": "Burn of unspecified degree of left foot, sequela"
      }, {
        "code": "T25029",
        "display": "Burn of unspecified degree of unspecified foot"
      }, {
        "code": "T25029A",
        "display": "Burn of unspecified degree of unspecified foot, init encntr"
      }, {
        "code": "T25029D",
        "display": "Burn of unspecified degree of unspecified foot, subs encntr"
      }, {
        "code": "T25029S",
        "display": "Burn of unspecified degree of unspecified foot, sequela"
      }, {
        "code": "T2503",
        "display": "Burn of unspecified degree of toe(s) (nail)"
      }, {
        "code": "T25031",
        "display": "Burn of unspecified degree of right toe(s) (nail)"
      }, {
        "code": "T25031A",
        "display": "Burn of unsp degree of right toe(s) (nail), init encntr"
      }, {
        "code": "T25031D",
        "display": "Burn of unsp degree of right toe(s) (nail), subs encntr"
      }, {
        "code": "T25031S",
        "display": "Burn of unspecified degree of right toe(s) (nail), sequela"
      }, {
        "code": "T25032",
        "display": "Burn of unspecified degree of left toe(s) (nail)"
      }, {
        "code": "T25032A",
        "display": "Burn of unsp degree of left toe(s) (nail), init encntr"
      }, {
        "code": "T25032D",
        "display": "Burn of unsp degree of left toe(s) (nail), subs encntr"
      }, {
        "code": "T25032S",
        "display": "Burn of unspecified degree of left toe(s) (nail), sequela"
      }, {
        "code": "T25039",
        "display": "Burn of unspecified degree of unspecified toe(s) (nail)"
      }, {
        "code": "T25039A",
        "display": "Burn of unsp degree of unsp toe(s) (nail), init encntr"
      }, {
        "code": "T25039D",
        "display": "Burn of unsp degree of unsp toe(s) (nail), subs encntr"
      }, {
        "code": "T25039S",
        "display": "Burn of unsp degree of unspecified toe(s) (nail), sequela"
      }, {
        "code": "T2509",
        "display": "Burn of unsp degree of multiple sites of ankle and foot"
      }, {
        "code": "T25091",
        "display": "Burn of unsp deg mult sites of right ankle and foot"
      }, {
        "code": "T25091A",
        "display": "Burn of unsp deg mult sites of right ankle and foot, init"
      }, {
        "code": "T25091D",
        "display": "Burn of unsp deg mult sites of right ankle and foot, subs"
      }, {
        "code": "T25091S",
        "display": "Burn of unsp deg mult sites of right ankle and foot, sequela"
      }, {
        "code": "T25092",
        "display": "Burn of unsp degree of multiple sites of left ankle and foot"
      }, {
        "code": "T25092A",
        "display": "Burn of unsp deg mult sites of left ankle and foot, init"
      }, {
        "code": "T25092D",
        "display": "Burn of unsp deg mult sites of left ankle and foot, subs"
      }, {
        "code": "T25092S",
        "display": "Burn of unsp deg mult sites of left ankle and foot, sequela"
      }, {
        "code": "T25099",
        "display": "Burn of unsp degree of multiple sites of unsp ankle and foot"
      }, {
        "code": "T25099A",
        "display": "Burn of unsp deg mult sites of unsp ankle and foot, init"
      }, {
        "code": "T25099D",
        "display": "Burn of unsp deg mult sites of unsp ankle and foot, subs"
      }, {
        "code": "T25099S",
        "display": "Burn of unsp deg mult sites of unsp ankle and foot, sequela"
      }, {
        "code": "T251",
        "display": "Burn of first degree of ankle and foot"
      }, {
        "code": "T2511",
        "display": "Burn of first degree of ankle"
      }, {
        "code": "T25111",
        "display": "Burn of first degree of right ankle"
      }, {
        "code": "T25111A",
        "display": "Burn of first degree of right ankle, initial encounter"
      }, {
        "code": "T25111D",
        "display": "Burn of first degree of right ankle, subsequent encounter"
      }, {
        "code": "T25111S",
        "display": "Burn of first degree of right ankle, sequela"
      }, {
        "code": "T25112",
        "display": "Burn of first degree of left ankle"
      }, {
        "code": "T25112A",
        "display": "Burn of first degree of left ankle, initial encounter"
      }, {
        "code": "T25112D",
        "display": "Burn of first degree of left ankle, subsequent encounter"
      }, {
        "code": "T25112S",
        "display": "Burn of first degree of left ankle, sequela"
      }, {
        "code": "T25119",
        "display": "Burn of first degree of unspecified ankle"
      }, {
        "code": "T25119A",
        "display": "Burn of first degree of unspecified ankle, initial encounter"
      }, {
        "code": "T25119D",
        "display": "Burn of first degree of unspecified ankle, subs encntr"
      }, {
        "code": "T25119S",
        "display": "Burn of first degree of unspecified ankle, sequela"
      }, {
        "code": "T2512",
        "display": "Burn of first degree of foot"
      }, {
        "code": "T25121",
        "display": "Burn of first degree of right foot"
      }, {
        "code": "T25121A",
        "display": "Burn of first degree of right foot, initial encounter"
      }, {
        "code": "T25121D",
        "display": "Burn of first degree of right foot, subsequent encounter"
      }, {
        "code": "T25121S",
        "display": "Burn of first degree of right foot, sequela"
      }, {
        "code": "T25122",
        "display": "Burn of first degree of left foot"
      }, {
        "code": "T25122A",
        "display": "Burn of first degree of left foot, initial encounter"
      }, {
        "code": "T25122D",
        "display": "Burn of first degree of left foot, subsequent encounter"
      }, {
        "code": "T25122S",
        "display": "Burn of first degree of left foot, sequela"
      }, {
        "code": "T25129",
        "display": "Burn of first degree of unspecified foot"
      }, {
        "code": "T25129A",
        "display": "Burn of first degree of unspecified foot, initial encounter"
      }, {
        "code": "T25129D",
        "display": "Burn of first degree of unspecified foot, subs encntr"
      }, {
        "code": "T25129S",
        "display": "Burn of first degree of unspecified foot, sequela"
      }, {
        "code": "T2513",
        "display": "Burn of first degree of toe(s) (nail)"
      }, {
        "code": "T25131",
        "display": "Burn of first degree of right toe(s) (nail)"
      }, {
        "code": "T25131A",
        "display": "Burn of first degree of right toe(s) (nail), init encntr"
      }, {
        "code": "T25131D",
        "display": "Burn of first degree of right toe(s) (nail), subs encntr"
      }, {
        "code": "T25131S",
        "display": "Burn of first degree of right toe(s) (nail), sequela"
      }, {
        "code": "T25132",
        "display": "Burn of first degree of left toe(s) (nail)"
      }, {
        "code": "T25132A",
        "display": "Burn of first degree of left toe(s) (nail), init encntr"
      }, {
        "code": "T25132D",
        "display": "Burn of first degree of left toe(s) (nail), subs encntr"
      }, {
        "code": "T25132S",
        "display": "Burn of first degree of left toe(s) (nail), sequela"
      }, {
        "code": "T25139",
        "display": "Burn of first degree of unspecified toe(s) (nail)"
      }, {
        "code": "T25139A",
        "display": "Burn of first degree of unsp toe(s) (nail), init encntr"
      }, {
        "code": "T25139D",
        "display": "Burn of first degree of unsp toe(s) (nail), subs encntr"
      }, {
        "code": "T25139S",
        "display": "Burn of first degree of unspecified toe(s) (nail), sequela"
      }, {
        "code": "T2519",
        "display": "Burn of first degree of multiple sites of ankle and foot"
      }, {
        "code": "T25191",
        "display": "Burn of first deg mult sites of right ankle and foot"
      }, {
        "code": "T25191A",
        "display": "Burn of first deg mult sites of right ankle and foot, init"
      }, {
        "code": "T25191D",
        "display": "Burn of first deg mult sites of right ankle and foot, subs"
      }, {
        "code": "T25191S",
        "display": "Burn of first deg mult sites of right ank/ft, sequela"
      }, {
        "code": "T25192",
        "display": "Burn of first deg mult sites of left ankle and foot"
      }, {
        "code": "T25192A",
        "display": "Burn of first deg mult sites of left ankle and foot, init"
      }, {
        "code": "T25192D",
        "display": "Burn of first deg mult sites of left ankle and foot, subs"
      }, {
        "code": "T25192S",
        "display": "Burn of first deg mult sites of left ankle and foot, sequela"
      }, {
        "code": "T25199",
        "display": "Burn of first deg mult sites of unsp ankle and foot"
      }, {
        "code": "T25199A",
        "display": "Burn of first deg mult sites of unsp ankle and foot, init"
      }, {
        "code": "T25199D",
        "display": "Burn of first deg mult sites of unsp ankle and foot, subs"
      }, {
        "code": "T25199S",
        "display": "Burn of first deg mult sites of unsp ankle and foot, sequela"
      }, {
        "code": "T252",
        "display": "Burn of second degree of ankle and foot"
      }, {
        "code": "T2521",
        "display": "Burn of second degree of ankle"
      }, {
        "code": "T25211",
        "display": "Burn of second degree of right ankle"
      }, {
        "code": "T25211A",
        "display": "Burn of second degree of right ankle, initial encounter"
      }, {
        "code": "T25211D",
        "display": "Burn of second degree of right ankle, subsequent encounter"
      }, {
        "code": "T25211S",
        "display": "Burn of second degree of right ankle, sequela"
      }, {
        "code": "T25212",
        "display": "Burn of second degree of left ankle"
      }, {
        "code": "T25212A",
        "display": "Burn of second degree of left ankle, initial encounter"
      }, {
        "code": "T25212D",
        "display": "Burn of second degree of left ankle, subsequent encounter"
      }, {
        "code": "T25212S",
        "display": "Burn of second degree of left ankle, sequela"
      }, {
        "code": "T25219",
        "display": "Burn of second degree of unspecified ankle"
      }, {
        "code": "T25219A",
        "display": "Burn of second degree of unspecified ankle, init encntr"
      }, {
        "code": "T25219D",
        "display": "Burn of second degree of unspecified ankle, subs encntr"
      }, {
        "code": "T25219S",
        "display": "Burn of second degree of unspecified ankle, sequela"
      }, {
        "code": "T2522",
        "display": "Burn of second degree of foot"
      }, {
        "code": "T25221",
        "display": "Burn of second degree of right foot"
      }, {
        "code": "T25221A",
        "display": "Burn of second degree of right foot, initial encounter"
      }, {
        "code": "T25221D",
        "display": "Burn of second degree of right foot, subsequent encounter"
      }, {
        "code": "T25221S",
        "display": "Burn of second degree of right foot, sequela"
      }, {
        "code": "T25222",
        "display": "Burn of second degree of left foot"
      }, {
        "code": "T25222A",
        "display": "Burn of second degree of left foot, initial encounter"
      }, {
        "code": "T25222D",
        "display": "Burn of second degree of left foot, subsequent encounter"
      }, {
        "code": "T25222S",
        "display": "Burn of second degree of left foot, sequela"
      }, {
        "code": "T25229",
        "display": "Burn of second degree of unspecified foot"
      }, {
        "code": "T25229A",
        "display": "Burn of second degree of unspecified foot, initial encounter"
      }, {
        "code": "T25229D",
        "display": "Burn of second degree of unspecified foot, subs encntr"
      }, {
        "code": "T25229S",
        "display": "Burn of second degree of unspecified foot, sequela"
      }, {
        "code": "T2523",
        "display": "Burn of second degree of toe(s) (nail)"
      }, {
        "code": "T25231",
        "display": "Burn of second degree of right toe(s) (nail)"
      }, {
        "code": "T25231A",
        "display": "Burn of second degree of right toe(s) (nail), init encntr"
      }, {
        "code": "T25231D",
        "display": "Burn of second degree of right toe(s) (nail), subs encntr"
      }, {
        "code": "T25231S",
        "display": "Burn of second degree of right toe(s) (nail), sequela"
      }, {
        "code": "T25232",
        "display": "Burn of second degree of left toe(s) (nail)"
      }, {
        "code": "T25232A",
        "display": "Burn of second degree of left toe(s) (nail), init encntr"
      }, {
        "code": "T25232D",
        "display": "Burn of second degree of left toe(s) (nail), subs encntr"
      }, {
        "code": "T25232S",
        "display": "Burn of second degree of left toe(s) (nail), sequela"
      }, {
        "code": "T25239",
        "display": "Burn of second degree of unspecified toe(s) (nail)"
      }, {
        "code": "T25239A",
        "display": "Burn of second degree of unsp toe(s) (nail), init encntr"
      }, {
        "code": "T25239D",
        "display": "Burn of second degree of unsp toe(s) (nail), subs encntr"
      }, {
        "code": "T25239S",
        "display": "Burn of second degree of unspecified toe(s) (nail), sequela"
      }, {
        "code": "T2529",
        "display": "Burn of second degree of multiple sites of ankle and foot"
      }, {
        "code": "T25291",
        "display": "Burn of 2nd deg mul sites of right ankle and foot"
      }, {
        "code": "T25291A",
        "display": "Burn of 2nd deg mul sites of right ankle and foot, init"
      }, {
        "code": "T25291D",
        "display": "Burn of 2nd deg mul sites of right ankle and foot, subs"
      }, {
        "code": "T25291S",
        "display": "Burn of 2nd deg mul sites of right ankle and foot, sequela"
      }, {
        "code": "T25292",
        "display": "Burn of 2nd deg mul sites of left ankle and foot"
      }, {
        "code": "T25292A",
        "display": "Burn of 2nd deg mul sites of left ankle and foot, init"
      }, {
        "code": "T25292D",
        "display": "Burn of 2nd deg mul sites of left ankle and foot, subs"
      }, {
        "code": "T25292S",
        "display": "Burn of 2nd deg mul sites of left ankle and foot, sequela"
      }, {
        "code": "T25299",
        "display": "Burn of 2nd deg mul sites of unsp ankle and foot"
      }, {
        "code": "T25299A",
        "display": "Burn of 2nd deg mul sites of unsp ankle and foot, init"
      }, {
        "code": "T25299D",
        "display": "Burn of 2nd deg mul sites of unsp ankle and foot, subs"
      }, {
        "code": "T25299S",
        "display": "Burn of 2nd deg mul sites of unsp ankle and foot, sequela"
      }, {
        "code": "T253",
        "display": "Burn of third degree of ankle and foot"
      }, {
        "code": "T2531",
        "display": "Burn of third degree of ankle"
      }, {
        "code": "T25311",
        "display": "Burn of third degree of right ankle"
      }, {
        "code": "T25311A",
        "display": "Burn of third degree of right ankle, initial encounter"
      }, {
        "code": "T25311D",
        "display": "Burn of third degree of right ankle, subsequent encounter"
      }, {
        "code": "T25311S",
        "display": "Burn of third degree of right ankle, sequela"
      }, {
        "code": "T25312",
        "display": "Burn of third degree of left ankle"
      }, {
        "code": "T25312A",
        "display": "Burn of third degree of left ankle, initial encounter"
      }, {
        "code": "T25312D",
        "display": "Burn of third degree of left ankle, subsequent encounter"
      }, {
        "code": "T25312S",
        "display": "Burn of third degree of left ankle, sequela"
      }, {
        "code": "T25319",
        "display": "Burn of third degree of unspecified ankle"
      }, {
        "code": "T25319A",
        "display": "Burn of third degree of unspecified ankle, initial encounter"
      }, {
        "code": "T25319D",
        "display": "Burn of third degree of unspecified ankle, subs encntr"
      }, {
        "code": "T25319S",
        "display": "Burn of third degree of unspecified ankle, sequela"
      }, {
        "code": "T2532",
        "display": "Burn of third degree of foot"
      }, {
        "code": "T25321",
        "display": "Burn of third degree of right foot"
      }, {
        "code": "T25321A",
        "display": "Burn of third degree of right foot, initial encounter"
      }, {
        "code": "T25321D",
        "display": "Burn of third degree of right foot, subsequent encounter"
      }, {
        "code": "T25321S",
        "display": "Burn of third degree of right foot, sequela"
      }, {
        "code": "T25322",
        "display": "Burn of third degree of left foot"
      }, {
        "code": "T25322A",
        "display": "Burn of third degree of left foot, initial encounter"
      }, {
        "code": "T25322D",
        "display": "Burn of third degree of left foot, subsequent encounter"
      }, {
        "code": "T25322S",
        "display": "Burn of third degree of left foot, sequela"
      }, {
        "code": "T25329",
        "display": "Burn of third degree of unspecified foot"
      }, {
        "code": "T25329A",
        "display": "Burn of third degree of unspecified foot, initial encounter"
      }, {
        "code": "T25329D",
        "display": "Burn of third degree of unspecified foot, subs encntr"
      }, {
        "code": "T25329S",
        "display": "Burn of third degree of unspecified foot, sequela"
      }, {
        "code": "T2533",
        "display": "Burn of third degree of toe(s) (nail)"
      }, {
        "code": "T25331",
        "display": "Burn of third degree of right toe(s) (nail)"
      }, {
        "code": "T25331A",
        "display": "Burn of third degree of right toe(s) (nail), init encntr"
      }, {
        "code": "T25331D",
        "display": "Burn of third degree of right toe(s) (nail), subs encntr"
      }, {
        "code": "T25331S",
        "display": "Burn of third degree of right toe(s) (nail), sequela"
      }, {
        "code": "T25332",
        "display": "Burn of third degree of left toe(s) (nail)"
      }, {
        "code": "T25332A",
        "display": "Burn of third degree of left toe(s) (nail), init encntr"
      }, {
        "code": "T25332D",
        "display": "Burn of third degree of left toe(s) (nail), subs encntr"
      }, {
        "code": "T25332S",
        "display": "Burn of third degree of left toe(s) (nail), sequela"
      }, {
        "code": "T25339",
        "display": "Burn of third degree of unspecified toe(s) (nail)"
      }, {
        "code": "T25339A",
        "display": "Burn of third degree of unsp toe(s) (nail), init encntr"
      }, {
        "code": "T25339D",
        "display": "Burn of third degree of unsp toe(s) (nail), subs encntr"
      }, {
        "code": "T25339S",
        "display": "Burn of third degree of unspecified toe(s) (nail), sequela"
      }, {
        "code": "T2539",
        "display": "Burn of third degree of multiple sites of ankle and foot"
      }, {
        "code": "T25391",
        "display": "Burn of 3rd deg mu sites of right ankle and foot"
      }, {
        "code": "T25391A",
        "display": "Burn of 3rd deg mu sites of right ankle and foot, init"
      }, {
        "code": "T25391D",
        "display": "Burn of 3rd deg mu sites of right ankle and foot, subs"
      }, {
        "code": "T25391S",
        "display": "Burn of 3rd deg mu sites of right ankle and foot, sequela"
      }, {
        "code": "T25392",
        "display": "Burn of 3rd deg mu sites of left ankle and foot"
      }, {
        "code": "T25392A",
        "display": "Burn of 3rd deg mu sites of left ankle and foot, init"
      }, {
        "code": "T25392D",
        "display": "Burn of 3rd deg mu sites of left ankle and foot, subs"
      }, {
        "code": "T25392S",
        "display": "Burn of 3rd deg mu sites of left ankle and foot, sequela"
      }, {
        "code": "T25399",
        "display": "Burn of 3rd deg mu sites of unsp ankle and foot"
      }, {
        "code": "T25399A",
        "display": "Burn of 3rd deg mu sites of unsp ankle and foot, init"
      }, {
        "code": "T25399D",
        "display": "Burn of 3rd deg mu sites of unsp ankle and foot, subs"
      }, {
        "code": "T25399S",
        "display": "Burn of 3rd deg mu sites of unsp ankle and foot, sequela"
      }, {
        "code": "T254",
        "display": "Corrosion of unspecified degree of ankle and foot"
      }, {
        "code": "T2541",
        "display": "Corrosion of unspecified degree of ankle"
      }, {
        "code": "T25411",
        "display": "Corrosion of unspecified degree of right ankle"
      }, {
        "code": "T25411A",
        "display": "Corrosion of unspecified degree of right ankle, init encntr"
      }, {
        "code": "T25411D",
        "display": "Corrosion of unspecified degree of right ankle, subs encntr"
      }, {
        "code": "T25411S",
        "display": "Corrosion of unspecified degree of right ankle, sequela"
      }, {
        "code": "T25412",
        "display": "Corrosion of unspecified degree of left ankle"
      }, {
        "code": "T25412A",
        "display": "Corrosion of unspecified degree of left ankle, init encntr"
      }, {
        "code": "T25412D",
        "display": "Corrosion of unspecified degree of left ankle, subs encntr"
      }, {
        "code": "T25412S",
        "display": "Corrosion of unspecified degree of left ankle, sequela"
      }, {
        "code": "T25419",
        "display": "Corrosion of unspecified degree of unspecified ankle"
      }, {
        "code": "T25419A",
        "display": "Corrosion of unsp degree of unspecified ankle, init encntr"
      }, {
        "code": "T25419D",
        "display": "Corrosion of unsp degree of unspecified ankle, subs encntr"
      }, {
        "code": "T25419S",
        "display": "Corrosion of unsp degree of unspecified ankle, sequela"
      }, {
        "code": "T2542",
        "display": "Corrosion of unspecified degree of foot"
      }, {
        "code": "T25421",
        "display": "Corrosion of unspecified degree of right foot"
      }, {
        "code": "T25421A",
        "display": "Corrosion of unspecified degree of right foot, init encntr"
      }, {
        "code": "T25421D",
        "display": "Corrosion of unspecified degree of right foot, subs encntr"
      }, {
        "code": "T25421S",
        "display": "Corrosion of unspecified degree of right foot, sequela"
      }, {
        "code": "T25422",
        "display": "Corrosion of unspecified degree of left foot"
      }, {
        "code": "T25422A",
        "display": "Corrosion of unspecified degree of left foot, init encntr"
      }, {
        "code": "T25422D",
        "display": "Corrosion of unspecified degree of left foot, subs encntr"
      }, {
        "code": "T25422S",
        "display": "Corrosion of unspecified degree of left foot, sequela"
      }, {
        "code": "T25429",
        "display": "Corrosion of unspecified degree of unspecified foot"
      }, {
        "code": "T25429A",
        "display": "Corrosion of unsp degree of unspecified foot, init encntr"
      }, {
        "code": "T25429D",
        "display": "Corrosion of unsp degree of unspecified foot, subs encntr"
      }, {
        "code": "T25429S",
        "display": "Corrosion of unspecified degree of unspecified foot, sequela"
      }, {
        "code": "T2543",
        "display": "Corrosion of unspecified degree of toe(s) (nail)"
      }, {
        "code": "T25431",
        "display": "Corrosion of unspecified degree of right toe(s) (nail)"
      }, {
        "code": "T25431A",
        "display": "Corrosion of unsp degree of right toe(s) (nail), init encntr"
      }, {
        "code": "T25431D",
        "display": "Corrosion of unsp degree of right toe(s) (nail), subs encntr"
      }, {
        "code": "T25431S",
        "display": "Corrosion of unsp degree of right toe(s) (nail), sequela"
      }, {
        "code": "T25432",
        "display": "Corrosion of unspecified degree of left toe(s) (nail)"
      }, {
        "code": "T25432A",
        "display": "Corrosion of unsp degree of left toe(s) (nail), init encntr"
      }, {
        "code": "T25432D",
        "display": "Corrosion of unsp degree of left toe(s) (nail), subs encntr"
      }, {
        "code": "T25432S",
        "display": "Corrosion of unsp degree of left toe(s) (nail), sequela"
      }, {
        "code": "T25439",
        "display": "Corrosion of unspecified degree of unspecified toe(s) (nail)"
      }, {
        "code": "T25439A",
        "display": "Corrosion of unsp degree of unsp toe(s) (nail), init encntr"
      }, {
        "code": "T25439D",
        "display": "Corrosion of unsp degree of unsp toe(s) (nail), subs encntr"
      }, {
        "code": "T25439S",
        "display": "Corrosion of unsp degree of unsp toe(s) (nail), sequela"
      }, {
        "code": "T2549",
        "display": "Corrosion of unsp degree of multiple sites of ankle and foot"
      }, {
        "code": "T25491",
        "display": "Corrosion of unsp deg mult sites of right ankle and foot"
      }, {
        "code": "T25491A",
        "display": "Corrosion of unsp deg mult sites of right ank/ft, init"
      }, {
        "code": "T25491D",
        "display": "Corrosion of unsp deg mult sites of right ank/ft, subs"
      }, {
        "code": "T25491S",
        "display": "Corrosion of unsp deg mult sites of right ank/ft, sequela"
      }, {
        "code": "T25492",
        "display": "Corrosion of unsp deg mult sites of left ankle and foot"
      }, {
        "code": "T25492A",
        "display": "Corrosion of unsp deg mult sites of left ank/ft, init"
      }, {
        "code": "T25492D",
        "display": "Corrosion of unsp deg mult sites of left ank/ft, subs"
      }, {
        "code": "T25492S",
        "display": "Corrosion of unsp deg mult sites of left ank/ft, sequela"
      }, {
        "code": "T25499",
        "display": "Corrosion of unsp deg mult sites of unsp ankle and foot"
      }, {
        "code": "T25499A",
        "display": "Corrosion of unsp deg mult sites of unsp ank/ft, init"
      }, {
        "code": "T25499D",
        "display": "Corrosion of unsp deg mult sites of unsp ank/ft, subs"
      }, {
        "code": "T25499S",
        "display": "Corrosion of unsp deg mult sites of unsp ank/ft, sequela"
      }, {
        "code": "T255",
        "display": "Corrosion of first degree of ankle and foot"
      }, {
        "code": "T2551",
        "display": "Corrosion of first degree of ankle"
      }, {
        "code": "T25511",
        "display": "Corrosion of first degree of right ankle"
      }, {
        "code": "T25511A",
        "display": "Corrosion of first degree of right ankle, initial encounter"
      }, {
        "code": "T25511D",
        "display": "Corrosion of first degree of right ankle, subs encntr"
      }, {
        "code": "T25511S",
        "display": "Corrosion of first degree of right ankle, sequela"
      }, {
        "code": "T25512",
        "display": "Corrosion of first degree of left ankle"
      }, {
        "code": "T25512A",
        "display": "Corrosion of first degree of left ankle, initial encounter"
      }, {
        "code": "T25512D",
        "display": "Corrosion of first degree of left ankle, subs encntr"
      }, {
        "code": "T25512S",
        "display": "Corrosion of first degree of left ankle, sequela"
      }, {
        "code": "T25519",
        "display": "Corrosion of first degree of unspecified ankle"
      }, {
        "code": "T25519A",
        "display": "Corrosion of first degree of unspecified ankle, init encntr"
      }, {
        "code": "T25519D",
        "display": "Corrosion of first degree of unspecified ankle, subs encntr"
      }, {
        "code": "T25519S",
        "display": "Corrosion of first degree of unspecified ankle, sequela"
      }, {
        "code": "T2552",
        "display": "Corrosion of first degree of foot"
      }, {
        "code": "T25521",
        "display": "Corrosion of first degree of right foot"
      }, {
        "code": "T25521A",
        "display": "Corrosion of first degree of right foot, initial encounter"
      }, {
        "code": "T25521D",
        "display": "Corrosion of first degree of right foot, subs encntr"
      }, {
        "code": "T25521S",
        "display": "Corrosion of first degree of right foot, sequela"
      }, {
        "code": "T25522",
        "display": "Corrosion of first degree of left foot"
      }, {
        "code": "T25522A",
        "display": "Corrosion of first degree of left foot, initial encounter"
      }, {
        "code": "T25522D",
        "display": "Corrosion of first degree of left foot, subsequent encounter"
      }, {
        "code": "T25522S",
        "display": "Corrosion of first degree of left foot, sequela"
      }, {
        "code": "T25529",
        "display": "Corrosion of first degree of unspecified foot"
      }, {
        "code": "T25529A",
        "display": "Corrosion of first degree of unspecified foot, init encntr"
      }, {
        "code": "T25529D",
        "display": "Corrosion of first degree of unspecified foot, subs encntr"
      }, {
        "code": "T25529S",
        "display": "Corrosion of first degree of unspecified foot, sequela"
      }, {
        "code": "T2553",
        "display": "Corrosion of first degree of toe(s) (nail)"
      }, {
        "code": "T25531",
        "display": "Corrosion of first degree of right toe(s) (nail)"
      }, {
        "code": "T25531A",
        "display": "Corrosion of first degree of right toe(s) (nail), init"
      }, {
        "code": "T25531D",
        "display": "Corrosion of first degree of right toe(s) (nail), subs"
      }, {
        "code": "T25531S",
        "display": "Corrosion of first degree of right toe(s) (nail), sequela"
      }, {
        "code": "T25532",
        "display": "Corrosion of first degree of left toe(s) (nail)"
      }, {
        "code": "T25532A",
        "display": "Corrosion of first degree of left toe(s) (nail), init encntr"
      }, {
        "code": "T25532D",
        "display": "Corrosion of first degree of left toe(s) (nail), subs encntr"
      }, {
        "code": "T25532S",
        "display": "Corrosion of first degree of left toe(s) (nail), sequela"
      }, {
        "code": "T25539",
        "display": "Corrosion of first degree of unspecified toe(s) (nail)"
      }, {
        "code": "T25539A",
        "display": "Corrosion of first degree of unsp toe(s) (nail), init encntr"
      }, {
        "code": "T25539D",
        "display": "Corrosion of first degree of unsp toe(s) (nail), subs encntr"
      }, {
        "code": "T25539S",
        "display": "Corrosion of first degree of unsp toe(s) (nail), sequela"
      }, {
        "code": "T2559",
        "display": "Corrosion of first deg mult sites of ankle and foot"
      }, {
        "code": "T25591",
        "display": "Corrosion of first deg mult sites of right ankle and foot"
      }, {
        "code": "T25591A",
        "display": "Corrosion of first deg mult sites of right ank/ft, init"
      }, {
        "code": "T25591D",
        "display": "Corrosion of first deg mult sites of right ank/ft, subs"
      }, {
        "code": "T25591S",
        "display": "Corrosion of first deg mult sites of right ank/ft, sequela"
      }, {
        "code": "T25592",
        "display": "Corrosion of first deg mult sites of left ankle and foot"
      }, {
        "code": "T25592A",
        "display": "Corrosion of first deg mult sites of left ank/ft, init"
      }, {
        "code": "T25592D",
        "display": "Corrosion of first deg mult sites of left ank/ft, subs"
      }, {
        "code": "T25592S",
        "display": "Corrosion of first deg mult sites of left ank/ft, sequela"
      }, {
        "code": "T25599",
        "display": "Corrosion of first deg mult sites of unsp ankle and foot"
      }, {
        "code": "T25599A",
        "display": "Corrosion of first deg mult sites of unsp ank/ft, init"
      }, {
        "code": "T25599D",
        "display": "Corrosion of first deg mult sites of unsp ank/ft, subs"
      }, {
        "code": "T25599S",
        "display": "Corrosion of first deg mult sites of unsp ank/ft, sequela"
      }, {
        "code": "T256",
        "display": "Corrosion of second degree of ankle and foot"
      }, {
        "code": "T2561",
        "display": "Corrosion of second degree of ankle"
      }, {
        "code": "T25611",
        "display": "Corrosion of second degree of right ankle"
      }, {
        "code": "T25611A",
        "display": "Corrosion of second degree of right ankle, initial encounter"
      }, {
        "code": "T25611D",
        "display": "Corrosion of second degree of right ankle, subs encntr"
      }, {
        "code": "T25611S",
        "display": "Corrosion of second degree of right ankle, sequela"
      }, {
        "code": "T25612",
        "display": "Corrosion of second degree of left ankle"
      }, {
        "code": "T25612A",
        "display": "Corrosion of second degree of left ankle, initial encounter"
      }, {
        "code": "T25612D",
        "display": "Corrosion of second degree of left ankle, subs encntr"
      }, {
        "code": "T25612S",
        "display": "Corrosion of second degree of left ankle, sequela"
      }, {
        "code": "T25619",
        "display": "Corrosion of second degree of unspecified ankle"
      }, {
        "code": "T25619A",
        "display": "Corrosion of second degree of unspecified ankle, init encntr"
      }, {
        "code": "T25619D",
        "display": "Corrosion of second degree of unspecified ankle, subs encntr"
      }, {
        "code": "T25619S",
        "display": "Corrosion of second degree of unspecified ankle, sequela"
      }, {
        "code": "T2562",
        "display": "Corrosion of second degree of foot"
      }, {
        "code": "T25621",
        "display": "Corrosion of second degree of right foot"
      }, {
        "code": "T25621A",
        "display": "Corrosion of second degree of right foot, initial encounter"
      }, {
        "code": "T25621D",
        "display": "Corrosion of second degree of right foot, subs encntr"
      }, {
        "code": "T25621S",
        "display": "Corrosion of second degree of right foot, sequela"
      }, {
        "code": "T25622",
        "display": "Corrosion of second degree of left foot"
      }, {
        "code": "T25622A",
        "display": "Corrosion of second degree of left foot, initial encounter"
      }, {
        "code": "T25622D",
        "display": "Corrosion of second degree of left foot, subs encntr"
      }, {
        "code": "T25622S",
        "display": "Corrosion of second degree of left foot, sequela"
      }, {
        "code": "T25629",
        "display": "Corrosion of second degree of unspecified foot"
      }, {
        "code": "T25629A",
        "display": "Corrosion of second degree of unspecified foot, init encntr"
      }, {
        "code": "T25629D",
        "display": "Corrosion of second degree of unspecified foot, subs encntr"
      }, {
        "code": "T25629S",
        "display": "Corrosion of second degree of unspecified foot, sequela"
      }, {
        "code": "T2563",
        "display": "Corrosion of second degree of toe(s) (nail)"
      }, {
        "code": "T25631",
        "display": "Corrosion of second degree of right toe(s) (nail)"
      }, {
        "code": "T25631A",
        "display": "Corrosion of second degree of right toe(s) (nail), init"
      }, {
        "code": "T25631D",
        "display": "Corrosion of second degree of right toe(s) (nail), subs"
      }, {
        "code": "T25631S",
        "display": "Corrosion of second degree of right toe(s) (nail), sequela"
      }, {
        "code": "T25632",
        "display": "Corrosion of second degree of left toe(s) (nail)"
      }, {
        "code": "T25632A",
        "display": "Corrosion of second degree of left toe(s) (nail), init"
      }, {
        "code": "T25632D",
        "display": "Corrosion of second degree of left toe(s) (nail), subs"
      }, {
        "code": "T25632S",
        "display": "Corrosion of second degree of left toe(s) (nail), sequela"
      }, {
        "code": "T25639",
        "display": "Corrosion of second degree of unspecified toe(s) (nail)"
      }, {
        "code": "T25639A",
        "display": "Corrosion of second degree of unsp toe(s) (nail), init"
      }, {
        "code": "T25639D",
        "display": "Corrosion of second degree of unsp toe(s) (nail), subs"
      }, {
        "code": "T25639S",
        "display": "Corrosion of second degree of unsp toe(s) (nail), sequela"
      }, {
        "code": "T2569",
        "display": "Corrosion of 2nd deg mul sites of ankle and foot"
      }, {
        "code": "T25691",
        "display": "Corrosion of second degree of right ankle and foot"
      }, {
        "code": "T25691A",
        "display": "Corrosion of second degree of right ankle and foot, init"
      }, {
        "code": "T25691D",
        "display": "Corrosion of second degree of right ankle and foot, subs"
      }, {
        "code": "T25691S",
        "display": "Corrosion of second degree of right ankle and foot, sequela"
      }, {
        "code": "T25692",
        "display": "Corrosion of second degree of left ankle and foot"
      }, {
        "code": "T25692A",
        "display": "Corrosion of second degree of left ankle and foot, init"
      }, {
        "code": "T25692D",
        "display": "Corrosion of second degree of left ankle and foot, subs"
      }, {
        "code": "T25692S",
        "display": "Corrosion of second degree of left ankle and foot, sequela"
      }, {
        "code": "T25699",
        "display": "Corrosion of second degree of unspecified ankle and foot"
      }, {
        "code": "T25699A",
        "display": "Corrosion of second degree of unsp ankle and foot, init"
      }, {
        "code": "T25699D",
        "display": "Corrosion of second degree of unsp ankle and foot, subs"
      }, {
        "code": "T25699S",
        "display": "Corrosion of second degree of unsp ankle and foot, sequela"
      }, {
        "code": "T257",
        "display": "Corrosion of third degree of ankle and foot"
      }, {
        "code": "T2571",
        "display": "Corrosion of third degree of ankle"
      }, {
        "code": "T25711",
        "display": "Corrosion of third degree of right ankle"
      }, {
        "code": "T25711A",
        "display": "Corrosion of third degree of right ankle, initial encounter"
      }, {
        "code": "T25711D",
        "display": "Corrosion of third degree of right ankle, subs encntr"
      }, {
        "code": "T25711S",
        "display": "Corrosion of third degree of right ankle, sequela"
      }, {
        "code": "T25712",
        "display": "Corrosion of third degree of left ankle"
      }, {
        "code": "T25712A",
        "display": "Corrosion of third degree of left ankle, initial encounter"
      }, {
        "code": "T25712D",
        "display": "Corrosion of third degree of left ankle, subs encntr"
      }, {
        "code": "T25712S",
        "display": "Corrosion of third degree of left ankle, sequela"
      }, {
        "code": "T25719",
        "display": "Corrosion of third degree of unspecified ankle"
      }, {
        "code": "T25719A",
        "display": "Corrosion of third degree of unspecified ankle, init encntr"
      }, {
        "code": "T25719D",
        "display": "Corrosion of third degree of unspecified ankle, subs encntr"
      }, {
        "code": "T25719S",
        "display": "Corrosion of third degree of unspecified ankle, sequela"
      }, {
        "code": "T2572",
        "display": "Corrosion of third degree of foot"
      }, {
        "code": "T25721",
        "display": "Corrosion of third degree of right foot"
      }, {
        "code": "T25721A",
        "display": "Corrosion of third degree of right foot, initial encounter"
      }, {
        "code": "T25721D",
        "display": "Corrosion of third degree of right foot, subs encntr"
      }, {
        "code": "T25721S",
        "display": "Corrosion of third degree of right foot, sequela"
      }, {
        "code": "T25722",
        "display": "Corrosion of third degree of left foot"
      }, {
        "code": "T25722A",
        "display": "Corrosion of third degree of left foot, initial encounter"
      }, {
        "code": "T25722D",
        "display": "Corrosion of third degree of left foot, subsequent encounter"
      }, {
        "code": "T25722S",
        "display": "Corrosion of third degree of left foot, sequela"
      }, {
        "code": "T25729",
        "display": "Corrosion of third degree of unspecified foot"
      }, {
        "code": "T25729A",
        "display": "Corrosion of third degree of unspecified foot, init encntr"
      }, {
        "code": "T25729D",
        "display": "Corrosion of third degree of unspecified foot, subs encntr"
      }, {
        "code": "T25729S",
        "display": "Corrosion of third degree of unspecified foot, sequela"
      }, {
        "code": "T2573",
        "display": "Corrosion of third degree of toe(s) (nail)"
      }, {
        "code": "T25731",
        "display": "Corrosion of third degree of right toe(s) (nail)"
      }, {
        "code": "T25731A",
        "display": "Corrosion of third degree of right toe(s) (nail), init"
      }, {
        "code": "T25731D",
        "display": "Corrosion of third degree of right toe(s) (nail), subs"
      }, {
        "code": "T25731S",
        "display": "Corrosion of third degree of right toe(s) (nail), sequela"
      }, {
        "code": "T25732",
        "display": "Corrosion of third degree of left toe(s) (nail)"
      }, {
        "code": "T25732A",
        "display": "Corrosion of third degree of left toe(s) (nail), init encntr"
      }, {
        "code": "T25732D",
        "display": "Corrosion of third degree of left toe(s) (nail), subs encntr"
      }, {
        "code": "T25732S",
        "display": "Corrosion of third degree of left toe(s) (nail), sequela"
      }, {
        "code": "T25739",
        "display": "Corrosion of third degree of unspecified toe(s) (nail)"
      }, {
        "code": "T25739A",
        "display": "Corrosion of third degree of unsp toe(s) (nail), init encntr"
      }, {
        "code": "T25739D",
        "display": "Corrosion of third degree of unsp toe(s) (nail), subs encntr"
      }, {
        "code": "T25739S",
        "display": "Corrosion of third degree of unsp toe(s) (nail), sequela"
      }, {
        "code": "T2579",
        "display": "Corrosion of 3rd deg mu sites of ankle and foot"
      }, {
        "code": "T25791",
        "display": "Corrosion of 3rd deg mu sites of right ankle and foot"
      }, {
        "code": "T25791A",
        "display": "Corrosion of 3rd deg mu sites of right ankle and foot, init"
      }, {
        "code": "T25791D",
        "display": "Corrosion of 3rd deg mu sites of right ankle and foot, subs"
      }, {
        "code": "T25791S",
        "display": "Corrosion of 3rd deg mu sites of right ank/ft, sequela"
      }, {
        "code": "T25792",
        "display": "Corrosion of 3rd deg mu sites of left ankle and foot"
      }, {
        "code": "T25792A",
        "display": "Corrosion of 3rd deg mu sites of left ankle and foot, init"
      }, {
        "code": "T25792D",
        "display": "Corrosion of 3rd deg mu sites of left ankle and foot, subs"
      }, {
        "code": "T25792S",
        "display": "Corrosion of 3rd deg mu sites of left ank/ft, sequela"
      }, {
        "code": "T25799",
        "display": "Corrosion of 3rd deg mu sites of unsp ankle and foot"
      }, {
        "code": "T25799A",
        "display": "Corrosion of 3rd deg mu sites of unsp ankle and foot, init"
      }, {
        "code": "T25799D",
        "display": "Corrosion of 3rd deg mu sites of unsp ankle and foot, subs"
      }, {
        "code": "T25799S",
        "display": "Corrosion of 3rd deg mu sites of unsp ank/ft, sequela"
      } ]
    } ]
  }
}