{
  "resourceType": "ValueSet",
  "id": "T22",
  "url": "http://hl7.org/fhir/sid/icd-10-cm-1487",
  "version": "1.0",
  "name": "Burn and corrosion of shldr/up lmb, except wrist and hand",
  "title": "Burn and corrosion of shoulder and upper limb, except wrist and hand",
  "status": "active",
  "compose": {
    "include": [ {
      "system": "http://hl7.org/fhir/sid/icd-10-cm",
      "concept": [ {
        "code": "T220",
        "display": "Burn of unsp degree of shldr/up lmb, except wrist and hand"
      }, {
        "code": "T2200",
        "display": "Burn unsp degree of shldr/up lmb, except wrs/hnd, unsp site"
      }, {
        "code": "T2200XA",
        "display": "Burn unsp deg of shldr/up lmb, ex wrs/hnd, unsp site, init"
      }, {
        "code": "T2200XD",
        "display": "Burn unsp deg of shldr/up lmb, ex wrs/hnd, unsp site, subs"
      }, {
        "code": "T2200XS",
        "display": "Burn unsp deg of shldr/up lmb, ex wrs/hnd, unsp site, sqla"
      }, {
        "code": "T2201",
        "display": "Burn of unspecified degree of forearm"
      }, {
        "code": "T22011",
        "display": "Burn of unspecified degree of right forearm"
      }, {
        "code": "T22011A",
        "display": "Burn of unspecified degree of right forearm, init encntr"
      }, {
        "code": "T22011D",
        "display": "Burn of unspecified degree of right forearm, subs encntr"
      }, {
        "code": "T22011S",
        "display": "Burn of unspecified degree of right forearm, sequela"
      }, {
        "code": "T22012",
        "display": "Burn of unspecified degree of left forearm"
      }, {
        "code": "T22012A",
        "display": "Burn of unspecified degree of left forearm, init encntr"
      }, {
        "code": "T22012D",
        "display": "Burn of unspecified degree of left forearm, subs encntr"
      }, {
        "code": "T22012S",
        "display": "Burn of unspecified degree of left forearm, sequela"
      }, {
        "code": "T22019",
        "display": "Burn of unspecified degree of unspecified forearm"
      }, {
        "code": "T22019A",
        "display": "Burn of unsp degree of unspecified forearm, init encntr"
      }, {
        "code": "T22019D",
        "display": "Burn of unsp degree of unspecified forearm, subs encntr"
      }, {
        "code": "T22019S",
        "display": "Burn of unspecified degree of unspecified forearm, sequela"
      }, {
        "code": "T2202",
        "display": "Burn of unspecified degree of elbow"
      }, {
        "code": "T22021",
        "display": "Burn of unspecified degree of right elbow"
      }, {
        "code": "T22021A",
        "display": "Burn of unspecified degree of right elbow, initial encounter"
      }, {
        "code": "T22021D",
        "display": "Burn of unspecified degree of right elbow, subs encntr"
      }, {
        "code": "T22021S",
        "display": "Burn of unspecified degree of right elbow, sequela"
      }, {
        "code": "T22022",
        "display": "Burn of unspecified degree of left elbow"
      }, {
        "code": "T22022A",
        "display": "Burn of unspecified degree of left elbow, initial encounter"
      }, {
        "code": "T22022D",
        "display": "Burn of unspecified degree of left elbow, subs encntr"
      }, {
        "code": "T22022S",
        "display": "Burn of unspecified degree of left elbow, sequela"
      }, {
        "code": "T22029",
        "display": "Burn of unspecified degree of unspecified elbow"
      }, {
        "code": "T22029A",
        "display": "Burn of unspecified degree of unspecified elbow, init encntr"
      }, {
        "code": "T22029D",
        "display": "Burn of unspecified degree of unspecified elbow, subs encntr"
      }, {
        "code": "T22029S",
        "display": "Burn of unspecified degree of unspecified elbow, sequela"
      }, {
        "code": "T2203",
        "display": "Burn of unspecified degree of upper arm"
      }, {
        "code": "T22031",
        "display": "Burn of unspecified degree of right upper arm"
      }, {
        "code": "T22031A",
        "display": "Burn of unspecified degree of right upper arm, init encntr"
      }, {
        "code": "T22031D",
        "display": "Burn of unspecified degree of right upper arm, subs encntr"
      }, {
        "code": "T22031S",
        "display": "Burn of unspecified degree of right upper arm, sequela"
      }, {
        "code": "T22032",
        "display": "Burn of unspecified degree of left upper arm"
      }, {
        "code": "T22032A",
        "display": "Burn of unspecified degree of left upper arm, init encntr"
      }, {
        "code": "T22032D",
        "display": "Burn of unspecified degree of left upper arm, subs encntr"
      }, {
        "code": "T22032S",
        "display": "Burn of unspecified degree of left upper arm, sequela"
      }, {
        "code": "T22039",
        "display": "Burn of unspecified degree of unspecified upper arm"
      }, {
        "code": "T22039A",
        "display": "Burn of unsp degree of unspecified upper arm, init encntr"
      }, {
        "code": "T22039D",
        "display": "Burn of unsp degree of unspecified upper arm, subs encntr"
      }, {
        "code": "T22039S",
        "display": "Burn of unspecified degree of unspecified upper arm, sequela"
      }, {
        "code": "T2204",
        "display": "Burn of unspecified degree of axilla"
      }, {
        "code": "T22041",
        "display": "Burn of unspecified degree of right axilla"
      }, {
        "code": "T22041A",
        "display": "Burn of unspecified degree of right axilla, init encntr"
      }, {
        "code": "T22041D",
        "display": "Burn of unspecified degree of right axilla, subs encntr"
      }, {
        "code": "T22041S",
        "display": "Burn of unspecified degree of right axilla, sequela"
      }, {
        "code": "T22042",
        "display": "Burn of unspecified degree of left axilla"
      }, {
        "code": "T22042A",
        "display": "Burn of unspecified degree of left axilla, initial encounter"
      }, {
        "code": "T22042D",
        "display": "Burn of unspecified degree of left axilla, subs encntr"
      }, {
        "code": "T22042S",
        "display": "Burn of unspecified degree of left axilla, sequela"
      }, {
        "code": "T22049",
        "display": "Burn of unspecified degree of unspecified axilla"
      }, {
        "code": "T22049A",
        "display": "Burn of unsp degree of unspecified axilla, init encntr"
      }, {
        "code": "T22049D",
        "display": "Burn of unsp degree of unspecified axilla, subs encntr"
      }, {
        "code": "T22049S",
        "display": "Burn of unspecified degree of unspecified axilla, sequela"
      }, {
        "code": "T2205",
        "display": "Burn of unspecified degree of shoulder"
      }, {
        "code": "T22051",
        "display": "Burn of unspecified degree of right shoulder"
      }, {
        "code": "T22051A",
        "display": "Burn of unspecified degree of right shoulder, init encntr"
      }, {
        "code": "T22051D",
        "display": "Burn of unspecified degree of right shoulder, subs encntr"
      }, {
        "code": "T22051S",
        "display": "Burn of unspecified degree of right shoulder, sequela"
      }, {
        "code": "T22052",
        "display": "Burn of unspecified degree of left shoulder"
      }, {
        "code": "T22052A",
        "display": "Burn of unspecified degree of left shoulder, init encntr"
      }, {
        "code": "T22052D",
        "display": "Burn of unspecified degree of left shoulder, subs encntr"
      }, {
        "code": "T22052S",
        "display": "Burn of unspecified degree of left shoulder, sequela"
      }, {
        "code": "T22059",
        "display": "Burn of unspecified degree of unspecified shoulder"
      }, {
        "code": "T22059A",
        "display": "Burn of unsp degree of unspecified shoulder, init encntr"
      }, {
        "code": "T22059D",
        "display": "Burn of unsp degree of unspecified shoulder, subs encntr"
      }, {
        "code": "T22059S",
        "display": "Burn of unspecified degree of unspecified shoulder, sequela"
      }, {
        "code": "T2206",
        "display": "Burn of unspecified degree of scapular region"
      }, {
        "code": "T22061",
        "display": "Burn of unspecified degree of right scapular region"
      }, {
        "code": "T22061A",
        "display": "Burn of unsp degree of right scapular region, init encntr"
      }, {
        "code": "T22061D",
        "display": "Burn of unsp degree of right scapular region, subs encntr"
      }, {
        "code": "T22061S",
        "display": "Burn of unspecified degree of right scapular region, sequela"
      }, {
        "code": "T22062",
        "display": "Burn of unspecified degree of left scapular region"
      }, {
        "code": "T22062A",
        "display": "Burn of unsp degree of left scapular region, init encntr"
      }, {
        "code": "T22062D",
        "display": "Burn of unsp degree of left scapular region, subs encntr"
      }, {
        "code": "T22062S",
        "display": "Burn of unspecified degree of left scapular region, sequela"
      }, {
        "code": "T22069",
        "display": "Burn of unspecified degree of unspecified scapular region"
      }, {
        "code": "T22069A",
        "display": "Burn of unsp degree of unsp scapular region, init encntr"
      }, {
        "code": "T22069D",
        "display": "Burn of unsp degree of unsp scapular region, subs encntr"
      }, {
        "code": "T22069S",
        "display": "Burn of unsp degree of unspecified scapular region, sequela"
      }, {
        "code": "T2209",
        "display": "Burn of unsp deg mult sites of shldr/up lmb, except wrs/hnd"
      }, {
        "code": "T22091",
        "display": "Burn unsp deg mult sites of right shldr/up lmb, ex wrs/hnd"
      }, {
        "code": "T22091A",
        "display": "Burn unsp deg mult sites of r shldr/up lmb, ex wrs/hnd, init"
      }, {
        "code": "T22091D",
        "display": "Burn unsp deg mult sites of r shldr/up lmb, ex wrs/hnd, subs"
      }, {
        "code": "T22091S",
        "display": "Burn unsp deg mult sites of r shldr/up lmb, ex wrs/hnd, sqla"
      }, {
        "code": "T22092",
        "display": "Burn unsp deg mult sites of left shldr/up lmb, ex wrs/hnd"
      }, {
        "code": "T22092A",
        "display": "Burn unsp deg mult site of l shldr/up lmb, ex wrs/hnd, init"
      }, {
        "code": "T22092D",
        "display": "Burn unsp deg mult site of l shldr/up lmb, ex wrs/hnd, subs"
      }, {
        "code": "T22092S",
        "display": "Burn unsp deg mult site of l shldr/up lmb, ex wrs/hnd, sqla"
      }, {
        "code": "T22099",
        "display": "Burn of unsp deg mult sites of shldr/up lmb, except wrs/hnd"
      }, {
        "code": "T22099A",
        "display": "Burn unsp deg mult sites of shldr/up lmb, ex wrs/hnd, init"
      }, {
        "code": "T22099D",
        "display": "Burn unsp deg mult sites of shldr/up lmb, ex wrs/hnd, subs"
      }, {
        "code": "T22099S",
        "display": "Burn unsp deg mult sites of shldr/up lmb, ex wrs/hnd, sqla"
      }, {
        "code": "T221",
        "display": "Burn of first degree of shldr/up lmb, except wrist and hand"
      }, {
        "code": "T2210",
        "display": "Burn first degree of shldr/up lmb, except wrs/hnd, unsp site"
      }, {
        "code": "T2210XA",
        "display": "Burn first deg of shldr/up lmb, ex wrs/hnd, unsp site, init"
      }, {
        "code": "T2210XD",
        "display": "Burn first deg of shldr/up lmb, ex wrs/hnd, unsp site, subs"
      }, {
        "code": "T2210XS",
        "display": "Burn first deg of shldr/up lmb, ex wrs/hnd, unsp site, sqla"
      }, {
        "code": "T2211",
        "display": "Burn of first degree of forearm"
      }, {
        "code": "T22111",
        "display": "Burn of first degree of right forearm"
      }, {
        "code": "T22111A",
        "display": "Burn of first degree of right forearm, initial encounter"
      }, {
        "code": "T22111D",
        "display": "Burn of first degree of right forearm, subsequent encounter"
      }, {
        "code": "T22111S",
        "display": "Burn of first degree of right forearm, sequela"
      }, {
        "code": "T22112",
        "display": "Burn of first degree of left forearm"
      }, {
        "code": "T22112A",
        "display": "Burn of first degree of left forearm, initial encounter"
      }, {
        "code": "T22112D",
        "display": "Burn of first degree of left forearm, subsequent encounter"
      }, {
        "code": "T22112S",
        "display": "Burn of first degree of left forearm, sequela"
      }, {
        "code": "T22119",
        "display": "Burn of first degree of unspecified forearm"
      }, {
        "code": "T22119A",
        "display": "Burn of first degree of unspecified forearm, init encntr"
      }, {
        "code": "T22119D",
        "display": "Burn of first degree of unspecified forearm, subs encntr"
      }, {
        "code": "T22119S",
        "display": "Burn of first degree of unspecified forearm, sequela"
      }, {
        "code": "T2212",
        "display": "Burn of first degree of elbow"
      }, {
        "code": "T22121",
        "display": "Burn of first degree of right elbow"
      }, {
        "code": "T22121A",
        "display": "Burn of first degree of right elbow, initial encounter"
      }, {
        "code": "T22121D",
        "display": "Burn of first degree of right elbow, subsequent encounter"
      }, {
        "code": "T22121S",
        "display": "Burn of first degree of right elbow, sequela"
      }, {
        "code": "T22122",
        "display": "Burn of first degree of left elbow"
      }, {
        "code": "T22122A",
        "display": "Burn of first degree of left elbow, initial encounter"
      }, {
        "code": "T22122D",
        "display": "Burn of first degree of left elbow, subsequent encounter"
      }, {
        "code": "T22122S",
        "display": "Burn of first degree of left elbow, sequela"
      }, {
        "code": "T22129",
        "display": "Burn of first degree of unspecified elbow"
      }, {
        "code": "T22129A",
        "display": "Burn of first degree of unspecified elbow, initial encounter"
      }, {
        "code": "T22129D",
        "display": "Burn of first degree of unspecified elbow, subs encntr"
      }, {
        "code": "T22129S",
        "display": "Burn of first degree of unspecified elbow, sequela"
      }, {
        "code": "T2213",
        "display": "Burn of first degree of upper arm"
      }, {
        "code": "T22131",
        "display": "Burn of first degree of right upper arm"
      }, {
        "code": "T22131A",
        "display": "Burn of first degree of right upper arm, initial encounter"
      }, {
        "code": "T22131D",
        "display": "Burn of first degree of right upper arm, subs encntr"
      }, {
        "code": "T22131S",
        "display": "Burn of first degree of right upper arm, sequela"
      }, {
        "code": "T22132",
        "display": "Burn of first degree of left upper arm"
      }, {
        "code": "T22132A",
        "display": "Burn of first degree of left upper arm, initial encounter"
      }, {
        "code": "T22132D",
        "display": "Burn of first degree of left upper arm, subsequent encounter"
      }, {
        "code": "T22132S",
        "display": "Burn of first degree of left upper arm, sequela"
      }, {
        "code": "T22139",
        "display": "Burn of first degree of unspecified upper arm"
      }, {
        "code": "T22139A",
        "display": "Burn of first degree of unspecified upper arm, init encntr"
      }, {
        "code": "T22139D",
        "display": "Burn of first degree of unspecified upper arm, subs encntr"
      }, {
        "code": "T22139S",
        "display": "Burn of first degree of unspecified upper arm, sequela"
      }, {
        "code": "T2214",
        "display": "Burn of first degree of axilla"
      }, {
        "code": "T22141",
        "display": "Burn of first degree of right axilla"
      }, {
        "code": "T22141A",
        "display": "Burn of first degree of right axilla, initial encounter"
      }, {
        "code": "T22141D",
        "display": "Burn of first degree of right axilla, subsequent encounter"
      }, {
        "code": "T22141S",
        "display": "Burn of first degree of right axilla, sequela"
      }, {
        "code": "T22142",
        "display": "Burn of first degree of left axilla"
      }, {
        "code": "T22142A",
        "display": "Burn of first degree of left axilla, initial encounter"
      }, {
        "code": "T22142D",
        "display": "Burn of first degree of left axilla, subsequent encounter"
      }, {
        "code": "T22142S",
        "display": "Burn of first degree of left axilla, sequela"
      }, {
        "code": "T22149",
        "display": "Burn of first degree of unspecified axilla"
      }, {
        "code": "T22149A",
        "display": "Burn of first degree of unspecified axilla, init encntr"
      }, {
        "code": "T22149D",
        "display": "Burn of first degree of unspecified axilla, subs encntr"
      }, {
        "code": "T22149S",
        "display": "Burn of first degree of unspecified axilla, sequela"
      }, {
        "code": "T2215",
        "display": "Burn of first degree of shoulder"
      }, {
        "code": "T22151",
        "display": "Burn of first degree of right shoulder"
      }, {
        "code": "T22151A",
        "display": "Burn of first degree of right shoulder, initial encounter"
      }, {
        "code": "T22151D",
        "display": "Burn of first degree of right shoulder, subsequent encounter"
      }, {
        "code": "T22151S",
        "display": "Burn of first degree of right shoulder, sequela"
      }, {
        "code": "T22152",
        "display": "Burn of first degree of left shoulder"
      }, {
        "code": "T22152A",
        "display": "Burn of first degree of left shoulder, initial encounter"
      }, {
        "code": "T22152D",
        "display": "Burn of first degree of left shoulder, subsequent encounter"
      }, {
        "code": "T22152S",
        "display": "Burn of first degree of left shoulder, sequela"
      }, {
        "code": "T22159",
        "display": "Burn of first degree of unspecified shoulder"
      }, {
        "code": "T22159A",
        "display": "Burn of first degree of unspecified shoulder, init encntr"
      }, {
        "code": "T22159D",
        "display": "Burn of first degree of unspecified shoulder, subs encntr"
      }, {
        "code": "T22159S",
        "display": "Burn of first degree of unspecified shoulder, sequela"
      }, {
        "code": "T2216",
        "display": "Burn of first degree of scapular region"
      }, {
        "code": "T22161",
        "display": "Burn of first degree of right scapular region"
      }, {
        "code": "T22161A",
        "display": "Burn of first degree of right scapular region, init encntr"
      }, {
        "code": "T22161D",
        "display": "Burn of first degree of right scapular region, subs encntr"
      }, {
        "code": "T22161S",
        "display": "Burn of first degree of right scapular region, sequela"
      }, {
        "code": "T22162",
        "display": "Burn of first degree of left scapular region"
      }, {
        "code": "T22162A",
        "display": "Burn of first degree of left scapular region, init encntr"
      }, {
        "code": "T22162D",
        "display": "Burn of first degree of left scapular region, subs encntr"
      }, {
        "code": "T22162S",
        "display": "Burn of first degree of left scapular region, sequela"
      }, {
        "code": "T22169",
        "display": "Burn of first degree of unspecified scapular region"
      }, {
        "code": "T22169A",
        "display": "Burn of first degree of unsp scapular region, init encntr"
      }, {
        "code": "T22169D",
        "display": "Burn of first degree of unsp scapular region, subs encntr"
      }, {
        "code": "T22169S",
        "display": "Burn of first degree of unspecified scapular region, sequela"
      }, {
        "code": "T2219",
        "display": "Burn of first deg mult sites of shldr/up lmb, except wrs/hnd"
      }, {
        "code": "T22191",
        "display": "Burn first deg mult sites of right shldr/up lmb, ex wrs/hnd"
      }, {
        "code": "T22191A",
        "display": "Burn 1st deg mult sites of r shldr/up lmb, ex wrs/hnd, init"
      }, {
        "code": "T22191D",
        "display": "Burn 1st deg mult sites of r shldr/up lmb, ex wrs/hnd, subs"
      }, {
        "code": "T22191S",
        "display": "Burn 1st deg mult sites of r shldr/up lmb, ex wrs/hnd, sqla"
      }, {
        "code": "T22192",
        "display": "Burn first deg mult sites of left shldr/up lmb, ex wrs/hnd"
      }, {
        "code": "T22192A",
        "display": "Burn 1st deg mult site of l shldr/up lmb, ex wrs/hnd, init"
      }, {
        "code": "T22192D",
        "display": "Burn 1st deg mult site of l shldr/up lmb, ex wrs/hnd, subs"
      }, {
        "code": "T22192S",
        "display": "Burn 1st deg mult site of l shldr/up lmb, ex wrs/hnd, sqla"
      }, {
        "code": "T22199",
        "display": "Burn of first deg mult sites of shldr/up lmb, except wrs/hnd"
      }, {
        "code": "T22199A",
        "display": "Burn first deg mult sites of shldr/up lmb, ex wrs/hnd, init"
      }, {
        "code": "T22199D",
        "display": "Burn first deg mult sites of shldr/up lmb, ex wrs/hnd, subs"
      }, {
        "code": "T22199S",
        "display": "Burn first deg mult sites of shldr/up lmb, ex wrs/hnd, sqla"
      }, {
        "code": "T222",
        "display": "Burn of second degree of shldr/up lmb, except wrist and hand"
      }, {
        "code": "T2220",
        "display": "Burn second deg of shldr/up lmb, except wrs/hnd, unsp site"
      }, {
        "code": "T2220XA",
        "display": "Burn second deg of shldr/up lmb, ex wrs/hnd, unsp site, init"
      }, {
        "code": "T2220XD",
        "display": "Burn second deg of shldr/up lmb, ex wrs/hnd, unsp site, subs"
      }, {
        "code": "T2220XS",
        "display": "Burn second deg of shldr/up lmb, ex wrs/hnd, unsp site, sqla"
      }, {
        "code": "T2221",
        "display": "Burn of second degree of forearm"
      }, {
        "code": "T22211",
        "display": "Burn of second degree of right forearm"
      }, {
        "code": "T22211A",
        "display": "Burn of second degree of right forearm, initial encounter"
      }, {
        "code": "T22211D",
        "display": "Burn of second degree of right forearm, subsequent encounter"
      }, {
        "code": "T22211S",
        "display": "Burn of second degree of right forearm, sequela"
      }, {
        "code": "T22212",
        "display": "Burn of second degree of left forearm"
      }, {
        "code": "T22212A",
        "display": "Burn of second degree of left forearm, initial encounter"
      }, {
        "code": "T22212D",
        "display": "Burn of second degree of left forearm, subsequent encounter"
      }, {
        "code": "T22212S",
        "display": "Burn of second degree of left forearm, sequela"
      }, {
        "code": "T22219",
        "display": "Burn of second degree of unspecified forearm"
      }, {
        "code": "T22219A",
        "display": "Burn of second degree of unspecified forearm, init encntr"
      }, {
        "code": "T22219D",
        "display": "Burn of second degree of unspecified forearm, subs encntr"
      }, {
        "code": "T22219S",
        "display": "Burn of second degree of unspecified forearm, sequela"
      }, {
        "code": "T2222",
        "display": "Burn of second degree of elbow"
      }, {
        "code": "T22221",
        "display": "Burn of second degree of right elbow"
      }, {
        "code": "T22221A",
        "display": "Burn of second degree of right elbow, initial encounter"
      }, {
        "code": "T22221D",
        "display": "Burn of second degree of right elbow, subsequent encounter"
      }, {
        "code": "T22221S",
        "display": "Burn of second degree of right elbow, sequela"
      }, {
        "code": "T22222",
        "display": "Burn of second degree of left elbow"
      }, {
        "code": "T22222A",
        "display": "Burn of second degree of left elbow, initial encounter"
      }, {
        "code": "T22222D",
        "display": "Burn of second degree of left elbow, subsequent encounter"
      }, {
        "code": "T22222S",
        "display": "Burn of second degree of left elbow, sequela"
      }, {
        "code": "T22229",
        "display": "Burn of second degree of unspecified elbow"
      }, {
        "code": "T22229A",
        "display": "Burn of second degree of unspecified elbow, init encntr"
      }, {
        "code": "T22229D",
        "display": "Burn of second degree of unspecified elbow, subs encntr"
      }, {
        "code": "T22229S",
        "display": "Burn of second degree of unspecified elbow, sequela"
      }, {
        "code": "T2223",
        "display": "Burn of second degree of upper arm"
      }, {
        "code": "T22231",
        "display": "Burn of second degree of right upper arm"
      }, {
        "code": "T22231A",
        "display": "Burn of second degree of right upper arm, initial encounter"
      }, {
        "code": "T22231D",
        "display": "Burn of second degree of right upper arm, subs encntr"
      }, {
        "code": "T22231S",
        "display": "Burn of second degree of right upper arm, sequela"
      }, {
        "code": "T22232",
        "display": "Burn of second degree of left upper arm"
      }, {
        "code": "T22232A",
        "display": "Burn of second degree of left upper arm, initial encounter"
      }, {
        "code": "T22232D",
        "display": "Burn of second degree of left upper arm, subs encntr"
      }, {
        "code": "T22232S",
        "display": "Burn of second degree of left upper arm, sequela"
      }, {
        "code": "T22239",
        "display": "Burn of second degree of unspecified upper arm"
      }, {
        "code": "T22239A",
        "display": "Burn of second degree of unspecified upper arm, init encntr"
      }, {
        "code": "T22239D",
        "display": "Burn of second degree of unspecified upper arm, subs encntr"
      }, {
        "code": "T22239S",
        "display": "Burn of second degree of unspecified upper arm, sequela"
      }, {
        "code": "T2224",
        "display": "Burn of second degree of axilla"
      }, {
        "code": "T22241",
        "display": "Burn of second degree of right axilla"
      }, {
        "code": "T22241A",
        "display": "Burn of second degree of right axilla, initial encounter"
      }, {
        "code": "T22241D",
        "display": "Burn of second degree of right axilla, subsequent encounter"
      }, {
        "code": "T22241S",
        "display": "Burn of second degree of right axilla, sequela"
      }, {
        "code": "T22242",
        "display": "Burn of second degree of left axilla"
      }, {
        "code": "T22242A",
        "display": "Burn of second degree of left axilla, initial encounter"
      }, {
        "code": "T22242D",
        "display": "Burn of second degree of left axilla, subsequent encounter"
      }, {
        "code": "T22242S",
        "display": "Burn of second degree of left axilla, sequela"
      }, {
        "code": "T22249",
        "display": "Burn of second degree of unspecified axilla"
      }, {
        "code": "T22249A",
        "display": "Burn of second degree of unspecified axilla, init encntr"
      }, {
        "code": "T22249D",
        "display": "Burn of second degree of unspecified axilla, subs encntr"
      }, {
        "code": "T22249S",
        "display": "Burn of second degree of unspecified axilla, sequela"
      }, {
        "code": "T2225",
        "display": "Burn of second degree of shoulder"
      }, {
        "code": "T22251",
        "display": "Burn of second degree of right shoulder"
      }, {
        "code": "T22251A",
        "display": "Burn of second degree of right shoulder, initial encounter"
      }, {
        "code": "T22251D",
        "display": "Burn of second degree of right shoulder, subs encntr"
      }, {
        "code": "T22251S",
        "display": "Burn of second degree of right shoulder, sequela"
      }, {
        "code": "T22252",
        "display": "Burn of second degree of left shoulder"
      }, {
        "code": "T22252A",
        "display": "Burn of second degree of left shoulder, initial encounter"
      }, {
        "code": "T22252D",
        "display": "Burn of second degree of left shoulder, subsequent encounter"
      }, {
        "code": "T22252S",
        "display": "Burn of second degree of left shoulder, sequela"
      }, {
        "code": "T22259",
        "display": "Burn of second degree of unspecified shoulder"
      }, {
        "code": "T22259A",
        "display": "Burn of second degree of unspecified shoulder, init encntr"
      }, {
        "code": "T22259D",
        "display": "Burn of second degree of unspecified shoulder, subs encntr"
      }, {
        "code": "T22259S",
        "display": "Burn of second degree of unspecified shoulder, sequela"
      }, {
        "code": "T2226",
        "display": "Burn of second degree of scapular region"
      }, {
        "code": "T22261",
        "display": "Burn of second degree of right scapular region"
      }, {
        "code": "T22261A",
        "display": "Burn of second degree of right scapular region, init encntr"
      }, {
        "code": "T22261D",
        "display": "Burn of second degree of right scapular region, subs encntr"
      }, {
        "code": "T22261S",
        "display": "Burn of second degree of right scapular region, sequela"
      }, {
        "code": "T22262",
        "display": "Burn of second degree of left scapular region"
      }, {
        "code": "T22262A",
        "display": "Burn of second degree of left scapular region, init encntr"
      }, {
        "code": "T22262D",
        "display": "Burn of second degree of left scapular region, subs encntr"
      }, {
        "code": "T22262S",
        "display": "Burn of second degree of left scapular region, sequela"
      }, {
        "code": "T22269",
        "display": "Burn of second degree of unspecified scapular region"
      }, {
        "code": "T22269A",
        "display": "Burn of second degree of unsp scapular region, init encntr"
      }, {
        "code": "T22269D",
        "display": "Burn of second degree of unsp scapular region, subs encntr"
      }, {
        "code": "T22269S",
        "display": "Burn of second degree of unsp scapular region, sequela"
      }, {
        "code": "T2229",
        "display": "Burn of 2nd deg mul sites of shldr/up lmb, except wrs/hnd"
      }, {
        "code": "T22291",
        "display": "Burn 2nd deg mul sites of right shldr/up lmb, except wrs/hnd"
      }, {
        "code": "T22291A",
        "display": "Burn 2nd deg mul sites of r shldr/up lmb, ex wrs/hnd, init"
      }, {
        "code": "T22291D",
        "display": "Burn 2nd deg mul sites of r shldr/up lmb, ex wrs/hnd, subs"
      }, {
        "code": "T22291S",
        "display": "Burn 2nd deg mul sites of r shldr/up lmb, ex wrs/hnd, sqla"
      }, {
        "code": "T22292",
        "display": "Burn 2nd deg mul sites of left shldr/up lmb, except wrs/hnd"
      }, {
        "code": "T22292A",
        "display": "Burn 2nd deg mul site of left shldr/up lmb, ex wrs/hnd, init"
      }, {
        "code": "T22292D",
        "display": "Burn 2nd deg mul site of left shldr/up lmb, ex wrs/hnd, subs"
      }, {
        "code": "T22292S",
        "display": "Burn 2nd deg mul site of left shldr/up lmb, ex wrs/hnd, sqla"
      }, {
        "code": "T22299",
        "display": "Burn of 2nd deg mul sites of shldr/up lmb, except wrs/hnd"
      }, {
        "code": "T22299A",
        "display": "Burn 2nd deg mul sites of shldr/up lmb, except wrs/hnd, init"
      }, {
        "code": "T22299D",
        "display": "Burn 2nd deg mul sites of shldr/up lmb, except wrs/hnd, subs"
      }, {
        "code": "T22299S",
        "display": "Burn 2nd deg mul sites of shldr/up lmb, except wrs/hnd, sqla"
      }, {
        "code": "T223",
        "display": "Burn of third degree of shldr/up lmb, except wrist and hand"
      }, {
        "code": "T2230",
        "display": "Burn third degree of shldr/up lmb, except wrs/hnd, unsp site"
      }, {
        "code": "T2230XA",
        "display": "Burn third deg of shldr/up lmb, ex wrs/hnd, unsp site, init"
      }, {
        "code": "T2230XD",
        "display": "Burn third deg of shldr/up lmb, ex wrs/hnd, unsp site, subs"
      }, {
        "code": "T2230XS",
        "display": "Burn third deg of shldr/up lmb, ex wrs/hnd, unsp site, sqla"
      }, {
        "code": "T2231",
        "display": "Burn of third degree of forearm"
      }, {
        "code": "T22311",
        "display": "Burn of third degree of right forearm"
      }, {
        "code": "T22311A",
        "display": "Burn of third degree of right forearm, initial encounter"
      }, {
        "code": "T22311D",
        "display": "Burn of third degree of right forearm, subsequent encounter"
      }, {
        "code": "T22311S",
        "display": "Burn of third degree of right forearm, sequela"
      }, {
        "code": "T22312",
        "display": "Burn of third degree of left forearm"
      }, {
        "code": "T22312A",
        "display": "Burn of third degree of left forearm, initial encounter"
      }, {
        "code": "T22312D",
        "display": "Burn of third degree of left forearm, subsequent encounter"
      }, {
        "code": "T22312S",
        "display": "Burn of third degree of left forearm, sequela"
      }, {
        "code": "T22319",
        "display": "Burn of third degree of unspecified forearm"
      }, {
        "code": "T22319A",
        "display": "Burn of third degree of unspecified forearm, init encntr"
      }, {
        "code": "T22319D",
        "display": "Burn of third degree of unspecified forearm, subs encntr"
      }, {
        "code": "T22319S",
        "display": "Burn of third degree of unspecified forearm, sequela"
      }, {
        "code": "T2232",
        "display": "Burn of third degree of elbow"
      }, {
        "code": "T22321",
        "display": "Burn of third degree of right elbow"
      }, {
        "code": "T22321A",
        "display": "Burn of third degree of right elbow, initial encounter"
      }, {
        "code": "T22321D",
        "display": "Burn of third degree of right elbow, subsequent encounter"
      }, {
        "code": "T22321S",
        "display": "Burn of third degree of right elbow, sequela"
      }, {
        "code": "T22322",
        "display": "Burn of third degree of left elbow"
      }, {
        "code": "T22322A",
        "display": "Burn of third degree of left elbow, initial encounter"
      }, {
        "code": "T22322D",
        "display": "Burn of third degree of left elbow, subsequent encounter"
      }, {
        "code": "T22322S",
        "display": "Burn of third degree of left elbow, sequela"
      }, {
        "code": "T22329",
        "display": "Burn of third degree of unspecified elbow"
      }, {
        "code": "T22329A",
        "display": "Burn of third degree of unspecified elbow, initial encounter"
      }, {
        "code": "T22329D",
        "display": "Burn of third degree of unspecified elbow, subs encntr"
      }, {
        "code": "T22329S",
        "display": "Burn of third degree of unspecified elbow, sequela"
      }, {
        "code": "T2233",
        "display": "Burn of third degree of upper arm"
      }, {
        "code": "T22331",
        "display": "Burn of third degree of right upper arm"
      }, {
        "code": "T22331A",
        "display": "Burn of third degree of right upper arm, initial encounter"
      }, {
        "code": "T22331D",
        "display": "Burn of third degree of right upper arm, subs encntr"
      }, {
        "code": "T22331S",
        "display": "Burn of third degree of right upper arm, sequela"
      }, {
        "code": "T22332",
        "display": "Burn of third degree of left upper arm"
      }, {
        "code": "T22332A",
        "display": "Burn of third degree of left upper arm, initial encounter"
      }, {
        "code": "T22332D",
        "display": "Burn of third degree of left upper arm, subsequent encounter"
      }, {
        "code": "T22332S",
        "display": "Burn of third degree of left upper arm, sequela"
      }, {
        "code": "T22339",
        "display": "Burn of third degree of unspecified upper arm"
      }, {
        "code": "T22339A",
        "display": "Burn of third degree of unspecified upper arm, init encntr"
      }, {
        "code": "T22339D",
        "display": "Burn of third degree of unspecified upper arm, subs encntr"
      }, {
        "code": "T22339S",
        "display": "Burn of third degree of unspecified upper arm, sequela"
      }, {
        "code": "T2234",
        "display": "Burn of third degree of axilla"
      }, {
        "code": "T22341",
        "display": "Burn of third degree of right axilla"
      }, {
        "code": "T22341A",
        "display": "Burn of third degree of right axilla, initial encounter"
      }, {
        "code": "T22341D",
        "display": "Burn of third degree of right axilla, subsequent encounter"
      }, {
        "code": "T22341S",
        "display": "Burn of third degree of right axilla, sequela"
      }, {
        "code": "T22342",
        "display": "Burn of third degree of left axilla"
      }, {
        "code": "T22342A",
        "display": "Burn of third degree of left axilla, initial encounter"
      }, {
        "code": "T22342D",
        "display": "Burn of third degree of left axilla, subsequent encounter"
      }, {
        "code": "T22342S",
        "display": "Burn of third degree of left axilla, sequela"
      }, {
        "code": "T22349",
        "display": "Burn of third degree of unspecified axilla"
      }, {
        "code": "T22349A",
        "display": "Burn of third degree of unspecified axilla, init encntr"
      }, {
        "code": "T22349D",
        "display": "Burn of third degree of unspecified axilla, subs encntr"
      }, {
        "code": "T22349S",
        "display": "Burn of third degree of unspecified axilla, sequela"
      }, {
        "code": "T2235",
        "display": "Burn of third degree of shoulder"
      }, {
        "code": "T22351",
        "display": "Burn of third degree of right shoulder"
      }, {
        "code": "T22351A",
        "display": "Burn of third degree of right shoulder, initial encounter"
      }, {
        "code": "T22351D",
        "display": "Burn of third degree of right shoulder, subsequent encounter"
      }, {
        "code": "T22351S",
        "display": "Burn of third degree of right shoulder, sequela"
      }, {
        "code": "T22352",
        "display": "Burn of third degree of left shoulder"
      }, {
        "code": "T22352A",
        "display": "Burn of third degree of left shoulder, initial encounter"
      }, {
        "code": "T22352D",
        "display": "Burn of third degree of left shoulder, subsequent encounter"
      }, {
        "code": "T22352S",
        "display": "Burn of third degree of left shoulder, sequela"
      }, {
        "code": "T22359",
        "display": "Burn of third degree of unspecified shoulder"
      }, {
        "code": "T22359A",
        "display": "Burn of third degree of unspecified shoulder, init encntr"
      }, {
        "code": "T22359D",
        "display": "Burn of third degree of unspecified shoulder, subs encntr"
      }, {
        "code": "T22359S",
        "display": "Burn of third degree of unspecified shoulder, sequela"
      }, {
        "code": "T2236",
        "display": "Burn of third degree of scapular region"
      }, {
        "code": "T22361",
        "display": "Burn of third degree of right scapular region"
      }, {
        "code": "T22361A",
        "display": "Burn of third degree of right scapular region, init encntr"
      }, {
        "code": "T22361D",
        "display": "Burn of third degree of right scapular region, subs encntr"
      }, {
        "code": "T22361S",
        "display": "Burn of third degree of right scapular region, sequela"
      }, {
        "code": "T22362",
        "display": "Burn of third degree of left scapular region"
      }, {
        "code": "T22362A",
        "display": "Burn of third degree of left scapular region, init encntr"
      }, {
        "code": "T22362D",
        "display": "Burn of third degree of left scapular region, subs encntr"
      }, {
        "code": "T22362S",
        "display": "Burn of third degree of left scapular region, sequela"
      }, {
        "code": "T22369",
        "display": "Burn of third degree of unspecified scapular region"
      }, {
        "code": "T22369A",
        "display": "Burn of third degree of unsp scapular region, init encntr"
      }, {
        "code": "T22369D",
        "display": "Burn of third degree of unsp scapular region, subs encntr"
      }, {
        "code": "T22369S",
        "display": "Burn of third degree of unspecified scapular region, sequela"
      }, {
        "code": "T2239",
        "display": "Burn of 3rd deg mu sites of shldr/up lmb, except wrs/hnd"
      }, {
        "code": "T22391",
        "display": "Burn 3rd deg mu sites of right shldr/up lmb, except wrs/hnd"
      }, {
        "code": "T22391A",
        "display": "Burn 3rd deg mu sites of r shldr/up lmb, ex wrs/hnd, init"
      }, {
        "code": "T22391D",
        "display": "Burn 3rd deg mu sites of r shldr/up lmb, ex wrs/hnd, subs"
      }, {
        "code": "T22391S",
        "display": "Burn 3rd deg mu sites of r shldr/up lmb, ex wrs/hnd, sqla"
      }, {
        "code": "T22392",
        "display": "Burn 3rd deg mu sites of left shldr/up lmb, except wrs/hnd"
      }, {
        "code": "T22392A",
        "display": "Burn 3rd deg mu sites of left shldr/up lmb, ex wrs/hnd, init"
      }, {
        "code": "T22392D",
        "display": "Burn 3rd deg mu sites of left shldr/up lmb, ex wrs/hnd, subs"
      }, {
        "code": "T22392S",
        "display": "Burn 3rd deg mu sites of left shldr/up lmb, ex wrs/hnd, sqla"
      }, {
        "code": "T22399",
        "display": "Burn of 3rd deg mu sites of shldr/up lmb, except wrs/hnd"
      }, {
        "code": "T22399A",
        "display": "Burn 3rd deg mu sites of shldr/up lmb, except wrs/hnd, init"
      }, {
        "code": "T22399D",
        "display": "Burn 3rd deg mu sites of shldr/up lmb, except wrs/hnd, subs"
      }, {
        "code": "T22399S",
        "display": "Burn 3rd deg mu sites of shldr/up lmb, except wrs/hnd, sqla"
      }, {
        "code": "T224",
        "display": "Corrosion of unsp degree of shldr/up lmb, except wrs/hnd"
      }, {
        "code": "T2240",
        "display": "Corros unsp deg of shldr/up lmb, except wrs/hnd, unsp site"
      }, {
        "code": "T2240XA",
        "display": "Corros unsp deg of shldr/up lmb, ex wrs/hnd, unsp site, init"
      }, {
        "code": "T2240XD",
        "display": "Corros unsp deg of shldr/up lmb, ex wrs/hnd, unsp site, subs"
      }, {
        "code": "T2240XS",
        "display": "Corros unsp deg of shldr/up lmb, ex wrs/hnd, unsp site, sqla"
      }, {
        "code": "T2241",
        "display": "Corrosion of unspecified degree of forearm"
      }, {
        "code": "T22411",
        "display": "Corrosion of unspecified degree of right forearm"
      }, {
        "code": "T22411A",
        "display": "Corrosion of unsp degree of right forearm, init encntr"
      }, {
        "code": "T22411D",
        "display": "Corrosion of unsp degree of right forearm, subs encntr"
      }, {
        "code": "T22411S",
        "display": "Corrosion of unspecified degree of right forearm, sequela"
      }, {
        "code": "T22412",
        "display": "Corrosion of unspecified degree of left forearm"
      }, {
        "code": "T22412A",
        "display": "Corrosion of unspecified degree of left forearm, init encntr"
      }, {
        "code": "T22412D",
        "display": "Corrosion of unspecified degree of left forearm, subs encntr"
      }, {
        "code": "T22412S",
        "display": "Corrosion of unspecified degree of left forearm, sequela"
      }, {
        "code": "T22419",
        "display": "Corrosion of unspecified degree of unspecified forearm"
      }, {
        "code": "T22419A",
        "display": "Corrosion of unsp degree of unspecified forearm, init encntr"
      }, {
        "code": "T22419D",
        "display": "Corrosion of unsp degree of unspecified forearm, subs encntr"
      }, {
        "code": "T22419S",
        "display": "Corrosion of unsp degree of unspecified forearm, sequela"
      }, {
        "code": "T2242",
        "display": "Corrosion of unspecified degree of elbow"
      }, {
        "code": "T22421",
        "display": "Corrosion of unspecified degree of right elbow"
      }, {
        "code": "T22421A",
        "display": "Corrosion of unspecified degree of right elbow, init encntr"
      }, {
        "code": "T22421D",
        "display": "Corrosion of unspecified degree of right elbow, subs encntr"
      }, {
        "code": "T22421S",
        "display": "Corrosion of unspecified degree of right elbow, sequela"
      }, {
        "code": "T22422",
        "display": "Corrosion of unspecified degree of left elbow"
      }, {
        "code": "T22422A",
        "display": "Corrosion of unspecified degree of left elbow, init encntr"
      }, {
        "code": "T22422D",
        "display": "Corrosion of unspecified degree of left elbow, subs encntr"
      }, {
        "code": "T22422S",
        "display": "Corrosion of unspecified degree of left elbow, sequela"
      }, {
        "code": "T22429",
        "display": "Corrosion of unspecified degree of unspecified elbow"
      }, {
        "code": "T22429A",
        "display": "Corrosion of unsp degree of unspecified elbow, init encntr"
      }, {
        "code": "T22429D",
        "display": "Corrosion of unsp degree of unspecified elbow, subs encntr"
      }, {
        "code": "T22429S",
        "display": "Corrosion of unsp degree of unspecified elbow, sequela"
      }, {
        "code": "T2243",
        "display": "Corrosion of unspecified degree of upper arm"
      }, {
        "code": "T22431",
        "display": "Corrosion of unspecified degree of right upper arm"
      }, {
        "code": "T22431A",
        "display": "Corrosion of unsp degree of right upper arm, init encntr"
      }, {
        "code": "T22431D",
        "display": "Corrosion of unsp degree of right upper arm, subs encntr"
      }, {
        "code": "T22431S",
        "display": "Corrosion of unspecified degree of right upper arm, sequela"
      }, {
        "code": "T22432",
        "display": "Corrosion of unspecified degree of left upper arm"
      }, {
        "code": "T22432A",
        "display": "Corrosion of unsp degree of left upper arm, init encntr"
      }, {
        "code": "T22432D",
        "display": "Corrosion of unsp degree of left upper arm, subs encntr"
      }, {
        "code": "T22432S",
        "display": "Corrosion of unspecified degree of left upper arm, sequela"
      }, {
        "code": "T22439",
        "display": "Corrosion of unspecified degree of unspecified upper arm"
      }, {
        "code": "T22439A",
        "display": "Corrosion of unsp degree of unsp upper arm, init encntr"
      }, {
        "code": "T22439D",
        "display": "Corrosion of unsp degree of unsp upper arm, subs encntr"
      }, {
        "code": "T22439S",
        "display": "Corrosion of unsp degree of unspecified upper arm, sequela"
      }, {
        "code": "T2244",
        "display": "Corrosion of unspecified degree of axilla"
      }, {
        "code": "T22441",
        "display": "Corrosion of unspecified degree of right axilla"
      }, {
        "code": "T22441A",
        "display": "Corrosion of unspecified degree of right axilla, init encntr"
      }, {
        "code": "T22441D",
        "display": "Corrosion of unspecified degree of right axilla, subs encntr"
      }, {
        "code": "T22441S",
        "display": "Corrosion of unspecified degree of right axilla, sequela"
      }, {
        "code": "T22442",
        "display": "Corrosion of unspecified degree of left axilla"
      }, {
        "code": "T22442A",
        "display": "Corrosion of unspecified degree of left axilla, init encntr"
      }, {
        "code": "T22442D",
        "display": "Corrosion of unspecified degree of left axilla, subs encntr"
      }, {
        "code": "T22442S",
        "display": "Corrosion of unspecified degree of left axilla, sequela"
      }, {
        "code": "T22449",
        "display": "Corrosion of unspecified degree of unspecified axilla"
      }, {
        "code": "T22449A",
        "display": "Corrosion of unsp degree of unspecified axilla, init encntr"
      }, {
        "code": "T22449D",
        "display": "Corrosion of unsp degree of unspecified axilla, subs encntr"
      }, {
        "code": "T22449S",
        "display": "Corrosion of unsp degree of unspecified axilla, sequela"
      }, {
        "code": "T2245",
        "display": "Corrosion of unspecified degree of shoulder"
      }, {
        "code": "T22451",
        "display": "Corrosion of unspecified degree of right shoulder"
      }, {
        "code": "T22451A",
        "display": "Corrosion of unsp degree of right shoulder, init encntr"
      }, {
        "code": "T22451D",
        "display": "Corrosion of unsp degree of right shoulder, subs encntr"
      }, {
        "code": "T22451S",
        "display": "Corrosion of unspecified degree of right shoulder, sequela"
      }, {
        "code": "T22452",
        "display": "Corrosion of unspecified degree of left shoulder"
      }, {
        "code": "T22452A",
        "display": "Corrosion of unsp degree of left shoulder, init encntr"
      }, {
        "code": "T22452D",
        "display": "Corrosion of unsp degree of left shoulder, subs encntr"
      }, {
        "code": "T22452S",
        "display": "Corrosion of unspecified degree of left shoulder, sequela"
      }, {
        "code": "T22459",
        "display": "Corrosion of unspecified degree of unspecified shoulder"
      }, {
        "code": "T22459A",
        "display": "Corrosion of unsp degree of unsp shoulder, init encntr"
      }, {
        "code": "T22459D",
        "display": "Corrosion of unsp degree of unsp shoulder, subs encntr"
      }, {
        "code": "T22459S",
        "display": "Corrosion of unsp degree of unspecified shoulder, sequela"
      }, {
        "code": "T2246",
        "display": "Corrosion of unspecified degree of scapular region"
      }, {
        "code": "T22461",
        "display": "Corrosion of unspecified degree of right scapular region"
      }, {
        "code": "T22461A",
        "display": "Corrosion of unsp degree of right scapular region, init"
      }, {
        "code": "T22461D",
        "display": "Corrosion of unsp degree of right scapular region, subs"
      }, {
        "code": "T22461S",
        "display": "Corrosion of unsp degree of right scapular region, sequela"
      }, {
        "code": "T22462",
        "display": "Corrosion of unspecified degree of left scapular region"
      }, {
        "code": "T22462A",
        "display": "Corrosion of unsp degree of left scapular region, init"
      }, {
        "code": "T22462D",
        "display": "Corrosion of unsp degree of left scapular region, subs"
      }, {
        "code": "T22462S",
        "display": "Corrosion of unsp degree of left scapular region, sequela"
      }, {
        "code": "T22469",
        "display": "Corrosion of unsp degree of unspecified scapular region"
      }, {
        "code": "T22469A",
        "display": "Corrosion of unsp degree of unsp scapular region, init"
      }, {
        "code": "T22469D",
        "display": "Corrosion of unsp degree of unsp scapular region, subs"
      }, {
        "code": "T22469S",
        "display": "Corrosion of unsp degree of unsp scapular region, sequela"
      }, {
        "code": "T2249",
        "display": "Corros unsp deg mult sites of shldr/up lmb, except wrs/hnd"
      }, {
        "code": "T22491",
        "display": "Corros unsp deg mult sites of right shldr/up lmb, ex wrs/hnd"
      }, {
        "code": "T22491A",
        "display": "Corros unsp deg mult site of r shldr/up lmb,ex wrs/hnd, init"
      }, {
        "code": "T22491D",
        "display": "Corros unsp deg mult site of r shldr/up lmb,ex wrs/hnd, subs"
      }, {
        "code": "T22491S",
        "display": "Corros unsp deg mult site of r shldr/up lmb,ex wrs/hnd, sqla"
      }, {
        "code": "T22492",
        "display": "Corros unsp deg mult sites of left shldr/up lmb, ex wrs/hnd"
      }, {
        "code": "T22492A",
        "display": "Corros unsp deg mult site of l shldr/up lmb,ex wrs/hnd, init"
      }, {
        "code": "T22492D",
        "display": "Corros unsp deg mult site of l shldr/up lmb,ex wrs/hnd, subs"
      }, {
        "code": "T22492S",
        "display": "Corros unsp deg mult site of l shldr/up lmb,ex wrs/hnd, sqla"
      }, {
        "code": "T22499",
        "display": "Corros unsp deg mult sites of shldr/up lmb, except wrs/hnd"
      }, {
        "code": "T22499A",
        "display": "Corros unsp deg mult sites of shldr/up lmb, ex wrs/hnd, init"
      }, {
        "code": "T22499D",
        "display": "Corros unsp deg mult sites of shldr/up lmb, ex wrs/hnd, subs"
      }, {
        "code": "T22499S",
        "display": "Corros unsp deg mult sites of shldr/up lmb, ex wrs/hnd, sqla"
      }, {
        "code": "T225",
        "display": "Corrosion of first degree of shldr/up lmb, except wrs/hnd"
      }, {
        "code": "T2250",
        "display": "Corros first deg of shldr/up lmb, except wrs/hnd unsp site"
      }, {
        "code": "T2250XA",
        "display": "Corros first deg of shldr/up lmb, ex wrs/hnd unsp site, init"
      }, {
        "code": "T2250XD",
        "display": "Corros first deg of shldr/up lmb, ex wrs/hnd unsp site, subs"
      }, {
        "code": "T2250XS",
        "display": "Corros first deg of shldr/up lmb, ex wrs/hnd unsp site, sqla"
      }, {
        "code": "T2251",
        "display": "Corrosion of first degree of forearm"
      }, {
        "code": "T22511",
        "display": "Corrosion of first degree of right forearm"
      }, {
        "code": "T22511A",
        "display": "Corrosion of first degree of right forearm, init encntr"
      }, {
        "code": "T22511D",
        "display": "Corrosion of first degree of right forearm, subs encntr"
      }, {
        "code": "T22511S",
        "display": "Corrosion of first degree of right forearm, sequela"
      }, {
        "code": "T22512",
        "display": "Corrosion of first degree of left forearm"
      }, {
        "code": "T22512A",
        "display": "Corrosion of first degree of left forearm, initial encounter"
      }, {
        "code": "T22512D",
        "display": "Corrosion of first degree of left forearm, subs encntr"
      }, {
        "code": "T22512S",
        "display": "Corrosion of first degree of left forearm, sequela"
      }, {
        "code": "T22519",
        "display": "Corrosion of first degree of unspecified forearm"
      }, {
        "code": "T22519A",
        "display": "Corrosion of first degree of unsp forearm, init encntr"
      }, {
        "code": "T22519D",
        "display": "Corrosion of first degree of unsp forearm, subs encntr"
      }, {
        "code": "T22519S",
        "display": "Corrosion of first degree of unspecified forearm, sequela"
      }, {
        "code": "T2252",
        "display": "Corrosion of first degree of elbow"
      }, {
        "code": "T22521",
        "display": "Corrosion of first degree of right elbow"
      }, {
        "code": "T22521A",
        "display": "Corrosion of first degree of right elbow, initial encounter"
      }, {
        "code": "T22521D",
        "display": "Corrosion of first degree of right elbow, subs encntr"
      }, {
        "code": "T22521S",
        "display": "Corrosion of first degree of right elbow, sequela"
      }, {
        "code": "T22522",
        "display": "Corrosion of first degree of left elbow"
      }, {
        "code": "T22522A",
        "display": "Corrosion of first degree of left elbow, initial encounter"
      }, {
        "code": "T22522D",
        "display": "Corrosion of first degree of left elbow, subs encntr"
      }, {
        "code": "T22522S",
        "display": "Corrosion of first degree of left elbow, sequela"
      }, {
        "code": "T22529",
        "display": "Corrosion of first degree of unspecified elbow"
      }, {
        "code": "T22529A",
        "display": "Corrosion of first degree of unspecified elbow, init encntr"
      }, {
        "code": "T22529D",
        "display": "Corrosion of first degree of unspecified elbow, subs encntr"
      }, {
        "code": "T22529S",
        "display": "Corrosion of first degree of unspecified elbow, sequela"
      }, {
        "code": "T2253",
        "display": "Corrosion of first degree of upper arm"
      }, {
        "code": "T22531",
        "display": "Corrosion of first degree of right upper arm"
      }, {
        "code": "T22531A",
        "display": "Corrosion of first degree of right upper arm, init encntr"
      }, {
        "code": "T22531D",
        "display": "Corrosion of first degree of right upper arm, subs encntr"
      }, {
        "code": "T22531S",
        "display": "Corrosion of first degree of right upper arm, sequela"
      }, {
        "code": "T22532",
        "display": "Corrosion of first degree of left upper arm"
      }, {
        "code": "T22532A",
        "display": "Corrosion of first degree of left upper arm, init encntr"
      }, {
        "code": "T22532D",
        "display": "Corrosion of first degree of left upper arm, subs encntr"
      }, {
        "code": "T22532S",
        "display": "Corrosion of first degree of left upper arm, sequela"
      }, {
        "code": "T22539",
        "display": "Corrosion of first degree of unspecified upper arm"
      }, {
        "code": "T22539A",
        "display": "Corrosion of first degree of unsp upper arm, init encntr"
      }, {
        "code": "T22539D",
        "display": "Corrosion of first degree of unsp upper arm, subs encntr"
      }, {
        "code": "T22539S",
        "display": "Corrosion of first degree of unspecified upper arm, sequela"
      }, {
        "code": "T2254",
        "display": "Corrosion of first degree of axilla"
      }, {
        "code": "T22541",
        "display": "Corrosion of first degree of right axilla"
      }, {
        "code": "T22541A",
        "display": "Corrosion of first degree of right axilla, initial encounter"
      }, {
        "code": "T22541D",
        "display": "Corrosion of first degree of right axilla, subs encntr"
      }, {
        "code": "T22541S",
        "display": "Corrosion of first degree of right axilla, sequela"
      }, {
        "code": "T22542",
        "display": "Corrosion of first degree of left axilla"
      }, {
        "code": "T22542A",
        "display": "Corrosion of first degree of left axilla, initial encounter"
      }, {
        "code": "T22542D",
        "display": "Corrosion of first degree of left axilla, subs encntr"
      }, {
        "code": "T22542S",
        "display": "Corrosion of first degree of left axilla, sequela"
      }, {
        "code": "T22549",
        "display": "Corrosion of first degree of unspecified axilla"
      }, {
        "code": "T22549A",
        "display": "Corrosion of first degree of unspecified axilla, init encntr"
      }, {
        "code": "T22549D",
        "display": "Corrosion of first degree of unspecified axilla, subs encntr"
      }, {
        "code": "T22549S",
        "display": "Corrosion of first degree of unspecified axilla, sequela"
      }, {
        "code": "T2255",
        "display": "Corrosion of first degree of shoulder"
      }, {
        "code": "T22551",
        "display": "Corrosion of first degree of right shoulder"
      }, {
        "code": "T22551A",
        "display": "Corrosion of first degree of right shoulder, init encntr"
      }, {
        "code": "T22551D",
        "display": "Corrosion of first degree of right shoulder, subs encntr"
      }, {
        "code": "T22551S",
        "display": "Corrosion of first degree of right shoulder, sequela"
      }, {
        "code": "T22552",
        "display": "Corrosion of first degree of left shoulder"
      }, {
        "code": "T22552A",
        "display": "Corrosion of first degree of left shoulder, init encntr"
      }, {
        "code": "T22552D",
        "display": "Corrosion of first degree of left shoulder, subs encntr"
      }, {
        "code": "T22552S",
        "display": "Corrosion of first degree of left shoulder, sequela"
      }, {
        "code": "T22559",
        "display": "Corrosion of first degree of unspecified shoulder"
      }, {
        "code": "T22559A",
        "display": "Corrosion of first degree of unsp shoulder, init encntr"
      }, {
        "code": "T22559D",
        "display": "Corrosion of first degree of unsp shoulder, subs encntr"
      }, {
        "code": "T22559S",
        "display": "Corrosion of first degree of unspecified shoulder, sequela"
      }, {
        "code": "T2256",
        "display": "Corrosion of first degree of scapular region"
      }, {
        "code": "T22561",
        "display": "Corrosion of first degree of right scapular region"
      }, {
        "code": "T22561A",
        "display": "Corrosion of first degree of right scapular region, init"
      }, {
        "code": "T22561D",
        "display": "Corrosion of first degree of right scapular region, subs"
      }, {
        "code": "T22561S",
        "display": "Corrosion of first degree of right scapular region, sequela"
      }, {
        "code": "T22562",
        "display": "Corrosion of first degree of left scapular region"
      }, {
        "code": "T22562A",
        "display": "Corrosion of first degree of left scapular region, init"
      }, {
        "code": "T22562D",
        "display": "Corrosion of first degree of left scapular region, subs"
      }, {
        "code": "T22562S",
        "display": "Corrosion of first degree of left scapular region, sequela"
      }, {
        "code": "T22569",
        "display": "Corrosion of first degree of unspecified scapular region"
      }, {
        "code": "T22569A",
        "display": "Corrosion of first degree of unsp scapular region, init"
      }, {
        "code": "T22569D",
        "display": "Corrosion of first degree of unsp scapular region, subs"
      }, {
        "code": "T22569S",
        "display": "Corrosion of first degree of unsp scapular region, sequela"
      }, {
        "code": "T2259",
        "display": "Corros first deg mult sites of shldr/up lmb, except wrs/hnd"
      }, {
        "code": "T22591",
        "display": "Corros 1st deg mult sites of right shldr/up lmb, ex wrs/hnd"
      }, {
        "code": "T22591A",
        "display": "Corros 1st deg mult site of r shldr/up lmb, ex wrs/hnd, init"
      }, {
        "code": "T22591D",
        "display": "Corros 1st deg mult site of r shldr/up lmb, ex wrs/hnd, subs"
      }, {
        "code": "T22591S",
        "display": "Corros 1st deg mult site of r shldr/up lmb, ex wrs/hnd, sqla"
      }, {
        "code": "T22592",
        "display": "Corros first deg mult sites of left shldr/up lmb, ex wrs/hnd"
      }, {
        "code": "T22592A",
        "display": "Corros 1st deg mult site of l shldr/up lmb, ex wrs/hnd, init"
      }, {
        "code": "T22592D",
        "display": "Corros 1st deg mult site of l shldr/up lmb, ex wrs/hnd, subs"
      }, {
        "code": "T22592S",
        "display": "Corros 1st deg mult site of l shldr/up lmb, ex wrs/hnd, sqla"
      }, {
        "code": "T22599",
        "display": "Corros first deg mult sites of shldr/up lmb, except wrs/hnd"
      }, {
        "code": "T22599A",
        "display": "Corros 1st deg mult sites of shldr/up lmb, ex wrs/hnd, init"
      }, {
        "code": "T22599D",
        "display": "Corros 1st deg mult sites of shldr/up lmb, ex wrs/hnd, subs"
      }, {
        "code": "T22599S",
        "display": "Corros 1st deg mult sites of shldr/up lmb, ex wrs/hnd, sqla"
      }, {
        "code": "T226",
        "display": "Corrosion of second degree of shldr/up lmb, except wrs/hnd"
      }, {
        "code": "T2260",
        "display": "Corros second deg of shldr/up lmb, except wrs/hnd, unsp site"
      }, {
        "code": "T2260XA",
        "display": "Corros 2nd deg of shldr/up lmb, ex wrs/hnd, unsp site, init"
      }, {
        "code": "T2260XD",
        "display": "Corros 2nd deg of shldr/up lmb, ex wrs/hnd, unsp site, subs"
      }, {
        "code": "T2260XS",
        "display": "Corros 2nd deg of shldr/up lmb, ex wrs/hnd, unsp site, sqla"
      }, {
        "code": "T2261",
        "display": "Corrosion of second degree of forearm"
      }, {
        "code": "T22611",
        "display": "Corrosion of second degree of right forearm"
      }, {
        "code": "T22611A",
        "display": "Corrosion of second degree of right forearm, init encntr"
      }, {
        "code": "T22611D",
        "display": "Corrosion of second degree of right forearm, subs encntr"
      }, {
        "code": "T22611S",
        "display": "Corrosion of second degree of right forearm, sequela"
      }, {
        "code": "T22612",
        "display": "Corrosion of second degree of left forearm"
      }, {
        "code": "T22612A",
        "display": "Corrosion of second degree of left forearm, init encntr"
      }, {
        "code": "T22612D",
        "display": "Corrosion of second degree of left forearm, subs encntr"
      }, {
        "code": "T22612S",
        "display": "Corrosion of second degree of left forearm, sequela"
      }, {
        "code": "T22619",
        "display": "Corrosion of second degree of unspecified forearm"
      }, {
        "code": "T22619A",
        "display": "Corrosion of second degree of unsp forearm, init encntr"
      }, {
        "code": "T22619D",
        "display": "Corrosion of second degree of unsp forearm, subs encntr"
      }, {
        "code": "T22619S",
        "display": "Corrosion of second degree of unspecified forearm, sequela"
      }, {
        "code": "T2262",
        "display": "Corrosion of second degree of elbow"
      }, {
        "code": "T22621",
        "display": "Corrosion of second degree of right elbow"
      }, {
        "code": "T22621A",
        "display": "Corrosion of second degree of right elbow, initial encounter"
      }, {
        "code": "T22621D",
        "display": "Corrosion of second degree of right elbow, subs encntr"
      }, {
        "code": "T22621S",
        "display": "Corrosion of second degree of right elbow, sequela"
      }, {
        "code": "T22622",
        "display": "Corrosion of second degree of left elbow"
      }, {
        "code": "T22622A",
        "display": "Corrosion of second degree of left elbow, initial encounter"
      }, {
        "code": "T22622D",
        "display": "Corrosion of second degree of left elbow, subs encntr"
      }, {
        "code": "T22622S",
        "display": "Corrosion of second degree of left elbow, sequela"
      }, {
        "code": "T22629",
        "display": "Corrosion of second degree of unspecified elbow"
      }, {
        "code": "T22629A",
        "display": "Corrosion of second degree of unspecified elbow, init encntr"
      }, {
        "code": "T22629D",
        "display": "Corrosion of second degree of unspecified elbow, subs encntr"
      }, {
        "code": "T22629S",
        "display": "Corrosion of second degree of unspecified elbow, sequela"
      }, {
        "code": "T2263",
        "display": "Corrosion of second degree of upper arm"
      }, {
        "code": "T22631",
        "display": "Corrosion of second degree of right upper arm"
      }, {
        "code": "T22631A",
        "display": "Corrosion of second degree of right upper arm, init encntr"
      }, {
        "code": "T22631D",
        "display": "Corrosion of second degree of right upper arm, subs encntr"
      }, {
        "code": "T22631S",
        "display": "Corrosion of second degree of right upper arm, sequela"
      }, {
        "code": "T22632",
        "display": "Corrosion of second degree of left upper arm"
      }, {
        "code": "T22632A",
        "display": "Corrosion of second degree of left upper arm, init encntr"
      }, {
        "code": "T22632D",
        "display": "Corrosion of second degree of left upper arm, subs encntr"
      }, {
        "code": "T22632S",
        "display": "Corrosion of second degree of left upper arm, sequela"
      }, {
        "code": "T22639",
        "display": "Corrosion of second degree of unspecified upper arm"
      }, {
        "code": "T22639A",
        "display": "Corrosion of second degree of unsp upper arm, init encntr"
      }, {
        "code": "T22639D",
        "display": "Corrosion of second degree of unsp upper arm, subs encntr"
      }, {
        "code": "T22639S",
        "display": "Corrosion of second degree of unspecified upper arm, sequela"
      }, {
        "code": "T2264",
        "display": "Corrosion of second degree of axilla"
      }, {
        "code": "T22641",
        "display": "Corrosion of second degree of right axilla"
      }, {
        "code": "T22641A",
        "display": "Corrosion of second degree of right axilla, init encntr"
      }, {
        "code": "T22641D",
        "display": "Corrosion of second degree of right axilla, subs encntr"
      }, {
        "code": "T22641S",
        "display": "Corrosion of second degree of right axilla, sequela"
      }, {
        "code": "T22642",
        "display": "Corrosion of second degree of left axilla"
      }, {
        "code": "T22642A",
        "display": "Corrosion of second degree of left axilla, initial encounter"
      }, {
        "code": "T22642D",
        "display": "Corrosion of second degree of left axilla, subs encntr"
      }, {
        "code": "T22642S",
        "display": "Corrosion of second degree of left axilla, sequela"
      }, {
        "code": "T22649",
        "display": "Corrosion of second degree of unspecified axilla"
      }, {
        "code": "T22649A",
        "display": "Corrosion of second degree of unsp axilla, init encntr"
      }, {
        "code": "T22649D",
        "display": "Corrosion of second degree of unsp axilla, subs encntr"
      }, {
        "code": "T22649S",
        "display": "Corrosion of second degree of unspecified axilla, sequela"
      }, {
        "code": "T2265",
        "display": "Corrosion of second degree of shoulder"
      }, {
        "code": "T22651",
        "display": "Corrosion of second degree of right shoulder"
      }, {
        "code": "T22651A",
        "display": "Corrosion of second degree of right shoulder, init encntr"
      }, {
        "code": "T22651D",
        "display": "Corrosion of second degree of right shoulder, subs encntr"
      }, {
        "code": "T22651S",
        "display": "Corrosion of second degree of right shoulder, sequela"
      }, {
        "code": "T22652",
        "display": "Corrosion of second degree of left shoulder"
      }, {
        "code": "T22652A",
        "display": "Corrosion of second degree of left shoulder, init encntr"
      }, {
        "code": "T22652D",
        "display": "Corrosion of second degree of left shoulder, subs encntr"
      }, {
        "code": "T22652S",
        "display": "Corrosion of second degree of left shoulder, sequela"
      }, {
        "code": "T22659",
        "display": "Corrosion of second degree of unspecified shoulder"
      }, {
        "code": "T22659A",
        "display": "Corrosion of second degree of unsp shoulder, init encntr"
      }, {
        "code": "T22659D",
        "display": "Corrosion of second degree of unsp shoulder, subs encntr"
      }, {
        "code": "T22659S",
        "display": "Corrosion of second degree of unspecified shoulder, sequela"
      }, {
        "code": "T2266",
        "display": "Corrosion of second degree of scapular region"
      }, {
        "code": "T22661",
        "display": "Corrosion of second degree of right scapular region"
      }, {
        "code": "T22661A",
        "display": "Corrosion of second degree of right scapular region, init"
      }, {
        "code": "T22661D",
        "display": "Corrosion of second degree of right scapular region, subs"
      }, {
        "code": "T22661S",
        "display": "Corrosion of second degree of right scapular region, sequela"
      }, {
        "code": "T22662",
        "display": "Corrosion of second degree of left scapular region"
      }, {
        "code": "T22662A",
        "display": "Corrosion of second degree of left scapular region, init"
      }, {
        "code": "T22662D",
        "display": "Corrosion of second degree of left scapular region, subs"
      }, {
        "code": "T22662S",
        "display": "Corrosion of second degree of left scapular region, sequela"
      }, {
        "code": "T22669",
        "display": "Corrosion of second degree of unspecified scapular region"
      }, {
        "code": "T22669A",
        "display": "Corrosion of second degree of unsp scapular region, init"
      }, {
        "code": "T22669D",
        "display": "Corrosion of second degree of unsp scapular region, subs"
      }, {
        "code": "T22669S",
        "display": "Corrosion of second degree of unsp scapular region, sequela"
      }, {
        "code": "T2269",
        "display": "Corros 2nd deg mul sites of shldr/up lmb, except wrs/hnd"
      }, {
        "code": "T22691",
        "display": "Corros 2nd deg mul sites of right shldr/up lmb, ex wrs/hnd"
      }, {
        "code": "T22691A",
        "display": "Corros 2nd deg mul sites of r shldr/up lmb, ex wrs/hnd, init"
      }, {
        "code": "T22691D",
        "display": "Corros 2nd deg mul sites of r shldr/up lmb, ex wrs/hnd, subs"
      }, {
        "code": "T22691S",
        "display": "Corros 2nd deg mul sites of r shldr/up lmb, ex wrs/hnd, sqla"
      }, {
        "code": "T22692",
        "display": "Corros 2nd deg mul sites of left shldr/up lmb, ex wrs/hnd"
      }, {
        "code": "T22692A",
        "display": "Corros 2nd deg mul site of l shldr/up lmb, ex wrs/hnd, init"
      }, {
        "code": "T22692D",
        "display": "Corros 2nd deg mul site of l shldr/up lmb, ex wrs/hnd, subs"
      }, {
        "code": "T22692S",
        "display": "Corros 2nd deg mul site of l shldr/up lmb, ex wrs/hnd, sqla"
      }, {
        "code": "T22699",
        "display": "Corros 2nd deg mul sites of shldr/up lmb, except wrs/hnd"
      }, {
        "code": "T22699A",
        "display": "Corros 2nd deg mul sites of shldr/up lmb, ex wrs/hnd, init"
      }, {
        "code": "T22699D",
        "display": "Corros 2nd deg mul sites of shldr/up lmb, ex wrs/hnd, subs"
      }, {
        "code": "T22699S",
        "display": "Corros 2nd deg mul sites of shldr/up lmb, ex wrs/hnd, sqla"
      }, {
        "code": "T227",
        "display": "Corrosion of third degree of shldr/up lmb, except wrs/hnd"
      }, {
        "code": "T2270",
        "display": "Corros third deg of shldr/up lmb, except wrs/hnd, unsp site"
      }, {
        "code": "T2270XA",
        "display": "Corros 3rd deg of shldr/up lmb, ex wrs/hnd, unsp site, init"
      }, {
        "code": "T2270XD",
        "display": "Corros 3rd deg of shldr/up lmb, ex wrs/hnd, unsp site, subs"
      }, {
        "code": "T2270XS",
        "display": "Corros 3rd deg of shldr/up lmb, ex wrs/hnd, unsp site, sqla"
      }, {
        "code": "T2271",
        "display": "Corrosion of third degree of forearm"
      }, {
        "code": "T22711",
        "display": "Corrosion of third degree of right forearm"
      }, {
        "code": "T22711A",
        "display": "Corrosion of third degree of right forearm, init encntr"
      }, {
        "code": "T22711D",
        "display": "Corrosion of third degree of right forearm, subs encntr"
      }, {
        "code": "T22711S",
        "display": "Corrosion of third degree of right forearm, sequela"
      }, {
        "code": "T22712",
        "display": "Corrosion of third degree of left forearm"
      }, {
        "code": "T22712A",
        "display": "Corrosion of third degree of left forearm, initial encounter"
      }, {
        "code": "T22712D",
        "display": "Corrosion of third degree of left forearm, subs encntr"
      }, {
        "code": "T22712S",
        "display": "Corrosion of third degree of left forearm, sequela"
      }, {
        "code": "T22719",
        "display": "Corrosion of third degree of unspecified forearm"
      }, {
        "code": "T22719A",
        "display": "Corrosion of third degree of unsp forearm, init encntr"
      }, {
        "code": "T22719D",
        "display": "Corrosion of third degree of unsp forearm, subs encntr"
      }, {
        "code": "T22719S",
        "display": "Corrosion of third degree of unspecified forearm, sequela"
      }, {
        "code": "T2272",
        "display": "Corrosion of third degree of elbow"
      }, {
        "code": "T22721",
        "display": "Corrosion of third degree of right elbow"
      }, {
        "code": "T22721A",
        "display": "Corrosion of third degree of right elbow, initial encounter"
      }, {
        "code": "T22721D",
        "display": "Corrosion of third degree of right elbow, subs encntr"
      }, {
        "code": "T22721S",
        "display": "Corrosion of third degree of right elbow, sequela"
      }, {
        "code": "T22722",
        "display": "Corrosion of third degree of left elbow"
      }, {
        "code": "T22722A",
        "display": "Corrosion of third degree of left elbow, initial encounter"
      }, {
        "code": "T22722D",
        "display": "Corrosion of third degree of left elbow, subs encntr"
      }, {
        "code": "T22722S",
        "display": "Corrosion of third degree of left elbow, sequela"
      }, {
        "code": "T22729",
        "display": "Corrosion of third degree of unspecified elbow"
      }, {
        "code": "T22729A",
        "display": "Corrosion of third degree of unspecified elbow, init encntr"
      }, {
        "code": "T22729D",
        "display": "Corrosion of third degree of unspecified elbow, subs encntr"
      }, {
        "code": "T22729S",
        "display": "Corrosion of third degree of unspecified elbow, sequela"
      }, {
        "code": "T2273",
        "display": "Corrosion of third degree of upper arm"
      }, {
        "code": "T22731",
        "display": "Corrosion of third degree of right upper arm"
      }, {
        "code": "T22731A",
        "display": "Corrosion of third degree of right upper arm, init encntr"
      }, {
        "code": "T22731D",
        "display": "Corrosion of third degree of right upper arm, subs encntr"
      }, {
        "code": "T22731S",
        "display": "Corrosion of third degree of right upper arm, sequela"
      }, {
        "code": "T22732",
        "display": "Corrosion of third degree of left upper arm"
      }, {
        "code": "T22732A",
        "display": "Corrosion of third degree of left upper arm, init encntr"
      }, {
        "code": "T22732D",
        "display": "Corrosion of third degree of left upper arm, subs encntr"
      }, {
        "code": "T22732S",
        "display": "Corrosion of third degree of left upper arm, sequela"
      }, {
        "code": "T22739",
        "display": "Corrosion of third degree of unspecified upper arm"
      }, {
        "code": "T22739A",
        "display": "Corrosion of third degree of unsp upper arm, init encntr"
      }, {
        "code": "T22739D",
        "display": "Corrosion of third degree of unsp upper arm, subs encntr"
      }, {
        "code": "T22739S",
        "display": "Corrosion of third degree of unspecified upper arm, sequela"
      }, {
        "code": "T2274",
        "display": "Corrosion of third degree of axilla"
      }, {
        "code": "T22741",
        "display": "Corrosion of third degree of right axilla"
      }, {
        "code": "T22741A",
        "display": "Corrosion of third degree of right axilla, initial encounter"
      }, {
        "code": "T22741D",
        "display": "Corrosion of third degree of right axilla, subs encntr"
      }, {
        "code": "T22741S",
        "display": "Corrosion of third degree of right axilla, sequela"
      }, {
        "code": "T22742",
        "display": "Corrosion of third degree of left axilla"
      }, {
        "code": "T22742A",
        "display": "Corrosion of third degree of left axilla, initial encounter"
      }, {
        "code": "T22742D",
        "display": "Corrosion of third degree of left axilla, subs encntr"
      }, {
        "code": "T22742S",
        "display": "Corrosion of third degree of left axilla, sequela"
      }, {
        "code": "T22749",
        "display": "Corrosion of third degree of unspecified axilla"
      }, {
        "code": "T22749A",
        "display": "Corrosion of third degree of unspecified axilla, init encntr"
      }, {
        "code": "T22749D",
        "display": "Corrosion of third degree of unspecified axilla, subs encntr"
      }, {
        "code": "T22749S",
        "display": "Corrosion of third degree of unspecified axilla, sequela"
      }, {
        "code": "T2275",
        "display": "Corrosion of third degree of shoulder"
      }, {
        "code": "T22751",
        "display": "Corrosion of third degree of right shoulder"
      }, {
        "code": "T22751A",
        "display": "Corrosion of third degree of right shoulder, init encntr"
      }, {
        "code": "T22751D",
        "display": "Corrosion of third degree of right shoulder, subs encntr"
      }, {
        "code": "T22751S",
        "display": "Corrosion of third degree of right shoulder, sequela"
      }, {
        "code": "T22752",
        "display": "Corrosion of third degree of left shoulder"
      }, {
        "code": "T22752A",
        "display": "Corrosion of third degree of left shoulder, init encntr"
      }, {
        "code": "T22752D",
        "display": "Corrosion of third degree of left shoulder, subs encntr"
      }, {
        "code": "T22752S",
        "display": "Corrosion of third degree of left shoulder, sequela"
      }, {
        "code": "T22759",
        "display": "Corrosion of third degree of unspecified shoulder"
      }, {
        "code": "T22759A",
        "display": "Corrosion of third degree of unsp shoulder, init encntr"
      }, {
        "code": "T22759D",
        "display": "Corrosion of third degree of unsp shoulder, subs encntr"
      }, {
        "code": "T22759S",
        "display": "Corrosion of third degree of unspecified shoulder, sequela"
      }, {
        "code": "T2276",
        "display": "Corrosion of third degree of scapular region"
      }, {
        "code": "T22761",
        "display": "Corrosion of third degree of right scapular region"
      }, {
        "code": "T22761A",
        "display": "Corrosion of third degree of right scapular region, init"
      }, {
        "code": "T22761D",
        "display": "Corrosion of third degree of right scapular region, subs"
      }, {
        "code": "T22761S",
        "display": "Corrosion of third degree of right scapular region, sequela"
      }, {
        "code": "T22762",
        "display": "Corrosion of third degree of left scapular region"
      }, {
        "code": "T22762A",
        "display": "Corrosion of third degree of left scapular region, init"
      }, {
        "code": "T22762D",
        "display": "Corrosion of third degree of left scapular region, subs"
      }, {
        "code": "T22762S",
        "display": "Corrosion of third degree of left scapular region, sequela"
      }, {
        "code": "T22769",
        "display": "Corrosion of third degree of unspecified scapular region"
      }, {
        "code": "T22769A",
        "display": "Corrosion of third degree of unsp scapular region, init"
      }, {
        "code": "T22769D",
        "display": "Corrosion of third degree of unsp scapular region, subs"
      }, {
        "code": "T22769S",
        "display": "Corrosion of third degree of unsp scapular region, sequela"
      }, {
        "code": "T2279",
        "display": "Corros 3rd deg mu sites of shldr/up lmb, except wrs/hnd"
      }, {
        "code": "T22791",
        "display": "Corros 3rd deg mu sites of right shldr/up lmb, ex wrs/hnd"
      }, {
        "code": "T22791A",
        "display": "Corros 3rd deg mu sites of r shldr/up lmb, ex wrs/hnd, init"
      }, {
        "code": "T22791D",
        "display": "Corros 3rd deg mu sites of r shldr/up lmb, ex wrs/hnd, subs"
      }, {
        "code": "T22791S",
        "display": "Corros 3rd deg mu sites of r shldr/up lmb, ex wrs/hnd, sqla"
      }, {
        "code": "T22792",
        "display": "Corros 3rd deg mu sites of left shldr/up lmb, except wrs/hnd"
      }, {
        "code": "T22792A",
        "display": "Corros 3rd deg mu site of l shldr/up lmb, ex wrs/hnd, init"
      }, {
        "code": "T22792D",
        "display": "Corros 3rd deg mu site of l shldr/up lmb, ex wrs/hnd, subs"
      }, {
        "code": "T22792S",
        "display": "Corros 3rd deg mu site of l shldr/up lmb, ex wrs/hnd, sqla"
      }, {
        "code": "T22799",
        "display": "Corros 3rd deg mu sites of shldr/up lmb, except wrs/hnd"
      }, {
        "code": "T22799A",
        "display": "Corros 3rd deg mu sites of shldr/up lmb, ex wrs/hnd, init"
      }, {
        "code": "T22799D",
        "display": "Corros 3rd deg mu sites of shldr/up lmb, ex wrs/hnd, subs"
      }, {
        "code": "T22799S",
        "display": "Corros 3rd deg mu sites of shldr/up lmb, ex wrs/hnd, sqla"
      } ]
    } ]
  }
}