{
  "resourceType": "ValueSet",
  "id": "T21",
  "url": "http://hl7.org/fhir/sid/icd-10-cm-1486",
  "version": "1.0",
  "name": "Burn and corrosion of trunk",
  "title": "Burn and corrosion of trunk",
  "status": "active",
  "compose": {
    "include": [ {
      "system": "http://hl7.org/fhir/sid/icd-10-cm",
      "concept": [ {
        "code": "T210",
        "display": "Burn of unspecified degree of trunk"
      }, {
        "code": "T2100",
        "display": "Burn of unspecified degree of trunk, unspecified site"
      }, {
        "code": "T2100XA",
        "display": "Burn of unsp degree of trunk, unspecified site, init encntr"
      }, {
        "code": "T2100XD",
        "display": "Burn of unsp degree of trunk, unspecified site, subs encntr"
      }, {
        "code": "T2100XS",
        "display": "Burn of unsp degree of trunk, unspecified site, sequela"
      }, {
        "code": "T2101",
        "display": "Burn of unspecified degree of chest wall"
      }, {
        "code": "T2101XA",
        "display": "Burn of unspecified degree of chest wall, initial encounter"
      }, {
        "code": "T2101XD",
        "display": "Burn of unspecified degree of chest wall, subs encntr"
      }, {
        "code": "T2101XS",
        "display": "Burn of unspecified degree of chest wall, sequela"
      }, {
        "code": "T2102",
        "display": "Burn of unspecified degree of abdominal wall"
      }, {
        "code": "T2102XA",
        "display": "Burn of unspecified degree of abdominal wall, init encntr"
      }, {
        "code": "T2102XD",
        "display": "Burn of unspecified degree of abdominal wall, subs encntr"
      }, {
        "code": "T2102XS",
        "display": "Burn of unspecified degree of abdominal wall, sequela"
      }, {
        "code": "T2103",
        "display": "Burn of unspecified degree of upper back"
      }, {
        "code": "T2103XA",
        "display": "Burn of unspecified degree of upper back, initial encounter"
      }, {
        "code": "T2103XD",
        "display": "Burn of unspecified degree of upper back, subs encntr"
      }, {
        "code": "T2103XS",
        "display": "Burn of unspecified degree of upper back, sequela"
      }, {
        "code": "T2104",
        "display": "Burn of unspecified degree of lower back"
      }, {
        "code": "T2104XA",
        "display": "Burn of unspecified degree of lower back, initial encounter"
      }, {
        "code": "T2104XD",
        "display": "Burn of unspecified degree of lower back, subs encntr"
      }, {
        "code": "T2104XS",
        "display": "Burn of unspecified degree of lower back, sequela"
      }, {
        "code": "T2105",
        "display": "Burn of unspecified degree of buttock"
      }, {
        "code": "T2105XA",
        "display": "Burn of unspecified degree of buttock, initial encounter"
      }, {
        "code": "T2105XD",
        "display": "Burn of unspecified degree of buttock, subsequent encounter"
      }, {
        "code": "T2105XS",
        "display": "Burn of unspecified degree of buttock, sequela"
      }, {
        "code": "T2106",
        "display": "Burn of unspecified degree of male genital region"
      }, {
        "code": "T2106XA",
        "display": "Burn of unsp degree of male genital region, init encntr"
      }, {
        "code": "T2106XD",
        "display": "Burn of unsp degree of male genital region, subs encntr"
      }, {
        "code": "T2106XS",
        "display": "Burn of unspecified degree of male genital region, sequela"
      }, {
        "code": "T2107",
        "display": "Burn of unspecified degree of female genital region"
      }, {
        "code": "T2107XA",
        "display": "Burn of unsp degree of female genital region, init encntr"
      }, {
        "code": "T2107XD",
        "display": "Burn of unsp degree of female genital region, subs encntr"
      }, {
        "code": "T2107XS",
        "display": "Burn of unspecified degree of female genital region, sequela"
      }, {
        "code": "T2109",
        "display": "Burn of unspecified degree of other site of trunk"
      }, {
        "code": "T2109XA",
        "display": "Burn of unsp degree of other site of trunk, init encntr"
      }, {
        "code": "T2109XD",
        "display": "Burn of unsp degree of other site of trunk, subs encntr"
      }, {
        "code": "T2109XS",
        "display": "Burn of unspecified degree of other site of trunk, sequela"
      }, {
        "code": "T211",
        "display": "Burn of first degree of trunk"
      }, {
        "code": "T2110",
        "display": "Burn of first degree of trunk, unspecified site"
      }, {
        "code": "T2110XA",
        "display": "Burn of first degree of trunk, unspecified site, init encntr"
      }, {
        "code": "T2110XD",
        "display": "Burn of first degree of trunk, unspecified site, subs encntr"
      }, {
        "code": "T2110XS",
        "display": "Burn of first degree of trunk, unspecified site, sequela"
      }, {
        "code": "T2111",
        "display": "Burn of first degree of chest wall"
      }, {
        "code": "T2111XA",
        "display": "Burn of first degree of chest wall, initial encounter"
      }, {
        "code": "T2111XD",
        "display": "Burn of first degree of chest wall, subsequent encounter"
      }, {
        "code": "T2111XS",
        "display": "Burn of first degree of chest wall, sequela"
      }, {
        "code": "T2112",
        "display": "Burn of first degree of abdominal wall"
      }, {
        "code": "T2112XA",
        "display": "Burn of first degree of abdominal wall, initial encounter"
      }, {
        "code": "T2112XD",
        "display": "Burn of first degree of abdominal wall, subsequent encounter"
      }, {
        "code": "T2112XS",
        "display": "Burn of first degree of abdominal wall, sequela"
      }, {
        "code": "T2113",
        "display": "Burn of first degree of upper back"
      }, {
        "code": "T2113XA",
        "display": "Burn of first degree of upper back, initial encounter"
      }, {
        "code": "T2113XD",
        "display": "Burn of first degree of upper back, subsequent encounter"
      }, {
        "code": "T2113XS",
        "display": "Burn of first degree of upper back, sequela"
      }, {
        "code": "T2114",
        "display": "Burn of first degree of lower back"
      }, {
        "code": "T2114XA",
        "display": "Burn of first degree of lower back, initial encounter"
      }, {
        "code": "T2114XD",
        "display": "Burn of first degree of lower back, subsequent encounter"
      }, {
        "code": "T2114XS",
        "display": "Burn of first degree of lower back, sequela"
      }, {
        "code": "T2115",
        "display": "Burn of first degree of buttock"
      }, {
        "code": "T2115XA",
        "display": "Burn of first degree of buttock, initial encounter"
      }, {
        "code": "T2115XD",
        "display": "Burn of first degree of buttock, subsequent encounter"
      }, {
        "code": "T2115XS",
        "display": "Burn of first degree of buttock, sequela"
      }, {
        "code": "T2116",
        "display": "Burn of first degree of male genital region"
      }, {
        "code": "T2116XA",
        "display": "Burn of first degree of male genital region, init encntr"
      }, {
        "code": "T2116XD",
        "display": "Burn of first degree of male genital region, subs encntr"
      }, {
        "code": "T2116XS",
        "display": "Burn of first degree of male genital region, sequela"
      }, {
        "code": "T2117",
        "display": "Burn of first degree of female genital region"
      }, {
        "code": "T2117XA",
        "display": "Burn of first degree of female genital region, init encntr"
      }, {
        "code": "T2117XD",
        "display": "Burn of first degree of female genital region, subs encntr"
      }, {
        "code": "T2117XS",
        "display": "Burn of first degree of female genital region, sequela"
      }, {
        "code": "T2119",
        "display": "Burn of first degree of other site of trunk"
      }, {
        "code": "T2119XA",
        "display": "Burn of first degree of other site of trunk, init encntr"
      }, {
        "code": "T2119XD",
        "display": "Burn of first degree of other site of trunk, subs encntr"
      }, {
        "code": "T2119XS",
        "display": "Burn of first degree of other site of trunk, sequela"
      }, {
        "code": "T212",
        "display": "Burn of second degree of trunk"
      }, {
        "code": "T2120",
        "display": "Burn of second degree of trunk, unspecified site"
      }, {
        "code": "T2120XA",
        "display": "Burn of second degree of trunk, unsp site, init encntr"
      }, {
        "code": "T2120XD",
        "display": "Burn of second degree of trunk, unsp site, subs encntr"
      }, {
        "code": "T2120XS",
        "display": "Burn of second degree of trunk, unspecified site, sequela"
      }, {
        "code": "T2121",
        "display": "Burn of second degree of chest wall"
      }, {
        "code": "T2121XA",
        "display": "Burn of second degree of chest wall, initial encounter"
      }, {
        "code": "T2121XD",
        "display": "Burn of second degree of chest wall, subsequent encounter"
      }, {
        "code": "T2121XS",
        "display": "Burn of second degree of chest wall, sequela"
      }, {
        "code": "T2122",
        "display": "Burn of second degree of abdominal wall"
      }, {
        "code": "T2122XA",
        "display": "Burn of second degree of abdominal wall, initial encounter"
      }, {
        "code": "T2122XD",
        "display": "Burn of second degree of abdominal wall, subs encntr"
      }, {
        "code": "T2122XS",
        "display": "Burn of second degree of abdominal wall, sequela"
      }, {
        "code": "T2123",
        "display": "Burn of second degree of upper back"
      }, {
        "code": "T2123XA",
        "display": "Burn of second degree of upper back, initial encounter"
      }, {
        "code": "T2123XD",
        "display": "Burn of second degree of upper back, subsequent encounter"
      }, {
        "code": "T2123XS",
        "display": "Burn of second degree of upper back, sequela"
      }, {
        "code": "T2124",
        "display": "Burn of second degree of lower back"
      }, {
        "code": "T2124XA",
        "display": "Burn of second degree of lower back, initial encounter"
      }, {
        "code": "T2124XD",
        "display": "Burn of second degree of lower back, subsequent encounter"
      }, {
        "code": "T2124XS",
        "display": "Burn of second degree of lower back, sequela"
      }, {
        "code": "T2125",
        "display": "Burn of second degree of buttock"
      }, {
        "code": "T2125XA",
        "display": "Burn of second degree of buttock, initial encounter"
      }, {
        "code": "T2125XD",
        "display": "Burn of second degree of buttock, subsequent encounter"
      }, {
        "code": "T2125XS",
        "display": "Burn of second degree of buttock, sequela"
      }, {
        "code": "T2126",
        "display": "Burn of second degree of male genital region"
      }, {
        "code": "T2126XA",
        "display": "Burn of second degree of male genital region, init encntr"
      }, {
        "code": "T2126XD",
        "display": "Burn of second degree of male genital region, subs encntr"
      }, {
        "code": "T2126XS",
        "display": "Burn of second degree of male genital region, sequela"
      }, {
        "code": "T2127",
        "display": "Burn of second degree of female genital region"
      }, {
        "code": "T2127XA",
        "display": "Burn of second degree of female genital region, init encntr"
      }, {
        "code": "T2127XD",
        "display": "Burn of second degree of female genital region, subs encntr"
      }, {
        "code": "T2127XS",
        "display": "Burn of second degree of female genital region, sequela"
      }, {
        "code": "T2129",
        "display": "Burn of second degree of other site of trunk"
      }, {
        "code": "T2129XA",
        "display": "Burn of second degree of other site of trunk, init encntr"
      }, {
        "code": "T2129XD",
        "display": "Burn of second degree of other site of trunk, subs encntr"
      }, {
        "code": "T2129XS",
        "display": "Burn of second degree of other site of trunk, sequela"
      }, {
        "code": "T213",
        "display": "Burn of third degree of trunk"
      }, {
        "code": "T2130",
        "display": "Burn of third degree of trunk, unspecified site"
      }, {
        "code": "T2130XA",
        "display": "Burn of third degree of trunk, unspecified site, init encntr"
      }, {
        "code": "T2130XD",
        "display": "Burn of third degree of trunk, unspecified site, subs encntr"
      }, {
        "code": "T2130XS",
        "display": "Burn of third degree of trunk, unspecified site, sequela"
      }, {
        "code": "T2131",
        "display": "Burn of third degree of chest wall"
      }, {
        "code": "T2131XA",
        "display": "Burn of third degree of chest wall, initial encounter"
      }, {
        "code": "T2131XD",
        "display": "Burn of third degree of chest wall, subsequent encounter"
      }, {
        "code": "T2131XS",
        "display": "Burn of third degree of chest wall, sequela"
      }, {
        "code": "T2132",
        "display": "Burn of third degree of abdominal wall"
      }, {
        "code": "T2132XA",
        "display": "Burn of third degree of abdominal wall, initial encounter"
      }, {
        "code": "T2132XD",
        "display": "Burn of third degree of abdominal wall, subsequent encounter"
      }, {
        "code": "T2132XS",
        "display": "Burn of third degree of abdominal wall, sequela"
      }, {
        "code": "T2133",
        "display": "Burn of third degree of upper back"
      }, {
        "code": "T2133XA",
        "display": "Burn of third degree of upper back, initial encounter"
      }, {
        "code": "T2133XD",
        "display": "Burn of third degree of upper back, subsequent encounter"
      }, {
        "code": "T2133XS",
        "display": "Burn of third degree of upper back, sequela"
      }, {
        "code": "T2134",
        "display": "Burn of third degree of lower back"
      }, {
        "code": "T2134XA",
        "display": "Burn of third degree of lower back, initial encounter"
      }, {
        "code": "T2134XD",
        "display": "Burn of third degree of lower back, subsequent encounter"
      }, {
        "code": "T2134XS",
        "display": "Burn of third degree of lower back, sequela"
      }, {
        "code": "T2135",
        "display": "Burn of third degree of buttock"
      }, {
        "code": "T2135XA",
        "display": "Burn of third degree of buttock, initial encounter"
      }, {
        "code": "T2135XD",
        "display": "Burn of third degree of buttock, subsequent encounter"
      }, {
        "code": "T2135XS",
        "display": "Burn of third degree of buttock, sequela"
      }, {
        "code": "T2136",
        "display": "Burn of third degree of male genital region"
      }, {
        "code": "T2136XA",
        "display": "Burn of third degree of male genital region, init encntr"
      }, {
        "code": "T2136XD",
        "display": "Burn of third degree of male genital region, subs encntr"
      }, {
        "code": "T2136XS",
        "display": "Burn of third degree of male genital region, sequela"
      }, {
        "code": "T2137",
        "display": "Burn of third degree of female genital region"
      }, {
        "code": "T2137XA",
        "display": "Burn of third degree of female genital region, init encntr"
      }, {
        "code": "T2137XD",
        "display": "Burn of third degree of female genital region, subs encntr"
      }, {
        "code": "T2137XS",
        "display": "Burn of third degree of female genital region, sequela"
      }, {
        "code": "T2139",
        "display": "Burn of third degree of other site of trunk"
      }, {
        "code": "T2139XA",
        "display": "Burn of third degree of other site of trunk, init encntr"
      }, {
        "code": "T2139XD",
        "display": "Burn of third degree of other site of trunk, subs encntr"
      }, {
        "code": "T2139XS",
        "display": "Burn of third degree of other site of trunk, sequela"
      }, {
        "code": "T214",
        "display": "Corrosion of unspecified degree of trunk"
      }, {
        "code": "T2140",
        "display": "Corrosion of unspecified degree of trunk, unspecified site"
      }, {
        "code": "T2140XA",
        "display": "Corrosion of unsp degree of trunk, unsp site, init encntr"
      }, {
        "code": "T2140XD",
        "display": "Corrosion of unsp degree of trunk, unsp site, subs encntr"
      }, {
        "code": "T2140XS",
        "display": "Corrosion of unsp degree of trunk, unspecified site, sequela"
      }, {
        "code": "T2141",
        "display": "Corrosion of unspecified degree of chest wall"
      }, {
        "code": "T2141XA",
        "display": "Corrosion of unspecified degree of chest wall, init encntr"
      }, {
        "code": "T2141XD",
        "display": "Corrosion of unspecified degree of chest wall, subs encntr"
      }, {
        "code": "T2141XS",
        "display": "Corrosion of unspecified degree of chest wall, sequela"
      }, {
        "code": "T2142",
        "display": "Corrosion of unspecified degree of abdominal wall"
      }, {
        "code": "T2142XA",
        "display": "Corrosion of unsp degree of abdominal wall, init encntr"
      }, {
        "code": "T2142XD",
        "display": "Corrosion of unsp degree of abdominal wall, subs encntr"
      }, {
        "code": "T2142XS",
        "display": "Corrosion of unspecified degree of abdominal wall, sequela"
      }, {
        "code": "T2143",
        "display": "Corrosion of unspecified degree of upper back"
      }, {
        "code": "T2143XA",
        "display": "Corrosion of unspecified degree of upper back, init encntr"
      }, {
        "code": "T2143XD",
        "display": "Corrosion of unspecified degree of upper back, subs encntr"
      }, {
        "code": "T2143XS",
        "display": "Corrosion of unspecified degree of upper back, sequela"
      }, {
        "code": "T2144",
        "display": "Corrosion of unspecified degree of lower back"
      }, {
        "code": "T2144XA",
        "display": "Corrosion of unspecified degree of lower back, init encntr"
      }, {
        "code": "T2144XD",
        "display": "Corrosion of unspecified degree of lower back, subs encntr"
      }, {
        "code": "T2144XS",
        "display": "Corrosion of unspecified degree of lower back, sequela"
      }, {
        "code": "T2145",
        "display": "Corrosion of unspecified degree of buttock"
      }, {
        "code": "T2145XA",
        "display": "Corrosion of unspecified degree of buttock, init encntr"
      }, {
        "code": "T2145XD",
        "display": "Corrosion of unspecified degree of buttock, subs encntr"
      }, {
        "code": "T2145XS",
        "display": "Corrosion of unspecified degree of buttock, sequela"
      }, {
        "code": "T2146",
        "display": "Corrosion of unspecified degree of male genital region"
      }, {
        "code": "T2146XA",
        "display": "Corrosion of unsp degree of male genital region, init encntr"
      }, {
        "code": "T2146XD",
        "display": "Corrosion of unsp degree of male genital region, subs encntr"
      }, {
        "code": "T2146XS",
        "display": "Corrosion of unsp degree of male genital region, sequela"
      }, {
        "code": "T2147",
        "display": "Corrosion of unspecified degree of female genital region"
      }, {
        "code": "T2147XA",
        "display": "Corrosion of unsp degree of female genital region, init"
      }, {
        "code": "T2147XD",
        "display": "Corrosion of unsp degree of female genital region, subs"
      }, {
        "code": "T2147XS",
        "display": "Corrosion of unsp degree of female genital region, sequela"
      }, {
        "code": "T2149",
        "display": "Corrosion of unspecified degree of other site of trunk"
      }, {
        "code": "T2149XA",
        "display": "Corrosion of unsp degree of other site of trunk, init encntr"
      }, {
        "code": "T2149XD",
        "display": "Corrosion of unsp degree of other site of trunk, subs encntr"
      }, {
        "code": "T2149XS",
        "display": "Corrosion of unsp degree of other site of trunk, sequela"
      }, {
        "code": "T215",
        "display": "Corrosion of first degree of trunk"
      }, {
        "code": "T2150",
        "display": "Corrosion of first degree of trunk, unspecified site"
      }, {
        "code": "T2150XA",
        "display": "Corrosion of first degree of trunk, unsp site, init encntr"
      }, {
        "code": "T2150XD",
        "display": "Corrosion of first degree of trunk, unsp site, subs encntr"
      }, {
        "code": "T2150XS",
        "display": "Corrosion of first degree of trunk, unsp site, sequela"
      }, {
        "code": "T2151",
        "display": "Corrosion of first degree of chest wall"
      }, {
        "code": "T2151XA",
        "display": "Corrosion of first degree of chest wall, initial encounter"
      }, {
        "code": "T2151XD",
        "display": "Corrosion of first degree of chest wall, subs encntr"
      }, {
        "code": "T2151XS",
        "display": "Corrosion of first degree of chest wall, sequela"
      }, {
        "code": "T2152",
        "display": "Corrosion of first degree of abdominal wall"
      }, {
        "code": "T2152XA",
        "display": "Corrosion of first degree of abdominal wall, init encntr"
      }, {
        "code": "T2152XD",
        "display": "Corrosion of first degree of abdominal wall, subs encntr"
      }, {
        "code": "T2152XS",
        "display": "Corrosion of first degree of abdominal wall, sequela"
      }, {
        "code": "T2153",
        "display": "Corrosion of first degree of upper back"
      }, {
        "code": "T2153XA",
        "display": "Corrosion of first degree of upper back, initial encounter"
      }, {
        "code": "T2153XD",
        "display": "Corrosion of first degree of upper back, subs encntr"
      }, {
        "code": "T2153XS",
        "display": "Corrosion of first degree of upper back, sequela"
      }, {
        "code": "T2154",
        "display": "Corrosion of first degree of lower back"
      }, {
        "code": "T2154XA",
        "display": "Corrosion of first degree of lower back, initial encounter"
      }, {
        "code": "T2154XD",
        "display": "Corrosion of first degree of lower back, subs encntr"
      }, {
        "code": "T2154XS",
        "display": "Corrosion of first degree of lower back, sequela"
      }, {
        "code": "T2155",
        "display": "Corrosion of first degree of buttock"
      }, {
        "code": "T2155XA",
        "display": "Corrosion of first degree of buttock, initial encounter"
      }, {
        "code": "T2155XD",
        "display": "Corrosion of first degree of buttock, subsequent encounter"
      }, {
        "code": "T2155XS",
        "display": "Corrosion of first degree of buttock, sequela"
      }, {
        "code": "T2156",
        "display": "Corrosion of first degree of male genital region"
      }, {
        "code": "T2156XA",
        "display": "Corrosion of first degree of male genital region, init"
      }, {
        "code": "T2156XD",
        "display": "Corrosion of first degree of male genital region, subs"
      }, {
        "code": "T2156XS",
        "display": "Corrosion of first degree of male genital region, sequela"
      }, {
        "code": "T2157",
        "display": "Corrosion of first degree of female genital region"
      }, {
        "code": "T2157XA",
        "display": "Corrosion of first degree of female genital region, init"
      }, {
        "code": "T2157XD",
        "display": "Corrosion of first degree of female genital region, subs"
      }, {
        "code": "T2157XS",
        "display": "Corrosion of first degree of female genital region, sequela"
      }, {
        "code": "T2159",
        "display": "Corrosion of first degree of other site of trunk"
      }, {
        "code": "T2159XA",
        "display": "Corrosion of first degree of oth site of trunk, init encntr"
      }, {
        "code": "T2159XD",
        "display": "Corrosion of first degree of oth site of trunk, subs encntr"
      }, {
        "code": "T2159XS",
        "display": "Corrosion of first degree of other site of trunk, sequela"
      }, {
        "code": "T216",
        "display": "Corrosion of second degree of trunk"
      }, {
        "code": "T2160",
        "display": "Corrosion of second degree of trunk, unspecified site"
      }, {
        "code": "T2160XA",
        "display": "Corrosion of second degree of trunk, unsp site, init encntr"
      }, {
        "code": "T2160XD",
        "display": "Corrosion of second degree of trunk, unsp site, subs encntr"
      }, {
        "code": "T2160XS",
        "display": "Corrosion of second degree of trunk, unsp site, sequela"
      }, {
        "code": "T2161",
        "display": "Corrosion of second degree of chest wall"
      }, {
        "code": "T2161XA",
        "display": "Corrosion of second degree of chest wall, initial encounter"
      }, {
        "code": "T2161XD",
        "display": "Corrosion of second degree of chest wall, subs encntr"
      }, {
        "code": "T2161XS",
        "display": "Corrosion of second degree of chest wall, sequela"
      }, {
        "code": "T2162",
        "display": "Corrosion of second degree of abdominal wall"
      }, {
        "code": "T2162XA",
        "display": "Corrosion of second degree of abdominal wall, init encntr"
      }, {
        "code": "T2162XD",
        "display": "Corrosion of second degree of abdominal wall, subs encntr"
      }, {
        "code": "T2162XS",
        "display": "Corrosion of second degree of abdominal wall, sequela"
      }, {
        "code": "T2163",
        "display": "Corrosion of second degree of upper back"
      }, {
        "code": "T2163XA",
        "display": "Corrosion of second degree of upper back, initial encounter"
      }, {
        "code": "T2163XD",
        "display": "Corrosion of second degree of upper back, subs encntr"
      }, {
        "code": "T2163XS",
        "display": "Corrosion of second degree of upper back, sequela"
      }, {
        "code": "T2164",
        "display": "Corrosion of second degree of lower back"
      }, {
        "code": "T2164XA",
        "display": "Corrosion of second degree of lower back, initial encounter"
      }, {
        "code": "T2164XD",
        "display": "Corrosion of second degree of lower back, subs encntr"
      }, {
        "code": "T2164XS",
        "display": "Corrosion of second degree of lower back, sequela"
      }, {
        "code": "T2165",
        "display": "Corrosion of second degree of buttock"
      }, {
        "code": "T2165XA",
        "display": "Corrosion of second degree of buttock, initial encounter"
      }, {
        "code": "T2165XD",
        "display": "Corrosion of second degree of buttock, subsequent encounter"
      }, {
        "code": "T2165XS",
        "display": "Corrosion of second degree of buttock, sequela"
      }, {
        "code": "T2166",
        "display": "Corrosion of second degree of male genital region"
      }, {
        "code": "T2166XA",
        "display": "Corrosion of second degree of male genital region, init"
      }, {
        "code": "T2166XD",
        "display": "Corrosion of second degree of male genital region, subs"
      }, {
        "code": "T2166XS",
        "display": "Corrosion of second degree of male genital region, sequela"
      }, {
        "code": "T2167",
        "display": "Corrosion of second degree of female genital region"
      }, {
        "code": "T2167XA",
        "display": "Corrosion of second degree of female genital region, init"
      }, {
        "code": "T2167XD",
        "display": "Corrosion of second degree of female genital region, subs"
      }, {
        "code": "T2167XS",
        "display": "Corrosion of second degree of female genital region, sequela"
      }, {
        "code": "T2169",
        "display": "Corrosion of second degree of other site of trunk"
      }, {
        "code": "T2169XA",
        "display": "Corrosion of second degree of oth site of trunk, init encntr"
      }, {
        "code": "T2169XD",
        "display": "Corrosion of second degree of oth site of trunk, subs encntr"
      }, {
        "code": "T2169XS",
        "display": "Corrosion of second degree of other site of trunk, sequela"
      }, {
        "code": "T217",
        "display": "Corrosion of third degree of trunk"
      }, {
        "code": "T2170",
        "display": "Corrosion of third degree of trunk, unspecified site"
      }, {
        "code": "T2170XA",
        "display": "Corrosion of third degree of trunk, unsp site, init encntr"
      }, {
        "code": "T2170XD",
        "display": "Corrosion of third degree of trunk, unsp site, subs encntr"
      }, {
        "code": "T2170XS",
        "display": "Corrosion of third degree of trunk, unsp site, sequela"
      }, {
        "code": "T2171",
        "display": "Corrosion of third degree of chest wall"
      }, {
        "code": "T2171XA",
        "display": "Corrosion of third degree of chest wall, initial encounter"
      }, {
        "code": "T2171XD",
        "display": "Corrosion of third degree of chest wall, subs encntr"
      }, {
        "code": "T2171XS",
        "display": "Corrosion of third degree of chest wall, sequela"
      }, {
        "code": "T2172",
        "display": "Corrosion of third degree of abdominal wall"
      }, {
        "code": "T2172XA",
        "display": "Corrosion of third degree of abdominal wall, init encntr"
      }, {
        "code": "T2172XD",
        "display": "Corrosion of third degree of abdominal wall, subs encntr"
      }, {
        "code": "T2172XS",
        "display": "Corrosion of third degree of abdominal wall, sequela"
      }, {
        "code": "T2173",
        "display": "Corrosion of third degree of upper back"
      }, {
        "code": "T2173XA",
        "display": "Corrosion of third degree of upper back, initial encounter"
      }, {
        "code": "T2173XD",
        "display": "Corrosion of third degree of upper back, subs encntr"
      }, {
        "code": "T2173XS",
        "display": "Corrosion of third degree of upper back, sequela"
      }, {
        "code": "T2174",
        "display": "Corrosion of third degree of lower back"
      }, {
        "code": "T2174XA",
        "display": "Corrosion of third degree of lower back, initial encounter"
      }, {
        "code": "T2174XD",
        "display": "Corrosion of third degree of lower back, subs encntr"
      }, {
        "code": "T2174XS",
        "display": "Corrosion of third degree of lower back, sequela"
      }, {
        "code": "T2175",
        "display": "Corrosion of third degree of buttock"
      }, {
        "code": "T2175XA",
        "display": "Corrosion of third degree of buttock, initial encounter"
      }, {
        "code": "T2175XD",
        "display": "Corrosion of third degree of buttock, subsequent encounter"
      }, {
        "code": "T2175XS",
        "display": "Corrosion of third degree of buttock, sequela"
      }, {
        "code": "T2176",
        "display": "Corrosion of third degree of male genital region"
      }, {
        "code": "T2176XA",
        "display": "Corrosion of third degree of male genital region, init"
      }, {
        "code": "T2176XD",
        "display": "Corrosion of third degree of male genital region, subs"
      }, {
        "code": "T2176XS",
        "display": "Corrosion of third degree of male genital region, sequela"
      }, {
        "code": "T2177",
        "display": "Corrosion of third degree of female genital region"
      }, {
        "code": "T2177XA",
        "display": "Corrosion of third degree of female genital region, init"
      }, {
        "code": "T2177XD",
        "display": "Corrosion of third degree of female genital region, subs"
      }, {
        "code": "T2177XS",
        "display": "Corrosion of third degree of female genital region, sequela"
      }, {
        "code": "T2179",
        "display": "Corrosion of third degree of other site of trunk"
      }, {
        "code": "T2179XA",
        "display": "Corrosion of third degree of oth site of trunk, init encntr"
      }, {
        "code": "T2179XD",
        "display": "Corrosion of third degree of oth site of trunk, subs encntr"
      }, {
        "code": "T2179XS",
        "display": "Corrosion of third degree of other site of trunk, sequela"
      } ]
    } ]
  }
}