{
  "resourceType": "ValueSet",
  "id": "T30",
  "url": "http://hl7.org/fhir/sid/icd-10-cm-1494",
  "version": "1.0",
  "name": "Burn and corrosion, body region unspecified",
  "title": "Burn and corrosion, body region unspecified",
  "status": "active",
  "compose": {
    "include": [ {
      "system": "http://hl7.org/fhir/sid/icd-10-cm",
      "concept": [ {
        "code": "T300",
        "display": "Burn of unspecified body region, unspecified degree"
      }, {
        "code": "T304",
        "display": "Corrosion of unspecified body region, unspecified degree"
      } ]
    } ]
  }
}