{
  "resourceType": "ValueSet",
  "id": "V72",
  "url": "http://hl7.org/fhir/sid/icd-10-cm-1620",
  "version": "1.0",
  "name": "Bus occupant injured in collision w 2/3-whl mv",
  "title": "Bus occupant injured in collision with two- or three-wheeled motor vehicle",
  "status": "active",
  "compose": {
    "include": [ {
      "system": "http://hl7.org/fhir/sid/icd-10-cm",
      "concept": [ {
        "code": "V720",
        "display": "Driver of bus injured in collision w 2/3-whl mv nontraf"
      }, {
        "code": "V720XXA",
        "display": "Driver of bus injured in clsn w 2/3-whl mv nontraf, init"
      }, {
        "code": "V720XXD",
        "display": "Driver of bus injured in clsn w 2/3-whl mv nontraf, subs"
      }, {
        "code": "V720XXS",
        "display": "Driver of bus injured in clsn w 2/3-whl mv nontraf, sequela"
      }, {
        "code": "V721",
        "display": "Passenger on bus injured in collision w 2/3-whl mv nontraf"
      }, {
        "code": "V721XXA",
        "display": "Passenger on bus injured in clsn w 2/3-whl mv nontraf, init"
      }, {
        "code": "V721XXD",
        "display": "Passenger on bus injured in clsn w 2/3-whl mv nontraf, subs"
      }, {
        "code": "V721XXS",
        "display": "Pasngr on bus injured in clsn w 2/3-whl mv nontraf, sequela"
      }, {
        "code": "V722",
        "display": "Person outside bus injured in collision w 2/3-whl mv nontraf"
      }, {
        "code": "V722XXA",
        "display": "Person outside bus inj in clsn w 2/3-whl mv nontraf, init"
      }, {
        "code": "V722XXD",
        "display": "Person outside bus inj in clsn w 2/3-whl mv nontraf, subs"
      }, {
        "code": "V722XXS",
        "display": "Person outside bus inj in clsn w 2/3-whl mv nontraf, sequela"
      }, {
        "code": "V723",
        "display": "Occup of bus injured in collision w 2/3-whl mv nontraf"
      }, {
        "code": "V723XXA",
        "display": "Occup of bus injured in collision w 2/3-whl mv nontraf, init"
      }, {
        "code": "V723XXD",
        "display": "Occup of bus injured in collision w 2/3-whl mv nontraf, subs"
      }, {
        "code": "V723XXS",
        "display": "Occup of bus injured in clsn w 2/3-whl mv nontraf, sequela"
      }, {
        "code": "V724",
        "display": "Prsn brd/alit from bus injured in collision w 2/3-whl mv"
      }, {
        "code": "V724XXA",
        "display": "Prsn brd/alit from bus injured in clsn w 2/3-whl mv, init"
      }, {
        "code": "V724XXD",
        "display": "Prsn brd/alit from bus injured in clsn w 2/3-whl mv, subs"
      }, {
        "code": "V724XXS",
        "display": "Prsn brd/alit from bus injured in clsn w 2/3-whl mv, sequela"
      }, {
        "code": "V725",
        "display": "Driver of bus injured in collision w 2/3-whl mv in traf"
      }, {
        "code": "V725XXA",
        "display": "Driver of bus injured in clsn w 2/3-whl mv in traf, init"
      }, {
        "code": "V725XXD",
        "display": "Driver of bus injured in clsn w 2/3-whl mv in traf, subs"
      }, {
        "code": "V725XXS",
        "display": "Driver of bus injured in clsn w 2/3-whl mv in traf, sequela"
      }, {
        "code": "V726",
        "display": "Passenger on bus injured in collision w 2/3-whl mv in traf"
      }, {
        "code": "V726XXA",
        "display": "Passenger on bus injured in clsn w 2/3-whl mv in traf, init"
      }, {
        "code": "V726XXD",
        "display": "Passenger on bus injured in clsn w 2/3-whl mv in traf, subs"
      }, {
        "code": "V726XXS",
        "display": "Pasngr on bus injured in clsn w 2/3-whl mv in traf, sequela"
      }, {
        "code": "V727",
        "display": "Person outside bus injured in collision w 2/3-whl mv in traf"
      }, {
        "code": "V727XXA",
        "display": "Person outside bus inj in clsn w 2/3-whl mv in traf, init"
      }, {
        "code": "V727XXD",
        "display": "Person outside bus inj in clsn w 2/3-whl mv in traf, subs"
      }, {
        "code": "V727XXS",
        "display": "Person outside bus inj in clsn w 2/3-whl mv in traf, sequela"
      }, {
        "code": "V729",
        "display": "Occup of bus injured in collision w 2/3-whl mv in traf"
      }, {
        "code": "V729XXA",
        "display": "Occup of bus injured in collision w 2/3-whl mv in traf, init"
      }, {
        "code": "V729XXD",
        "display": "Occup of bus injured in collision w 2/3-whl mv in traf, subs"
      }, {
        "code": "V729XXS",
        "display": "Occup of bus injured in clsn w 2/3-whl mv in traf, sequela"
      } ]
    } ]
  }
}