{
  "resourceType": "ValueSet",
  "id": "V77",
  "url": "http://hl7.org/fhir/sid/icd-10-cm-1625",
  "version": "1.0",
  "name": "Bus occupant injured in collision w statnry object",
  "title": "Bus occupant injured in collision with fixed or stationary object",
  "status": "active",
  "compose": {
    "include": [ {
      "system": "http://hl7.org/fhir/sid/icd-10-cm",
      "concept": [ {
        "code": "V770",
        "display": "Driver of bus injured in collision w statnry object nontraf"
      }, {
        "code": "V770XXA",
        "display": "Driver of bus injured in clsn w statnry object nontraf, init"
      }, {
        "code": "V770XXD",
        "display": "Driver of bus injured in clsn w statnry object nontraf, subs"
      }, {
        "code": "V770XXS",
        "display": "Driver of bus inj in clsn w statnry object nontraf, sequela"
      }, {
        "code": "V771",
        "display": "Passenger on bus injured in clsn w statnry object nontraf"
      }, {
        "code": "V771XXA",
        "display": "Pasngr on bus injured in clsn w statnry object nontraf, init"
      }, {
        "code": "V771XXD",
        "display": "Pasngr on bus injured in clsn w statnry object nontraf, subs"
      }, {
        "code": "V771XXS",
        "display": "Pasngr on bus inj in clsn w statnry object nontraf, sequela"
      }, {
        "code": "V772",
        "display": "Person outside bus injured in clsn w statnry object nontraf"
      }, {
        "code": "V772XXA",
        "display": "Person outsd bus inj in clsn w statnry object nontraf, init"
      }, {
        "code": "V772XXD",
        "display": "Person outsd bus inj in clsn w statnry object nontraf, subs"
      }, {
        "code": "V772XXS",
        "display": "Person outsd bus inj in clsn w statnry object nontraf, sqla"
      }, {
        "code": "V773",
        "display": "Occup of bus injured in collision w statnry object nontraf"
      }, {
        "code": "V773XXA",
        "display": "Occup of bus injured in clsn w statnry object nontraf, init"
      }, {
        "code": "V773XXD",
        "display": "Occup of bus injured in clsn w statnry object nontraf, subs"
      }, {
        "code": "V773XXS",
        "display": "Occup of bus inj in clsn w statnry object nontraf, sequela"
      }, {
        "code": "V774",
        "display": "Prsn brd/alit from bus injured in collision w statnry object"
      }, {
        "code": "V774XXA",
        "display": "Prsn brd/alit from bus inj in clsn w statnry object, init"
      }, {
        "code": "V774XXD",
        "display": "Prsn brd/alit from bus inj in clsn w statnry object, subs"
      }, {
        "code": "V774XXS",
        "display": "Prsn brd/alit from bus inj in clsn w statnry object, sequela"
      }, {
        "code": "V775",
        "display": "Driver of bus injured in collision w statnry object in traf"
      }, {
        "code": "V775XXA",
        "display": "Driver of bus injured in clsn w statnry object in traf, init"
      }, {
        "code": "V775XXD",
        "display": "Driver of bus injured in clsn w statnry object in traf, subs"
      }, {
        "code": "V775XXS",
        "display": "Driver of bus inj in clsn w statnry object in traf, sequela"
      }, {
        "code": "V776",
        "display": "Passenger on bus injured in clsn w statnry object in traf"
      }, {
        "code": "V776XXA",
        "display": "Pasngr on bus injured in clsn w statnry object in traf, init"
      }, {
        "code": "V776XXD",
        "display": "Pasngr on bus injured in clsn w statnry object in traf, subs"
      }, {
        "code": "V776XXS",
        "display": "Pasngr on bus inj in clsn w statnry object in traf, sequela"
      }, {
        "code": "V777",
        "display": "Person outside bus injured in clsn w statnry object in traf"
      }, {
        "code": "V777XXA",
        "display": "Person outsd bus inj in clsn w statnry object in traf, init"
      }, {
        "code": "V777XXD",
        "display": "Person outsd bus inj in clsn w statnry object in traf, subs"
      }, {
        "code": "V777XXS",
        "display": "Person outsd bus inj in clsn w statnry object in traf, sqla"
      }, {
        "code": "V779",
        "display": "Occup of bus injured in collision w statnry object in traf"
      }, {
        "code": "V779XXA",
        "display": "Occup of bus injured in clsn w statnry object in traf, init"
      }, {
        "code": "V779XXD",
        "display": "Occup of bus injured in clsn w statnry object in traf, subs"
      }, {
        "code": "V779XXS",
        "display": "Occup of bus inj in clsn w statnry object in traf, sequela"
      } ]
    } ]
  }
}