{
  "resourceType": "ValueSet",
  "id": "V79",
  "url": "http://hl7.org/fhir/sid/icd-10-cm-1627",
  "version": "1.0",
  "name": "Bus occupant injured in other and unsp transport accidents",
  "title": "Bus occupant injured in other and unspecified transport accidents",
  "status": "active",
  "compose": {
    "include": [ {
      "system": "http://hl7.org/fhir/sid/icd-10-cm",
      "concept": [ {
        "code": "V790",
        "display": "Driver of bus injured in collision w oth and unsp mv nontraf"
      }, {
        "code": "V7900",
        "display": "Driver of bus injured in collision w unsp mv nontraf"
      }, {
        "code": "V7900XA",
        "display": "Driver of bus injured in collision w unsp mv nontraf, init"
      }, {
        "code": "V7900XD",
        "display": "Driver of bus injured in collision w unsp mv nontraf, subs"
      }, {
        "code": "V7900XS",
        "display": "Driver of bus injured in clsn w unsp mv nontraf, sequela"
      }, {
        "code": "V7909",
        "display": "Driver of bus injured in collision w oth mv nontraf"
      }, {
        "code": "V7909XA",
        "display": "Driver of bus injured in collision w oth mv nontraf, init"
      }, {
        "code": "V7909XD",
        "display": "Driver of bus injured in collision w oth mv nontraf, subs"
      }, {
        "code": "V7909XS",
        "display": "Driver of bus injured in collision w oth mv nontraf, sequela"
      }, {
        "code": "V791",
        "display": "Passenger on bus injured in clsn w oth and unsp mv nontraf"
      }, {
        "code": "V7910",
        "display": "Passenger on bus injured in collision w unsp mv nontraf"
      }, {
        "code": "V7910XA",
        "display": "Passenger on bus injured in clsn w unsp mv nontraf, init"
      }, {
        "code": "V7910XD",
        "display": "Passenger on bus injured in clsn w unsp mv nontraf, subs"
      }, {
        "code": "V7910XS",
        "display": "Passenger on bus injured in clsn w unsp mv nontraf, sequela"
      }, {
        "code": "V7919",
        "display": "Passenger on bus injured in collision w oth mv nontraf"
      }, {
        "code": "V7919XA",
        "display": "Passenger on bus injured in collision w oth mv nontraf, init"
      }, {
        "code": "V7919XD",
        "display": "Passenger on bus injured in collision w oth mv nontraf, subs"
      }, {
        "code": "V7919XS",
        "display": "Passenger on bus injured in clsn w oth mv nontraf, sequela"
      }, {
        "code": "V792",
        "display": "Unsp bus occupant injured in clsn w oth and unsp mv nontraf"
      }, {
        "code": "V7920",
        "display": "Unsp bus occupant injured in collision w unsp mv nontraf"
      }, {
        "code": "V7920XA",
        "display": "Unsp bus occupant injured in clsn w unsp mv nontraf, init"
      }, {
        "code": "V7920XD",
        "display": "Unsp bus occupant injured in clsn w unsp mv nontraf, subs"
      }, {
        "code": "V7920XS",
        "display": "Unsp bus occupant injured in clsn w unsp mv nontraf, sequela"
      }, {
        "code": "V7929",
        "display": "Unsp bus occupant injured in collision w oth mv nontraf"
      }, {
        "code": "V7929XA",
        "display": "Unsp bus occupant injured in clsn w oth mv nontraf, init"
      }, {
        "code": "V7929XD",
        "display": "Unsp bus occupant injured in clsn w oth mv nontraf, subs"
      }, {
        "code": "V7929XS",
        "display": "Unsp bus occupant injured in clsn w oth mv nontraf, sequela"
      }, {
        "code": "V793",
        "display": "Bus occupant (driver) (passenger) injured in unsp nontraf"
      }, {
        "code": "V793XXA",
        "display": "Bus occupant (driver) injured in unsp nontraf, init"
      }, {
        "code": "V793XXD",
        "display": "Bus occupant (driver) injured in unsp nontraf, subs"
      }, {
        "code": "V793XXS",
        "display": "Bus occupant (driver) injured in unsp nontraf, sequela"
      }, {
        "code": "V794",
        "display": "Driver of bus injured in collision w oth and unsp mv in traf"
      }, {
        "code": "V7940",
        "display": "Driver of bus injured in collision w unsp mv in traf"
      }, {
        "code": "V7940XA",
        "display": "Driver of bus injured in collision w unsp mv in traf, init"
      }, {
        "code": "V7940XD",
        "display": "Driver of bus injured in collision w unsp mv in traf, subs"
      }, {
        "code": "V7940XS",
        "display": "Driver of bus injured in clsn w unsp mv in traf, sequela"
      }, {
        "code": "V7949",
        "display": "Driver of bus injured in collision w oth mv in traf"
      }, {
        "code": "V7949XA",
        "display": "Driver of bus injured in collision w oth mv in traf, init"
      }, {
        "code": "V7949XD",
        "display": "Driver of bus injured in collision w oth mv in traf, subs"
      }, {
        "code": "V7949XS",
        "display": "Driver of bus injured in collision w oth mv in traf, sequela"
      }, {
        "code": "V795",
        "display": "Passenger on bus injured in clsn w oth and unsp mv in traf"
      }, {
        "code": "V7950",
        "display": "Passenger on bus injured in collision w unsp mv in traf"
      }, {
        "code": "V7950XA",
        "display": "Passenger on bus injured in clsn w unsp mv in traf, init"
      }, {
        "code": "V7950XD",
        "display": "Passenger on bus injured in clsn w unsp mv in traf, subs"
      }, {
        "code": "V7950XS",
        "display": "Passenger on bus injured in clsn w unsp mv in traf, sequela"
      }, {
        "code": "V7959",
        "display": "Passenger on bus injured in collision w oth mv in traf"
      }, {
        "code": "V7959XA",
        "display": "Passenger on bus injured in collision w oth mv in traf, init"
      }, {
        "code": "V7959XD",
        "display": "Passenger on bus injured in collision w oth mv in traf, subs"
      }, {
        "code": "V7959XS",
        "display": "Passenger on bus injured in clsn w oth mv in traf, sequela"
      }, {
        "code": "V796",
        "display": "Unsp bus occupant injured in clsn w oth and unsp mv in traf"
      }, {
        "code": "V7960",
        "display": "Unsp bus occupant injured in collision w unsp mv in traf"
      }, {
        "code": "V7960XA",
        "display": "Unsp bus occupant injured in clsn w unsp mv in traf, init"
      }, {
        "code": "V7960XD",
        "display": "Unsp bus occupant injured in clsn w unsp mv in traf, subs"
      }, {
        "code": "V7960XS",
        "display": "Unsp bus occupant injured in clsn w unsp mv in traf, sequela"
      }, {
        "code": "V7969",
        "display": "Unsp bus occupant injured in collision w oth mv in traf"
      }, {
        "code": "V7969XA",
        "display": "Unsp bus occupant injured in clsn w oth mv in traf, init"
      }, {
        "code": "V7969XD",
        "display": "Unsp bus occupant injured in clsn w oth mv in traf, subs"
      }, {
        "code": "V7969XS",
        "display": "Unsp bus occupant injured in clsn w oth mv in traf, sequela"
      }, {
        "code": "V798",
        "display": "Bus occupant (driver) injured in oth transport accidents"
      }, {
        "code": "V7981",
        "display": "Bus occupant injured in trnsp acc w military vehicle"
      }, {
        "code": "V7981XA",
        "display": "Bus occupant injured in trnsp acc w military vehicle, init"
      }, {
        "code": "V7981XD",
        "display": "Bus occupant injured in trnsp acc w military vehicle, subs"
      }, {
        "code": "V7981XS",
        "display": "Bus occupant injured in trnsp acc w miltry vehicle, sequela"
      }, {
        "code": "V7988",
        "display": "Bus occupant (driver) injured in oth transport accidents"
      }, {
        "code": "V7988XA",
        "display": "Bus occupant (driver) injured in oth transport acc, init"
      }, {
        "code": "V7988XD",
        "display": "Bus occupant (driver) injured in oth transport acc, subs"
      }, {
        "code": "V7988XS",
        "display": "Bus occupant (driver) injured in oth transport acc, sequela"
      }, {
        "code": "V799",
        "display": "Bus occupant (driver) (passenger) injured in unsp traf"
      }, {
        "code": "V799XXA",
        "display": "Bus occupant (driver) (passenger) injured in unsp traf, init"
      }, {
        "code": "V799XXD",
        "display": "Bus occupant (driver) (passenger) injured in unsp traf, subs"
      }, {
        "code": "V799XXS",
        "display": "Bus occupant (driver) injured in unsp traf, sequela"
      } ]
    } ]
  }
}