{
  "resourceType": "ValueSet",
  "id": "V75",
  "url": "http://hl7.org/fhir/sid/icd-10-cm-1623",
  "version": "1.0",
  "name": "Bus occupant injured in collision w rail trn/veh",
  "title": "Bus occupant injured in collision with railway train or railway vehicle",
  "status": "active",
  "compose": {
    "include": [ {
      "system": "http://hl7.org/fhir/sid/icd-10-cm",
      "concept": [ {
        "code": "V750",
        "display": "Driver of bus injured in collision w rail trn/veh nontraf"
      }, {
        "code": "V750XXA",
        "display": "Driver of bus injured in clsn w rail trn/veh nontraf, init"
      }, {
        "code": "V750XXD",
        "display": "Driver of bus injured in clsn w rail trn/veh nontraf, subs"
      }, {
        "code": "V750XXS",
        "display": "Driver of bus inj in clsn w rail trn/veh nontraf, sequela"
      }, {
        "code": "V751",
        "display": "Passenger on bus injured in collision w rail trn/veh nontraf"
      }, {
        "code": "V751XXA",
        "display": "Pasngr on bus injured in clsn w rail trn/veh nontraf, init"
      }, {
        "code": "V751XXD",
        "display": "Pasngr on bus injured in clsn w rail trn/veh nontraf, subs"
      }, {
        "code": "V751XXS",
        "display": "Pasngr on bus inj in clsn w rail trn/veh nontraf, sequela"
      }, {
        "code": "V752",
        "display": "Person outside bus injured in clsn w rail trn/veh nontraf"
      }, {
        "code": "V752XXA",
        "display": "Person outside bus inj in clsn w rail trn/veh nontraf, init"
      }, {
        "code": "V752XXD",
        "display": "Person outside bus inj in clsn w rail trn/veh nontraf, subs"
      }, {
        "code": "V752XXS",
        "display": "Person outsd bus inj in clsn w rail trn/veh nontraf, sequela"
      }, {
        "code": "V753",
        "display": "Occup of bus injured in collision w rail trn/veh nontraf"
      }, {
        "code": "V753XXA",
        "display": "Occup of bus injured in clsn w rail trn/veh nontraf, init"
      }, {
        "code": "V753XXD",
        "display": "Occup of bus injured in clsn w rail trn/veh nontraf, subs"
      }, {
        "code": "V753XXS",
        "display": "Occup of bus injured in clsn w rail trn/veh nontraf, sequela"
      }, {
        "code": "V754",
        "display": "Prsn brd/alit from bus injured in collision w rail trn/veh"
      }, {
        "code": "V754XXA",
        "display": "Prsn brd/alit from bus injured in clsn w rail trn/veh, init"
      }, {
        "code": "V754XXD",
        "display": "Prsn brd/alit from bus injured in clsn w rail trn/veh, subs"
      }, {
        "code": "V754XXS",
        "display": "Prsn brd/alit from bus inj in clsn w rail trn/veh, sequela"
      }, {
        "code": "V755",
        "display": "Driver of bus injured in collision w rail trn/veh in traf"
      }, {
        "code": "V755XXA",
        "display": "Driver of bus injured in clsn w rail trn/veh in traf, init"
      }, {
        "code": "V755XXD",
        "display": "Driver of bus injured in clsn w rail trn/veh in traf, subs"
      }, {
        "code": "V755XXS",
        "display": "Driver of bus inj in clsn w rail trn/veh in traf, sequela"
      }, {
        "code": "V756",
        "display": "Passenger on bus injured in collision w rail trn/veh in traf"
      }, {
        "code": "V756XXA",
        "display": "Pasngr on bus injured in clsn w rail trn/veh in traf, init"
      }, {
        "code": "V756XXD",
        "display": "Pasngr on bus injured in clsn w rail trn/veh in traf, subs"
      }, {
        "code": "V756XXS",
        "display": "Pasngr on bus inj in clsn w rail trn/veh in traf, sequela"
      }, {
        "code": "V757",
        "display": "Person outside bus injured in clsn w rail trn/veh in traf"
      }, {
        "code": "V757XXA",
        "display": "Person outside bus inj in clsn w rail trn/veh in traf, init"
      }, {
        "code": "V757XXD",
        "display": "Person outside bus inj in clsn w rail trn/veh in traf, subs"
      }, {
        "code": "V757XXS",
        "display": "Person outsd bus inj in clsn w rail trn/veh in traf, sequela"
      }, {
        "code": "V759",
        "display": "Occup of bus injured in collision w rail trn/veh in traf"
      }, {
        "code": "V759XXA",
        "display": "Occup of bus injured in clsn w rail trn/veh in traf, init"
      }, {
        "code": "V759XXD",
        "display": "Occup of bus injured in clsn w rail trn/veh in traf, subs"
      }, {
        "code": "V759XXS",
        "display": "Occup of bus injured in clsn w rail trn/veh in traf, sequela"
      } ]
    } ]
  }
}