{
  "resourceType": "ValueSet",
  "id": "V70",
  "url": "http://hl7.org/fhir/sid/icd-10-cm-1618",
  "version": "1.0",
  "name": "Bus occupant injured in collision with pedestrian or animal",
  "title": "Bus occupant injured in collision with pedestrian or animal",
  "status": "active",
  "compose": {
    "include": [ {
      "system": "http://hl7.org/fhir/sid/icd-10-cm",
      "concept": [ {
        "code": "V700",
        "display": "Driver of bus injured in collision w ped/anml nontraf"
      }, {
        "code": "V700XXA",
        "display": "Driver of bus injured in collision w ped/anml nontraf, init"
      }, {
        "code": "V700XXD",
        "display": "Driver of bus injured in collision w ped/anml nontraf, subs"
      }, {
        "code": "V700XXS",
        "display": "Driver of bus injured in clsn w ped/anml nontraf, sequela"
      }, {
        "code": "V701",
        "display": "Passenger on bus injured in collision w ped/anml nontraf"
      }, {
        "code": "V701XXA",
        "display": "Passenger on bus injured in clsn w ped/anml nontraf, init"
      }, {
        "code": "V701XXD",
        "display": "Passenger on bus injured in clsn w ped/anml nontraf, subs"
      }, {
        "code": "V701XXS",
        "display": "Passenger on bus injured in clsn w ped/anml nontraf, sequela"
      }, {
        "code": "V702",
        "display": "Person outside bus injured in collision w ped/anml nontraf"
      }, {
        "code": "V702XXA",
        "display": "Person outside bus injured in clsn w ped/anml nontraf, init"
      }, {
        "code": "V702XXD",
        "display": "Person outside bus injured in clsn w ped/anml nontraf, subs"
      }, {
        "code": "V702XXS",
        "display": "Person outside bus inj in clsn w ped/anml nontraf, sequela"
      }, {
        "code": "V703",
        "display": "Occup of bus injured in collision w ped/anml nontraf"
      }, {
        "code": "V703XXA",
        "display": "Occup of bus injured in collision w ped/anml nontraf, init"
      }, {
        "code": "V703XXD",
        "display": "Occup of bus injured in collision w ped/anml nontraf, subs"
      }, {
        "code": "V703XXS",
        "display": "Occup of bus injured in clsn w ped/anml nontraf, sequela"
      }, {
        "code": "V704",
        "display": "Prsn brd/alit from bus injured in collision w ped/anml"
      }, {
        "code": "V704XXA",
        "display": "Prsn brd/alit from bus injured in collision w ped/anml, init"
      }, {
        "code": "V704XXD",
        "display": "Prsn brd/alit from bus injured in collision w ped/anml, subs"
      }, {
        "code": "V704XXS",
        "display": "Prsn brd/alit from bus injured in clsn w ped/anml, sequela"
      }, {
        "code": "V705",
        "display": "Driver of bus injured in collision w ped/anml in traf"
      }, {
        "code": "V705XXA",
        "display": "Driver of bus injured in collision w ped/anml in traf, init"
      }, {
        "code": "V705XXD",
        "display": "Driver of bus injured in collision w ped/anml in traf, subs"
      }, {
        "code": "V705XXS",
        "display": "Driver of bus injured in clsn w ped/anml in traf, sequela"
      }, {
        "code": "V706",
        "display": "Passenger on bus injured in collision w ped/anml in traf"
      }, {
        "code": "V706XXA",
        "display": "Passenger on bus injured in clsn w ped/anml in traf, init"
      }, {
        "code": "V706XXD",
        "display": "Passenger on bus injured in clsn w ped/anml in traf, subs"
      }, {
        "code": "V706XXS",
        "display": "Passenger on bus injured in clsn w ped/anml in traf, sequela"
      }, {
        "code": "V707",
        "display": "Person outside bus injured in collision w ped/anml in traf"
      }, {
        "code": "V707XXA",
        "display": "Person outside bus injured in clsn w ped/anml in traf, init"
      }, {
        "code": "V707XXD",
        "display": "Person outside bus injured in clsn w ped/anml in traf, subs"
      }, {
        "code": "V707XXS",
        "display": "Person outside bus inj in clsn w ped/anml in traf, sequela"
      }, {
        "code": "V709",
        "display": "Occup of bus injured in collision w ped/anml in traf"
      }, {
        "code": "V709XXA",
        "display": "Occup of bus injured in collision w ped/anml in traf, init"
      }, {
        "code": "V709XXD",
        "display": "Occup of bus injured in collision w ped/anml in traf, subs"
      }, {
        "code": "V709XXS",
        "display": "Occup of bus injured in clsn w ped/anml in traf, sequela"
      } ]
    } ]
  }
}