{
  "resourceType": "ValueSet",
  "id": "V73",
  "url": "http://hl7.org/fhir/sid/icd-10-cm-1621",
  "version": "1.0",
  "name": "Bus occupant injured pick-up truck, pick-up truck or van",
  "title": "Bus occupant injured in collision with car, pick-up truck or van",
  "status": "active",
  "compose": {
    "include": [ {
      "system": "http://hl7.org/fhir/sid/icd-10-cm",
      "concept": [ {
        "code": "V730",
        "display": "Driver of bus injured pick-up truck, pk-up/van nontraf"
      }, {
        "code": "V730XXA",
        "display": "Driver of bus injured pick-up truck, pk-up/van nontraf, init"
      }, {
        "code": "V730XXD",
        "display": "Driver of bus injured pick-up truck, pk-up/van nontraf, subs"
      }, {
        "code": "V730XXS",
        "display": "Driver of bus inj pick-up truck, pk-up/van nontraf, sequela"
      }, {
        "code": "V731",
        "display": "Passenger on bus injured pick-up truck, pk-up/van nontraf"
      }, {
        "code": "V731XXA",
        "display": "Pasngr on bus injured pick-up truck, pk-up/van nontraf, init"
      }, {
        "code": "V731XXD",
        "display": "Pasngr on bus injured pick-up truck, pk-up/van nontraf, subs"
      }, {
        "code": "V731XXS",
        "display": "Pasngr on bus inj pick-up truck, pk-up/van nontraf, sequela"
      }, {
        "code": "V732",
        "display": "Person outside bus injured pick-up truck, pk-up/van nontraf"
      }, {
        "code": "V732XXA",
        "display": "Person outsd bus inj pick-up truck, pk-up/van nontraf, init"
      }, {
        "code": "V732XXD",
        "display": "Person outsd bus inj pick-up truck, pk-up/van nontraf, subs"
      }, {
        "code": "V732XXS",
        "display": "Person outsd bus inj pk-up truck, pk-up/van nontraf, sequela"
      }, {
        "code": "V733",
        "display": "Occup of bus injured pick-up truck, pk-up/van nontraf"
      }, {
        "code": "V733XXA",
        "display": "Occup of bus injured pick-up truck, pk-up/van nontraf, init"
      }, {
        "code": "V733XXD",
        "display": "Occup of bus injured pick-up truck, pk-up/van nontraf, subs"
      }, {
        "code": "V733XXS",
        "display": "Occup of bus inj pick-up truck, pk-up/van nontraf, sequela"
      }, {
        "code": "V734",
        "display": "Prsn brd/alit from bus injured pick-up truck, pk-up/van"
      }, {
        "code": "V734XXA",
        "display": "Prsn brd/alit from bus inj pick-up truck, pk-up/van, init"
      }, {
        "code": "V734XXD",
        "display": "Prsn brd/alit from bus inj pick-up truck, pk-up/van, subs"
      }, {
        "code": "V734XXS",
        "display": "Prsn brd/alit from bus inj pick-up truck, pk-up/van, sequela"
      }, {
        "code": "V735",
        "display": "Driver of bus injured pick-up truck, pk-up/van in traf"
      }, {
        "code": "V735XXA",
        "display": "Driver of bus injured pick-up truck, pk-up/van in traf, init"
      }, {
        "code": "V735XXD",
        "display": "Driver of bus injured pick-up truck, pk-up/van in traf, subs"
      }, {
        "code": "V735XXS",
        "display": "Driver of bus inj pick-up truck, pk-up/van in traf, sequela"
      }, {
        "code": "V736",
        "display": "Passenger on bus injured pick-up truck, pk-up/van in traf"
      }, {
        "code": "V736XXA",
        "display": "Pasngr on bus injured pick-up truck, pk-up/van in traf, init"
      }, {
        "code": "V736XXD",
        "display": "Pasngr on bus injured pick-up truck, pk-up/van in traf, subs"
      }, {
        "code": "V736XXS",
        "display": "Pasngr on bus inj pick-up truck, pk-up/van in traf, sequela"
      }, {
        "code": "V737",
        "display": "Person outside bus injured pick-up truck, pk-up/van in traf"
      }, {
        "code": "V737XXA",
        "display": "Person outsd bus inj pick-up truck, pk-up/van in traf, init"
      }, {
        "code": "V737XXD",
        "display": "Person outsd bus inj pick-up truck, pk-up/van in traf, subs"
      }, {
        "code": "V737XXS",
        "display": "Person outsd bus inj pk-up truck, pk-up/van in traf, sequela"
      }, {
        "code": "V739",
        "display": "Occup of bus injured pick-up truck, pk-up/van in traf"
      }, {
        "code": "V739XXA",
        "display": "Occup of bus injured pick-up truck, pk-up/van in traf, init"
      }, {
        "code": "V739XXD",
        "display": "Occup of bus injured pick-up truck, pk-up/van in traf, subs"
      }, {
        "code": "V739XXS",
        "display": "Occup of bus inj pick-up truck, pk-up/van in traf, sequela"
      } ]
    } ]
  }
}