{
  "resourceType": "ValueSet",
  "id": "V78",
  "url": "http://hl7.org/fhir/sid/icd-10-cm-1626",
  "version": "1.0",
  "name": "Bus occupant injured in noncollision transport accident",
  "title": "Bus occupant injured in noncollision transport accident",
  "status": "active",
  "compose": {
    "include": [ {
      "system": "http://hl7.org/fhir/sid/icd-10-cm",
      "concept": [ {
        "code": "V780",
        "display": "Driver of bus injured in nonclsn transport accident nontraf"
      }, {
        "code": "V780XXA",
        "display": "Driver of bus injured in nonclsn trnsp acc nontraf, init"
      }, {
        "code": "V780XXD",
        "display": "Driver of bus injured in nonclsn trnsp acc nontraf, subs"
      }, {
        "code": "V780XXS",
        "display": "Driver of bus injured in nonclsn trnsp acc nontraf, sequela"
      }, {
        "code": "V781",
        "display": "Pasngr on bus injured in nonclsn transport accident nontraf"
      }, {
        "code": "V781XXA",
        "display": "Pasngr on bus injured in nonclsn trnsp acc nontraf, init"
      }, {
        "code": "V781XXD",
        "display": "Pasngr on bus injured in nonclsn trnsp acc nontraf, subs"
      }, {
        "code": "V781XXS",
        "display": "Pasngr on bus injured in nonclsn trnsp acc nontraf, sequela"
      }, {
        "code": "V782",
        "display": "Person outside bus injured in nonclsn trnsp accident nontraf"
      }, {
        "code": "V782XXA",
        "display": "Person outside bus inj in nonclsn trnsp acc nontraf, init"
      }, {
        "code": "V782XXD",
        "display": "Person outside bus inj in nonclsn trnsp acc nontraf, subs"
      }, {
        "code": "V782XXS",
        "display": "Person outside bus inj in nonclsn trnsp acc nontraf, sequela"
      }, {
        "code": "V783",
        "display": "Occup of bus injured in nonclsn transport accident nontraf"
      }, {
        "code": "V783XXA",
        "display": "Occup of bus injured in nonclsn trnsp accident nontraf, init"
      }, {
        "code": "V783XXD",
        "display": "Occup of bus injured in nonclsn trnsp accident nontraf, subs"
      }, {
        "code": "V783XXS",
        "display": "Occup of bus injured in nonclsn trnsp acc nontraf, sequela"
      }, {
        "code": "V784",
        "display": "Prsn brd/alit from bus injured in nonclsn transport accident"
      }, {
        "code": "V784XXA",
        "display": "Prsn brd/alit from bus injured in nonclsn trnsp acc, init"
      }, {
        "code": "V784XXD",
        "display": "Prsn brd/alit from bus injured in nonclsn trnsp acc, subs"
      }, {
        "code": "V784XXS",
        "display": "Prsn brd/alit from bus injured in nonclsn trnsp acc, sequela"
      }, {
        "code": "V785",
        "display": "Driver of bus injured in nonclsn transport accident in traf"
      }, {
        "code": "V785XXA",
        "display": "Driver of bus injured in nonclsn trnsp acc in traf, init"
      }, {
        "code": "V785XXD",
        "display": "Driver of bus injured in nonclsn trnsp acc in traf, subs"
      }, {
        "code": "V785XXS",
        "display": "Driver of bus injured in nonclsn trnsp acc in traf, sequela"
      }, {
        "code": "V786",
        "display": "Pasngr on bus injured in nonclsn transport accident in traf"
      }, {
        "code": "V786XXA",
        "display": "Pasngr on bus injured in nonclsn trnsp acc in traf, init"
      }, {
        "code": "V786XXD",
        "display": "Pasngr on bus injured in nonclsn trnsp acc in traf, subs"
      }, {
        "code": "V786XXS",
        "display": "Pasngr on bus injured in nonclsn trnsp acc in traf, sequela"
      }, {
        "code": "V787",
        "display": "Person outside bus injured in nonclsn trnsp accident in traf"
      }, {
        "code": "V787XXA",
        "display": "Person outside bus inj in nonclsn trnsp acc in traf, init"
      }, {
        "code": "V787XXD",
        "display": "Person outside bus inj in nonclsn trnsp acc in traf, subs"
      }, {
        "code": "V787XXS",
        "display": "Person outside bus inj in nonclsn trnsp acc in traf, sequela"
      }, {
        "code": "V789",
        "display": "Occup of bus injured in nonclsn transport accident in traf"
      }, {
        "code": "V789XXA",
        "display": "Occup of bus injured in nonclsn trnsp accident in traf, init"
      }, {
        "code": "V789XXD",
        "display": "Occup of bus injured in nonclsn trnsp accident in traf, subs"
      }, {
        "code": "V789XXS",
        "display": "Occup of bus injured in nonclsn trnsp acc in traf, sequela"
      } ]
    } ]
  }
}