{
  "resourceType": "ValueSet",
  "id": "V71",
  "url": "http://hl7.org/fhir/sid/icd-10-cm-1619",
  "version": "1.0",
  "name": "Bus occupant injured in collision with pedal cycle",
  "title": "Bus occupant injured in collision with pedal cycle",
  "status": "active",
  "compose": {
    "include": [ {
      "system": "http://hl7.org/fhir/sid/icd-10-cm",
      "concept": [ {
        "code": "V710",
        "display": "Driver of bus injured in collision w pedal cycle nontraf"
      }, {
        "code": "V710XXA",
        "display": "Driver of bus injured in collision w pedl cyc nontraf, init"
      }, {
        "code": "V710XXD",
        "display": "Driver of bus injured in collision w pedl cyc nontraf, subs"
      }, {
        "code": "V710XXS",
        "display": "Driver of bus injured in clsn w pedl cyc nontraf, sequela"
      }, {
        "code": "V711",
        "display": "Passenger on bus injured in collision w pedal cycle nontraf"
      }, {
        "code": "V711XXA",
        "display": "Passenger on bus injured in clsn w pedl cyc nontraf, init"
      }, {
        "code": "V711XXD",
        "display": "Passenger on bus injured in clsn w pedl cyc nontraf, subs"
      }, {
        "code": "V711XXS",
        "display": "Passenger on bus injured in clsn w pedl cyc nontraf, sequela"
      }, {
        "code": "V712",
        "display": "Person outside bus injured in collision w pedl cyc nontraf"
      }, {
        "code": "V712XXA",
        "display": "Person outside bus injured in clsn w pedl cyc nontraf, init"
      }, {
        "code": "V712XXD",
        "display": "Person outside bus injured in clsn w pedl cyc nontraf, subs"
      }, {
        "code": "V712XXS",
        "display": "Person outside bus inj in clsn w pedl cyc nontraf, sequela"
      }, {
        "code": "V713",
        "display": "Occup of bus injured in collision w pedal cycle nontraf"
      }, {
        "code": "V713XXA",
        "display": "Occup of bus injured in collision w pedl cyc nontraf, init"
      }, {
        "code": "V713XXD",
        "display": "Occup of bus injured in collision w pedl cyc nontraf, subs"
      }, {
        "code": "V713XXS",
        "display": "Occup of bus injured in clsn w pedl cyc nontraf, sequela"
      }, {
        "code": "V714",
        "display": "Prsn brd/alit from bus injured in collision w pedal cycle"
      }, {
        "code": "V714XXA",
        "display": "Prsn brd/alit from bus injured in collision w pedl cyc, init"
      }, {
        "code": "V714XXD",
        "display": "Prsn brd/alit from bus injured in collision w pedl cyc, subs"
      }, {
        "code": "V714XXS",
        "display": "Prsn brd/alit from bus injured in clsn w pedl cyc, sequela"
      }, {
        "code": "V715",
        "display": "Driver of bus injured in collision w pedal cycle in traf"
      }, {
        "code": "V715XXA",
        "display": "Driver of bus injured in collision w pedl cyc in traf, init"
      }, {
        "code": "V715XXD",
        "display": "Driver of bus injured in collision w pedl cyc in traf, subs"
      }, {
        "code": "V715XXS",
        "display": "Driver of bus injured in clsn w pedl cyc in traf, sequela"
      }, {
        "code": "V716",
        "display": "Passenger on bus injured in collision w pedal cycle in traf"
      }, {
        "code": "V716XXA",
        "display": "Passenger on bus injured in clsn w pedl cyc in traf, init"
      }, {
        "code": "V716XXD",
        "display": "Passenger on bus injured in clsn w pedl cyc in traf, subs"
      }, {
        "code": "V716XXS",
        "display": "Passenger on bus injured in clsn w pedl cyc in traf, sequela"
      }, {
        "code": "V717",
        "display": "Person outside bus injured in collision w pedl cyc in traf"
      }, {
        "code": "V717XXA",
        "display": "Person outside bus injured in clsn w pedl cyc in traf, init"
      }, {
        "code": "V717XXD",
        "display": "Person outside bus injured in clsn w pedl cyc in traf, subs"
      }, {
        "code": "V717XXS",
        "display": "Person outside bus inj in clsn w pedl cyc in traf, sequela"
      }, {
        "code": "V719",
        "display": "Occup of bus injured in collision w pedal cycle in traf"
      }, {
        "code": "V719XXA",
        "display": "Occup of bus injured in collision w pedl cyc in traf, init"
      }, {
        "code": "V719XXD",
        "display": "Occup of bus injured in collision w pedl cyc in traf, subs"
      }, {
        "code": "V719XXS",
        "display": "Occup of bus injured in clsn w pedl cyc in traf, sequela"
      } ]
    } ]
  }
}