{
  "resourceType": "ValueSet",
  "id": "V74",
  "url": "http://hl7.org/fhir/sid/icd-10-cm-1622",
  "version": "1.0",
  "name": "Bus occupant injured in collision w hv veh",
  "title": "Bus occupant injured in collision with heavy transport vehicle or bus",
  "status": "active",
  "compose": {
    "include": [ {
      "system": "http://hl7.org/fhir/sid/icd-10-cm",
      "concept": [ {
        "code": "V740",
        "display": "Driver of bus injured in collision w hv veh nontraf"
      }, {
        "code": "V740XXA",
        "display": "Driver of bus injured in collision w hv veh nontraf, init"
      }, {
        "code": "V740XXD",
        "display": "Driver of bus injured in collision w hv veh nontraf, subs"
      }, {
        "code": "V740XXS",
        "display": "Driver of bus injured in collision w hv veh nontraf, sequela"
      }, {
        "code": "V741",
        "display": "Passenger on bus injured in collision w hv veh nontraf"
      }, {
        "code": "V741XXA",
        "display": "Passenger on bus injured in collision w hv veh nontraf, init"
      }, {
        "code": "V741XXD",
        "display": "Passenger on bus injured in collision w hv veh nontraf, subs"
      }, {
        "code": "V741XXS",
        "display": "Passenger on bus injured in clsn w hv veh nontraf, sequela"
      }, {
        "code": "V742",
        "display": "Person outside bus injured in collision w hv veh nontraf"
      }, {
        "code": "V742XXA",
        "display": "Person outside bus injured in clsn w hv veh nontraf, init"
      }, {
        "code": "V742XXD",
        "display": "Person outside bus injured in clsn w hv veh nontraf, subs"
      }, {
        "code": "V742XXS",
        "display": "Person outside bus injured in clsn w hv veh nontraf, sequela"
      }, {
        "code": "V743",
        "display": "Occup of bus injured in collision w hv veh nontraf"
      }, {
        "code": "V743XXA",
        "display": "Occup of bus injured in collision w hv veh nontraf, init"
      }, {
        "code": "V743XXD",
        "display": "Occup of bus injured in collision w hv veh nontraf, subs"
      }, {
        "code": "V743XXS",
        "display": "Occup of bus injured in collision w hv veh nontraf, sequela"
      }, {
        "code": "V744",
        "display": "Prsn brd/alit from bus injured in collision w hv veh"
      }, {
        "code": "V744XXA",
        "display": "Prsn brd/alit from bus injured in collision w hv veh, init"
      }, {
        "code": "V744XXD",
        "display": "Prsn brd/alit from bus injured in collision w hv veh, subs"
      }, {
        "code": "V744XXS",
        "display": "Prsn brd/alit from bus injured in clsn w hv veh, sequela"
      }, {
        "code": "V745",
        "display": "Driver of bus injured in collision w hv veh in traf"
      }, {
        "code": "V745XXA",
        "display": "Driver of bus injured in collision w hv veh in traf, init"
      }, {
        "code": "V745XXD",
        "display": "Driver of bus injured in collision w hv veh in traf, subs"
      }, {
        "code": "V745XXS",
        "display": "Driver of bus injured in collision w hv veh in traf, sequela"
      }, {
        "code": "V746",
        "display": "Passenger on bus injured in collision w hv veh in traf"
      }, {
        "code": "V746XXA",
        "display": "Passenger on bus injured in collision w hv veh in traf, init"
      }, {
        "code": "V746XXD",
        "display": "Passenger on bus injured in collision w hv veh in traf, subs"
      }, {
        "code": "V746XXS",
        "display": "Passenger on bus injured in clsn w hv veh in traf, sequela"
      }, {
        "code": "V747",
        "display": "Person outside bus injured in collision w hv veh in traf"
      }, {
        "code": "V747XXA",
        "display": "Person outside bus injured in clsn w hv veh in traf, init"
      }, {
        "code": "V747XXD",
        "display": "Person outside bus injured in clsn w hv veh in traf, subs"
      }, {
        "code": "V747XXS",
        "display": "Person outside bus injured in clsn w hv veh in traf, sequela"
      }, {
        "code": "V749",
        "display": "Occup of bus injured in collision w hv veh in traf"
      }, {
        "code": "V749XXA",
        "display": "Occup of bus injured in collision w hv veh in traf, init"
      }, {
        "code": "V749XXD",
        "display": "Occup of bus injured in collision w hv veh in traf, subs"
      }, {
        "code": "V749XXS",
        "display": "Occup of bus injured in collision w hv veh in traf, sequela"
      } ]
    } ]
  }
}