{
  "resourceType": "ValueSet",
  "id": "V76",
  "url": "http://hl7.org/fhir/sid/icd-10-cm-1624",
  "version": "1.0",
  "name": "Bus occupant injured in collision with oth nonmotor vehicle",
  "title": "Bus occupant injured in collision with other nonmotor vehicle",
  "status": "active",
  "compose": {
    "include": [ {
      "system": "http://hl7.org/fhir/sid/icd-10-cm",
      "concept": [ {
        "code": "V760",
        "display": "Driver of bus injured in collision w nonmtr vehicle nontraf"
      }, {
        "code": "V760XXA",
        "display": "Driver of bus injured in clsn w nonmtr vehicle nontraf, init"
      }, {
        "code": "V760XXD",
        "display": "Driver of bus injured in clsn w nonmtr vehicle nontraf, subs"
      }, {
        "code": "V760XXS",
        "display": "Driver of bus inj in clsn w nonmtr vehicle nontraf, sequela"
      }, {
        "code": "V761",
        "display": "Passenger on bus injured in clsn w nonmtr vehicle nontraf"
      }, {
        "code": "V761XXA",
        "display": "Pasngr on bus injured in clsn w nonmtr vehicle nontraf, init"
      }, {
        "code": "V761XXD",
        "display": "Pasngr on bus injured in clsn w nonmtr vehicle nontraf, subs"
      }, {
        "code": "V761XXS",
        "display": "Pasngr on bus inj in clsn w nonmtr vehicle nontraf, sequela"
      }, {
        "code": "V762",
        "display": "Person outside bus injured in clsn w nonmtr vehicle nontraf"
      }, {
        "code": "V762XXA",
        "display": "Person outsd bus inj in clsn w nonmtr vehicle nontraf, init"
      }, {
        "code": "V762XXD",
        "display": "Person outsd bus inj in clsn w nonmtr vehicle nontraf, subs"
      }, {
        "code": "V762XXS",
        "display": "Person outsd bus inj in clsn w nonmtr vehicle nontraf, sqla"
      }, {
        "code": "V763",
        "display": "Occup of bus injured in collision w nonmtr vehicle nontraf"
      }, {
        "code": "V763XXA",
        "display": "Occup of bus injured in clsn w nonmtr vehicle nontraf, init"
      }, {
        "code": "V763XXD",
        "display": "Occup of bus injured in clsn w nonmtr vehicle nontraf, subs"
      }, {
        "code": "V763XXS",
        "display": "Occup of bus inj in clsn w nonmtr vehicle nontraf, sequela"
      }, {
        "code": "V764",
        "display": "Prsn brd/alit from bus injured in collision w nonmtr vehicle"
      }, {
        "code": "V764XXA",
        "display": "Prsn brd/alit from bus inj in clsn w nonmtr vehicle, init"
      }, {
        "code": "V764XXD",
        "display": "Prsn brd/alit from bus inj in clsn w nonmtr vehicle, subs"
      }, {
        "code": "V764XXS",
        "display": "Prsn brd/alit from bus inj in clsn w nonmtr vehicle, sequela"
      }, {
        "code": "V765",
        "display": "Driver of bus injured in collision w nonmtr vehicle in traf"
      }, {
        "code": "V765XXA",
        "display": "Driver of bus injured in clsn w nonmtr vehicle in traf, init"
      }, {
        "code": "V765XXD",
        "display": "Driver of bus injured in clsn w nonmtr vehicle in traf, subs"
      }, {
        "code": "V765XXS",
        "display": "Driver of bus inj in clsn w nonmtr vehicle in traf, sequela"
      }, {
        "code": "V766",
        "display": "Passenger on bus injured in clsn w nonmtr vehicle in traf"
      }, {
        "code": "V766XXA",
        "display": "Pasngr on bus injured in clsn w nonmtr vehicle in traf, init"
      }, {
        "code": "V766XXD",
        "display": "Pasngr on bus injured in clsn w nonmtr vehicle in traf, subs"
      }, {
        "code": "V766XXS",
        "display": "Pasngr on bus inj in clsn w nonmtr vehicle in traf, sequela"
      }, {
        "code": "V767",
        "display": "Person outside bus injured in clsn w nonmtr vehicle in traf"
      }, {
        "code": "V767XXA",
        "display": "Person outsd bus inj in clsn w nonmtr vehicle in traf, init"
      }, {
        "code": "V767XXD",
        "display": "Person outsd bus inj in clsn w nonmtr vehicle in traf, subs"
      }, {
        "code": "V767XXS",
        "display": "Person outsd bus inj in clsn w nonmtr vehicle in traf, sqla"
      }, {
        "code": "V769",
        "display": "Occup of bus injured in collision w nonmtr vehicle in traf"
      }, {
        "code": "V769XXA",
        "display": "Occup of bus injured in clsn w nonmtr vehicle in traf, init"
      }, {
        "code": "V769XXD",
        "display": "Occup of bus injured in clsn w nonmtr vehicle in traf, subs"
      }, {
        "code": "V769XXS",
        "display": "Occup of bus inj in clsn w nonmtr vehicle in traf, sequela"
      } ]
    } ]
  }
}