{
  "resourceType": "ValueSet",
  "id": "M61",
  "url": "http://hl7.org/fhir/sid/icd-10-cm-956",
  "version": "1.0",
  "name": "Calcification and ossification of muscle",
  "title": "Calcification and ossification of muscle",
  "status": "active",
  "compose": {
    "include": [ {
      "system": "http://hl7.org/fhir/sid/icd-10-cm",
      "concept": [ {
        "code": "M610",
        "display": "Myositis ossificans traumatica"
      }, {
        "code": "M6100",
        "display": "Myositis ossificans traumatica, unspecified site"
      }, {
        "code": "M6101",
        "display": "Myositis ossificans traumatica, shoulder"
      }, {
        "code": "M61011",
        "display": "Myositis ossificans traumatica, right shoulder"
      }, {
        "code": "M61012",
        "display": "Myositis ossificans traumatica, left shoulder"
      }, {
        "code": "M61019",
        "display": "Myositis ossificans traumatica, unspecified shoulder"
      }, {
        "code": "M6102",
        "display": "Myositis ossificans traumatica, upper arm"
      }, {
        "code": "M61021",
        "display": "Myositis ossificans traumatica, right upper arm"
      }, {
        "code": "M61022",
        "display": "Myositis ossificans traumatica, left upper arm"
      }, {
        "code": "M61029",
        "display": "Myositis ossificans traumatica, unspecified upper arm"
      }, {
        "code": "M6103",
        "display": "Myositis ossificans traumatica, forearm"
      }, {
        "code": "M61031",
        "display": "Myositis ossificans traumatica, right forearm"
      }, {
        "code": "M61032",
        "display": "Myositis ossificans traumatica, left forearm"
      }, {
        "code": "M61039",
        "display": "Myositis ossificans traumatica, unspecified forearm"
      }, {
        "code": "M6104",
        "display": "Myositis ossificans traumatica, hand"
      }, {
        "code": "M61041",
        "display": "Myositis ossificans traumatica, right hand"
      }, {
        "code": "M61042",
        "display": "Myositis ossificans traumatica, left hand"
      }, {
        "code": "M61049",
        "display": "Myositis ossificans traumatica, unspecified hand"
      }, {
        "code": "M6105",
        "display": "Myositis ossificans traumatica, thigh"
      }, {
        "code": "M61051",
        "display": "Myositis ossificans traumatica, right thigh"
      }, {
        "code": "M61052",
        "display": "Myositis ossificans traumatica, left thigh"
      }, {
        "code": "M61059",
        "display": "Myositis ossificans traumatica, unspecified thigh"
      }, {
        "code": "M6106",
        "display": "Myositis ossificans traumatica, lower leg"
      }, {
        "code": "M61061",
        "display": "Myositis ossificans traumatica, right lower leg"
      }, {
        "code": "M61062",
        "display": "Myositis ossificans traumatica, left lower leg"
      }, {
        "code": "M61069",
        "display": "Myositis ossificans traumatica, unspecified lower leg"
      }, {
        "code": "M6107",
        "display": "Myositis ossificans traumatica, ankle and foot"
      }, {
        "code": "M61071",
        "display": "Myositis ossificans traumatica, right ankle and foot"
      }, {
        "code": "M61072",
        "display": "Myositis ossificans traumatica, left ankle and foot"
      }, {
        "code": "M61079",
        "display": "Myositis ossificans traumatica, unspecified ankle and foot"
      }, {
        "code": "M6108",
        "display": "Myositis ossificans traumatica, other site"
      }, {
        "code": "M6109",
        "display": "Myositis ossificans traumatica, multiple sites"
      }, {
        "code": "M611",
        "display": "Myositis ossificans progressiva"
      }, {
        "code": "M6110",
        "display": "Myositis ossificans progressiva, unspecified site"
      }, {
        "code": "M6111",
        "display": "Myositis ossificans progressiva, shoulder"
      }, {
        "code": "M61111",
        "display": "Myositis ossificans progressiva, right shoulder"
      }, {
        "code": "M61112",
        "display": "Myositis ossificans progressiva, left shoulder"
      }, {
        "code": "M61119",
        "display": "Myositis ossificans progressiva, unspecified shoulder"
      }, {
        "code": "M6112",
        "display": "Myositis ossificans progressiva, upper arm"
      }, {
        "code": "M61121",
        "display": "Myositis ossificans progressiva, right upper arm"
      }, {
        "code": "M61122",
        "display": "Myositis ossificans progressiva, left upper arm"
      }, {
        "code": "M61129",
        "display": "Myositis ossificans progressiva, unspecified arm"
      }, {
        "code": "M6113",
        "display": "Myositis ossificans progressiva, forearm"
      }, {
        "code": "M61131",
        "display": "Myositis ossificans progressiva, right forearm"
      }, {
        "code": "M61132",
        "display": "Myositis ossificans progressiva, left forearm"
      }, {
        "code": "M61139",
        "display": "Myositis ossificans progressiva, unspecified forearm"
      }, {
        "code": "M6114",
        "display": "Myositis ossificans progressiva, hand and finger(s)"
      }, {
        "code": "M61141",
        "display": "Myositis ossificans progressiva, right hand"
      }, {
        "code": "M61142",
        "display": "Myositis ossificans progressiva, left hand"
      }, {
        "code": "M61143",
        "display": "Myositis ossificans progressiva, unspecified hand"
      }, {
        "code": "M61144",
        "display": "Myositis ossificans progressiva, right finger(s)"
      }, {
        "code": "M61145",
        "display": "Myositis ossificans progressiva, left finger(s)"
      }, {
        "code": "M61146",
        "display": "Myositis ossificans progressiva, unspecified finger(s)"
      }, {
        "code": "M6115",
        "display": "Myositis ossificans progressiva, thigh"
      }, {
        "code": "M61151",
        "display": "Myositis ossificans progressiva, right thigh"
      }, {
        "code": "M61152",
        "display": "Myositis ossificans progressiva, left thigh"
      }, {
        "code": "M61159",
        "display": "Myositis ossificans progressiva, unspecified thigh"
      }, {
        "code": "M6116",
        "display": "Myositis ossificans progressiva, lower leg"
      }, {
        "code": "M61161",
        "display": "Myositis ossificans progressiva, right lower leg"
      }, {
        "code": "M61162",
        "display": "Myositis ossificans progressiva, left lower leg"
      }, {
        "code": "M61169",
        "display": "Myositis ossificans progressiva, unspecified lower leg"
      }, {
        "code": "M6117",
        "display": "Myositis ossificans progressiva, ankle, foot and toe(s)"
      }, {
        "code": "M61171",
        "display": "Myositis ossificans progressiva, right ankle"
      }, {
        "code": "M61172",
        "display": "Myositis ossificans progressiva, left ankle"
      }, {
        "code": "M61173",
        "display": "Myositis ossificans progressiva, unspecified ankle"
      }, {
        "code": "M61174",
        "display": "Myositis ossificans progressiva, right foot"
      }, {
        "code": "M61175",
        "display": "Myositis ossificans progressiva, left foot"
      }, {
        "code": "M61176",
        "display": "Myositis ossificans progressiva, unspecified foot"
      }, {
        "code": "M61177",
        "display": "Myositis ossificans progressiva, right toe(s)"
      }, {
        "code": "M61178",
        "display": "Myositis ossificans progressiva, left toe(s)"
      }, {
        "code": "M61179",
        "display": "Myositis ossificans progressiva, unspecified toe(s)"
      }, {
        "code": "M6118",
        "display": "Myositis ossificans progressiva, other site"
      }, {
        "code": "M6119",
        "display": "Myositis ossificans progressiva, multiple sites"
      }, {
        "code": "M612",
        "display": "Paralytic calcification and ossification of muscle"
      }, {
        "code": "M6120",
        "display": "Paralytic calcifcn and ossification of muscle, unsp site"
      }, {
        "code": "M6121",
        "display": "Paralytic calcification and ossification of muscle, shoulder"
      }, {
        "code": "M61211",
        "display": "Paralytic calcifcn and ossification of muscle, r shoulder"
      }, {
        "code": "M61212",
        "display": "Paralytic calcifcn and ossification of muscle, left shoulder"
      }, {
        "code": "M61219",
        "display": "Paralytic calcifcn and ossification of muscle, unsp shoulder"
      }, {
        "code": "M6122",
        "display": "Paralytic calcifcn and ossification of muscle, upper arm"
      }, {
        "code": "M61221",
        "display": "Paralytic calcification and ossification of muscle, r up arm"
      }, {
        "code": "M61222",
        "display": "Paralytic calcification and ossification of muscle, l up arm"
      }, {
        "code": "M61229",
        "display": "Paralytic calcifcn and ossifictn of muscle, unsp upper arm"
      }, {
        "code": "M6123",
        "display": "Paralytic calcification and ossification of muscle, forearm"
      }, {
        "code": "M61231",
        "display": "Paralytic calcifcn and ossification of muscle, right forearm"
      }, {
        "code": "M61232",
        "display": "Paralytic calcifcn and ossification of muscle, left forearm"
      }, {
        "code": "M61239",
        "display": "Paralytic calcifcn and ossification of muscle, unsp forearm"
      }, {
        "code": "M6124",
        "display": "Paralytic calcification and ossification of muscle, hand"
      }, {
        "code": "M61241",
        "display": "Paralytic calcifcn and ossification of muscle, right hand"
      }, {
        "code": "M61242",
        "display": "Paralytic calcifcn and ossification of muscle, left hand"
      }, {
        "code": "M61249",
        "display": "Paralytic calcifcn and ossification of muscle, unsp hand"
      }, {
        "code": "M6125",
        "display": "Paralytic calcification and ossification of muscle, thigh"
      }, {
        "code": "M61251",
        "display": "Paralytic calcifcn and ossification of muscle, right thigh"
      }, {
        "code": "M61252",
        "display": "Paralytic calcifcn and ossification of muscle, left thigh"
      }, {
        "code": "M61259",
        "display": "Paralytic calcifcn and ossification of muscle, unsp thigh"
      }, {
        "code": "M6126",
        "display": "Paralytic calcifcn and ossification of muscle, lower leg"
      }, {
        "code": "M61261",
        "display": "Paralytic calcifcn and ossification of muscle, r low leg"
      }, {
        "code": "M61262",
        "display": "Paralytic calcifcn and ossification of muscle, l low leg"
      }, {
        "code": "M61269",
        "display": "Paralytic calcifcn and ossifictn of muscle, unsp lower leg"
      }, {
        "code": "M6127",
        "display": "Paralytic calcification and ossification of muscle, ank/ft"
      }, {
        "code": "M61271",
        "display": "Paralytic calcifcn and ossification of muscle, right ank/ft"
      }, {
        "code": "M61272",
        "display": "Paralytic calcifcn and ossification of muscle, left ank/ft"
      }, {
        "code": "M61279",
        "display": "Paralytic calcifcn and ossification of muscle, unsp ank/ft"
      }, {
        "code": "M6128",
        "display": "Paralytic calcification and ossification of muscle, oth site"
      }, {
        "code": "M6129",
        "display": "Paralytic calcifcn and ossifictn of muscle, multiple sites"
      }, {
        "code": "M613",
        "display": "Calcification and ossification of muscles associated w burns"
      }, {
        "code": "M6130",
        "display": "Calcifcn and ossifictn of muscles assoc w burns, unsp site"
      }, {
        "code": "M6131",
        "display": "Calcifcn and ossifictn of muscles assoc w burns, shoulder"
      }, {
        "code": "M61311",
        "display": "Calcifcn and ossifictn of muscles assoc w burns, r shoulder"
      }, {
        "code": "M61312",
        "display": "Calcifcn and ossifictn of muscles assoc w burns, l shoulder"
      }, {
        "code": "M61319",
        "display": "Calcifcn and ossifictn of muscles assoc w burns, unsp shldr"
      }, {
        "code": "M6132",
        "display": "Calcifcn and ossifictn of muscles assoc w burns, upper arm"
      }, {
        "code": "M61321",
        "display": "Calcifcn and ossifictn of muscles assoc w burns, r up arm"
      }, {
        "code": "M61322",
        "display": "Calcifcn and ossifictn of muscles assoc w burns, l up arm"
      }, {
        "code": "M61329",
        "display": "Calcifcn and ossifictn of muscles assoc w burns, unsp up arm"
      }, {
        "code": "M6133",
        "display": "Calcifcn and ossifictn of muscles assoc w burns, forearm"
      }, {
        "code": "M61331",
        "display": "Calcifcn and ossifictn of muscles assoc w burns, r forearm"
      }, {
        "code": "M61332",
        "display": "Calcifcn and ossifictn of muscles assoc w burns, l forearm"
      }, {
        "code": "M61339",
        "display": "Calcifcn and ossifictn of musc assoc w burns, unsp forearm"
      }, {
        "code": "M6134",
        "display": "Calcifcn and ossifictn of muscles associated w burns, hand"
      }, {
        "code": "M61341",
        "display": "Calcifcn and ossifictn of muscles assoc w burns, right hand"
      }, {
        "code": "M61342",
        "display": "Calcifcn and ossifictn of muscles assoc w burns, left hand"
      }, {
        "code": "M61349",
        "display": "Calcifcn and ossifictn of muscles assoc w burns, unsp hand"
      }, {
        "code": "M6135",
        "display": "Calcifcn and ossifictn of muscles associated w burns, thigh"
      }, {
        "code": "M61351",
        "display": "Calcifcn and ossifictn of muscles assoc w burns, right thigh"
      }, {
        "code": "M61352",
        "display": "Calcifcn and ossifictn of muscles assoc w burns, left thigh"
      }, {
        "code": "M61359",
        "display": "Calcifcn and ossifictn of muscles assoc w burns, unsp thigh"
      }, {
        "code": "M6136",
        "display": "Calcifcn and ossifictn of muscles assoc w burns, lower leg"
      }, {
        "code": "M61361",
        "display": "Calcifcn and ossifictn of muscles assoc w burns, r low leg"
      }, {
        "code": "M61362",
        "display": "Calcifcn and ossifictn of muscles assoc w burns, l low leg"
      }, {
        "code": "M61369",
        "display": "Calcifcn and ossifictn of musc assoc w burns, unsp low leg"
      }, {
        "code": "M6137",
        "display": "Calcifcn and ossifictn of muscles associated w burns, ank/ft"
      }, {
        "code": "M61371",
        "display": "Calcifcn and ossifictn of musc assoc w burns, right ank/ft"
      }, {
        "code": "M61372",
        "display": "Calcifcn and ossifictn of muscles assoc w burns, left ank/ft"
      }, {
        "code": "M61379",
        "display": "Calcifcn and ossifictn of muscles assoc w burns, unsp ank/ft"
      }, {
        "code": "M6138",
        "display": "Calcifcn and ossifictn of muscles assoc w burns, oth site"
      }, {
        "code": "M6139",
        "display": "Calcifcn and ossifictn of muscles assoc w burns, mult sites"
      }, {
        "code": "M614",
        "display": "Other calcification of muscle"
      }, {
        "code": "M6140",
        "display": "Other calcification of muscle, unspecified site"
      }, {
        "code": "M6141",
        "display": "Other calcification of muscle, shoulder"
      }, {
        "code": "M61411",
        "display": "Other calcification of muscle, right shoulder"
      }, {
        "code": "M61412",
        "display": "Other calcification of muscle, left shoulder"
      }, {
        "code": "M61419",
        "display": "Other calcification of muscle, unspecified shoulder"
      }, {
        "code": "M6142",
        "display": "Other calcification of muscle, upper arm"
      }, {
        "code": "M61421",
        "display": "Other calcification of muscle, right upper arm"
      }, {
        "code": "M61422",
        "display": "Other calcification of muscle, left upper arm"
      }, {
        "code": "M61429",
        "display": "Other calcification of muscle, unspecified upper arm"
      }, {
        "code": "M6143",
        "display": "Other calcification of muscle, forearm"
      }, {
        "code": "M61431",
        "display": "Other calcification of muscle, right forearm"
      }, {
        "code": "M61432",
        "display": "Other calcification of muscle, left forearm"
      }, {
        "code": "M61439",
        "display": "Other calcification of muscle, unspecified forearm"
      }, {
        "code": "M6144",
        "display": "Other calcification of muscle, hand"
      }, {
        "code": "M61441",
        "display": "Other calcification of muscle, right hand"
      }, {
        "code": "M61442",
        "display": "Other calcification of muscle, left hand"
      }, {
        "code": "M61449",
        "display": "Other calcification of muscle, unspecified hand"
      }, {
        "code": "M6145",
        "display": "Other calcification of muscle, thigh"
      }, {
        "code": "M61451",
        "display": "Other calcification of muscle, right thigh"
      }, {
        "code": "M61452",
        "display": "Other calcification of muscle, left thigh"
      }, {
        "code": "M61459",
        "display": "Other calcification of muscle, unspecified thigh"
      }, {
        "code": "M6146",
        "display": "Other calcification of muscle, lower leg"
      }, {
        "code": "M61461",
        "display": "Other calcification of muscle, right lower leg"
      }, {
        "code": "M61462",
        "display": "Other calcification of muscle, left lower leg"
      }, {
        "code": "M61469",
        "display": "Other calcification of muscle, unspecified lower leg"
      }, {
        "code": "M6147",
        "display": "Other calcification of muscle, ankle and foot"
      }, {
        "code": "M61471",
        "display": "Other calcification of muscle, right ankle and foot"
      }, {
        "code": "M61472",
        "display": "Other calcification of muscle, left ankle and foot"
      }, {
        "code": "M61479",
        "display": "Other calcification of muscle, unspecified ankle and foot"
      }, {
        "code": "M6148",
        "display": "Other calcification of muscle, other site"
      }, {
        "code": "M6149",
        "display": "Other calcification of muscle, multiple sites"
      }, {
        "code": "M615",
        "display": "Other ossification of muscle"
      }, {
        "code": "M6150",
        "display": "Other ossification of muscle, unspecified site"
      }, {
        "code": "M6151",
        "display": "Other ossification of muscle, shoulder"
      }, {
        "code": "M61511",
        "display": "Other ossification of muscle, right shoulder"
      }, {
        "code": "M61512",
        "display": "Other ossification of muscle, left shoulder"
      }, {
        "code": "M61519",
        "display": "Other ossification of muscle, unspecified shoulder"
      }, {
        "code": "M6152",
        "display": "Other ossification of muscle, upper arm"
      }, {
        "code": "M61521",
        "display": "Other ossification of muscle, right upper arm"
      }, {
        "code": "M61522",
        "display": "Other ossification of muscle, left upper arm"
      }, {
        "code": "M61529",
        "display": "Other ossification of muscle, unspecified upper arm"
      }, {
        "code": "M6153",
        "display": "Other ossification of muscle, forearm"
      }, {
        "code": "M61531",
        "display": "Other ossification of muscle, right forearm"
      }, {
        "code": "M61532",
        "display": "Other ossification of muscle, left forearm"
      }, {
        "code": "M61539",
        "display": "Other ossification of muscle, unspecified forearm"
      }, {
        "code": "M6154",
        "display": "Other ossification of muscle, hand"
      }, {
        "code": "M61541",
        "display": "Other ossification of muscle, right hand"
      }, {
        "code": "M61542",
        "display": "Other ossification of muscle, left hand"
      }, {
        "code": "M61549",
        "display": "Other ossification of muscle, unspecified hand"
      }, {
        "code": "M6155",
        "display": "Other ossification of muscle, thigh"
      }, {
        "code": "M61551",
        "display": "Other ossification of muscle, right thigh"
      }, {
        "code": "M61552",
        "display": "Other ossification of muscle, left thigh"
      }, {
        "code": "M61559",
        "display": "Other ossification of muscle, unspecified thigh"
      }, {
        "code": "M6156",
        "display": "Other ossification of muscle, lower leg"
      }, {
        "code": "M61561",
        "display": "Other ossification of muscle, right lower leg"
      }, {
        "code": "M61562",
        "display": "Other ossification of muscle, left lower leg"
      }, {
        "code": "M61569",
        "display": "Other ossification of muscle, unspecified lower leg"
      }, {
        "code": "M6157",
        "display": "Other ossification of muscle, ankle and foot"
      }, {
        "code": "M61571",
        "display": "Other ossification of muscle, right ankle and foot"
      }, {
        "code": "M61572",
        "display": "Other ossification of muscle, left ankle and foot"
      }, {
        "code": "M61579",
        "display": "Other ossification of muscle, unspecified ankle and foot"
      }, {
        "code": "M6158",
        "display": "Other ossification of muscle, other site"
      }, {
        "code": "M6159",
        "display": "Other ossification of muscle, multiple sites"
      }, {
        "code": "M619",
        "display": "Calcification and ossification of muscle, unspecified"
      } ]
    } ]
  }
}