{
  "resourceType": "ValueSet",
  "id": "N20",
  "url": "http://hl7.org/fhir/sid/icd-10-cm-1006",
  "version": "1.0",
  "name": "Calculus of kidney and ureter",
  "title": "Calculus of kidney and ureter",
  "status": "active",
  "compose": {
    "include": [ {
      "system": "http://hl7.org/fhir/sid/icd-10-cm",
      "concept": [ {
        "code": "N200",
        "display": "Calculus of kidney"
      }, {
        "code": "N201",
        "display": "Calculus of ureter"
      }, {
        "code": "N202",
        "display": "Calculus of kidney with calculus of ureter"
      }, {
        "code": "N209",
        "display": "Urinary calculus, unspecified"
      } ]
    } ]
  }
}