{
  "resourceType": "ValueSet",
  "id": "N21",
  "url": "http://hl7.org/fhir/sid/icd-10-cm-1007",
  "version": "1.0",
  "name": "Calculus of lower urinary tract",
  "title": "Calculus of lower urinary tract",
  "status": "active",
  "compose": {
    "include": [ {
      "system": "http://hl7.org/fhir/sid/icd-10-cm",
      "concept": [ {
        "code": "N210",
        "display": "Calculus in bladder"
      }, {
        "code": "N211",
        "display": "Calculus in urethra"
      }, {
        "code": "N218",
        "display": "Other lower urinary tract calculus"
      }, {
        "code": "N219",
        "display": "Calculus of lower urinary tract, unspecified"
      } ]
    } ]
  }
}