{
  "resourceType": "ValueSet",
  "id": "B37",
  "url": "http://hl7.org/fhir/sid/icd-10-cm-111",
  "version": "1.0",
  "name": "Candidiasis",
  "title": "Candidiasis",
  "status": "active",
  "compose": {
    "include": [ {
      "system": "http://hl7.org/fhir/sid/icd-10-cm",
      "concept": [ {
        "code": "B370",
        "display": "Candidal stomatitis"
      }, {
        "code": "B371",
        "display": "Pulmonary candidiasis"
      }, {
        "code": "B372",
        "display": "Candidiasis of skin and nail"
      }, {
        "code": "B373",
        "display": "Candidiasis of vulva and vagina"
      }, {
        "code": "B374",
        "display": "Candidiasis of other urogenital sites"
      }, {
        "code": "B3741",
        "display": "Candidal cystitis and urethritis"
      }, {
        "code": "B3742",
        "display": "Candidal balanitis"
      }, {
        "code": "B3749",
        "display": "Other urogenital candidiasis"
      }, {
        "code": "B375",
        "display": "Candidal meningitis"
      }, {
        "code": "B376",
        "display": "Candidal endocarditis"
      }, {
        "code": "B377",
        "display": "Candidal sepsis"
      }, {
        "code": "B378",
        "display": "Candidiasis of other sites"
      }, {
        "code": "B3781",
        "display": "Candidal esophagitis"
      }, {
        "code": "B3782",
        "display": "Candidal enteritis"
      }, {
        "code": "B3783",
        "display": "Candidal cheilitis"
      }, {
        "code": "B3784",
        "display": "Candidal otitis externa"
      }, {
        "code": "B3789",
        "display": "Other sites of candidiasis"
      }, {
        "code": "B379",
        "display": "Candidiasis, unspecified"
      } ]
    } ]
  }
}