{
  "resourceType": "ValueSet",
  "id": "F12",
  "url": "http://hl7.org/fhir/sid/icd-10-cm-427",
  "version": "1.0",
  "name": "Cannabis related disorders",
  "title": "Cannabis related disorders",
  "status": "active",
  "compose": {
    "include": [ {
      "system": "http://hl7.org/fhir/sid/icd-10-cm",
      "concept": [ {
        "code": "F121",
        "display": "Cannabis abuse"
      }, {
        "code": "F1210",
        "display": "Cannabis abuse, uncomplicated"
      }, {
        "code": "F1211",
        "display": "Cannabis abuse, in remission"
      }, {
        "code": "F1212",
        "display": "Cannabis abuse with intoxication"
      }, {
        "code": "F12120",
        "display": "Cannabis abuse with intoxication, uncomplicated"
      }, {
        "code": "F12121",
        "display": "Cannabis abuse with intoxication delirium"
      }, {
        "code": "F12122",
        "display": "Cannabis abuse with intoxication with perceptual disturbance"
      }, {
        "code": "F12129",
        "display": "Cannabis abuse with intoxication, unspecified"
      }, {
        "code": "F1215",
        "display": "Cannabis abuse with psychotic disorder"
      }, {
        "code": "F12150",
        "display": "Cannabis abuse with psychotic disorder with delusions"
      }, {
        "code": "F12151",
        "display": "Cannabis abuse with psychotic disorder with hallucinations"
      }, {
        "code": "F12159",
        "display": "Cannabis abuse with psychotic disorder, unspecified"
      }, {
        "code": "F1218",
        "display": "Cannabis abuse with other cannabis-induced disorder"
      }, {
        "code": "F12180",
        "display": "Cannabis abuse with cannabis-induced anxiety disorder"
      }, {
        "code": "F12188",
        "display": "Cannabis abuse with other cannabis-induced disorder"
      }, {
        "code": "F1219",
        "display": "Cannabis abuse with unspecified cannabis-induced disorder"
      }, {
        "code": "F122",
        "display": "Cannabis dependence"
      }, {
        "code": "F1220",
        "display": "Cannabis dependence, uncomplicated"
      }, {
        "code": "F1221",
        "display": "Cannabis dependence, in remission"
      }, {
        "code": "F1222",
        "display": "Cannabis dependence with intoxication"
      }, {
        "code": "F12220",
        "display": "Cannabis dependence with intoxication, uncomplicated"
      }, {
        "code": "F12221",
        "display": "Cannabis dependence with intoxication delirium"
      }, {
        "code": "F12222",
        "display": "Cannabis dependence w intoxication w perceptual disturbance"
      }, {
        "code": "F12229",
        "display": "Cannabis dependence with intoxication, unspecified"
      }, {
        "code": "F1223",
        "display": "Cannabis dependence with withdrawal"
      }, {
        "code": "F1225",
        "display": "Cannabis dependence with psychotic disorder"
      }, {
        "code": "F12250",
        "display": "Cannabis dependence with psychotic disorder with delusions"
      }, {
        "code": "F12251",
        "display": "Cannabis dependence w psychotic disorder with hallucinations"
      }, {
        "code": "F12259",
        "display": "Cannabis dependence with psychotic disorder, unspecified"
      }, {
        "code": "F1228",
        "display": "Cannabis dependence with other cannabis-induced disorder"
      }, {
        "code": "F12280",
        "display": "Cannabis dependence with cannabis-induced anxiety disorder"
      }, {
        "code": "F12288",
        "display": "Cannabis dependence with other cannabis-induced disorder"
      }, {
        "code": "F1229",
        "display": "Cannabis dependence with unsp cannabis-induced disorder"
      }, {
        "code": "F129",
        "display": "Cannabis use, unspecified"
      }, {
        "code": "F1290",
        "display": "Cannabis use, unspecified, uncomplicated"
      }, {
        "code": "F1292",
        "display": "Cannabis use, unspecified with intoxication"
      }, {
        "code": "F12920",
        "display": "Cannabis use, unspecified with intoxication, uncomplicated"
      }, {
        "code": "F12921",
        "display": "Cannabis use, unspecified with intoxication delirium"
      }, {
        "code": "F12922",
        "display": "Cannabis use, unsp w intoxication w perceptual disturbance"
      }, {
        "code": "F12929",
        "display": "Cannabis use, unspecified with intoxication, unspecified"
      }, {
        "code": "F1293",
        "display": "Cannabis use, unspecified with withdrawal"
      }, {
        "code": "F1295",
        "display": "Cannabis use, unspecified with psychotic disorder"
      }, {
        "code": "F12950",
        "display": "Cannabis use, unsp with psychotic disorder with delusions"
      }, {
        "code": "F12951",
        "display": "Cannabis use, unsp w psychotic disorder with hallucinations"
      }, {
        "code": "F12959",
        "display": "Cannabis use, unsp with psychotic disorder, unspecified"
      }, {
        "code": "F1298",
        "display": "Cannabis use, unsp with other cannabis-induced disorder"
      }, {
        "code": "F12980",
        "display": "Cannabis use, unspecified with anxiety disorder"
      }, {
        "code": "F12988",
        "display": "Cannabis use, unsp with other cannabis-induced disorder"
      }, {
        "code": "F1299",
        "display": "Cannabis use, unsp with unsp cannabis-induced disorder"
      } ]
    } ]
  }
}