{
  "resourceType": "ValueSet",
  "id": "V46",
  "url": "http://hl7.org/fhir/sid/icd-10-cm-1594",
  "version": "1.0",
  "name": "Car occupant injured in collision with oth nonmotor vehicle",
  "title": "Car occupant injured in collision with other nonmotor vehicle",
  "status": "active",
  "compose": {
    "include": [ {
      "system": "http://hl7.org/fhir/sid/icd-10-cm",
      "concept": [ {
        "code": "V460",
        "display": "Car driver injured in collision w nonmtr vehicle nontraf"
      }, {
        "code": "V460XXA",
        "display": "Car driver injured in clsn w nonmtr vehicle nontraf, init"
      }, {
        "code": "V460XXD",
        "display": "Car driver injured in clsn w nonmtr vehicle nontraf, subs"
      }, {
        "code": "V460XXS",
        "display": "Car driver injured in clsn w nonmtr vehicle nontraf, sequela"
      }, {
        "code": "V461",
        "display": "Car passenger injured in collision w nonmtr vehicle nontraf"
      }, {
        "code": "V461XXA",
        "display": "Car passenger injured in clsn w nonmtr vehicle nontraf, init"
      }, {
        "code": "V461XXD",
        "display": "Car passenger injured in clsn w nonmtr vehicle nontraf, subs"
      }, {
        "code": "V461XXS",
        "display": "Car pasngr injured in clsn w nonmtr vehicle nontraf, sequela"
      }, {
        "code": "V462",
        "display": "Person outside car injured in clsn w nonmtr vehicle nontraf"
      }, {
        "code": "V462XXA",
        "display": "Person outsd car inj in clsn w nonmtr vehicle nontraf, init"
      }, {
        "code": "V462XXD",
        "display": "Person outsd car inj in clsn w nonmtr vehicle nontraf, subs"
      }, {
        "code": "V462XXS",
        "display": "Person outsd car inj in clsn w nonmtr vehicle nontraf, sqla"
      }, {
        "code": "V463",
        "display": "Unsp car occupant injured in clsn w nonmtr vehicle nontraf"
      }, {
        "code": "V463XXA",
        "display": "Unsp car occ injured in clsn w nonmtr vehicle nontraf, init"
      }, {
        "code": "V463XXD",
        "display": "Unsp car occ injured in clsn w nonmtr vehicle nontraf, subs"
      }, {
        "code": "V463XXS",
        "display": "Unsp car occ inj in clsn w nonmtr vehicle nontraf, sequela"
      }, {
        "code": "V464",
        "display": "Prsn brd/alit a car injured in collision w nonmtr vehicle"
      }, {
        "code": "V464XXA",
        "display": "Prsn brd/alit a car injured in clsn w nonmtr vehicle, init"
      }, {
        "code": "V464XXD",
        "display": "Prsn brd/alit a car injured in clsn w nonmtr vehicle, subs"
      }, {
        "code": "V464XXS",
        "display": "Prsn brd/alit a car inj in clsn w nonmtr vehicle, sequela"
      }, {
        "code": "V465",
        "display": "Car driver injured in collision w nonmtr vehicle in traf"
      }, {
        "code": "V465XXA",
        "display": "Car driver injured in clsn w nonmtr vehicle in traf, init"
      }, {
        "code": "V465XXD",
        "display": "Car driver injured in clsn w nonmtr vehicle in traf, subs"
      }, {
        "code": "V465XXS",
        "display": "Car driver injured in clsn w nonmtr vehicle in traf, sequela"
      }, {
        "code": "V466",
        "display": "Car passenger injured in collision w nonmtr vehicle in traf"
      }, {
        "code": "V466XXA",
        "display": "Car passenger injured in clsn w nonmtr vehicle in traf, init"
      }, {
        "code": "V466XXD",
        "display": "Car passenger injured in clsn w nonmtr vehicle in traf, subs"
      }, {
        "code": "V466XXS",
        "display": "Car pasngr injured in clsn w nonmtr vehicle in traf, sequela"
      }, {
        "code": "V467",
        "display": "Person outside car injured in clsn w nonmtr vehicle in traf"
      }, {
        "code": "V467XXA",
        "display": "Person outsd car inj in clsn w nonmtr vehicle in traf, init"
      }, {
        "code": "V467XXD",
        "display": "Person outsd car inj in clsn w nonmtr vehicle in traf, subs"
      }, {
        "code": "V467XXS",
        "display": "Person outsd car inj in clsn w nonmtr vehicle in traf, sqla"
      }, {
        "code": "V469",
        "display": "Unsp car occupant injured in clsn w nonmtr vehicle in traf"
      }, {
        "code": "V469XXA",
        "display": "Unsp car occ injured in clsn w nonmtr vehicle in traf, init"
      }, {
        "code": "V469XXD",
        "display": "Unsp car occ injured in clsn w nonmtr vehicle in traf, subs"
      }, {
        "code": "V469XXS",
        "display": "Unsp car occ inj in clsn w nonmtr vehicle in traf, sequela"
      } ]
    } ]
  }
}