{
  "resourceType": "ValueSet",
  "id": "V41",
  "url": "http://hl7.org/fhir/sid/icd-10-cm-1589",
  "version": "1.0",
  "name": "Car occupant injured in collision with pedal cycle",
  "title": "Car occupant injured in collision with pedal cycle",
  "status": "active",
  "compose": {
    "include": [ {
      "system": "http://hl7.org/fhir/sid/icd-10-cm",
      "concept": [ {
        "code": "V410",
        "display": "Car driver injured in collision w pedal cycle nontraf"
      }, {
        "code": "V410XXA",
        "display": "Car driver injured in collision w pedal cycle nontraf, init"
      }, {
        "code": "V410XXD",
        "display": "Car driver injured in collision w pedal cycle nontraf, subs"
      }, {
        "code": "V410XXS",
        "display": "Car driver injured in collision w pedl cyc nontraf, sequela"
      }, {
        "code": "V411",
        "display": "Car passenger injured in collision w pedal cycle nontraf"
      }, {
        "code": "V411XXA",
        "display": "Car passenger injured in collision w pedl cyc nontraf, init"
      }, {
        "code": "V411XXD",
        "display": "Car passenger injured in collision w pedl cyc nontraf, subs"
      }, {
        "code": "V411XXS",
        "display": "Car passenger injured in clsn w pedl cyc nontraf, sequela"
      }, {
        "code": "V412",
        "display": "Person outside car injured in collision w pedl cyc nontraf"
      }, {
        "code": "V412XXA",
        "display": "Person outside car injured in clsn w pedl cyc nontraf, init"
      }, {
        "code": "V412XXD",
        "display": "Person outside car injured in clsn w pedl cyc nontraf, subs"
      }, {
        "code": "V412XXS",
        "display": "Person outside car inj in clsn w pedl cyc nontraf, sequela"
      }, {
        "code": "V413",
        "display": "Unsp car occupant injured in collision w pedal cycle nontraf"
      }, {
        "code": "V413XXA",
        "display": "Unsp car occupant injured in clsn w pedl cyc nontraf, init"
      }, {
        "code": "V413XXD",
        "display": "Unsp car occupant injured in clsn w pedl cyc nontraf, subs"
      }, {
        "code": "V413XXS",
        "display": "Unsp car occ injured in clsn w pedl cyc nontraf, sequela"
      }, {
        "code": "V414",
        "display": "Prsn brd/alit a car injured in collision w pedal cycle"
      }, {
        "code": "V414XXA",
        "display": "Prsn brd/alit a car injured in collision w pedal cycle, init"
      }, {
        "code": "V414XXD",
        "display": "Prsn brd/alit a car injured in collision w pedal cycle, subs"
      }, {
        "code": "V414XXS",
        "display": "Prsn brd/alit a car injured in collision w pedl cyc, sequela"
      }, {
        "code": "V415",
        "display": "Car driver injured in collision w pedal cycle in traf"
      }, {
        "code": "V415XXA",
        "display": "Car driver injured in collision w pedal cycle in traf, init"
      }, {
        "code": "V415XXD",
        "display": "Car driver injured in collision w pedal cycle in traf, subs"
      }, {
        "code": "V415XXS",
        "display": "Car driver injured in collision w pedl cyc in traf, sequela"
      }, {
        "code": "V416",
        "display": "Car passenger injured in collision w pedal cycle in traf"
      }, {
        "code": "V416XXA",
        "display": "Car passenger injured in collision w pedl cyc in traf, init"
      }, {
        "code": "V416XXD",
        "display": "Car passenger injured in collision w pedl cyc in traf, subs"
      }, {
        "code": "V416XXS",
        "display": "Car passenger injured in clsn w pedl cyc in traf, sequela"
      }, {
        "code": "V417",
        "display": "Person outside car injured in collision w pedl cyc in traf"
      }, {
        "code": "V417XXA",
        "display": "Person outside car injured in clsn w pedl cyc in traf, init"
      }, {
        "code": "V417XXD",
        "display": "Person outside car injured in clsn w pedl cyc in traf, subs"
      }, {
        "code": "V417XXS",
        "display": "Person outside car inj in clsn w pedl cyc in traf, sequela"
      }, {
        "code": "V419",
        "display": "Unsp car occupant injured in collision w pedal cycle in traf"
      }, {
        "code": "V419XXA",
        "display": "Unsp car occupant injured in clsn w pedl cyc in traf, init"
      }, {
        "code": "V419XXD",
        "display": "Unsp car occupant injured in clsn w pedl cyc in traf, subs"
      }, {
        "code": "V419XXS",
        "display": "Unsp car occ injured in clsn w pedl cyc in traf, sequela"
      } ]
    } ]
  }
}