{
  "resourceType": "ValueSet",
  "id": "V43",
  "url": "http://hl7.org/fhir/sid/icd-10-cm-1591",
  "version": "1.0",
  "name": "Car occupant injured pick-up truck, pick-up truck or van",
  "title": "Car occupant injured in collision with car, pick-up truck or van",
  "status": "active",
  "compose": {
    "include": [ {
      "system": "http://hl7.org/fhir/sid/icd-10-cm",
      "concept": [ {
        "code": "V430",
        "display": "Car driver injured pick-up truck, pk-up/van nontraf"
      }, {
        "code": "V4301",
        "display": "Car driver injured in collision w SUV nontraf"
      }, {
        "code": "V4301XA",
        "display": "Car driver injured in collision w SUV nontraf, init"
      }, {
        "code": "V4301XD",
        "display": "Car driver injured in collision w SUV nontraf, subs"
      }, {
        "code": "V4301XS",
        "display": "Car driver injured in collision w SUV nontraf, sequela"
      }, {
        "code": "V4302",
        "display": "Car driver injured in collision w car in nontraffic accident"
      }, {
        "code": "V4302XA",
        "display": "Car driver injured in collision w car nontraf, init"
      }, {
        "code": "V4302XD",
        "display": "Car driver injured in collision w car nontraf, subs"
      }, {
        "code": "V4302XS",
        "display": "Car driver injured in collision w car nontraf, sequela"
      }, {
        "code": "V4303",
        "display": "Car driver injured in collision w pick-up truck nontraf"
      }, {
        "code": "V4303XA",
        "display": "Car driver injured in clsn w pick-up truck nontraf, init"
      }, {
        "code": "V4303XD",
        "display": "Car driver injured in clsn w pick-up truck nontraf, subs"
      }, {
        "code": "V4303XS",
        "display": "Car driver injured in clsn w pick-up truck nontraf, sequela"
      }, {
        "code": "V4304",
        "display": "Car driver injured in collision w van in nontraffic accident"
      }, {
        "code": "V4304XA",
        "display": "Car driver injured in collision w van nontraf, init"
      }, {
        "code": "V4304XD",
        "display": "Car driver injured in collision w van nontraf, subs"
      }, {
        "code": "V4304XS",
        "display": "Car driver injured in collision w van nontraf, sequela"
      }, {
        "code": "V431",
        "display": "Car passenger injured pick-up truck, pk-up/van nontraf"
      }, {
        "code": "V4311",
        "display": "Car passenger injured in collision w SUV nontraf"
      }, {
        "code": "V4311XA",
        "display": "Car passenger injured in collision w SUV nontraf, init"
      }, {
        "code": "V4311XD",
        "display": "Car passenger injured in collision w SUV nontraf, subs"
      }, {
        "code": "V4311XS",
        "display": "Car passenger injured in collision w SUV nontraf, sequela"
      }, {
        "code": "V4312",
        "display": "Car passenger injured in collision w car nontraf"
      }, {
        "code": "V4312XA",
        "display": "Car passenger injured in collision w car nontraf, init"
      }, {
        "code": "V4312XD",
        "display": "Car passenger injured in collision w car nontraf, subs"
      }, {
        "code": "V4312XS",
        "display": "Car passenger injured in collision w car nontraf, sequela"
      }, {
        "code": "V4313",
        "display": "Car passenger injured in clsn with pick-up truck nontraf"
      }, {
        "code": "V4313XA",
        "display": "Car pasngr injured in clsn with pick-up truck nontraf, init"
      }, {
        "code": "V4313XD",
        "display": "Car pasngr injured in clsn with pick-up truck nontraf, subs"
      }, {
        "code": "V4313XS",
        "display": "Car pasngr inj in clsn with pick-up truck nontraf, sequela"
      }, {
        "code": "V4314",
        "display": "Car passenger injured in collision w van nontraf"
      }, {
        "code": "V4314XA",
        "display": "Car passenger injured in collision w van nontraf, init"
      }, {
        "code": "V4314XD",
        "display": "Car passenger injured in collision w van nontraf, subs"
      }, {
        "code": "V4314XS",
        "display": "Car passenger injured in collision w van nontraf, sequela"
      }, {
        "code": "V432",
        "display": "Person outside car injured pick-up truck, pk-up/van nontraf"
      }, {
        "code": "V4321",
        "display": "Person on outside of car injured in collision w SUV nontraf"
      }, {
        "code": "V4321XA",
        "display": "Person outside car injured in collision w SUV nontraf, init"
      }, {
        "code": "V4321XD",
        "display": "Person outside car injured in collision w SUV nontraf, subs"
      }, {
        "code": "V4321XS",
        "display": "Person outside car injured in clsn w SUV nontraf, sequela"
      }, {
        "code": "V4322",
        "display": "Person on outside of car injured in collision w car nontraf"
      }, {
        "code": "V4322XA",
        "display": "Person outside car injured in collision w car nontraf, init"
      }, {
        "code": "V4322XD",
        "display": "Person outside car injured in collision w car nontraf, subs"
      }, {
        "code": "V4322XS",
        "display": "Person outside car injured in clsn w car nontraf, sequela"
      }, {
        "code": "V4323",
        "display": "Person outside car injured in clsn w pick-up truck nontraf"
      }, {
        "code": "V4323XA",
        "display": "Person outside car inj in clsn w pick-up truck nontraf, init"
      }, {
        "code": "V4323XD",
        "display": "Person outside car inj in clsn w pick-up truck nontraf, subs"
      }, {
        "code": "V4323XS",
        "display": "Person outsd car inj in clsn w pk-up truck nontraf, sequela"
      }, {
        "code": "V4324",
        "display": "Person on outside of car injured in collision w van nontraf"
      }, {
        "code": "V4324XA",
        "display": "Person outside car injured in collision w van nontraf, init"
      }, {
        "code": "V4324XD",
        "display": "Person outside car injured in collision w van nontraf, subs"
      }, {
        "code": "V4324XS",
        "display": "Person outside car injured in clsn w van nontraf, sequela"
      }, {
        "code": "V433",
        "display": "Unsp car occupant injured pick-up truck, pk-up/van nontraf"
      }, {
        "code": "V4331",
        "display": "Unsp car occupant injured in collision w SUV nontraf"
      }, {
        "code": "V4331XA",
        "display": "Unsp car occupant injured in collision w SUV nontraf, init"
      }, {
        "code": "V4331XD",
        "display": "Unsp car occupant injured in collision w SUV nontraf, subs"
      }, {
        "code": "V4331XS",
        "display": "Unsp car occupant injured in clsn w SUV nontraf, sequela"
      }, {
        "code": "V4332",
        "display": "Unsp car occupant injured in collision w car nontraf"
      }, {
        "code": "V4332XA",
        "display": "Unsp car occupant injured in collision w car nontraf, init"
      }, {
        "code": "V4332XD",
        "display": "Unsp car occupant injured in collision w car nontraf, subs"
      }, {
        "code": "V4332XS",
        "display": "Unsp car occupant injured in clsn w car nontraf, sequela"
      }, {
        "code": "V4333",
        "display": "Unsp car occupant injured in clsn w pick-up truck nontraf"
      }, {
        "code": "V4333XA",
        "display": "Unsp car occ injured in clsn w pick-up truck nontraf, init"
      }, {
        "code": "V4333XD",
        "display": "Unsp car occ injured in clsn w pick-up truck nontraf, subs"
      }, {
        "code": "V4333XS",
        "display": "Unsp car occ inj in clsn w pick-up truck nontraf, sequela"
      }, {
        "code": "V4334",
        "display": "Unsp car occupant injured in collision w van nontraf"
      }, {
        "code": "V4334XA",
        "display": "Unsp car occupant injured in collision w van nontraf, init"
      }, {
        "code": "V4334XD",
        "display": "Unsp car occupant injured in collision w van nontraf, subs"
      }, {
        "code": "V4334XS",
        "display": "Unsp car occupant injured in clsn w van nontraf, sequela"
      }, {
        "code": "V434",
        "display": "Prsn brd/alit a car injured pick-up truck, pk-up/van"
      }, {
        "code": "V4341",
        "display": "Prsn brd/alit a car injured in collision w SUV"
      }, {
        "code": "V4341XA",
        "display": "Prsn brd/alit a car injured in collision w SUV, init"
      }, {
        "code": "V4341XD",
        "display": "Prsn brd/alit a car injured in collision w SUV, subs"
      }, {
        "code": "V4341XS",
        "display": "Prsn brd/alit a car injured in collision w SUV, sequela"
      }, {
        "code": "V4342",
        "display": "Prsn brd/alit a car injured in collision w car"
      }, {
        "code": "V4342XA",
        "display": "Prsn brd/alit a car injured in collision w car, init"
      }, {
        "code": "V4342XD",
        "display": "Prsn brd/alit a car injured in collision w car, subs"
      }, {
        "code": "V4342XS",
        "display": "Prsn brd/alit a car injured in collision w car, sequela"
      }, {
        "code": "V4343",
        "display": "Prsn brd/alit a car injured in collision w pick-up truck"
      }, {
        "code": "V4343XA",
        "display": "Prsn brd/alit a car injured in clsn w pick-up truck, init"
      }, {
        "code": "V4343XD",
        "display": "Prsn brd/alit a car injured in clsn w pick-up truck, subs"
      }, {
        "code": "V4343XS",
        "display": "Prsn brd/alit a car injured in clsn w pick-up truck, sequela"
      }, {
        "code": "V4344",
        "display": "Prsn brd/alit a car injured in collision w van"
      }, {
        "code": "V4344XA",
        "display": "Prsn brd/alit a car injured in collision w van, init"
      }, {
        "code": "V4344XD",
        "display": "Prsn brd/alit a car injured in collision w van, subs"
      }, {
        "code": "V4344XS",
        "display": "Prsn brd/alit a car injured in collision w van, sequela"
      }, {
        "code": "V435",
        "display": "Car driver injured pick-up truck, pk-up/van in traf"
      }, {
        "code": "V4351",
        "display": "Car driver injured in collision w SUV in traffic accident"
      }, {
        "code": "V4351XA",
        "display": "Car driver injured in collision w SUV in traf, init"
      }, {
        "code": "V4351XD",
        "display": "Car driver injured in collision w SUV in traf, subs"
      }, {
        "code": "V4351XS",
        "display": "Car driver injured in collision w SUV in traf, sequela"
      }, {
        "code": "V4352",
        "display": "Car driver injured in collision w car in traffic accident"
      }, {
        "code": "V4352XA",
        "display": "Car driver injured in collision w car in traf, init"
      }, {
        "code": "V4352XD",
        "display": "Car driver injured in collision w car in traf, subs"
      }, {
        "code": "V4352XS",
        "display": "Car driver injured in collision w car in traf, sequela"
      }, {
        "code": "V4353",
        "display": "Car driver injured in collision w pick-up truck in traf"
      }, {
        "code": "V4353XA",
        "display": "Car driver injured in clsn w pick-up truck in traf, init"
      }, {
        "code": "V4353XD",
        "display": "Car driver injured in clsn w pick-up truck in traf, subs"
      }, {
        "code": "V4353XS",
        "display": "Car driver injured in clsn w pick-up truck in traf, sequela"
      }, {
        "code": "V4354",
        "display": "Car driver injured in collision with van in traffic accident"
      }, {
        "code": "V4354XA",
        "display": "Car driver injured in collision w van in traf, init"
      }, {
        "code": "V4354XD",
        "display": "Car driver injured in collision w van in traf, subs"
      }, {
        "code": "V4354XS",
        "display": "Car driver injured in collision w van in traf, sequela"
      }, {
        "code": "V436",
        "display": "Car passenger injured pick-up truck, pk-up/van in traf"
      }, {
        "code": "V4361",
        "display": "Car passenger injured in collision w SUV in traffic accident"
      }, {
        "code": "V4361XA",
        "display": "Car passenger injured in collision w SUV in traf, init"
      }, {
        "code": "V4361XD",
        "display": "Car passenger injured in collision w SUV in traf, subs"
      }, {
        "code": "V4361XS",
        "display": "Car passenger injured in collision w SUV in traf, sequela"
      }, {
        "code": "V4362",
        "display": "Car passenger injured in collision w car in traffic accident"
      }, {
        "code": "V4362XA",
        "display": "Car passenger injured in collision w car in traf, init"
      }, {
        "code": "V4362XD",
        "display": "Car passenger injured in collision w car in traf, subs"
      }, {
        "code": "V4362XS",
        "display": "Car passenger injured in collision w car in traf, sequela"
      }, {
        "code": "V4363",
        "display": "Car passenger injured in collision w pick-up truck in traf"
      }, {
        "code": "V4363XA",
        "display": "Car passenger injured in clsn w pick-up truck in traf, init"
      }, {
        "code": "V4363XD",
        "display": "Car passenger injured in clsn w pick-up truck in traf, subs"
      }, {
        "code": "V4363XS",
        "display": "Car pasngr injured in clsn w pick-up truck in traf, sequela"
      }, {
        "code": "V4364",
        "display": "Car passenger injured in collision w van in traffic accident"
      }, {
        "code": "V4364XA",
        "display": "Car passenger injured in collision w van in traf, init"
      }, {
        "code": "V4364XD",
        "display": "Car passenger injured in collision w van in traf, subs"
      }, {
        "code": "V4364XS",
        "display": "Car passenger injured in collision w van in traf, sequela"
      }, {
        "code": "V437",
        "display": "Person outside car injured pick-up truck, pk-up/van in traf"
      }, {
        "code": "V4371",
        "display": "Person on outside of car injured in collision w SUV in traf"
      }, {
        "code": "V4371XA",
        "display": "Person outside car injured in collision w SUV in traf, init"
      }, {
        "code": "V4371XD",
        "display": "Person outside car injured in collision w SUV in traf, subs"
      }, {
        "code": "V4371XS",
        "display": "Person outside car injured in clsn w SUV in traf, sequela"
      }, {
        "code": "V4372",
        "display": "Person on outside of car injured in collision w car in traf"
      }, {
        "code": "V4372XA",
        "display": "Person outside car injured in collision w car in traf, init"
      }, {
        "code": "V4372XD",
        "display": "Person outside car injured in collision w car in traf, subs"
      }, {
        "code": "V4372XS",
        "display": "Person outside car injured in clsn w car in traf, sequela"
      }, {
        "code": "V4373",
        "display": "Person outside car injured in clsn w pick-up truck in traf"
      }, {
        "code": "V4373XA",
        "display": "Person outside car inj in clsn w pick-up truck in traf, init"
      }, {
        "code": "V4373XD",
        "display": "Person outside car inj in clsn w pick-up truck in traf, subs"
      }, {
        "code": "V4373XS",
        "display": "Person outsd car inj in clsn w pk-up truck in traf, sequela"
      }, {
        "code": "V4374",
        "display": "Person on outside of car injured in collision w van in traf"
      }, {
        "code": "V4374XA",
        "display": "Person outside car injured in collision w van in traf, init"
      }, {
        "code": "V4374XD",
        "display": "Person outside car injured in collision w van in traf, subs"
      }, {
        "code": "V4374XS",
        "display": "Person outside car injured in clsn w van in traf, sequela"
      }, {
        "code": "V439",
        "display": "Unsp car occupant injured pick-up truck, pk-up/van in traf"
      }, {
        "code": "V4391",
        "display": "Unsp car occupant injured in collision w SUV in traf"
      }, {
        "code": "V4391XA",
        "display": "Unsp car occupant injured in collision w SUV in traf, init"
      }, {
        "code": "V4391XD",
        "display": "Unsp car occupant injured in collision w SUV in traf, subs"
      }, {
        "code": "V4391XS",
        "display": "Unsp car occupant injured in clsn w SUV in traf, sequela"
      }, {
        "code": "V4392",
        "display": "Unsp car occupant injured in collision w car in traf"
      }, {
        "code": "V4392XA",
        "display": "Unsp car occupant injured in collision w car in traf, init"
      }, {
        "code": "V4392XD",
        "display": "Unsp car occupant injured in collision w car in traf, subs"
      }, {
        "code": "V4392XS",
        "display": "Unsp car occupant injured in clsn w car in traf, sequela"
      }, {
        "code": "V4393",
        "display": "Unsp car occupant injured in clsn w pick-up truck in traf"
      }, {
        "code": "V4393XA",
        "display": "Unsp car occ injured in clsn w pick-up truck in traf, init"
      }, {
        "code": "V4393XD",
        "display": "Unsp car occ injured in clsn w pick-up truck in traf, subs"
      }, {
        "code": "V4393XS",
        "display": "Unsp car occ inj in clsn w pick-up truck in traf, sequela"
      }, {
        "code": "V4394",
        "display": "Unsp car occupant injured in collision w van in traf"
      }, {
        "code": "V4394XA",
        "display": "Unsp car occupant injured in collision w van in traf, init"
      }, {
        "code": "V4394XD",
        "display": "Unsp car occupant injured in collision w van in traf, subs"
      }, {
        "code": "V4394XS",
        "display": "Unsp car occupant injured in clsn w van in traf, sequela"
      } ]
    } ]
  }
}