{
  "resourceType": "ValueSet",
  "id": "V49",
  "url": "http://hl7.org/fhir/sid/icd-10-cm-1597",
  "version": "1.0",
  "name": "Car occupant injured in other and unsp transport accidents",
  "title": "Car occupant injured in other and unspecified transport accidents",
  "status": "active",
  "compose": {
    "include": [ {
      "system": "http://hl7.org/fhir/sid/icd-10-cm",
      "concept": [ {
        "code": "V490",
        "display": "Driver injured in collision w oth and unsp mv nontraf"
      }, {
        "code": "V4900",
        "display": "Driver injured in collision w unsp mv in nontraffic accident"
      }, {
        "code": "V4900XA",
        "display": "Driver injured in collision w unsp mv nontraf, init"
      }, {
        "code": "V4900XD",
        "display": "Driver injured in collision w unsp mv nontraf, subs"
      }, {
        "code": "V4900XS",
        "display": "Driver injured in collision w unsp mv nontraf, sequela"
      }, {
        "code": "V4909",
        "display": "Driver injured in collision w oth mv in nontraffic accident"
      }, {
        "code": "V4909XA",
        "display": "Driver injured in collision w oth mv nontraf, init"
      }, {
        "code": "V4909XD",
        "display": "Driver injured in collision w oth mv nontraf, subs"
      }, {
        "code": "V4909XS",
        "display": "Driver injured in collision w oth mv nontraf, sequela"
      }, {
        "code": "V491",
        "display": "Passenger injured in collision w oth and unsp mv nontraf"
      }, {
        "code": "V4910",
        "display": "Passenger injured in collision w unsp mv nontraf"
      }, {
        "code": "V4910XA",
        "display": "Passenger injured in collision w unsp mv nontraf, init"
      }, {
        "code": "V4910XD",
        "display": "Passenger injured in collision w unsp mv nontraf, subs"
      }, {
        "code": "V4910XS",
        "display": "Passenger injured in collision w unsp mv nontraf, sequela"
      }, {
        "code": "V4919",
        "display": "Passenger injured in collision w oth mv nontraf"
      }, {
        "code": "V4919XA",
        "display": "Passenger injured in collision w oth mv nontraf, init"
      }, {
        "code": "V4919XD",
        "display": "Passenger injured in collision w oth mv nontraf, subs"
      }, {
        "code": "V4919XS",
        "display": "Passenger injured in collision w oth mv nontraf, sequela"
      }, {
        "code": "V492",
        "display": "Unsp car occupant injured in clsn w oth and unsp mv nontraf"
      }, {
        "code": "V4920",
        "display": "Unsp car occupant injured in collision w unsp mv nontraf"
      }, {
        "code": "V4920XA",
        "display": "Unsp car occupant injured in clsn w unsp mv nontraf, init"
      }, {
        "code": "V4920XD",
        "display": "Unsp car occupant injured in clsn w unsp mv nontraf, subs"
      }, {
        "code": "V4920XS",
        "display": "Unsp car occupant injured in clsn w unsp mv nontraf, sequela"
      }, {
        "code": "V4929",
        "display": "Unsp car occupant injured in collision w oth mv nontraf"
      }, {
        "code": "V4929XA",
        "display": "Unsp car occupant injured in clsn w oth mv nontraf, init"
      }, {
        "code": "V4929XD",
        "display": "Unsp car occupant injured in clsn w oth mv nontraf, subs"
      }, {
        "code": "V4929XS",
        "display": "Unsp car occupant injured in clsn w oth mv nontraf, sequela"
      }, {
        "code": "V493",
        "display": "Car occupant (driver) (passenger) injured in unsp nontraf"
      }, {
        "code": "V493XXA",
        "display": "Car occupant (driver) injured in unsp nontraf, init"
      }, {
        "code": "V493XXD",
        "display": "Car occupant (driver) injured in unsp nontraf, subs"
      }, {
        "code": "V493XXS",
        "display": "Car occupant (driver) injured in unsp nontraf, sequela"
      }, {
        "code": "V494",
        "display": "Driver injured in collision w oth and unsp mv in traf"
      }, {
        "code": "V4940",
        "display": "Driver injured in collision w unsp mv in traffic accident"
      }, {
        "code": "V4940XA",
        "display": "Driver injured in collision w unsp mv in traf, init"
      }, {
        "code": "V4940XD",
        "display": "Driver injured in collision w unsp mv in traf, subs"
      }, {
        "code": "V4940XS",
        "display": "Driver injured in collision w unsp mv in traf, sequela"
      }, {
        "code": "V4949",
        "display": "Driver injured in collision with oth mv in traffic accident"
      }, {
        "code": "V4949XA",
        "display": "Driver injured in collision w oth mv in traf, init"
      }, {
        "code": "V4949XD",
        "display": "Driver injured in collision w oth mv in traf, subs"
      }, {
        "code": "V4949XS",
        "display": "Driver injured in collision w oth mv in traf, sequela"
      }, {
        "code": "V495",
        "display": "Passenger injured in collision w oth and unsp mv in traf"
      }, {
        "code": "V4950",
        "display": "Passenger injured in collision w unsp mv in traffic accident"
      }, {
        "code": "V4950XA",
        "display": "Passenger injured in collision w unsp mv in traf, init"
      }, {
        "code": "V4950XD",
        "display": "Passenger injured in collision w unsp mv in traf, subs"
      }, {
        "code": "V4950XS",
        "display": "Passenger injured in collision w unsp mv in traf, sequela"
      }, {
        "code": "V4959",
        "display": "Passenger injured in collision w oth mv in traffic accident"
      }, {
        "code": "V4959XA",
        "display": "Passenger injured in collision w oth mv in traf, init"
      }, {
        "code": "V4959XD",
        "display": "Passenger injured in collision w oth mv in traf, subs"
      }, {
        "code": "V4959XS",
        "display": "Passenger injured in collision w oth mv in traf, sequela"
      }, {
        "code": "V496",
        "display": "Unsp car occupant injured in clsn w oth and unsp mv in traf"
      }, {
        "code": "V4960",
        "display": "Unsp car occupant injured in collision w unsp mv in traf"
      }, {
        "code": "V4960XA",
        "display": "Unsp car occupant injured in clsn w unsp mv in traf, init"
      }, {
        "code": "V4960XD",
        "display": "Unsp car occupant injured in clsn w unsp mv in traf, subs"
      }, {
        "code": "V4960XS",
        "display": "Unsp car occupant injured in clsn w unsp mv in traf, sequela"
      }, {
        "code": "V4969",
        "display": "Unsp car occupant injured in collision w oth mv in traf"
      }, {
        "code": "V4969XA",
        "display": "Unsp car occupant injured in clsn w oth mv in traf, init"
      }, {
        "code": "V4969XD",
        "display": "Unsp car occupant injured in clsn w oth mv in traf, subs"
      }, {
        "code": "V4969XS",
        "display": "Unsp car occupant injured in clsn w oth mv in traf, sequela"
      }, {
        "code": "V498",
        "display": "Car occupant (driver) injured in oth transport accidents"
      }, {
        "code": "V4981",
        "display": "Car occupant injured in trnsp accident w military vehicle"
      }, {
        "code": "V4981XA",
        "display": "Car occupant injured in trnsp acc w military vehicle, init"
      }, {
        "code": "V4981XD",
        "display": "Car occupant injured in trnsp acc w military vehicle, subs"
      }, {
        "code": "V4981XS",
        "display": "Car occupant injured in trnsp acc w miltry vehicle, sequela"
      }, {
        "code": "V4988",
        "display": "Car occupant (driver) injured in oth transport accidents"
      }, {
        "code": "V4988XA",
        "display": "Car occupant (driver) injured in oth transport acc, init"
      }, {
        "code": "V4988XD",
        "display": "Car occupant (driver) injured in oth transport acc, subs"
      }, {
        "code": "V4988XS",
        "display": "Car occupant (driver) injured in oth transport acc, sequela"
      }, {
        "code": "V499",
        "display": "Car occupant (driver) (passenger) injured in unsp traf"
      }, {
        "code": "V499XXA",
        "display": "Car occupant (driver) (passenger) injured in unsp traf, init"
      }, {
        "code": "V499XXD",
        "display": "Car occupant (driver) (passenger) injured in unsp traf, subs"
      }, {
        "code": "V499XXS",
        "display": "Car occupant (driver) injured in unsp traf, sequela"
      } ]
    } ]
  }
}