{
  "resourceType": "ValueSet",
  "id": "V44",
  "url": "http://hl7.org/fhir/sid/icd-10-cm-1592",
  "version": "1.0",
  "name": "Car occupant injured in collision w hv veh",
  "title": "Car occupant injured in collision with heavy transport vehicle or bus",
  "status": "active",
  "compose": {
    "include": [ {
      "system": "http://hl7.org/fhir/sid/icd-10-cm",
      "concept": [ {
        "code": "V440",
        "display": "Car driver injured in collision w hv veh nontraf"
      }, {
        "code": "V440XXA",
        "display": "Car driver injured in collision w hv veh nontraf, init"
      }, {
        "code": "V440XXD",
        "display": "Car driver injured in collision w hv veh nontraf, subs"
      }, {
        "code": "V440XXS",
        "display": "Car driver injured in collision w hv veh nontraf, sequela"
      }, {
        "code": "V441",
        "display": "Car passenger injured in collision w hv veh nontraf"
      }, {
        "code": "V441XXA",
        "display": "Car passenger injured in collision w hv veh nontraf, init"
      }, {
        "code": "V441XXD",
        "display": "Car passenger injured in collision w hv veh nontraf, subs"
      }, {
        "code": "V441XXS",
        "display": "Car passenger injured in collision w hv veh nontraf, sequela"
      }, {
        "code": "V442",
        "display": "Person outside car injured in collision w hv veh nontraf"
      }, {
        "code": "V442XXA",
        "display": "Person outside car injured in clsn w hv veh nontraf, init"
      }, {
        "code": "V442XXD",
        "display": "Person outside car injured in clsn w hv veh nontraf, subs"
      }, {
        "code": "V442XXS",
        "display": "Person outside car injured in clsn w hv veh nontraf, sequela"
      }, {
        "code": "V443",
        "display": "Unsp car occupant injured in collision w hv veh nontraf"
      }, {
        "code": "V443XXA",
        "display": "Unsp car occupant injured in clsn w hv veh nontraf, init"
      }, {
        "code": "V443XXD",
        "display": "Unsp car occupant injured in clsn w hv veh nontraf, subs"
      }, {
        "code": "V443XXS",
        "display": "Unsp car occupant injured in clsn w hv veh nontraf, sequela"
      }, {
        "code": "V444",
        "display": "Prsn brd/alit a car injured in collision w hv veh"
      }, {
        "code": "V444XXA",
        "display": "Prsn brd/alit a car injured in collision w hv veh, init"
      }, {
        "code": "V444XXD",
        "display": "Prsn brd/alit a car injured in collision w hv veh, subs"
      }, {
        "code": "V444XXS",
        "display": "Prsn brd/alit a car injured in collision w hv veh, sequela"
      }, {
        "code": "V445",
        "display": "Car driver injured in collision w hv veh in traffic accident"
      }, {
        "code": "V445XXA",
        "display": "Car driver injured in collision w hv veh in traf, init"
      }, {
        "code": "V445XXD",
        "display": "Car driver injured in collision w hv veh in traf, subs"
      }, {
        "code": "V445XXS",
        "display": "Car driver injured in collision w hv veh in traf, sequela"
      }, {
        "code": "V446",
        "display": "Car passenger injured in collision w hv veh in traf"
      }, {
        "code": "V446XXA",
        "display": "Car passenger injured in collision w hv veh in traf, init"
      }, {
        "code": "V446XXD",
        "display": "Car passenger injured in collision w hv veh in traf, subs"
      }, {
        "code": "V446XXS",
        "display": "Car passenger injured in collision w hv veh in traf, sequela"
      }, {
        "code": "V447",
        "display": "Person outside car injured in collision w hv veh in traf"
      }, {
        "code": "V447XXA",
        "display": "Person outside car injured in clsn w hv veh in traf, init"
      }, {
        "code": "V447XXD",
        "display": "Person outside car injured in clsn w hv veh in traf, subs"
      }, {
        "code": "V447XXS",
        "display": "Person outside car injured in clsn w hv veh in traf, sequela"
      }, {
        "code": "V449",
        "display": "Unsp car occupant injured in collision w hv veh in traf"
      }, {
        "code": "V449XXA",
        "display": "Unsp car occupant injured in clsn w hv veh in traf, init"
      }, {
        "code": "V449XXD",
        "display": "Unsp car occupant injured in clsn w hv veh in traf, subs"
      }, {
        "code": "V449XXS",
        "display": "Unsp car occupant injured in clsn w hv veh in traf, sequela"
      } ]
    } ]
  }
}