{
  "resourceType": "ValueSet",
  "id": "V42",
  "url": "http://hl7.org/fhir/sid/icd-10-cm-1590",
  "version": "1.0",
  "name": "Car occupant injured in collision w 2/3-whl mv",
  "title": "Car occupant injured in collision with two- or three-wheeled motor vehicle",
  "status": "active",
  "compose": {
    "include": [ {
      "system": "http://hl7.org/fhir/sid/icd-10-cm",
      "concept": [ {
        "code": "V420",
        "display": "Car driver injured in collision w 2/3-whl mv nontraf"
      }, {
        "code": "V420XXA",
        "display": "Car driver injured in collision w 2/3-whl mv nontraf, init"
      }, {
        "code": "V420XXD",
        "display": "Car driver injured in collision w 2/3-whl mv nontraf, subs"
      }, {
        "code": "V420XXS",
        "display": "Car driver injured in clsn w 2/3-whl mv nontraf, sequela"
      }, {
        "code": "V421",
        "display": "Car passenger injured in collision w 2/3-whl mv nontraf"
      }, {
        "code": "V421XXA",
        "display": "Car passenger injured in clsn w 2/3-whl mv nontraf, init"
      }, {
        "code": "V421XXD",
        "display": "Car passenger injured in clsn w 2/3-whl mv nontraf, subs"
      }, {
        "code": "V421XXS",
        "display": "Car passenger injured in clsn w 2/3-whl mv nontraf, sequela"
      }, {
        "code": "V422",
        "display": "Person outside car injured in collision w 2/3-whl mv nontraf"
      }, {
        "code": "V422XXA",
        "display": "Person outside car inj in clsn w 2/3-whl mv nontraf, init"
      }, {
        "code": "V422XXD",
        "display": "Person outside car inj in clsn w 2/3-whl mv nontraf, subs"
      }, {
        "code": "V422XXS",
        "display": "Person outside car inj in clsn w 2/3-whl mv nontraf, sequela"
      }, {
        "code": "V423",
        "display": "Unsp car occupant injured in collision w 2/3-whl mv nontraf"
      }, {
        "code": "V423XXA",
        "display": "Unsp car occupant injured in clsn w 2/3-whl mv nontraf, init"
      }, {
        "code": "V423XXD",
        "display": "Unsp car occupant injured in clsn w 2/3-whl mv nontraf, subs"
      }, {
        "code": "V423XXS",
        "display": "Unsp car occ injured in clsn w 2/3-whl mv nontraf, sequela"
      }, {
        "code": "V424",
        "display": "Prsn brd/alit a car injured in collision w 2/3-whl mv"
      }, {
        "code": "V424XXA",
        "display": "Prsn brd/alit a car injured in collision w 2/3-whl mv, init"
      }, {
        "code": "V424XXD",
        "display": "Prsn brd/alit a car injured in collision w 2/3-whl mv, subs"
      }, {
        "code": "V424XXS",
        "display": "Prsn brd/alit a car injured in clsn w 2/3-whl mv, sequela"
      }, {
        "code": "V425",
        "display": "Car driver injured in collision w 2/3-whl mv in traf"
      }, {
        "code": "V425XXA",
        "display": "Car driver injured in collision w 2/3-whl mv in traf, init"
      }, {
        "code": "V425XXD",
        "display": "Car driver injured in collision w 2/3-whl mv in traf, subs"
      }, {
        "code": "V425XXS",
        "display": "Car driver injured in clsn w 2/3-whl mv in traf, sequela"
      }, {
        "code": "V426",
        "display": "Car passenger injured in collision w 2/3-whl mv in traf"
      }, {
        "code": "V426XXA",
        "display": "Car passenger injured in clsn w 2/3-whl mv in traf, init"
      }, {
        "code": "V426XXD",
        "display": "Car passenger injured in clsn w 2/3-whl mv in traf, subs"
      }, {
        "code": "V426XXS",
        "display": "Car passenger injured in clsn w 2/3-whl mv in traf, sequela"
      }, {
        "code": "V427",
        "display": "Person outside car injured in collision w 2/3-whl mv in traf"
      }, {
        "code": "V427XXA",
        "display": "Person outside car inj in clsn w 2/3-whl mv in traf, init"
      }, {
        "code": "V427XXD",
        "display": "Person outside car inj in clsn w 2/3-whl mv in traf, subs"
      }, {
        "code": "V427XXS",
        "display": "Person outside car inj in clsn w 2/3-whl mv in traf, sequela"
      }, {
        "code": "V429",
        "display": "Unsp car occupant injured in collision w 2/3-whl mv in traf"
      }, {
        "code": "V429XXA",
        "display": "Unsp car occupant injured in clsn w 2/3-whl mv in traf, init"
      }, {
        "code": "V429XXD",
        "display": "Unsp car occupant injured in clsn w 2/3-whl mv in traf, subs"
      }, {
        "code": "V429XXS",
        "display": "Unsp car occ injured in clsn w 2/3-whl mv in traf, sequela"
      } ]
    } ]
  }
}