{
  "resourceType": "ValueSet",
  "id": "V47",
  "url": "http://hl7.org/fhir/sid/icd-10-cm-1595",
  "version": "1.0",
  "name": "Car occupant injured in collision w statnry object",
  "title": "Car occupant injured in collision with fixed or stationary object",
  "status": "active",
  "compose": {
    "include": [ {
      "system": "http://hl7.org/fhir/sid/icd-10-cm",
      "concept": [ {
        "code": "V470",
        "display": "Car driver injured in collision w statnry object nontraf"
      }, {
        "code": "V470XXA",
        "display": "Car driver injured in clsn with statnry object nontraf, init"
      }, {
        "code": "V470XXD",
        "display": "Car driver injured in clsn with statnry object nontraf, subs"
      }, {
        "code": "V470XXS",
        "display": "Car driver inj in clsn with statnry object nontraf, sequela"
      }, {
        "code": "V471",
        "display": "Car passenger injured in collision w statnry object nontraf"
      }, {
        "code": "V471XXA",
        "display": "Car pasngr injured in clsn with statnry object nontraf, init"
      }, {
        "code": "V471XXD",
        "display": "Car pasngr injured in clsn with statnry object nontraf, subs"
      }, {
        "code": "V471XXS",
        "display": "Car pasngr inj in clsn with statnry object nontraf, sequela"
      }, {
        "code": "V472",
        "display": "Person outside car injured in clsn w statnry object nontraf"
      }, {
        "code": "V472XXA",
        "display": "Person outsd car inj in clsn w statnry object nontraf, init"
      }, {
        "code": "V472XXD",
        "display": "Person outsd car inj in clsn w statnry object nontraf, subs"
      }, {
        "code": "V472XXS",
        "display": "Person outsd car inj in clsn w statnry object nontraf, sqla"
      }, {
        "code": "V473",
        "display": "Unsp car occupant injured in clsn w statnry object nontraf"
      }, {
        "code": "V473XXA",
        "display": "Unsp car occ inj in clsn with statnry object nontraf, init"
      }, {
        "code": "V473XXD",
        "display": "Unsp car occ inj in clsn with statnry object nontraf, subs"
      }, {
        "code": "V473XXS",
        "display": "Unsp car occ inj in clsn with statnry object nontraf, sqla"
      }, {
        "code": "V474",
        "display": "Prsn brd/alit a car injured in collision w statnry object"
      }, {
        "code": "V474XXA",
        "display": "Prsn brd/alit a car injured in clsn w statnry object, init"
      }, {
        "code": "V474XXD",
        "display": "Prsn brd/alit a car injured in clsn w statnry object, subs"
      }, {
        "code": "V474XXS",
        "display": "Prsn brd/alit a car inj in clsn w statnry object, sequela"
      }, {
        "code": "V475",
        "display": "Car driver injured in collision w statnry object in traf"
      }, {
        "code": "V475XXA",
        "display": "Car driver injured in clsn with statnry object in traf, init"
      }, {
        "code": "V475XXD",
        "display": "Car driver injured in clsn with statnry object in traf, subs"
      }, {
        "code": "V475XXS",
        "display": "Car driver inj in clsn with statnry object in traf, sequela"
      }, {
        "code": "V476",
        "display": "Car passenger injured in collision w statnry object in traf"
      }, {
        "code": "V476XXA",
        "display": "Car pasngr injured in clsn with statnry object in traf, init"
      }, {
        "code": "V476XXD",
        "display": "Car pasngr injured in clsn with statnry object in traf, subs"
      }, {
        "code": "V476XXS",
        "display": "Car pasngr inj in clsn with statnry object in traf, sequela"
      }, {
        "code": "V477",
        "display": "Person outside car injured in clsn w statnry object in traf"
      }, {
        "code": "V477XXA",
        "display": "Person outsd car inj in clsn w statnry object in traf, init"
      }, {
        "code": "V477XXD",
        "display": "Person outsd car inj in clsn w statnry object in traf, subs"
      }, {
        "code": "V477XXS",
        "display": "Person outsd car inj in clsn w statnry object in traf, sqla"
      }, {
        "code": "V479",
        "display": "Unsp car occupant injured in clsn w statnry object in traf"
      }, {
        "code": "V479XXA",
        "display": "Unsp car occ inj in clsn with statnry object in traf, init"
      }, {
        "code": "V479XXD",
        "display": "Unsp car occ inj in clsn with statnry object in traf, subs"
      }, {
        "code": "V479XXS",
        "display": "Unsp car occ inj in clsn with statnry object in traf, sqla"
      } ]
    } ]
  }
}