{
  "resourceType": "ValueSet",
  "id": "V40",
  "url": "http://hl7.org/fhir/sid/icd-10-cm-1588",
  "version": "1.0",
  "name": "Car occupant injured in collision with pedestrian or animal",
  "title": "Car occupant injured in collision with pedestrian or animal",
  "status": "active",
  "compose": {
    "include": [ {
      "system": "http://hl7.org/fhir/sid/icd-10-cm",
      "concept": [ {
        "code": "V400",
        "display": "Car driver injured in collision w ped/anml nontraf"
      }, {
        "code": "V400XXA",
        "display": "Car driver injured in collision w ped/anml nontraf, init"
      }, {
        "code": "V400XXD",
        "display": "Car driver injured in collision w ped/anml nontraf, subs"
      }, {
        "code": "V400XXS",
        "display": "Car driver injured in collision w ped/anml nontraf, sequela"
      }, {
        "code": "V401",
        "display": "Car passenger injured in collision w ped/anml nontraf"
      }, {
        "code": "V401XXA",
        "display": "Car passenger injured in collision w ped/anml nontraf, init"
      }, {
        "code": "V401XXD",
        "display": "Car passenger injured in collision w ped/anml nontraf, subs"
      }, {
        "code": "V401XXS",
        "display": "Car passenger injured in clsn w ped/anml nontraf, sequela"
      }, {
        "code": "V402",
        "display": "Person outside car injured in collision w ped/anml nontraf"
      }, {
        "code": "V402XXA",
        "display": "Person outside car injured in clsn w ped/anml nontraf, init"
      }, {
        "code": "V402XXD",
        "display": "Person outside car injured in clsn w ped/anml nontraf, subs"
      }, {
        "code": "V402XXS",
        "display": "Person outside car inj in clsn w ped/anml nontraf, sequela"
      }, {
        "code": "V403",
        "display": "Unsp car occupant injured in collision w ped/anml nontraf"
      }, {
        "code": "V403XXA",
        "display": "Unsp car occupant injured in clsn w ped/anml nontraf, init"
      }, {
        "code": "V403XXD",
        "display": "Unsp car occupant injured in clsn w ped/anml nontraf, subs"
      }, {
        "code": "V403XXS",
        "display": "Unsp car occ injured in clsn w ped/anml nontraf, sequela"
      }, {
        "code": "V404",
        "display": "Prsn brd/alit a car injured in collision w ped/anml"
      }, {
        "code": "V404XXA",
        "display": "Prsn brd/alit a car injured in collision w ped/anml, init"
      }, {
        "code": "V404XXD",
        "display": "Prsn brd/alit a car injured in collision w ped/anml, subs"
      }, {
        "code": "V404XXS",
        "display": "Prsn brd/alit a car injured in collision w ped/anml, sequela"
      }, {
        "code": "V405",
        "display": "Car driver injured in collision w ped/anml in traf"
      }, {
        "code": "V405XXA",
        "display": "Car driver injured in collision w ped/anml in traf, init"
      }, {
        "code": "V405XXD",
        "display": "Car driver injured in collision w ped/anml in traf, subs"
      }, {
        "code": "V405XXS",
        "display": "Car driver injured in collision w ped/anml in traf, sequela"
      }, {
        "code": "V406",
        "display": "Car passenger injured in collision w ped/anml in traf"
      }, {
        "code": "V406XXA",
        "display": "Car passenger injured in collision w ped/anml in traf, init"
      }, {
        "code": "V406XXD",
        "display": "Car passenger injured in collision w ped/anml in traf, subs"
      }, {
        "code": "V406XXS",
        "display": "Car passenger injured in clsn w ped/anml in traf, sequela"
      }, {
        "code": "V407",
        "display": "Person outside car injured in collision w ped/anml in traf"
      }, {
        "code": "V407XXA",
        "display": "Person outside car injured in clsn w ped/anml in traf, init"
      }, {
        "code": "V407XXD",
        "display": "Person outside car injured in clsn w ped/anml in traf, subs"
      }, {
        "code": "V407XXS",
        "display": "Person outside car inj in clsn w ped/anml in traf, sequela"
      }, {
        "code": "V409",
        "display": "Unsp car occupant injured in collision w ped/anml in traf"
      }, {
        "code": "V409XXA",
        "display": "Unsp car occupant injured in clsn w ped/anml in traf, init"
      }, {
        "code": "V409XXD",
        "display": "Unsp car occupant injured in clsn w ped/anml in traf, subs"
      }, {
        "code": "V409XXS",
        "display": "Unsp car occ injured in clsn w ped/anml in traf, sequela"
      } ]
    } ]
  }
}