{
  "resourceType": "ValueSet",
  "id": "V45",
  "url": "http://hl7.org/fhir/sid/icd-10-cm-1593",
  "version": "1.0",
  "name": "Car occupant injured in collision w rail trn/veh",
  "title": "Car occupant injured in collision with railway train or railway vehicle",
  "status": "active",
  "compose": {
    "include": [ {
      "system": "http://hl7.org/fhir/sid/icd-10-cm",
      "concept": [ {
        "code": "V450",
        "display": "Car driver injured in collision w rail trn/veh nontraf"
      }, {
        "code": "V450XXA",
        "display": "Car driver injured in collision w rail trn/veh nontraf, init"
      }, {
        "code": "V450XXD",
        "display": "Car driver injured in collision w rail trn/veh nontraf, subs"
      }, {
        "code": "V450XXS",
        "display": "Car driver injured in clsn w rail trn/veh nontraf, sequela"
      }, {
        "code": "V451",
        "display": "Car passenger injured in collision w rail trn/veh nontraf"
      }, {
        "code": "V451XXA",
        "display": "Car passenger injured in clsn w rail trn/veh nontraf, init"
      }, {
        "code": "V451XXD",
        "display": "Car passenger injured in clsn w rail trn/veh nontraf, subs"
      }, {
        "code": "V451XXS",
        "display": "Car pasngr injured in clsn w rail trn/veh nontraf, sequela"
      }, {
        "code": "V452",
        "display": "Person outside car injured in clsn w rail trn/veh nontraf"
      }, {
        "code": "V452XXA",
        "display": "Person outside car inj in clsn w rail trn/veh nontraf, init"
      }, {
        "code": "V452XXD",
        "display": "Person outside car inj in clsn w rail trn/veh nontraf, subs"
      }, {
        "code": "V452XXS",
        "display": "Person outsd car inj in clsn w rail trn/veh nontraf, sequela"
      }, {
        "code": "V453",
        "display": "Unsp car occupant injured in clsn w rail trn/veh nontraf"
      }, {
        "code": "V453XXA",
        "display": "Unsp car occ injured in clsn w rail trn/veh nontraf, init"
      }, {
        "code": "V453XXD",
        "display": "Unsp car occ injured in clsn w rail trn/veh nontraf, subs"
      }, {
        "code": "V453XXS",
        "display": "Unsp car occ injured in clsn w rail trn/veh nontraf, sequela"
      }, {
        "code": "V454",
        "display": "Prsn brd/alit a car injured in collision w rail trn/veh"
      }, {
        "code": "V454XXA",
        "display": "Prsn brd/alit a car injured in clsn w rail trn/veh, init"
      }, {
        "code": "V454XXD",
        "display": "Prsn brd/alit a car injured in clsn w rail trn/veh, subs"
      }, {
        "code": "V454XXS",
        "display": "Prsn brd/alit a car injured in clsn w rail trn/veh, sequela"
      }, {
        "code": "V455",
        "display": "Car driver injured in collision w rail trn/veh in traf"
      }, {
        "code": "V455XXA",
        "display": "Car driver injured in collision w rail trn/veh in traf, init"
      }, {
        "code": "V455XXD",
        "display": "Car driver injured in collision w rail trn/veh in traf, subs"
      }, {
        "code": "V455XXS",
        "display": "Car driver injured in clsn w rail trn/veh in traf, sequela"
      }, {
        "code": "V456",
        "display": "Car passenger injured in collision w rail trn/veh in traf"
      }, {
        "code": "V456XXA",
        "display": "Car passenger injured in clsn w rail trn/veh in traf, init"
      }, {
        "code": "V456XXD",
        "display": "Car passenger injured in clsn w rail trn/veh in traf, subs"
      }, {
        "code": "V456XXS",
        "display": "Car pasngr injured in clsn w rail trn/veh in traf, sequela"
      }, {
        "code": "V457",
        "display": "Person outside car injured in clsn w rail trn/veh in traf"
      }, {
        "code": "V457XXA",
        "display": "Person outside car inj in clsn w rail trn/veh in traf, init"
      }, {
        "code": "V457XXD",
        "display": "Person outside car inj in clsn w rail trn/veh in traf, subs"
      }, {
        "code": "V457XXS",
        "display": "Person outsd car inj in clsn w rail trn/veh in traf, sequela"
      }, {
        "code": "V459",
        "display": "Unsp car occupant injured in clsn w rail trn/veh in traf"
      }, {
        "code": "V459XXA",
        "display": "Unsp car occ injured in clsn w rail trn/veh in traf, init"
      }, {
        "code": "V459XXD",
        "display": "Unsp car occ injured in clsn w rail trn/veh in traf, subs"
      }, {
        "code": "V459XXS",
        "display": "Unsp car occ injured in clsn w rail trn/veh in traf, sequela"
      } ]
    } ]
  }
}