{
  "resourceType": "ValueSet",
  "id": "V48",
  "url": "http://hl7.org/fhir/sid/icd-10-cm-1596",
  "version": "1.0",
  "name": "Car occupant injured in noncollision transport accident",
  "title": "Car occupant injured in noncollision transport accident",
  "status": "active",
  "compose": {
    "include": [ {
      "system": "http://hl7.org/fhir/sid/icd-10-cm",
      "concept": [ {
        "code": "V480",
        "display": "Car driver injured in nonclsn transport accident nontraf"
      }, {
        "code": "V480XXA",
        "display": "Car driver injured in nonclsn trnsp accident nontraf, init"
      }, {
        "code": "V480XXD",
        "display": "Car driver injured in nonclsn trnsp accident nontraf, subs"
      }, {
        "code": "V480XXS",
        "display": "Car driver injured in nonclsn trnsp acc nontraf, sequela"
      }, {
        "code": "V481",
        "display": "Car passenger injured in nonclsn transport accident nontraf"
      }, {
        "code": "V481XXA",
        "display": "Car pasngr injured in nonclsn trnsp accident nontraf, init"
      }, {
        "code": "V481XXD",
        "display": "Car pasngr injured in nonclsn trnsp accident nontraf, subs"
      }, {
        "code": "V481XXS",
        "display": "Car pasngr injured in nonclsn trnsp acc nontraf, sequela"
      }, {
        "code": "V482",
        "display": "Person outside car injured in nonclsn trnsp accident nontraf"
      }, {
        "code": "V482XXA",
        "display": "Person outside car inj in nonclsn trnsp acc nontraf, init"
      }, {
        "code": "V482XXD",
        "display": "Person outside car inj in nonclsn trnsp acc nontraf, subs"
      }, {
        "code": "V482XXS",
        "display": "Person outside car inj in nonclsn trnsp acc nontraf, sequela"
      }, {
        "code": "V483",
        "display": "Unsp car occupant injured in nonclsn trnsp accident nontraf"
      }, {
        "code": "V483XXA",
        "display": "Unsp car occupant injured in nonclsn trnsp acc nontraf, init"
      }, {
        "code": "V483XXD",
        "display": "Unsp car occupant injured in nonclsn trnsp acc nontraf, subs"
      }, {
        "code": "V483XXS",
        "display": "Unsp car occ injured in nonclsn trnsp acc nontraf, sequela"
      }, {
        "code": "V484",
        "display": "Prsn brd/alit a car injured in nonclsn transport accident"
      }, {
        "code": "V484XXA",
        "display": "Prsn brd/alit a car injured in nonclsn trnsp accident, init"
      }, {
        "code": "V484XXD",
        "display": "Prsn brd/alit a car injured in nonclsn trnsp accident, subs"
      }, {
        "code": "V484XXS",
        "display": "Prsn brd/alit a car injured in nonclsn trnsp acc, sequela"
      }, {
        "code": "V485",
        "display": "Car driver injured in nonclsn transport accident in traf"
      }, {
        "code": "V485XXA",
        "display": "Car driver injured in nonclsn trnsp accident in traf, init"
      }, {
        "code": "V485XXD",
        "display": "Car driver injured in nonclsn trnsp accident in traf, subs"
      }, {
        "code": "V485XXS",
        "display": "Car driver injured in nonclsn trnsp acc in traf, sequela"
      }, {
        "code": "V486",
        "display": "Car passenger injured in nonclsn transport accident in traf"
      }, {
        "code": "V486XXA",
        "display": "Car pasngr injured in nonclsn trnsp accident in traf, init"
      }, {
        "code": "V486XXD",
        "display": "Car pasngr injured in nonclsn trnsp accident in traf, subs"
      }, {
        "code": "V486XXS",
        "display": "Car pasngr injured in nonclsn trnsp acc in traf, sequela"
      }, {
        "code": "V487",
        "display": "Person outside car injured in nonclsn trnsp accident in traf"
      }, {
        "code": "V487XXA",
        "display": "Person outside car inj in nonclsn trnsp acc in traf, init"
      }, {
        "code": "V487XXD",
        "display": "Person outside car inj in nonclsn trnsp acc in traf, subs"
      }, {
        "code": "V487XXS",
        "display": "Person outside car inj in nonclsn trnsp acc in traf, sequela"
      }, {
        "code": "V489",
        "display": "Unsp car occupant injured in nonclsn trnsp accident in traf"
      }, {
        "code": "V489XXA",
        "display": "Unsp car occupant injured in nonclsn trnsp acc in traf, init"
      }, {
        "code": "V489XXD",
        "display": "Unsp car occupant injured in nonclsn trnsp acc in traf, subs"
      }, {
        "code": "V489XXS",
        "display": "Unsp car occ injured in nonclsn trnsp acc in traf, sequela"
      } ]
    } ]
  }
}