{
  "resourceType": "ValueSet",
  "id": "D07",
  "url": "http://hl7.org/fhir/sid/icd-10-cm-266",
  "version": "1.0",
  "name": "Carcinoma in situ of other and unspecified genital organs",
  "title": "Carcinoma in situ of other and unspecified genital organs",
  "status": "active",
  "compose": {
    "include": [ {
      "system": "http://hl7.org/fhir/sid/icd-10-cm",
      "concept": [ {
        "code": "D070",
        "display": "Carcinoma in situ of endometrium"
      }, {
        "code": "D071",
        "display": "Carcinoma in situ of vulva"
      }, {
        "code": "D072",
        "display": "Carcinoma in situ of vagina"
      }, {
        "code": "D073",
        "display": "Carcinoma in situ of other and unsp female genital organs"
      }, {
        "code": "D0730",
        "display": "Carcinoma in situ of unspecified female genital organs"
      }, {
        "code": "D0739",
        "display": "Carcinoma in situ of other female genital organs"
      }, {
        "code": "D074",
        "display": "Carcinoma in situ of penis"
      }, {
        "code": "D075",
        "display": "Carcinoma in situ of prostate"
      }, {
        "code": "D076",
        "display": "Carcinoma in situ of other and unsp male genital organs"
      }, {
        "code": "D0760",
        "display": "Carcinoma in situ of unspecified male genital organs"
      }, {
        "code": "D0761",
        "display": "Carcinoma in situ of scrotum"
      }, {
        "code": "D0769",
        "display": "Carcinoma in situ of other male genital organs"
      } ]
    } ]
  }
}