{
  "resourceType": "ValueSet",
  "id": "D05",
  "url": "http://hl7.org/fhir/sid/icd-10-cm-264",
  "version": "1.0",
  "name": "Carcinoma in situ of breast",
  "title": "Carcinoma in situ of breast",
  "status": "active",
  "compose": {
    "include": [ {
      "system": "http://hl7.org/fhir/sid/icd-10-cm",
      "concept": [ {
        "code": "D050",
        "display": "Lobular carcinoma in situ of breast"
      }, {
        "code": "D0500",
        "display": "Lobular carcinoma in situ of unspecified breast"
      }, {
        "code": "D0501",
        "display": "Lobular carcinoma in situ of right breast"
      }, {
        "code": "D0502",
        "display": "Lobular carcinoma in situ of left breast"
      }, {
        "code": "D051",
        "display": "Intraductal carcinoma in situ of breast"
      }, {
        "code": "D0510",
        "display": "Intraductal carcinoma in situ of unspecified breast"
      }, {
        "code": "D0511",
        "display": "Intraductal carcinoma in situ of right breast"
      }, {
        "code": "D0512",
        "display": "Intraductal carcinoma in situ of left breast"
      }, {
        "code": "D058",
        "display": "Other specified type of carcinoma in situ of breast"
      }, {
        "code": "D0580",
        "display": "Oth type of carcinoma in situ of unspecified breast"
      }, {
        "code": "D0581",
        "display": "Other specified type of carcinoma in situ of right breast"
      }, {
        "code": "D0582",
        "display": "Other specified type of carcinoma in situ of left breast"
      }, {
        "code": "D059",
        "display": "Unspecified type of carcinoma in situ of breast"
      }, {
        "code": "D0590",
        "display": "Unspecified type of carcinoma in situ of unspecified breast"
      }, {
        "code": "D0591",
        "display": "Unspecified type of carcinoma in situ of right breast"
      }, {
        "code": "D0592",
        "display": "Unspecified type of carcinoma in situ of left breast"
      } ]
    } ]
  }
}