{
  "resourceType": "ValueSet",
  "id": "D09",
  "url": "http://hl7.org/fhir/sid/icd-10-cm-267",
  "version": "1.0",
  "name": "Carcinoma in situ of other and unspecified sites",
  "title": "Carcinoma in situ of other and unspecified sites",
  "status": "active",
  "compose": {
    "include": [ {
      "system": "http://hl7.org/fhir/sid/icd-10-cm",
      "concept": [ {
        "code": "D090",
        "display": "Carcinoma in situ of bladder"
      }, {
        "code": "D091",
        "display": "Carcinoma in situ of other and unspecified urinary organs"
      }, {
        "code": "D0910",
        "display": "Carcinoma in situ of unspecified urinary organ"
      }, {
        "code": "D0919",
        "display": "Carcinoma in situ of other urinary organs"
      }, {
        "code": "D092",
        "display": "Carcinoma in situ of eye"
      }, {
        "code": "D0920",
        "display": "Carcinoma in situ of unspecified eye"
      }, {
        "code": "D0921",
        "display": "Carcinoma in situ of right eye"
      }, {
        "code": "D0922",
        "display": "Carcinoma in situ of left eye"
      }, {
        "code": "D093",
        "display": "Carcinoma in situ of thyroid and other endocrine glands"
      }, {
        "code": "D098",
        "display": "Carcinoma in situ of other specified sites"
      }, {
        "code": "D099",
        "display": "Carcinoma in situ, unspecified"
      } ]
    } ]
  }
}