{
  "resourceType": "ValueSet",
  "id": "D01",
  "url": "http://hl7.org/fhir/sid/icd-10-cm-260",
  "version": "1.0",
  "name": "Carcinoma in situ of other and unspecified digestive organs",
  "title": "Carcinoma in situ of other and unspecified digestive organs",
  "status": "active",
  "compose": {
    "include": [ {
      "system": "http://hl7.org/fhir/sid/icd-10-cm",
      "concept": [ {
        "code": "D010",
        "display": "Carcinoma in situ of colon"
      }, {
        "code": "D011",
        "display": "Carcinoma in situ of rectosigmoid junction"
      }, {
        "code": "D012",
        "display": "Carcinoma in situ of rectum"
      }, {
        "code": "D013",
        "display": "Carcinoma in situ of anus and anal canal"
      }, {
        "code": "D014",
        "display": "Carcinoma in situ of other and unsp parts of intestine"
      }, {
        "code": "D0140",
        "display": "Carcinoma in situ of unspecified part of intestine"
      }, {
        "code": "D0149",
        "display": "Carcinoma in situ of other parts of intestine"
      }, {
        "code": "D015",
        "display": "Carcinoma in situ of liver, gallbladder and bile ducts"
      }, {
        "code": "D017",
        "display": "Carcinoma in situ of other specified digestive organs"
      }, {
        "code": "D019",
        "display": "Carcinoma in situ of digestive organ, unspecified"
      } ]
    } ]
  }
}