{
  "resourceType": "ValueSet",
  "id": "D04",
  "url": "http://hl7.org/fhir/sid/icd-10-cm-263",
  "version": "1.0",
  "name": "Carcinoma in situ of skin",
  "title": "Carcinoma in situ of skin",
  "status": "active",
  "compose": {
    "include": [ {
      "system": "http://hl7.org/fhir/sid/icd-10-cm",
      "concept": [ {
        "code": "D040",
        "display": "Carcinoma in situ of skin of lip"
      }, {
        "code": "D041",
        "display": "Carcinoma in situ of skin of eyelid, including canthus"
      }, {
        "code": "D0410",
        "display": "Carcinoma in situ of skin of unsp eyelid, including canthus"
      }, {
        "code": "D0411",
        "display": "Carcinoma in situ of skin of right eyelid, including canthus"
      }, {
        "code": "D04111",
        "display": "Ca in situ skin of right upper eyelid, including canthus"
      }, {
        "code": "D04112",
        "display": "Ca in situ skin of right lower eyelid, including canthus"
      }, {
        "code": "D0412",
        "display": "Carcinoma in situ of skin of left eyelid, including canthus"
      }, {
        "code": "D04121",
        "display": "Ca in situ skin of left upper eyelid, including canthus"
      }, {
        "code": "D04122",
        "display": "Ca in situ skin of left lower eyelid, including canthus"
      }, {
        "code": "D042",
        "display": "Ca in situ skin of ear and external auricular canal"
      }, {
        "code": "D0420",
        "display": "Ca in situ skin of unsp ear and external auricular canal"
      }, {
        "code": "D0421",
        "display": "Ca in situ skin of right ear and external auricular canal"
      }, {
        "code": "D0422",
        "display": "Ca in situ skin of left ear and external auricular canal"
      }, {
        "code": "D043",
        "display": "Carcinoma in situ of skin of other and unsp parts of face"
      }, {
        "code": "D0430",
        "display": "Carcinoma in situ of skin of unspecified part of face"
      }, {
        "code": "D0439",
        "display": "Carcinoma in situ of skin of other parts of face"
      }, {
        "code": "D044",
        "display": "Carcinoma in situ of skin of scalp and neck"
      }, {
        "code": "D045",
        "display": "Carcinoma in situ of skin of trunk"
      }, {
        "code": "D046",
        "display": "Carcinoma in situ of skin of upper limb, including shoulder"
      }, {
        "code": "D0460",
        "display": "Ca in situ skin of unsp upper limb, including shoulder"
      }, {
        "code": "D0461",
        "display": "Ca in situ skin of right upper limb, including shoulder"
      }, {
        "code": "D0462",
        "display": "Ca in situ skin of left upper limb, including shoulder"
      }, {
        "code": "D047",
        "display": "Carcinoma in situ of skin of lower limb, including hip"
      }, {
        "code": "D0470",
        "display": "Carcinoma in situ of skin of unsp lower limb, including hip"
      }, {
        "code": "D0471",
        "display": "Carcinoma in situ of skin of right lower limb, including hip"
      }, {
        "code": "D0472",
        "display": "Carcinoma in situ of skin of left lower limb, including hip"
      }, {
        "code": "D048",
        "display": "Carcinoma in situ of skin of other sites"
      }, {
        "code": "D049",
        "display": "Carcinoma in situ of skin, unspecified"
      } ]
    } ]
  }
}