{
  "resourceType": "ValueSet",
  "id": "D06",
  "url": "http://hl7.org/fhir/sid/icd-10-cm-265",
  "version": "1.0",
  "name": "Carcinoma in situ of cervix uteri",
  "title": "Carcinoma in situ of cervix uteri",
  "status": "active",
  "compose": {
    "include": [ {
      "system": "http://hl7.org/fhir/sid/icd-10-cm",
      "concept": [ {
        "code": "D060",
        "display": "Carcinoma in situ of endocervix"
      }, {
        "code": "D061",
        "display": "Carcinoma in situ of exocervix"
      }, {
        "code": "D067",
        "display": "Carcinoma in situ of other parts of cervix"
      }, {
        "code": "D069",
        "display": "Carcinoma in situ of cervix, unspecified"
      } ]
    } ]
  }
}