{
  "resourceType": "ValueSet",
  "id": "D00",
  "url": "http://hl7.org/fhir/sid/icd-10-cm-259",
  "version": "1.0",
  "name": "Carcinoma in situ of oral cavity, esophagus and stomach",
  "title": "Carcinoma in situ of oral cavity, esophagus and stomach",
  "status": "active",
  "compose": {
    "include": [ {
      "system": "http://hl7.org/fhir/sid/icd-10-cm",
      "concept": [ {
        "code": "D000",
        "display": "Carcinoma in situ of lip, oral cavity and pharynx"
      }, {
        "code": "D0000",
        "display": "Carcinoma in situ of oral cavity, unspecified site"
      }, {
        "code": "D0001",
        "display": "Carcinoma in situ of labial mucosa and vermilion border"
      }, {
        "code": "D0002",
        "display": "Carcinoma in situ of buccal mucosa"
      }, {
        "code": "D0003",
        "display": "Carcinoma in situ of gingiva and edentulous alveolar ridge"
      }, {
        "code": "D0004",
        "display": "Carcinoma in situ of soft palate"
      }, {
        "code": "D0005",
        "display": "Carcinoma in situ of hard palate"
      }, {
        "code": "D0006",
        "display": "Carcinoma in situ of floor of mouth"
      }, {
        "code": "D0007",
        "display": "Carcinoma in situ of tongue"
      }, {
        "code": "D0008",
        "display": "Carcinoma in situ of pharynx"
      }, {
        "code": "D001",
        "display": "Carcinoma in situ of esophagus"
      }, {
        "code": "D002",
        "display": "Carcinoma in situ of stomach"
      } ]
    } ]
  }
}