{
  "resourceType": "ValueSet",
  "id": "D02",
  "url": "http://hl7.org/fhir/sid/icd-10-cm-261",
  "version": "1.0",
  "name": "Carcinoma in situ of middle ear and respiratory system",
  "title": "Carcinoma in situ of middle ear and respiratory system",
  "status": "active",
  "compose": {
    "include": [ {
      "system": "http://hl7.org/fhir/sid/icd-10-cm",
      "concept": [ {
        "code": "D020",
        "display": "Carcinoma in situ of larynx"
      }, {
        "code": "D021",
        "display": "Carcinoma in situ of trachea"
      }, {
        "code": "D022",
        "display": "Carcinoma in situ of bronchus and lung"
      }, {
        "code": "D0220",
        "display": "Carcinoma in situ of unspecified bronchus and lung"
      }, {
        "code": "D0221",
        "display": "Carcinoma in situ of right bronchus and lung"
      }, {
        "code": "D0222",
        "display": "Carcinoma in situ of left bronchus and lung"
      }, {
        "code": "D023",
        "display": "Carcinoma in situ of other parts of respiratory system"
      }, {
        "code": "D024",
        "display": "Carcinoma in situ of respiratory system, unspecified"
      } ]
    } ]
  }
}