{
  "resourceType": "ValueSet",
  "id": "Y71",
  "url": "http://hl7.org/fhir/sid/icd-10-cm-1803",
  "version": "1.0",
  "name": "Cardiovascular devices associated with adverse incidents",
  "title": "Cardiovascular devices associated with adverse incidents",
  "status": "active",
  "compose": {
    "include": [ {
      "system": "http://hl7.org/fhir/sid/icd-10-cm",
      "concept": [ {
        "code": "Y710",
        "display": "Diagnostic and monitoring cardiovasc devices assoc w incdt"
      }, {
        "code": "Y711",
        "display": "Therapeutic and rehab cardiovasc devices assoc w incdt"
      }, {
        "code": "Y712",
        "display": "Prosth/oth implnt/mtrls cardiovascular devices assoc w incdt"
      }, {
        "code": "Y713",
        "display": "Surg instrumnt, matrl and cardiovasc devices assoc w incdt"
      }, {
        "code": "Y718",
        "display": "Miscellaneous cardiovascular devices assoc w incdt, NEC"
      } ]
    } ]
  }
}