{
  "resourceType": "ValueSet",
  "id": "I46",
  "url": "http://hl7.org/fhir/sid/icd-10-cm-660",
  "version": "1.0",
  "name": "Cardiac arrest",
  "title": "Cardiac arrest",
  "status": "active",
  "compose": {
    "include": [ {
      "system": "http://hl7.org/fhir/sid/icd-10-cm",
      "concept": [ {
        "code": "I462",
        "display": "Cardiac arrest due to underlying cardiac condition"
      }, {
        "code": "I468",
        "display": "Cardiac arrest due to other underlying condition"
      }, {
        "code": "I469",
        "display": "Cardiac arrest, cause unspecified"
      } ]
    } ]
  }
}