{
  "resourceType": "ValueSet",
  "id": "I42",
  "url": "http://hl7.org/fhir/sid/icd-10-cm-656",
  "version": "1.0",
  "name": "Cardiomyopathy",
  "title": "Cardiomyopathy",
  "status": "active",
  "compose": {
    "include": [ {
      "system": "http://hl7.org/fhir/sid/icd-10-cm",
      "concept": [ {
        "code": "I420",
        "display": "Dilated cardiomyopathy"
      }, {
        "code": "I421",
        "display": "Obstructive hypertrophic cardiomyopathy"
      }, {
        "code": "I422",
        "display": "Other hypertrophic cardiomyopathy"
      }, {
        "code": "I423",
        "display": "Endomyocardial (eosinophilic) disease"
      }, {
        "code": "I424",
        "display": "Endocardial fibroelastosis"
      }, {
        "code": "I425",
        "display": "Other restrictive cardiomyopathy"
      }, {
        "code": "I426",
        "display": "Alcoholic cardiomyopathy"
      }, {
        "code": "I427",
        "display": "Cardiomyopathy due to drug and external agent"
      }, {
        "code": "I428",
        "display": "Other cardiomyopathies"
      }, {
        "code": "I429",
        "display": "Cardiomyopathy, unspecified"
      } ]
    } ]
  }
}