{
  "resourceType": "ValueSet",
  "id": "R01",
  "url": "http://hl7.org/fhir/sid/icd-10-cm-1291",
  "version": "1.0",
  "name": "Cardiac murmurs and other cardiac sounds",
  "title": "Cardiac murmurs and other cardiac sounds",
  "status": "active",
  "compose": {
    "include": [ {
      "system": "http://hl7.org/fhir/sid/icd-10-cm",
      "concept": [ {
        "code": "R010",
        "display": "Benign and innocent cardiac murmurs"
      }, {
        "code": "R011",
        "display": "Cardiac murmur, unspecified"
      }, {
        "code": "R012",
        "display": "Other cardiac sounds"
      } ]
    } ]
  }
}