{
  "resourceType": "ValueSet",
  "id": "P29",
  "url": "http://hl7.org/fhir/sid/icd-10-cm-1167",
  "version": "1.0",
  "name": "Cardiovascular disorders originating in the perinatal period",
  "title": "Cardiovascular disorders originating in the perinatal period",
  "status": "active",
  "compose": {
    "include": [ {
      "system": "http://hl7.org/fhir/sid/icd-10-cm",
      "concept": [ {
        "code": "P290",
        "display": "Neonatal cardiac failure"
      }, {
        "code": "P291",
        "display": "Neonatal cardiac dysrhythmia"
      }, {
        "code": "P2911",
        "display": "Neonatal tachycardia"
      }, {
        "code": "P2912",
        "display": "Neonatal bradycardia"
      }, {
        "code": "P292",
        "display": "Neonatal hypertension"
      }, {
        "code": "P293",
        "display": "Persistent fetal circulation"
      }, {
        "code": "P2930",
        "display": "Pulmonary hypertension of newborn"
      }, {
        "code": "P2938",
        "display": "Other persistent fetal circulation"
      }, {
        "code": "P294",
        "display": "Transient myocardial ischemia in newborn"
      }, {
        "code": "P298",
        "display": "Oth cardiovasc disorders originating in the perinatal period"
      }, {
        "code": "P2981",
        "display": "Cardiac arrest of newborn"
      }, {
        "code": "P2989",
        "display": "Oth cardiovasc disorders originating in the perinatal period"
      }, {
        "code": "P299",
        "display": "Cardiovasc disorder origin in the perinatal period, unsp"
      } ]
    } ]
  }
}