{
  "resourceType": "ValueSet",
  "id": "Z22",
  "url": "http://hl7.org/fhir/sid/icd-10-cm-1841",
  "version": "1.0",
  "name": "Carrier of infectious disease",
  "title": "Carrier of infectious disease",
  "status": "active",
  "compose": {
    "include": [ {
      "system": "http://hl7.org/fhir/sid/icd-10-cm",
      "concept": [ {
        "code": "Z220",
        "display": "Carrier of typhoid"
      }, {
        "code": "Z221",
        "display": "Carrier of other intestinal infectious diseases"
      }, {
        "code": "Z222",
        "display": "Carrier of diphtheria"
      }, {
        "code": "Z223",
        "display": "Carrier of other specified bacterial diseases"
      }, {
        "code": "Z2231",
        "display": "Carrier of bacterial disease due to meningococci"
      }, {
        "code": "Z2232",
        "display": "Carrier of bacterial disease due to staphylococci"
      }, {
        "code": "Z22321",
        "display": "Carrier or suspected carrier of methicillin suscep staph"
      }, {
        "code": "Z22322",
        "display": "Carrier or suspected carrier of methicillin resis staph"
      }, {
        "code": "Z2233",
        "display": "Carrier of bacterial disease due to streptococci"
      }, {
        "code": "Z22330",
        "display": "Carrier of Group B streptococcus"
      }, {
        "code": "Z22338",
        "display": "Carrier of other streptococcus"
      }, {
        "code": "Z2239",
        "display": "Carrier of other specified bacterial diseases"
      }, {
        "code": "Z224",
        "display": "Carrier of infections w sexl mode of transmiss"
      }, {
        "code": "Z226",
        "display": "Carrier of human T-lymphotropic virus type-1 infection"
      }, {
        "code": "Z227",
        "display": "Latent tuberculosis"
      }, {
        "code": "Z228",
        "display": "Carrier of other infectious diseases"
      }, {
        "code": "Z229",
        "display": "Carrier of infectious disease, unspecified"
      } ]
    } ]
  }
}