{
  "resourceType": "ValueSet",
  "id": "X37",
  "url": "http://hl7.org/fhir/sid/icd-10-cm-1744",
  "version": "1.0",
  "name": "Cataclysmic storm",
  "title": "Cataclysmic storm",
  "status": "active",
  "compose": {
    "include": [ {
      "system": "http://hl7.org/fhir/sid/icd-10-cm",
      "concept": [ {
        "code": "X370",
        "display": "Hurricane"
      }, {
        "code": "X370XXA",
        "display": "Hurricane, initial encounter"
      }, {
        "code": "X370XXD",
        "display": "Hurricane, subsequent encounter"
      }, {
        "code": "X370XXS",
        "display": "Hurricane, sequela"
      }, {
        "code": "X371",
        "display": "Tornado"
      }, {
        "code": "X371XXA",
        "display": "Tornado, initial encounter"
      }, {
        "code": "X371XXD",
        "display": "Tornado, subsequent encounter"
      }, {
        "code": "X371XXS",
        "display": "Tornado, sequela"
      }, {
        "code": "X372",
        "display": "Blizzard (snow)(ice)"
      }, {
        "code": "X372XXA",
        "display": "Blizzard (snow)(ice), initial encounter"
      }, {
        "code": "X372XXD",
        "display": "Blizzard (snow)(ice), subsequent encounter"
      }, {
        "code": "X372XXS",
        "display": "Blizzard (snow)(ice), sequela"
      }, {
        "code": "X373",
        "display": "Dust storm"
      }, {
        "code": "X373XXA",
        "display": "Dust storm, initial encounter"
      }, {
        "code": "X373XXD",
        "display": "Dust storm, subsequent encounter"
      }, {
        "code": "X373XXS",
        "display": "Dust storm, sequela"
      }, {
        "code": "X374",
        "display": "Tidalwave"
      }, {
        "code": "X3741",
        "display": "Tidal wave due to earthquake or volcanic eruption"
      }, {
        "code": "X3741XA",
        "display": "Tidal wave due to earthquake or volcanic eruption, init"
      }, {
        "code": "X3741XD",
        "display": "Tidal wave due to earthquake or volcanic eruption, subs"
      }, {
        "code": "X3741XS",
        "display": "Tidal wave due to earthquake or volcanic eruption, sequela"
      }, {
        "code": "X3742",
        "display": "Tidal wave due to storm"
      }, {
        "code": "X3742XA",
        "display": "Tidal wave due to storm, initial encounter"
      }, {
        "code": "X3742XD",
        "display": "Tidal wave due to storm, subsequent encounter"
      }, {
        "code": "X3742XS",
        "display": "Tidal wave due to storm, sequela"
      }, {
        "code": "X3743",
        "display": "Tidal wave due to landslide"
      }, {
        "code": "X3743XA",
        "display": "Tidal wave due to landslide, initial encounter"
      }, {
        "code": "X3743XD",
        "display": "Tidal wave due to landslide, subsequent encounter"
      }, {
        "code": "X3743XS",
        "display": "Tidal wave due to landslide, sequela"
      }, {
        "code": "X378",
        "display": "Other cataclysmic storms"
      }, {
        "code": "X378XXA",
        "display": "Other cataclysmic storms, initial encounter"
      }, {
        "code": "X378XXD",
        "display": "Other cataclysmic storms, subsequent encounter"
      }, {
        "code": "X378XXS",
        "display": "Other cataclysmic storms, sequela"
      }, {
        "code": "X379",
        "display": "Unspecified cataclysmic storm"
      }, {
        "code": "X379XXA",
        "display": "Unspecified cataclysmic storm, initial encounter"
      }, {
        "code": "X379XXD",
        "display": "Unspecified cataclysmic storm, subsequent encounter"
      }, {
        "code": "X379XXS",
        "display": "Unspecified cataclysmic storm, sequela"
      } ]
    } ]
  }
}