{
  "resourceType": "ValueSet",
  "id": "W23",
  "url": "http://hl7.org/fhir/sid/icd-10-cm-1670",
  "version": "1.0",
  "name": "Caught, crushed, jammed or pinched in or between objects",
  "title": "Caught, crushed, jammed or pinched in or between objects",
  "status": "active",
  "compose": {
    "include": [ {
      "system": "http://hl7.org/fhir/sid/icd-10-cm",
      "concept": [ {
        "code": "W230",
        "display": "Caught, crushed, jammed, or pinched between moving objects"
      }, {
        "code": "W230XXA",
        "display": "Caught, crush, jammed, or pinched betw moving objects, init"
      }, {
        "code": "W230XXD",
        "display": "Caught, crush, jammed, or pinched betw moving objects, subs"
      }, {
        "code": "W230XXS",
        "display": "Caught, crush, jammed, or pinched betw moving obj, sequela"
      }, {
        "code": "W231",
        "display": "Caught, crushed, jammed, or pinched betw stationary objects"
      }, {
        "code": "W231XXA",
        "display": "Caught, crush, jammed, or pinched betw stationry obj, init"
      }, {
        "code": "W231XXD",
        "display": "Caught, crush, jammed, or pinched betw stationry obj, subs"
      }, {
        "code": "W231XXS",
        "display": "Caught, crush, jammed, or pinched betw stationry obj, sqla"
      } ]
    } ]
  }
}