{
  "resourceType": "ValueSet",
  "id": "L03",
  "url": "http://hl7.org/fhir/sid/icd-10-cm-837",
  "version": "1.0",
  "name": "Cellulitis and acute lymphangitis",
  "title": "Cellulitis and acute lymphangitis",
  "status": "active",
  "compose": {
    "include": [ {
      "system": "http://hl7.org/fhir/sid/icd-10-cm",
      "concept": [ {
        "code": "L030",
        "display": "Cellulitis and acute lymphangitis of finger and toe"
      }, {
        "code": "L0301",
        "display": "Cellulitis of finger"
      }, {
        "code": "L03011",
        "display": "Cellulitis of right finger"
      }, {
        "code": "L03012",
        "display": "Cellulitis of left finger"
      }, {
        "code": "L03019",
        "display": "Cellulitis of unspecified finger"
      }, {
        "code": "L0302",
        "display": "Acute lymphangitis of finger"
      }, {
        "code": "L03021",
        "display": "Acute lymphangitis of right finger"
      }, {
        "code": "L03022",
        "display": "Acute lymphangitis of left finger"
      }, {
        "code": "L03029",
        "display": "Acute lymphangitis of unspecified finger"
      }, {
        "code": "L0303",
        "display": "Cellulitis of toe"
      }, {
        "code": "L03031",
        "display": "Cellulitis of right toe"
      }, {
        "code": "L03032",
        "display": "Cellulitis of left toe"
      }, {
        "code": "L03039",
        "display": "Cellulitis of unspecified toe"
      }, {
        "code": "L0304",
        "display": "Acute lymphangitis of toe"
      }, {
        "code": "L03041",
        "display": "Acute lymphangitis of right toe"
      }, {
        "code": "L03042",
        "display": "Acute lymphangitis of left toe"
      }, {
        "code": "L03049",
        "display": "Acute lymphangitis of unspecified toe"
      }, {
        "code": "L031",
        "display": "Cellulitis and acute lymphangitis of other parts of limb"
      }, {
        "code": "L0311",
        "display": "Cellulitis of other parts of limb"
      }, {
        "code": "L03111",
        "display": "Cellulitis of right axilla"
      }, {
        "code": "L03112",
        "display": "Cellulitis of left axilla"
      }, {
        "code": "L03113",
        "display": "Cellulitis of right upper limb"
      }, {
        "code": "L03114",
        "display": "Cellulitis of left upper limb"
      }, {
        "code": "L03115",
        "display": "Cellulitis of right lower limb"
      }, {
        "code": "L03116",
        "display": "Cellulitis of left lower limb"
      }, {
        "code": "L03119",
        "display": "Cellulitis of unspecified part of limb"
      }, {
        "code": "L0312",
        "display": "Acute lymphangitis of other parts of limb"
      }, {
        "code": "L03121",
        "display": "Acute lymphangitis of right axilla"
      }, {
        "code": "L03122",
        "display": "Acute lymphangitis of left axilla"
      }, {
        "code": "L03123",
        "display": "Acute lymphangitis of right upper limb"
      }, {
        "code": "L03124",
        "display": "Acute lymphangitis of left upper limb"
      }, {
        "code": "L03125",
        "display": "Acute lymphangitis of right lower limb"
      }, {
        "code": "L03126",
        "display": "Acute lymphangitis of left lower limb"
      }, {
        "code": "L03129",
        "display": "Acute lymphangitis of unspecified part of limb"
      }, {
        "code": "L032",
        "display": "Cellulitis and acute lymphangitis of face and neck"
      }, {
        "code": "L0321",
        "display": "Cellulitis and acute lymphangitis of face"
      }, {
        "code": "L03211",
        "display": "Cellulitis of face"
      }, {
        "code": "L03212",
        "display": "Acute lymphangitis of face"
      }, {
        "code": "L03213",
        "display": "Periorbital cellulitis"
      }, {
        "code": "L0322",
        "display": "Cellulitis and acute lymphangitis of neck"
      }, {
        "code": "L03221",
        "display": "Cellulitis of neck"
      }, {
        "code": "L03222",
        "display": "Acute lymphangitis of neck"
      }, {
        "code": "L033",
        "display": "Cellulitis and acute lymphangitis of trunk"
      }, {
        "code": "L0331",
        "display": "Cellulitis of trunk"
      }, {
        "code": "L03311",
        "display": "Cellulitis of abdominal wall"
      }, {
        "code": "L03312",
        "display": "Cellulitis of back [any part except buttock]"
      }, {
        "code": "L03313",
        "display": "Cellulitis of chest wall"
      }, {
        "code": "L03314",
        "display": "Cellulitis of groin"
      }, {
        "code": "L03315",
        "display": "Cellulitis of perineum"
      }, {
        "code": "L03316",
        "display": "Cellulitis of umbilicus"
      }, {
        "code": "L03317",
        "display": "Cellulitis of buttock"
      }, {
        "code": "L03319",
        "display": "Cellulitis of trunk, unspecified"
      }, {
        "code": "L0332",
        "display": "Acute lymphangitis of trunk"
      }, {
        "code": "L03321",
        "display": "Acute lymphangitis of abdominal wall"
      }, {
        "code": "L03322",
        "display": "Acute lymphangitis of back [any part except buttock]"
      }, {
        "code": "L03323",
        "display": "Acute lymphangitis of chest wall"
      }, {
        "code": "L03324",
        "display": "Acute lymphangitis of groin"
      }, {
        "code": "L03325",
        "display": "Acute lymphangitis of perineum"
      }, {
        "code": "L03326",
        "display": "Acute lymphangitis of umbilicus"
      }, {
        "code": "L03327",
        "display": "Acute lymphangitis of buttock"
      }, {
        "code": "L03329",
        "display": "Acute lymphangitis of trunk, unspecified"
      }, {
        "code": "L038",
        "display": "Cellulitis and acute lymphangitis of other sites"
      }, {
        "code": "L0381",
        "display": "Cellulitis of other sites"
      }, {
        "code": "L03811",
        "display": "Cellulitis of head [any part, except face]"
      }, {
        "code": "L03818",
        "display": "Cellulitis of other sites"
      }, {
        "code": "L0389",
        "display": "Acute lymphangitis of other sites"
      }, {
        "code": "L03891",
        "display": "Acute lymphangitis of head [any part, except face]"
      }, {
        "code": "L03898",
        "display": "Acute lymphangitis of other sites"
      }, {
        "code": "L039",
        "display": "Cellulitis and acute lymphangitis, unspecified"
      }, {
        "code": "L0390",
        "display": "Cellulitis, unspecified"
      }, {
        "code": "L0391",
        "display": "Acute lymphangitis, unspecified"
      } ]
    } ]
  }
}