{
  "resourceType": "ValueSet",
  "id": "I63",
  "url": "http://hl7.org/fhir/sid/icd-10-cm-670",
  "version": "1.0",
  "name": "Cerebral infarction",
  "title": "Cerebral infarction",
  "status": "active",
  "compose": {
    "include": [ {
      "system": "http://hl7.org/fhir/sid/icd-10-cm",
      "concept": [ {
        "code": "I630",
        "display": "Cerebral infarction due to thrombosis of precerb arteries"
      }, {
        "code": "I6300",
        "display": "Cerebral infarction due to thombos unsp precerebral artery"
      }, {
        "code": "I6301",
        "display": "Cerebral infarction due to thrombosis of vertebral artery"
      }, {
        "code": "I63011",
        "display": "Cerebral infarction due to thrombosis of r verteb art"
      }, {
        "code": "I63012",
        "display": "Cerebral infarction due to thrombosis of l verteb art"
      }, {
        "code": "I63013",
        "display": "Cerebral infrc due to thrombosis of bilateral verteb art"
      }, {
        "code": "I63019",
        "display": "Cerebral infarction due to thombos unsp vertebral artery"
      }, {
        "code": "I6302",
        "display": "Cerebral infarction due to thrombosis of basilar artery"
      }, {
        "code": "I6303",
        "display": "Cerebral infarction due to thrombosis of carotid artery"
      }, {
        "code": "I63031",
        "display": "Cerebral infrc due to thrombosis of right carotid artery"
      }, {
        "code": "I63032",
        "display": "Cerebral infarction due to thrombosis of left carotid artery"
      }, {
        "code": "I63033",
        "display": "Cerebral infrc due to thombos of bilateral carotid arteries"
      }, {
        "code": "I63039",
        "display": "Cerebral infarction due to thrombosis of unsp carotid artery"
      }, {
        "code": "I6309",
        "display": "Cerebral infarction due to thrombosis of precerebral artery"
      }, {
        "code": "I631",
        "display": "Cerebral infarction due to embolism of precerebral arteries"
      }, {
        "code": "I6310",
        "display": "Cerebral infarction due to embolism of unsp precerb artery"
      }, {
        "code": "I6311",
        "display": "Cerebral infarction due to embolism of vertebral artery"
      }, {
        "code": "I63111",
        "display": "Cerebral infarction due to embolism of r verteb art"
      }, {
        "code": "I63112",
        "display": "Cerebral infarction due to embolism of left vertebral artery"
      }, {
        "code": "I63113",
        "display": "Cerebral infarction due to embolism of bilateral verteb art"
      }, {
        "code": "I63119",
        "display": "Cerebral infarction due to embolism of unsp vertebral artery"
      }, {
        "code": "I6312",
        "display": "Cerebral infarction due to embolism of basilar artery"
      }, {
        "code": "I6313",
        "display": "Cerebral infarction due to embolism of carotid artery"
      }, {
        "code": "I63131",
        "display": "Cerebral infarction due to embolism of right carotid artery"
      }, {
        "code": "I63132",
        "display": "Cerebral infarction due to embolism of left carotid artery"
      }, {
        "code": "I63133",
        "display": "Cerebral infrc due to embolism of bilateral carotid arteries"
      }, {
        "code": "I63139",
        "display": "Cerebral infarction due to embolism of unsp carotid artery"
      }, {
        "code": "I6319",
        "display": "Cerebral infarction due to embolism of precerebral artery"
      }, {
        "code": "I632",
        "display": "Cerebral infrc due to unsp occls or stenosis of precerb art"
      }, {
        "code": "I6320",
        "display": "Cereb infrc due to unsp occls or stenos of unsp precerb art"
      }, {
        "code": "I6321",
        "display": "Cerebral infrc due to unsp occls or stenosis of verteb art"
      }, {
        "code": "I63211",
        "display": "Cerebral infrc due to unsp occls or stenosis of r verteb art"
      }, {
        "code": "I63212",
        "display": "Cerebral infrc due to unsp occls or stenosis of l verteb art"
      }, {
        "code": "I63213",
        "display": "Cereb infrc due to unsp occls or stenosis of bi verteb art"
      }, {
        "code": "I63219",
        "display": "Cereb infrc due to unsp occls or stenosis of unsp verteb art"
      }, {
        "code": "I6322",
        "display": "Cereb infrc due to unsp occls or stenosis of basilar artery"
      }, {
        "code": "I6323",
        "display": "Cerebral infrc due to unsp occls or stenosis of carotid art"
      }, {
        "code": "I63231",
        "display": "Cereb infrc due to unsp occls or stenos of right carotid art"
      }, {
        "code": "I63232",
        "display": "Cereb infrc due to unsp occls or stenos of left carotid art"
      }, {
        "code": "I63233",
        "display": "Cereb infrc due to unsp occls or stenosis of bi carotid art"
      }, {
        "code": "I63239",
        "display": "Cereb infrc due to unsp occls or stenos of unsp crtd artery"
      }, {
        "code": "I6329",
        "display": "Cerebral infrc due to unsp occls or stenosis of precerb art"
      }, {
        "code": "I633",
        "display": "Cerebral infarction due to thrombosis of cerebral arteries"
      }, {
        "code": "I6330",
        "display": "Cerebral infarction due to thombos unsp cerebral artery"
      }, {
        "code": "I6331",
        "display": "Cerebral infrc due to thrombosis of middle cerebral artery"
      }, {
        "code": "I63311",
        "display": "Cereb infrc due to thombos of right middle cerebral artery"
      }, {
        "code": "I63312",
        "display": "Cerebral infrc due to thombos of left middle cerebral artery"
      }, {
        "code": "I63313",
        "display": "Cerebral infrc due to thombos of bi middle cerebral arteries"
      }, {
        "code": "I63319",
        "display": "Cerebral infrc due to thombos unsp middle cerebral artery"
      }, {
        "code": "I6332",
        "display": "Cerebral infrc due to thrombosis of anterior cerebral artery"
      }, {
        "code": "I63321",
        "display": "Cerebral infrc due to thombos of right ant cerebral artery"
      }, {
        "code": "I63322",
        "display": "Cerebral infrc due to thombos of left ant cerebral artery"
      }, {
        "code": "I63323",
        "display": "Cerebral infrc due to thombos of bi ant cerebral arteries"
      }, {
        "code": "I63329",
        "display": "Cerebral infrc due to thombos unsp anterior cerebral artery"
      }, {
        "code": "I6333",
        "display": "Cerebral infrc due to thombos of posterior cerebral artery"
      }, {
        "code": "I63331",
        "display": "Cerebral infrc due to thombos of right post cerebral artery"
      }, {
        "code": "I63332",
        "display": "Cerebral infrc due to thombos of left post cerebral artery"
      }, {
        "code": "I63333",
        "display": "Cerebral infrc due to thombos of bi post cerebral arteries"
      }, {
        "code": "I63339",
        "display": "Cerebral infrc due to thombos unsp posterior cerebral artery"
      }, {
        "code": "I6334",
        "display": "Cerebral infarction due to thrombosis of cerebellar artery"
      }, {
        "code": "I63341",
        "display": "Cerebral infrc due to thrombosis of right cereblr artery"
      }, {
        "code": "I63342",
        "display": "Cerebral infarction due to thrombosis of left cereblr artery"
      }, {
        "code": "I63343",
        "display": "Cerebral infrc due to thombos of bilateral cereblr arteries"
      }, {
        "code": "I63349",
        "display": "Cerebral infarction due to thombos unsp cerebellar artery"
      }, {
        "code": "I6339",
        "display": "Cerebral infarction due to thrombosis of oth cerebral artery"
      }, {
        "code": "I634",
        "display": "Cerebral infarction due to embolism of cerebral arteries"
      }, {
        "code": "I6340",
        "display": "Cerebral infarction due to embolism of unsp cerebral artery"
      }, {
        "code": "I6341",
        "display": "Cerebral infrc due to embolism of middle cerebral artery"
      }, {
        "code": "I63411",
        "display": "Cereb infrc due to embolism of right middle cerebral artery"
      }, {
        "code": "I63412",
        "display": "Cereb infrc due to embolism of left middle cerebral artery"
      }, {
        "code": "I63413",
        "display": "Cerebral infrc due to embolism of bi middle cerebral art"
      }, {
        "code": "I63419",
        "display": "Cereb infrc due to embolism of unsp middle cerebral artery"
      }, {
        "code": "I6342",
        "display": "Cerebral infrc due to embolism of anterior cerebral artery"
      }, {
        "code": "I63421",
        "display": "Cerebral infrc due to embolism of right ant cerebral artery"
      }, {
        "code": "I63422",
        "display": "Cerebral infrc due to embolism of left ant cerebral artery"
      }, {
        "code": "I63423",
        "display": "Cerebral infrc due to embolism of bi ant cerebral arteries"
      }, {
        "code": "I63429",
        "display": "Cerebral infrc due to embolism of unsp ant cerebral artery"
      }, {
        "code": "I6343",
        "display": "Cerebral infrc due to embolism of posterior cerebral artery"
      }, {
        "code": "I63431",
        "display": "Cerebral infrc due to embolism of right post cerebral artery"
      }, {
        "code": "I63432",
        "display": "Cerebral infrc due to embolism of left post cerebral artery"
      }, {
        "code": "I63433",
        "display": "Cerebral infrc due to embolism of bi post cerebral arteries"
      }, {
        "code": "I63439",
        "display": "Cerebral infrc due to embolism of unsp post cerebral artery"
      }, {
        "code": "I6344",
        "display": "Cerebral infarction due to embolism of cerebellar artery"
      }, {
        "code": "I63441",
        "display": "Cerebral infarction due to embolism of right cereblr artery"
      }, {
        "code": "I63442",
        "display": "Cerebral infarction due to embolism of left cereblr artery"
      }, {
        "code": "I63443",
        "display": "Cerebral infrc due to embolism of bilateral cereblr arteries"
      }, {
        "code": "I63449",
        "display": "Cerebral infarction due to embolism of unsp cereblr artery"
      }, {
        "code": "I6349",
        "display": "Cerebral infarction due to embolism of other cerebral artery"
      }, {
        "code": "I635",
        "display": "Cerebral infrc due to unsp occls or stenosis of cerebral art"
      }, {
        "code": "I6350",
        "display": "Cereb infrc due to unsp occls or stenos of unsp cereb artery"
      }, {
        "code": "I6351",
        "display": "Cereb infrc due to unsp occls or stenos of middle cereb art"
      }, {
        "code": "I63511",
        "display": "Cereb infrc d/t unsp occls or stenos of right mid cereb art"
      }, {
        "code": "I63512",
        "display": "Cereb infrc d/t unsp occls or stenos of left mid cereb art"
      }, {
        "code": "I63513",
        "display": "Cereb infrc d/t unsp occls or stenos of bi middle cereb art"
      }, {
        "code": "I63519",
        "display": "Cereb infrc d/t unsp occls or stenos of unsp mid cereb art"
      }, {
        "code": "I6352",
        "display": "Cereb infrc due to unsp occls or stenos of ant cereb artery"
      }, {
        "code": "I63521",
        "display": "Cereb infrc d/t unsp occls or stenos of right ant cereb art"
      }, {
        "code": "I63522",
        "display": "Cereb infrc d/t unsp occls or stenos of left ant cereb art"
      }, {
        "code": "I63523",
        "display": "Cereb infrc due to unsp occls or stenos of bi ant cereb art"
      }, {
        "code": "I63529",
        "display": "Cereb infrc d/t unsp occls or stenos of unsp ant cereb art"
      }, {
        "code": "I6353",
        "display": "Cereb infrc due to unsp occls or stenos of post cereb artery"
      }, {
        "code": "I63531",
        "display": "Cereb infrc d/t unsp occls or stenos of right post cereb art"
      }, {
        "code": "I63532",
        "display": "Cereb infrc d/t unsp occls or stenos of left post cereb art"
      }, {
        "code": "I63533",
        "display": "Cereb infrc due to unsp occls or stenos of bi post cereb art"
      }, {
        "code": "I63539",
        "display": "Cereb infrc d/t unsp occls or stenos of unsp post cereb art"
      }, {
        "code": "I6354",
        "display": "Cereb infrc due to unsp occls or stenosis of cereblr artery"
      }, {
        "code": "I63541",
        "display": "Cereb infrc due to unsp occls or stenos of right cereblr art"
      }, {
        "code": "I63542",
        "display": "Cereb infrc due to unsp occls or stenos of left cereblr art"
      }, {
        "code": "I63543",
        "display": "Cereb infrc due to unsp occls or stenosis of bi cereblr art"
      }, {
        "code": "I63549",
        "display": "Cereb infrc due to unsp occls or stenos of unsp cereblr art"
      }, {
        "code": "I6359",
        "display": "Cereb infrc due to unsp occls or stenosis of cerebral artery"
      }, {
        "code": "I636",
        "display": "Cerebral infrc due to cerebral venous thombos, nonpyogenic"
      }, {
        "code": "I638",
        "display": "Other cerebral infarction"
      }, {
        "code": "I6381",
        "display": "Other cereb infrc due to occls or stenosis of small artery"
      }, {
        "code": "I6389",
        "display": "Other cerebral infarction"
      }, {
        "code": "I639",
        "display": "Cerebral infarction, unspecified"
      } ]
    } ]
  }
}