{
  "resourceType": "ValueSet",
  "id": "G80",
  "url": "http://hl7.org/fhir/sid/icd-10-cm-542",
  "version": "1.0",
  "name": "Cerebral palsy",
  "title": "Cerebral palsy",
  "status": "active",
  "compose": {
    "include": [ {
      "system": "http://hl7.org/fhir/sid/icd-10-cm",
      "concept": [ {
        "code": "G800",
        "display": "Spastic quadriplegic cerebral palsy"
      }, {
        "code": "G801",
        "display": "Spastic diplegic cerebral palsy"
      }, {
        "code": "G802",
        "display": "Spastic hemiplegic cerebral palsy"
      }, {
        "code": "G803",
        "display": "Athetoid cerebral palsy"
      }, {
        "code": "G804",
        "display": "Ataxic cerebral palsy"
      }, {
        "code": "G808",
        "display": "Other cerebral palsy"
      }, {
        "code": "G809",
        "display": "Cerebral palsy, unspecified"
      } ]
    } ]
  }
}