{
  "resourceType": "ValueSet",
  "id": "I68",
  "url": "http://hl7.org/fhir/sid/icd-10-cm-674",
  "version": "1.0",
  "name": "Cerebrovascular disorders in diseases classified elsewhere",
  "title": "Cerebrovascular disorders in diseases classified elsewhere",
  "status": "active",
  "compose": {
    "include": [ {
      "system": "http://hl7.org/fhir/sid/icd-10-cm",
      "concept": [ {
        "code": "I680",
        "display": "Cerebral amyloid angiopathy"
      }, {
        "code": "I682",
        "display": "Cerebral arteritis in other diseases classified elsewhere"
      }, {
        "code": "I688",
        "display": "Oth cerebrovascular disorders in diseases classd elswhr"
      } ]
    } ]
  }
}