{
  "resourceType": "ValueSet",
  "id": "T79",
  "url": "http://hl7.org/fhir/sid/icd-10-cm-1540",
  "version": "1.0",
  "name": "Certain early complications of trauma, NEC",
  "title": "Certain early complications of trauma, not elsewhere classified",
  "status": "active",
  "compose": {
    "include": [ {
      "system": "http://hl7.org/fhir/sid/icd-10-cm",
      "concept": [ {
        "code": "T790",
        "display": "Air embolism (traumatic)"
      }, {
        "code": "T790XXA",
        "display": "Air embolism (traumatic), initial encounter"
      }, {
        "code": "T790XXD",
        "display": "Air embolism (traumatic), subsequent encounter"
      }, {
        "code": "T790XXS",
        "display": "Air embolism (traumatic), sequela"
      }, {
        "code": "T791",
        "display": "Fat embolism (traumatic)"
      }, {
        "code": "T791XXA",
        "display": "Fat embolism (traumatic), initial encounter"
      }, {
        "code": "T791XXD",
        "display": "Fat embolism (traumatic), subsequent encounter"
      }, {
        "code": "T791XXS",
        "display": "Fat embolism (traumatic), sequela"
      }, {
        "code": "T792",
        "display": "Traumatic secondary and recurrent hemorrhage and seroma"
      }, {
        "code": "T792XXA",
        "display": "Traumatic secondary and recurrent hemor and seroma, init"
      }, {
        "code": "T792XXD",
        "display": "Traumatic secondary and recurrent hemor and seroma, subs"
      }, {
        "code": "T792XXS",
        "display": "Traumatic secondary and recurrent hemor and seroma, sequela"
      }, {
        "code": "T794",
        "display": "Traumatic shock"
      }, {
        "code": "T794XXA",
        "display": "Traumatic shock, initial encounter"
      }, {
        "code": "T794XXD",
        "display": "Traumatic shock, subsequent encounter"
      }, {
        "code": "T794XXS",
        "display": "Traumatic shock, sequela"
      }, {
        "code": "T795",
        "display": "Traumatic anuria"
      }, {
        "code": "T795XXA",
        "display": "Traumatic anuria, initial encounter"
      }, {
        "code": "T795XXD",
        "display": "Traumatic anuria, subsequent encounter"
      }, {
        "code": "T795XXS",
        "display": "Traumatic anuria, sequela"
      }, {
        "code": "T796",
        "display": "Traumatic ischemia of muscle"
      }, {
        "code": "T796XXA",
        "display": "Traumatic ischemia of muscle, initial encounter"
      }, {
        "code": "T796XXD",
        "display": "Traumatic ischemia of muscle, subsequent encounter"
      }, {
        "code": "T796XXS",
        "display": "Traumatic ischemia of muscle, sequela"
      }, {
        "code": "T797",
        "display": "Traumatic subcutaneous emphysema"
      }, {
        "code": "T797XXA",
        "display": "Traumatic subcutaneous emphysema, initial encounter"
      }, {
        "code": "T797XXD",
        "display": "Traumatic subcutaneous emphysema, subsequent encounter"
      }, {
        "code": "T797XXS",
        "display": "Traumatic subcutaneous emphysema, sequela"
      }, {
        "code": "T79A",
        "display": "Traumatic compartment syndrome"
      }, {
        "code": "T79A0",
        "display": "Compartment syndrome, unspecified"
      }, {
        "code": "T79A0XA",
        "display": "Compartment syndrome, unspecified, initial encounter"
      }, {
        "code": "T79A0XD",
        "display": "Compartment syndrome, unspecified, subsequent encounter"
      }, {
        "code": "T79A0XS",
        "display": "Compartment syndrome, unspecified, sequela"
      }, {
        "code": "T79A1",
        "display": "Traumatic compartment syndrome of upper extremity"
      }, {
        "code": "T79A11",
        "display": "Traumatic compartment syndrome of right upper extremity"
      }, {
        "code": "T79A11A",
        "display": "Traumatic compartment syndrome of r up extrem, init"
      }, {
        "code": "T79A11D",
        "display": "Traumatic compartment syndrome of r up extrem, subs"
      }, {
        "code": "T79A11S",
        "display": "Traumatic compartment syndrome of r up extrem, sequela"
      }, {
        "code": "T79A12",
        "display": "Traumatic compartment syndrome of left upper extremity"
      }, {
        "code": "T79A12A",
        "display": "Traumatic compartment syndrome of left upper extremity, init"
      }, {
        "code": "T79A12D",
        "display": "Traumatic compartment syndrome of left upper extremity, subs"
      }, {
        "code": "T79A12S",
        "display": "Traumatic compartment syndrome of l up extrem, sequela"
      }, {
        "code": "T79A19",
        "display": "Traumatic compartment syndrome of unsp upper extremity"
      }, {
        "code": "T79A19A",
        "display": "Traumatic compartment syndrome of unsp upper extremity, init"
      }, {
        "code": "T79A19D",
        "display": "Traumatic compartment syndrome of unsp upper extremity, subs"
      }, {
        "code": "T79A19S",
        "display": "Traumatic compartment syndrome of unsp up extrem, sequela"
      }, {
        "code": "T79A2",
        "display": "Traumatic compartment syndrome of lower extremity"
      }, {
        "code": "T79A21",
        "display": "Traumatic compartment syndrome of right lower extremity"
      }, {
        "code": "T79A21A",
        "display": "Traumatic compartment syndrome of r low extrem, init"
      }, {
        "code": "T79A21D",
        "display": "Traumatic compartment syndrome of r low extrem, subs"
      }, {
        "code": "T79A21S",
        "display": "Traumatic compartment syndrome of r low extrem, sequela"
      }, {
        "code": "T79A22",
        "display": "Traumatic compartment syndrome of left lower extremity"
      }, {
        "code": "T79A22A",
        "display": "Traumatic compartment syndrome of left lower extremity, init"
      }, {
        "code": "T79A22D",
        "display": "Traumatic compartment syndrome of left lower extremity, subs"
      }, {
        "code": "T79A22S",
        "display": "Traumatic compartment syndrome of l low extrem, sequela"
      }, {
        "code": "T79A29",
        "display": "Traumatic compartment syndrome of unsp lower extremity"
      }, {
        "code": "T79A29A",
        "display": "Traumatic compartment syndrome of unsp lower extremity, init"
      }, {
        "code": "T79A29D",
        "display": "Traumatic compartment syndrome of unsp lower extremity, subs"
      }, {
        "code": "T79A29S",
        "display": "Traumatic compartment syndrome of unsp low extrm, sequela"
      }, {
        "code": "T79A3",
        "display": "Traumatic compartment syndrome of abdomen"
      }, {
        "code": "T79A3XA",
        "display": "Traumatic compartment syndrome of abdomen, initial encounter"
      }, {
        "code": "T79A3XD",
        "display": "Traumatic compartment syndrome of abdomen, subs encntr"
      }, {
        "code": "T79A3XS",
        "display": "Traumatic compartment syndrome of abdomen, sequela"
      }, {
        "code": "T79A9",
        "display": "Traumatic compartment syndrome of other sites"
      }, {
        "code": "T79A9XA",
        "display": "Traumatic compartment syndrome of other sites, init encntr"
      }, {
        "code": "T79A9XD",
        "display": "Traumatic compartment syndrome of other sites, subs encntr"
      }, {
        "code": "T79A9XS",
        "display": "Traumatic compartment syndrome of other sites, sequela"
      }, {
        "code": "T798",
        "display": "Other early complications of trauma"
      }, {
        "code": "T798XXA",
        "display": "Other early complications of trauma, initial encounter"
      }, {
        "code": "T798XXD",
        "display": "Other early complications of trauma, subsequent encounter"
      }, {
        "code": "T798XXS",
        "display": "Other early complications of trauma, sequela"
      }, {
        "code": "T799",
        "display": "Unspecified early complication of trauma"
      }, {
        "code": "T799XXA",
        "display": "Unspecified early complication of trauma, initial encounter"
      }, {
        "code": "T799XXD",
        "display": "Unspecified early complication of trauma, subs encntr"
      }, {
        "code": "T799XXS",
        "display": "Unspecified early complication of trauma, sequela"
      } ]
    } ]
  }
}