{
  "resourceType": "ValueSet",
  "id": "I23",
  "url": "http://hl7.org/fhir/sid/icd-10-cm-638",
  "version": "1.0",
  "name": "Certain crnt comp fol STEMI & NSTEMI mocard infrc <= 28 day",
  "title": "Certain current complications following ST elevation (STEMI) and non-ST elevation (NSTEMI) myocardial infarction (within the 28 day period)",
  "status": "active",
  "compose": {
    "include": [ {
      "system": "http://hl7.org/fhir/sid/icd-10-cm",
      "concept": [ {
        "code": "I230",
        "display": "Hemopericardium as current complication following AMI"
      }, {
        "code": "I231",
        "display": "Atrial septal defect as current complication following AMI"
      }, {
        "code": "I232",
        "display": "Ventricular septal defect as current comp following AMI"
      }, {
        "code": "I233",
        "display": "Rupture of card wall w/o hemoperic as current comp fol AMI"
      }, {
        "code": "I234",
        "display": "Rupture of chord tendne as current comp following AMI"
      }, {
        "code": "I235",
        "display": "Rupture of papillary muscle as current comp following AMI"
      }, {
        "code": "I236",
        "display": "Thombos of atrium/auric append/ventr as current comp fol AMI"
      }, {
        "code": "I237",
        "display": "Postinfarction angina"
      }, {
        "code": "I238",
        "display": "Oth current complications following AMI"
      } ]
    } ]
  }
}