{
  "resourceType": "ValueSet",
  "id": "M50",
  "url": "http://hl7.org/fhir/sid/icd-10-cm-951",
  "version": "1.0",
  "name": "Cervical disc disorders",
  "title": "Cervical disc disorders",
  "status": "active",
  "compose": {
    "include": [ {
      "system": "http://hl7.org/fhir/sid/icd-10-cm",
      "concept": [ {
        "code": "M500",
        "display": "Cervical disc disorder with myelopathy"
      }, {
        "code": "M5000",
        "display": "Cervical disc disorder with myelopathy, unsp cervical region"
      }, {
        "code": "M5001",
        "display": "Cervical disc disorder with myelopathy, high cervical region"
      }, {
        "code": "M5002",
        "display": "Cervical disc disorder with myelopathy, mid-cervical region"
      }, {
        "code": "M50020",
        "display": "Cerv disc disord with myelpath, mid-cervical rgn, unsp level"
      }, {
        "code": "M50021",
        "display": "Cervical disc disorder at C4-C5 level with myelopathy"
      }, {
        "code": "M50022",
        "display": "Cervical disc disorder at C5-C6 level with myelopathy"
      }, {
        "code": "M50023",
        "display": "Cervical disc disorder at C6-C7 level with myelopathy"
      }, {
        "code": "M5003",
        "display": "Cervical disc disorder w myelopathy, cervicothoracic region"
      }, {
        "code": "M501",
        "display": "Cervical disc disorder with radiculopathy"
      }, {
        "code": "M5010",
        "display": "Cervical disc disorder w radiculopathy, unsp cervical region"
      }, {
        "code": "M5011",
        "display": "Cerv disc disorder with radiculopathy, high cervical region"
      }, {
        "code": "M5012",
        "display": "Cervical disc disorder w radiculopathy, mid-cervical region"
      }, {
        "code": "M50120",
        "display": "Mid-cervical disc disorder, unspecified level"
      }, {
        "code": "M50121",
        "display": "Cervical disc disorder at C4-C5 level with radiculopathy"
      }, {
        "code": "M50122",
        "display": "Cervical disc disorder at C5-C6 level with radiculopathy"
      }, {
        "code": "M50123",
        "display": "Cervical disc disorder at C6-C7 level with radiculopathy"
      }, {
        "code": "M5013",
        "display": "Cervical disc disorder w radiculopathy, cervicothor region"
      }, {
        "code": "M502",
        "display": "Other cervical disc displacement"
      }, {
        "code": "M5020",
        "display": "Other cervical disc displacement, unsp cervical region"
      }, {
        "code": "M5021",
        "display": "Other cervical disc displacement, high cervical region"
      }, {
        "code": "M5022",
        "display": "Other cervical disc displacement, mid-cervical region"
      }, {
        "code": "M50220",
        "display": "Other cerv disc displacmnt, mid-cervical region, unsp level"
      }, {
        "code": "M50221",
        "display": "Other cervical disc displacement at C4-C5 level"
      }, {
        "code": "M50222",
        "display": "Other cervical disc displacement at C5-C6 level"
      }, {
        "code": "M50223",
        "display": "Other cervical disc displacement at C6-C7 level"
      }, {
        "code": "M5023",
        "display": "Other cervical disc displacement, cervicothoracic region"
      }, {
        "code": "M503",
        "display": "Other cervical disc degeneration"
      }, {
        "code": "M5030",
        "display": "Other cervical disc degeneration, unsp cervical region"
      }, {
        "code": "M5031",
        "display": "Other cervical disc degeneration, high cervical region"
      }, {
        "code": "M5032",
        "display": "Other cervical disc degeneration, mid-cervical region"
      }, {
        "code": "M50320",
        "display": "Other cerv disc degeneration, mid-cervical rgn, unsp level"
      }, {
        "code": "M50321",
        "display": "Other cervical disc degeneration at C4-C5 level"
      }, {
        "code": "M50322",
        "display": "Other cervical disc degeneration at C5-C6 level"
      }, {
        "code": "M50323",
        "display": "Other cervical disc degeneration at C6-C7 level"
      }, {
        "code": "M5033",
        "display": "Other cervical disc degeneration, cervicothoracic region"
      }, {
        "code": "M508",
        "display": "Other cervical disc disorders"
      }, {
        "code": "M5080",
        "display": "Other cervical disc disorders, unspecified cervical region"
      }, {
        "code": "M5081",
        "display": "Other cervical disc disorders, high cervical region"
      }, {
        "code": "M5082",
        "display": "Other cervical disc disorders, mid-cervical region"
      }, {
        "code": "M50820",
        "display": "Other cervical disc disord, mid-cervical region, unsp level"
      }, {
        "code": "M50821",
        "display": "Other cervical disc disorders at C4-C5 level"
      }, {
        "code": "M50822",
        "display": "Other cervical disc disorders at C5-C6 level"
      }, {
        "code": "M50823",
        "display": "Other cervical disc disorders at C6-C7 level"
      }, {
        "code": "M5083",
        "display": "Other cervical disc disorders, cervicothoracic region"
      }, {
        "code": "M509",
        "display": "Cervical disc disorder, unspecified"
      }, {
        "code": "M5090",
        "display": "Cervical disc disorder, unsp, unspecified cervical region"
      }, {
        "code": "M5091",
        "display": "Cervical disc disorder, unspecified, high cervical region"
      }, {
        "code": "M5092",
        "display": "Cervical disc disorder, unspecified, mid-cervical region"
      }, {
        "code": "M50920",
        "display": "Unsp cervical disc disorder, mid-cervical region, unsp level"
      }, {
        "code": "M50921",
        "display": "Unspecified cervical disc disorder at C4-C5 level"
      }, {
        "code": "M50922",
        "display": "Unspecified cervical disc disorder at C5-C6 level"
      }, {
        "code": "M50923",
        "display": "Unspecified cervical disc disorder at C6-C7 level"
      }, {
        "code": "M5093",
        "display": "Cervical disc disorder, unspecified, cervicothoracic region"
      } ]
    } ]
  }
}