{
  "resourceType": "ValueSet",
  "id": "B57",
  "url": "http://hl7.org/fhir/sid/icd-10-cm-131",
  "version": "1.0",
  "name": "Chagas' disease",
  "title": "Chagas' disease",
  "status": "active",
  "compose": {
    "include": [ {
      "system": "http://hl7.org/fhir/sid/icd-10-cm",
      "concept": [ {
        "code": "B570",
        "display": "Acute Chagas' disease with heart involvement"
      }, {
        "code": "B571",
        "display": "Acute Chagas' disease without heart involvement"
      }, {
        "code": "B572",
        "display": "Chagas' disease (chronic) with heart involvement"
      }, {
        "code": "B573",
        "display": "Chagas' disease (chronic) with digestive system involvement"
      }, {
        "code": "B5730",
        "display": "Chagas' disease with digestive system involvement, unsp"
      }, {
        "code": "B5731",
        "display": "Megaesophagus in Chagas' disease"
      }, {
        "code": "B5732",
        "display": "Megacolon in Chagas' disease"
      }, {
        "code": "B5739",
        "display": "Other digestive system involvement in Chagas' disease"
      }, {
        "code": "B574",
        "display": "Chagas' disease (chronic) with nervous system involvement"
      }, {
        "code": "B5740",
        "display": "Chagas' disease with nervous system involvement, unspecified"
      }, {
        "code": "B5741",
        "display": "Meningitis in Chagas' disease"
      }, {
        "code": "B5742",
        "display": "Meningoencephalitis in Chagas' disease"
      }, {
        "code": "B5749",
        "display": "Other nervous system involvement in Chagas' disease"
      }, {
        "code": "B575",
        "display": "Chagas' disease (chronic) with other organ involvement"
      } ]
    } ]
  }
}