{
  "resourceType": "ValueSet",
  "id": "A00",
  "url": "http://hl7.org/fhir/sid/icd-10-cm-1",
  "version": "1.0",
  "name": "Cholera",
  "title": "Cholera",
  "status": "active",
  "compose": {
    "include": [ {
      "system": "http://hl7.org/fhir/sid/icd-10-cm",
      "concept": [ {
        "code": "A000",
        "display": "Cholera due to Vibrio cholerae 01, biovar cholerae"
      }, {
        "code": "A001",
        "display": "Cholera due to Vibrio cholerae 01, biovar eltor"
      }, {
        "code": "A009",
        "display": "Cholera, unspecified"
      } ]
    } ]
  }
}