{
  "resourceType": "ValueSet",
  "id": "K80",
  "url": "http://hl7.org/fhir/sid/icd-10-cm-822",
  "version": "1.0",
  "name": "Cholelithiasis",
  "title": "Cholelithiasis",
  "status": "active",
  "compose": {
    "include": [ {
      "system": "http://hl7.org/fhir/sid/icd-10-cm",
      "concept": [ {
        "code": "K800",
        "display": "Calculus of gallbladder with acute cholecystitis"
      }, {
        "code": "K8000",
        "display": "Calculus of gallbladder w acute cholecyst w/o obstruction"
      }, {
        "code": "K8001",
        "display": "Calculus of gallbladder w acute cholecystitis w obstruction"
      }, {
        "code": "K801",
        "display": "Calculus of gallbladder with other cholecystitis"
      }, {
        "code": "K8010",
        "display": "Calculus of gallbladder w chronic cholecyst w/o obstruction"
      }, {
        "code": "K8011",
        "display": "Calculus of gallbladder w chronic cholecyst w obstruction"
      }, {
        "code": "K8012",
        "display": "Calculus of GB w acute and chronic cholecyst w/o obstruction"
      }, {
        "code": "K8013",
        "display": "Calculus of GB w acute and chronic cholecyst w obstruction"
      }, {
        "code": "K8018",
        "display": "Calculus of gallbladder w oth cholecystitis w/o obstruction"
      }, {
        "code": "K8019",
        "display": "Calculus of gallbladder w oth cholecystitis with obstruction"
      }, {
        "code": "K802",
        "display": "Calculus of gallbladder without cholecystitis"
      }, {
        "code": "K8020",
        "display": "Calculus of gallbladder w/o cholecystitis w/o obstruction"
      }, {
        "code": "K8021",
        "display": "Calculus of gallbladder w/o cholecystitis with obstruction"
      }, {
        "code": "K803",
        "display": "Calculus of bile duct with cholangitis"
      }, {
        "code": "K8030",
        "display": "Calculus of bile duct w cholangitis, unsp, w/o obstruction"
      }, {
        "code": "K8031",
        "display": "Calculus of bile duct w cholangitis, unsp, with obstruction"
      }, {
        "code": "K8032",
        "display": "Calculus of bile duct with acute cholangitis w/o obstruction"
      }, {
        "code": "K8033",
        "display": "Calculus of bile duct w acute cholangitis with obstruction"
      }, {
        "code": "K8034",
        "display": "Calculus of bile duct w chronic cholangitis w/o obstruction"
      }, {
        "code": "K8035",
        "display": "Calculus of bile duct w chronic cholangitis with obstruction"
      }, {
        "code": "K8036",
        "display": "Calculus of bile duct w acute and chr cholangitis w/o obst"
      }, {
        "code": "K8037",
        "display": "Calculus of bile duct w acute and chronic cholangitis w obst"
      }, {
        "code": "K804",
        "display": "Calculus of bile duct with cholecystitis"
      }, {
        "code": "K8040",
        "display": "Calculus of bile duct w cholecystitis, unsp, w/o obstruction"
      }, {
        "code": "K8041",
        "display": "Calculus of bile duct w cholecystitis, unsp, w obstruction"
      }, {
        "code": "K8042",
        "display": "Calculus of bile duct w acute cholecystitis w/o obstruction"
      }, {
        "code": "K8043",
        "display": "Calculus of bile duct w acute cholecystitis with obstruction"
      }, {
        "code": "K8044",
        "display": "Calculus of bile duct w chronic cholecyst w/o obstruction"
      }, {
        "code": "K8045",
        "display": "Calculus of bile duct w chronic cholecystitis w obstruction"
      }, {
        "code": "K8046",
        "display": "Calculus of bile duct w acute and chronic cholecyst w/o obst"
      }, {
        "code": "K8047",
        "display": "Calculus of bile duct w acute and chronic cholecyst w obst"
      }, {
        "code": "K805",
        "display": "Calculus of bile duct without cholangitis or cholecystitis"
      }, {
        "code": "K8050",
        "display": "Calculus of bile duct w/o cholangitis or cholecyst w/o obst"
      }, {
        "code": "K8051",
        "display": "Calculus of bile duct w/o cholangitis or cholecyst w obst"
      }, {
        "code": "K806",
        "display": "Calculus of gallbladder and bile duct with cholecystitis"
      }, {
        "code": "K8060",
        "display": "Calculus of GB and bile duct w cholecyst, unsp, w/o obst"
      }, {
        "code": "K8061",
        "display": "Calculus of GB and bile duct w cholecyst, unsp, w obst"
      }, {
        "code": "K8062",
        "display": "Calculus of GB and bile duct w acute cholecyst w/o obst"
      }, {
        "code": "K8063",
        "display": "Calculus of GB and bile duct w acute cholecyst w obstruction"
      }, {
        "code": "K8064",
        "display": "Calculus of GB and bile duct w chronic cholecyst w/o obst"
      }, {
        "code": "K8065",
        "display": "Calculus of GB and bile duct w chronic cholecyst w obst"
      }, {
        "code": "K8066",
        "display": "Calculus of GB and bile duct w ac and chr cholecyst w/o obst"
      }, {
        "code": "K8067",
        "display": "Calculus of GB and bile duct w ac and chr cholecyst w obst"
      }, {
        "code": "K807",
        "display": "Calculus of gallbladder and bile duct without cholecystitis"
      }, {
        "code": "K8070",
        "display": "Calculus of GB and bile duct w/o cholecyst w/o obstruction"
      }, {
        "code": "K8071",
        "display": "Calculus of GB and bile duct w/o cholecyst w obstruction"
      }, {
        "code": "K808",
        "display": "Other cholelithiasis"
      }, {
        "code": "K8080",
        "display": "Other cholelithiasis without obstruction"
      }, {
        "code": "K8081",
        "display": "Other cholelithiasis with obstruction"
      } ]
    } ]
  }
}