{
  "resourceType": "ValueSet",
  "id": "K81",
  "url": "http://hl7.org/fhir/sid/icd-10-cm-823",
  "version": "1.0",
  "name": "Cholecystitis",
  "title": "Cholecystitis",
  "status": "active",
  "compose": {
    "include": [ {
      "system": "http://hl7.org/fhir/sid/icd-10-cm",
      "concept": [ {
        "code": "K810",
        "display": "Acute cholecystitis"
      }, {
        "code": "K811",
        "display": "Chronic cholecystitis"
      }, {
        "code": "K812",
        "display": "Acute cholecystitis with chronic cholecystitis"
      }, {
        "code": "K819",
        "display": "Cholecystitis, unspecified"
      } ]
    } ]
  }
}