{
  "resourceType": "ValueSet",
  "id": "H71",
  "url": "http://hl7.org/fhir/sid/icd-10-cm-606",
  "version": "1.0",
  "name": "Cholesteatoma of middle ear",
  "title": "Cholesteatoma of middle ear",
  "status": "active",
  "compose": {
    "include": [ {
      "system": "http://hl7.org/fhir/sid/icd-10-cm",
      "concept": [ {
        "code": "H710",
        "display": "Cholesteatoma of attic"
      }, {
        "code": "H7100",
        "display": "Cholesteatoma of attic, unspecified ear"
      }, {
        "code": "H7101",
        "display": "Cholesteatoma of attic, right ear"
      }, {
        "code": "H7102",
        "display": "Cholesteatoma of attic, left ear"
      }, {
        "code": "H7103",
        "display": "Cholesteatoma of attic, bilateral"
      }, {
        "code": "H711",
        "display": "Cholesteatoma of tympanum"
      }, {
        "code": "H7110",
        "display": "Cholesteatoma of tympanum, unspecified ear"
      }, {
        "code": "H7111",
        "display": "Cholesteatoma of tympanum, right ear"
      }, {
        "code": "H7112",
        "display": "Cholesteatoma of tympanum, left ear"
      }, {
        "code": "H7113",
        "display": "Cholesteatoma of tympanum, bilateral"
      }, {
        "code": "H712",
        "display": "Cholesteatoma of mastoid"
      }, {
        "code": "H7120",
        "display": "Cholesteatoma of mastoid, unspecified ear"
      }, {
        "code": "H7121",
        "display": "Cholesteatoma of mastoid, right ear"
      }, {
        "code": "H7122",
        "display": "Cholesteatoma of mastoid, left ear"
      }, {
        "code": "H7123",
        "display": "Cholesteatoma of mastoid, bilateral"
      }, {
        "code": "H713",
        "display": "Diffuse cholesteatosis"
      }, {
        "code": "H7130",
        "display": "Diffuse cholesteatosis, unspecified ear"
      }, {
        "code": "H7131",
        "display": "Diffuse cholesteatosis, right ear"
      }, {
        "code": "H7132",
        "display": "Diffuse cholesteatosis, left ear"
      }, {
        "code": "H7133",
        "display": "Diffuse cholesteatosis, bilateral"
      }, {
        "code": "H719",
        "display": "Unspecified cholesteatoma"
      }, {
        "code": "H7190",
        "display": "Unspecified cholesteatoma, unspecified ear"
      }, {
        "code": "H7191",
        "display": "Unspecified cholesteatoma, right ear"
      }, {
        "code": "H7192",
        "display": "Unspecified cholesteatoma, left ear"
      }, {
        "code": "H7193",
        "display": "Unspecified cholesteatoma, bilateral"
      } ]
    } ]
  }
}