{
  "resourceType": "ValueSet",
  "id": "H30",
  "url": "http://hl7.org/fhir/sid/icd-10-cm-575",
  "version": "1.0",
  "name": "Chorioretinal inflammation",
  "title": "Chorioretinal inflammation",
  "status": "active",
  "compose": {
    "include": [ {
      "system": "http://hl7.org/fhir/sid/icd-10-cm",
      "concept": [ {
        "code": "H300",
        "display": "Focal chorioretinal inflammation"
      }, {
        "code": "H3000",
        "display": "Unspecified focal chorioretinal inflammation"
      }, {
        "code": "H30001",
        "display": "Unspecified focal chorioretinal inflammation, right eye"
      }, {
        "code": "H30002",
        "display": "Unspecified focal chorioretinal inflammation, left eye"
      }, {
        "code": "H30003",
        "display": "Unspecified focal chorioretinal inflammation, bilateral"
      }, {
        "code": "H30009",
        "display": "Unsp focal chorioretinal inflammation, unspecified eye"
      }, {
        "code": "H3001",
        "display": "Focal chorioretinal inflammation, juxtapapillary"
      }, {
        "code": "H30011",
        "display": "Focal chorioretinal inflammation, juxtapapillary, right eye"
      }, {
        "code": "H30012",
        "display": "Focal chorioretinal inflammation, juxtapapillary, left eye"
      }, {
        "code": "H30013",
        "display": "Focal chorioretinal inflammation, juxtapapillary, bilateral"
      }, {
        "code": "H30019",
        "display": "Focal chorioretinal inflammation, juxtapapillary, unsp eye"
      }, {
        "code": "H3002",
        "display": "Focal chorioretinal inflammation of posterior pole"
      }, {
        "code": "H30021",
        "display": "Focal chorioretin inflammation of posterior pole, right eye"
      }, {
        "code": "H30022",
        "display": "Focal chorioretinal inflammation of posterior pole, left eye"
      }, {
        "code": "H30023",
        "display": "Focal chorioretin inflammation of posterior pole, bilateral"
      }, {
        "code": "H30029",
        "display": "Focal chorioretinal inflammation of posterior pole, unsp eye"
      }, {
        "code": "H3003",
        "display": "Focal chorioretinal inflammation, peripheral"
      }, {
        "code": "H30031",
        "display": "Focal chorioretinal inflammation, peripheral, right eye"
      }, {
        "code": "H30032",
        "display": "Focal chorioretinal inflammation, peripheral, left eye"
      }, {
        "code": "H30033",
        "display": "Focal chorioretinal inflammation, peripheral, bilateral"
      }, {
        "code": "H30039",
        "display": "Focal chorioretinal inflammation, peripheral, unsp eye"
      }, {
        "code": "H3004",
        "display": "Focal chorioretinal inflammation, macular or paramacular"
      }, {
        "code": "H30041",
        "display": "Focal chorioretin inflam, macular or paramacular, right eye"
      }, {
        "code": "H30042",
        "display": "Focal chorioretin inflam, macular or paramacular, left eye"
      }, {
        "code": "H30043",
        "display": "Focal chorioretin inflam, macular or paramacular, bilateral"
      }, {
        "code": "H30049",
        "display": "Focal chorioretin inflam, macular or paramacular, unsp eye"
      }, {
        "code": "H301",
        "display": "Disseminated chorioretinal inflammation"
      }, {
        "code": "H3010",
        "display": "Unspecified disseminated chorioretinal inflammation"
      }, {
        "code": "H30101",
        "display": "Unsp disseminated chorioretinal inflammation, right eye"
      }, {
        "code": "H30102",
        "display": "Unsp disseminated chorioretinal inflammation, left eye"
      }, {
        "code": "H30103",
        "display": "Unsp disseminated chorioretinal inflammation, bilateral"
      }, {
        "code": "H30109",
        "display": "Unsp disseminated chorioretinal inflammation, unsp eye"
      }, {
        "code": "H3011",
        "display": "Disseminated chorioretinal inflammation of posterior pole"
      }, {
        "code": "H30111",
        "display": "Dissem chorioretin inflammation of posterior pole, right eye"
      }, {
        "code": "H30112",
        "display": "Dissem chorioretin inflammation of posterior pole, left eye"
      }, {
        "code": "H30113",
        "display": "Dissem chorioretin inflammation of posterior pole, bilateral"
      }, {
        "code": "H30119",
        "display": "Dissem chorioretin inflammation of posterior pole, unsp eye"
      }, {
        "code": "H3012",
        "display": "Disseminated chorioretinal inflammation, peripheral"
      }, {
        "code": "H30121",
        "display": "Disseminated chorioretin inflammation, peripheral right eye"
      }, {
        "code": "H30122",
        "display": "Disseminated chorioretin inflammation, peripheral, left eye"
      }, {
        "code": "H30123",
        "display": "Disseminated chorioretin inflammation, peripheral, bilateral"
      }, {
        "code": "H30129",
        "display": "Disseminated chorioretin inflammation, peripheral, unsp eye"
      }, {
        "code": "H3013",
        "display": "Disseminated chorioretinal inflammation, generalized"
      }, {
        "code": "H30131",
        "display": "Dissem chorioretin inflammation, generalized, right eye"
      }, {
        "code": "H30132",
        "display": "Disseminated chorioretin inflammation, generalized, left eye"
      }, {
        "code": "H30133",
        "display": "Dissem chorioretin inflammation, generalized, bilateral"
      }, {
        "code": "H30139",
        "display": "Disseminated chorioretin inflammation, generalized, unsp eye"
      }, {
        "code": "H3014",
        "display": "Acute posterior multifocal placoid pigment epitheliopathy"
      }, {
        "code": "H30141",
        "display": "Acute post multifoc placoid pigment epitheliopathy, r eye"
      }, {
        "code": "H30142",
        "display": "Acute post multifoc placoid pigment epitheliopathy, left eye"
      }, {
        "code": "H30143",
        "display": "Acute posterior multifoc placoid pigment epitheliopathy, bi"
      }, {
        "code": "H30149",
        "display": "Acute post multifoc placoid pigment epitheliopathy, unsp eye"
      }, {
        "code": "H302",
        "display": "Posterior cyclitis"
      }, {
        "code": "H3020",
        "display": "Posterior cyclitis, unspecified eye"
      }, {
        "code": "H3021",
        "display": "Posterior cyclitis, right eye"
      }, {
        "code": "H3022",
        "display": "Posterior cyclitis, left eye"
      }, {
        "code": "H3023",
        "display": "Posterior cyclitis, bilateral"
      }, {
        "code": "H308",
        "display": "Other chorioretinal inflammations"
      }, {
        "code": "H3081",
        "display": "Harada's disease"
      }, {
        "code": "H30811",
        "display": "Harada's disease, right eye"
      }, {
        "code": "H30812",
        "display": "Harada's disease, left eye"
      }, {
        "code": "H30813",
        "display": "Harada's disease, bilateral"
      }, {
        "code": "H30819",
        "display": "Harada's disease, unspecified eye"
      }, {
        "code": "H3089",
        "display": "Other chorioretinal inflammations"
      }, {
        "code": "H30891",
        "display": "Other chorioretinal inflammations, right eye"
      }, {
        "code": "H30892",
        "display": "Other chorioretinal inflammations, left eye"
      }, {
        "code": "H30893",
        "display": "Other chorioretinal inflammations, bilateral"
      }, {
        "code": "H30899",
        "display": "Other chorioretinal inflammations, unspecified eye"
      }, {
        "code": "H309",
        "display": "Unspecified chorioretinal inflammation"
      }, {
        "code": "H3090",
        "display": "Unspecified chorioretinal inflammation, unspecified eye"
      }, {
        "code": "H3091",
        "display": "Unspecified chorioretinal inflammation, right eye"
      }, {
        "code": "H3092",
        "display": "Unspecified chorioretinal inflammation, left eye"
      }, {
        "code": "H3093",
        "display": "Unspecified chorioretinal inflammation, bilateral"
      } ]
    } ]
  }
}