{
  "resourceType": "ValueSet",
  "id": "B43",
  "url": "http://hl7.org/fhir/sid/icd-10-cm-117",
  "version": "1.0",
  "name": "Chromomycosis and pheomycotic abscess",
  "title": "Chromomycosis and pheomycotic abscess",
  "status": "active",
  "compose": {
    "include": [ {
      "system": "http://hl7.org/fhir/sid/icd-10-cm",
      "concept": [ {
        "code": "B430",
        "display": "Cutaneous chromomycosis"
      }, {
        "code": "B431",
        "display": "Pheomycotic brain abscess"
      }, {
        "code": "B432",
        "display": "Subcutaneous pheomycotic abscess and cyst"
      }, {
        "code": "B438",
        "display": "Other forms of chromomycosis"
      }, {
        "code": "B439",
        "display": "Chromomycosis, unspecified"
      } ]
    } ]
  }
}