{
  "resourceType": "ValueSet",
  "id": "N18",
  "url": "http://hl7.org/fhir/sid/icd-10-cm-1004",
  "version": "1.0",
  "name": "Chronic kidney disease (CKD)",
  "title": "Chronic kidney disease (CKD)",
  "status": "active",
  "compose": {
    "include": [ {
      "system": "http://hl7.org/fhir/sid/icd-10-cm",
      "concept": [ {
        "code": "N181",
        "display": "Chronic kidney disease, stage 1"
      }, {
        "code": "N182",
        "display": "Chronic kidney disease, stage 2 (mild)"
      }, {
        "code": "N183",
        "display": "Chronic kidney disease, stage 3 (moderate)"
      }, {
        "code": "N184",
        "display": "Chronic kidney disease, stage 4 (severe)"
      }, {
        "code": "N185",
        "display": "Chronic kidney disease, stage 5"
      }, {
        "code": "N186",
        "display": "End stage renal disease"
      }, {
        "code": "N189",
        "display": "Chronic kidney disease, unspecified"
      } ]
    } ]
  }
}