{
  "resourceType": "ValueSet",
  "id": "J31",
  "url": "http://hl7.org/fhir/sid/icd-10-cm-720",
  "version": "1.0",
  "name": "Chronic rhinitis, nasopharyngitis and pharyngitis",
  "title": "Chronic rhinitis, nasopharyngitis and pharyngitis",
  "status": "active",
  "compose": {
    "include": [ {
      "system": "http://hl7.org/fhir/sid/icd-10-cm",
      "concept": [ {
        "code": "J310",
        "display": "Chronic rhinitis"
      }, {
        "code": "J311",
        "display": "Chronic nasopharyngitis"
      }, {
        "code": "J312",
        "display": "Chronic pharyngitis"
      } ]
    } ]
  }
}