{
  "resourceType": "ValueSet",
  "id": "N11",
  "url": "http://hl7.org/fhir/sid/icd-10-cm-997",
  "version": "1.0",
  "name": "Chronic tubulo-interstitial nephritis",
  "title": "Chronic tubulo-interstitial nephritis",
  "status": "active",
  "compose": {
    "include": [ {
      "system": "http://hl7.org/fhir/sid/icd-10-cm",
      "concept": [ {
        "code": "N110",
        "display": "Nonobstructive reflux-associated chronic pyelonephritis"
      }, {
        "code": "N111",
        "display": "Chronic obstructive pyelonephritis"
      }, {
        "code": "N118",
        "display": "Other chronic tubulo-interstitial nephritis"
      }, {
        "code": "N119",
        "display": "Chronic tubulo-interstitial nephritis, unspecified"
      } ]
    } ]
  }
}