{
  "resourceType": "ValueSet",
  "id": "J32",
  "url": "http://hl7.org/fhir/sid/icd-10-cm-721",
  "version": "1.0",
  "name": "Chronic sinusitis",
  "title": "Chronic sinusitis",
  "status": "active",
  "compose": {
    "include": [ {
      "system": "http://hl7.org/fhir/sid/icd-10-cm",
      "concept": [ {
        "code": "J320",
        "display": "Chronic maxillary sinusitis"
      }, {
        "code": "J321",
        "display": "Chronic frontal sinusitis"
      }, {
        "code": "J322",
        "display": "Chronic ethmoidal sinusitis"
      }, {
        "code": "J323",
        "display": "Chronic sphenoidal sinusitis"
      }, {
        "code": "J324",
        "display": "Chronic pansinusitis"
      }, {
        "code": "J328",
        "display": "Other chronic sinusitis"
      }, {
        "code": "J329",
        "display": "Chronic sinusitis, unspecified"
      } ]
    } ]
  }
}