{
  "resourceType": "ValueSet",
  "id": "K73",
  "url": "http://hl7.org/fhir/sid/icd-10-cm-817",
  "version": "1.0",
  "name": "Chronic hepatitis, not elsewhere classified",
  "title": "Chronic hepatitis, not elsewhere classified",
  "status": "active",
  "compose": {
    "include": [ {
      "system": "http://hl7.org/fhir/sid/icd-10-cm",
      "concept": [ {
        "code": "K730",
        "display": "Chronic persistent hepatitis, not elsewhere classified"
      }, {
        "code": "K731",
        "display": "Chronic lobular hepatitis, not elsewhere classified"
      }, {
        "code": "K732",
        "display": "Chronic active hepatitis, not elsewhere classified"
      }, {
        "code": "K738",
        "display": "Other chronic hepatitis, not elsewhere classified"
      }, {
        "code": "K739",
        "display": "Chronic hepatitis, unspecified"
      } ]
    } ]
  }
}