{
  "resourceType": "ValueSet",
  "id": "M1A",
  "url": "http://hl7.org/fhir/sid/icd-10-cm-916",
  "version": "1.0",
  "name": "Chronic gout",
  "title": "Chronic gout",
  "status": "active",
  "compose": {
    "include": [ {
      "system": "http://hl7.org/fhir/sid/icd-10-cm",
      "concept": [ {
        "code": "M1A0",
        "display": "Idiopathic chronic gout"
      }, {
        "code": "M1A00",
        "display": "Idiopathic chronic gout, unspecified site"
      }, {
        "code": "M1A00X0",
        "display": "Idiopathic chronic gout, unspecified site, without tophus"
      }, {
        "code": "M1A00X1",
        "display": "Idiopathic chronic gout, unspecified site, with tophus"
      }, {
        "code": "M1A01",
        "display": "Idiopathic chronic gout, shoulder"
      }, {
        "code": "M1A011",
        "display": "Idiopathic chronic gout, right shoulder"
      }, {
        "code": "M1A0110",
        "display": "Idiopathic chronic gout, right shoulder, without tophus"
      }, {
        "code": "M1A0111",
        "display": "Idiopathic chronic gout, right shoulder, with tophus (tophi)"
      }, {
        "code": "M1A012",
        "display": "Idiopathic chronic gout, left shoulder"
      }, {
        "code": "M1A0120",
        "display": "Idiopathic chronic gout, left shoulder, without tophus"
      }, {
        "code": "M1A0121",
        "display": "Idiopathic chronic gout, left shoulder, with tophus (tophi)"
      }, {
        "code": "M1A019",
        "display": "Idiopathic chronic gout, unspecified shoulder"
      }, {
        "code": "M1A0190",
        "display": "Idiopathic chronic gout, unsp shoulder, without tophus"
      }, {
        "code": "M1A0191",
        "display": "Idiopathic chronic gout, unspecified shoulder, with tophus"
      }, {
        "code": "M1A02",
        "display": "Idiopathic chronic gout, elbow"
      }, {
        "code": "M1A021",
        "display": "Idiopathic chronic gout, right elbow"
      }, {
        "code": "M1A0210",
        "display": "Idiopathic chronic gout, right elbow, without tophus (tophi)"
      }, {
        "code": "M1A0211",
        "display": "Idiopathic chronic gout, right elbow, with tophus (tophi)"
      }, {
        "code": "M1A022",
        "display": "Idiopathic chronic gout, left elbow"
      }, {
        "code": "M1A0220",
        "display": "Idiopathic chronic gout, left elbow, without tophus (tophi)"
      }, {
        "code": "M1A0221",
        "display": "Idiopathic chronic gout, left elbow, with tophus (tophi)"
      }, {
        "code": "M1A029",
        "display": "Idiopathic chronic gout, unspecified elbow"
      }, {
        "code": "M1A0290",
        "display": "Idiopathic chronic gout, unspecified elbow, without tophus"
      }, {
        "code": "M1A0291",
        "display": "Idiopathic chronic gout, unspecified elbow, with tophus"
      }, {
        "code": "M1A03",
        "display": "Idiopathic chronic gout, wrist"
      }, {
        "code": "M1A031",
        "display": "Idiopathic chronic gout, right wrist"
      }, {
        "code": "M1A0310",
        "display": "Idiopathic chronic gout, right wrist, without tophus (tophi)"
      }, {
        "code": "M1A0311",
        "display": "Idiopathic chronic gout, right wrist, with tophus (tophi)"
      }, {
        "code": "M1A032",
        "display": "Idiopathic chronic gout, left wrist"
      }, {
        "code": "M1A0320",
        "display": "Idiopathic chronic gout, left wrist, without tophus (tophi)"
      }, {
        "code": "M1A0321",
        "display": "Idiopathic chronic gout, left wrist, with tophus (tophi)"
      }, {
        "code": "M1A039",
        "display": "Idiopathic chronic gout, unspecified wrist"
      }, {
        "code": "M1A0390",
        "display": "Idiopathic chronic gout, unspecified wrist, without tophus"
      }, {
        "code": "M1A0391",
        "display": "Idiopathic chronic gout, unspecified wrist, with tophus"
      }, {
        "code": "M1A04",
        "display": "Idiopathic chronic gout, hand"
      }, {
        "code": "M1A041",
        "display": "Idiopathic chronic gout, right hand"
      }, {
        "code": "M1A0410",
        "display": "Idiopathic chronic gout, right hand, without tophus (tophi)"
      }, {
        "code": "M1A0411",
        "display": "Idiopathic chronic gout, right hand, with tophus (tophi)"
      }, {
        "code": "M1A042",
        "display": "Idiopathic chronic gout, left hand"
      }, {
        "code": "M1A0420",
        "display": "Idiopathic chronic gout, left hand, without tophus (tophi)"
      }, {
        "code": "M1A0421",
        "display": "Idiopathic chronic gout, left hand, with tophus (tophi)"
      }, {
        "code": "M1A049",
        "display": "Idiopathic chronic gout, unspecified hand"
      }, {
        "code": "M1A0490",
        "display": "Idiopathic chronic gout, unspecified hand, without tophus"
      }, {
        "code": "M1A0491",
        "display": "Idiopathic chronic gout, unspecified hand, with tophus"
      }, {
        "code": "M1A05",
        "display": "Idiopathic chronic gout, hip"
      }, {
        "code": "M1A051",
        "display": "Idiopathic chronic gout, right hip"
      }, {
        "code": "M1A0510",
        "display": "Idiopathic chronic gout, right hip, without tophus (tophi)"
      }, {
        "code": "M1A0511",
        "display": "Idiopathic chronic gout, right hip, with tophus (tophi)"
      }, {
        "code": "M1A052",
        "display": "Idiopathic chronic gout, left hip"
      }, {
        "code": "M1A0520",
        "display": "Idiopathic chronic gout, left hip, without tophus (tophi)"
      }, {
        "code": "M1A0521",
        "display": "Idiopathic chronic gout, left hip, with tophus (tophi)"
      }, {
        "code": "M1A059",
        "display": "Idiopathic chronic gout, unspecified hip"
      }, {
        "code": "M1A0590",
        "display": "Idiopathic chronic gout, unspecified hip, without tophus"
      }, {
        "code": "M1A0591",
        "display": "Idiopathic chronic gout, unspecified hip, with tophus"
      }, {
        "code": "M1A06",
        "display": "Idiopathic chronic gout, knee"
      }, {
        "code": "M1A061",
        "display": "Idiopathic chronic gout, right knee"
      }, {
        "code": "M1A0610",
        "display": "Idiopathic chronic gout, right knee, without tophus (tophi)"
      }, {
        "code": "M1A0611",
        "display": "Idiopathic chronic gout, right knee, with tophus (tophi)"
      }, {
        "code": "M1A062",
        "display": "Idiopathic chronic gout, left knee"
      }, {
        "code": "M1A0620",
        "display": "Idiopathic chronic gout, left knee, without tophus (tophi)"
      }, {
        "code": "M1A0621",
        "display": "Idiopathic chronic gout, left knee, with tophus (tophi)"
      }, {
        "code": "M1A069",
        "display": "Idiopathic chronic gout, unspecified knee"
      }, {
        "code": "M1A0690",
        "display": "Idiopathic chronic gout, unspecified knee, without tophus"
      }, {
        "code": "M1A0691",
        "display": "Idiopathic chronic gout, unspecified knee, with tophus"
      }, {
        "code": "M1A07",
        "display": "Idiopathic chronic gout, ankle and foot"
      }, {
        "code": "M1A071",
        "display": "Idiopathic chronic gout, right ankle and foot"
      }, {
        "code": "M1A0710",
        "display": "Idiopathic chronic gout, right ankle and foot, w/o tophus"
      }, {
        "code": "M1A0711",
        "display": "Idiopathic chronic gout, right ankle and foot, with tophus"
      }, {
        "code": "M1A072",
        "display": "Idiopathic chronic gout, left ankle and foot"
      }, {
        "code": "M1A0720",
        "display": "Idiopathic chronic gout, left ankle and foot, without tophus"
      }, {
        "code": "M1A0721",
        "display": "Idiopathic chronic gout, left ankle and foot, with tophus"
      }, {
        "code": "M1A079",
        "display": "Idiopathic chronic gout, unspecified ankle and foot"
      }, {
        "code": "M1A0790",
        "display": "Idiopathic chronic gout, unsp ankle and foot, without tophus"
      }, {
        "code": "M1A0791",
        "display": "Idiopathic chronic gout, unsp ankle and foot, with tophus"
      }, {
        "code": "M1A08",
        "display": "Idiopathic chronic gout, vertebrae"
      }, {
        "code": "M1A08X0",
        "display": "Idiopathic chronic gout, vertebrae, without tophus (tophi)"
      }, {
        "code": "M1A08X1",
        "display": "Idiopathic chronic gout, vertebrae, with tophus (tophi)"
      }, {
        "code": "M1A09",
        "display": "Idiopathic chronic gout, multiple sites"
      }, {
        "code": "M1A09X0",
        "display": "Idiopathic chronic gout, multiple sites, without tophus"
      }, {
        "code": "M1A09X1",
        "display": "Idiopathic chronic gout, multiple sites, with tophus (tophi)"
      }, {
        "code": "M1A1",
        "display": "Lead-induced chronic gout"
      }, {
        "code": "M1A10",
        "display": "Lead-induced chronic gout, unspecified site"
      }, {
        "code": "M1A10X0",
        "display": "Lead-induced chronic gout, unspecified site, without tophus"
      }, {
        "code": "M1A10X1",
        "display": "Lead-induced chronic gout, unspecified site, with tophus"
      }, {
        "code": "M1A11",
        "display": "Lead-induced chronic gout, shoulder"
      }, {
        "code": "M1A111",
        "display": "Lead-induced chronic gout, right shoulder"
      }, {
        "code": "M1A1110",
        "display": "Lead-induced chronic gout, right shoulder, without tophus"
      }, {
        "code": "M1A1111",
        "display": "Lead-induced chronic gout, right shoulder, with tophus"
      }, {
        "code": "M1A112",
        "display": "Lead-induced chronic gout, left shoulder"
      }, {
        "code": "M1A1120",
        "display": "Lead-induced chronic gout, left shoulder, without tophus"
      }, {
        "code": "M1A1121",
        "display": "Lead-induced chronic gout, left shoulder, with tophus"
      }, {
        "code": "M1A119",
        "display": "Lead-induced chronic gout, unspecified shoulder"
      }, {
        "code": "M1A1190",
        "display": "Lead-induced chronic gout, unsp shoulder, without tophus"
      }, {
        "code": "M1A1191",
        "display": "Lead-induced chronic gout, unspecified shoulder, with tophus"
      }, {
        "code": "M1A12",
        "display": "Lead-induced chronic gout, elbow"
      }, {
        "code": "M1A121",
        "display": "Lead-induced chronic gout, right elbow"
      }, {
        "code": "M1A1210",
        "display": "Lead-induced chronic gout, right elbow, without tophus"
      }, {
        "code": "M1A1211",
        "display": "Lead-induced chronic gout, right elbow, with tophus (tophi)"
      }, {
        "code": "M1A122",
        "display": "Lead-induced chronic gout, left elbow"
      }, {
        "code": "M1A1220",
        "display": "Lead-induced chronic gout, left elbow, without tophus"
      }, {
        "code": "M1A1221",
        "display": "Lead-induced chronic gout, left elbow, with tophus (tophi)"
      }, {
        "code": "M1A129",
        "display": "Lead-induced chronic gout, unspecified elbow"
      }, {
        "code": "M1A1290",
        "display": "Lead-induced chronic gout, unspecified elbow, without tophus"
      }, {
        "code": "M1A1291",
        "display": "Lead-induced chronic gout, unspecified elbow, with tophus"
      }, {
        "code": "M1A13",
        "display": "Lead-induced chronic gout, wrist"
      }, {
        "code": "M1A131",
        "display": "Lead-induced chronic gout, right wrist"
      }, {
        "code": "M1A1310",
        "display": "Lead-induced chronic gout, right wrist, without tophus"
      }, {
        "code": "M1A1311",
        "display": "Lead-induced chronic gout, right wrist, with tophus (tophi)"
      }, {
        "code": "M1A132",
        "display": "Lead-induced chronic gout, left wrist"
      }, {
        "code": "M1A1320",
        "display": "Lead-induced chronic gout, left wrist, without tophus"
      }, {
        "code": "M1A1321",
        "display": "Lead-induced chronic gout, left wrist, with tophus (tophi)"
      }, {
        "code": "M1A139",
        "display": "Lead-induced chronic gout, unspecified wrist"
      }, {
        "code": "M1A1390",
        "display": "Lead-induced chronic gout, unspecified wrist, without tophus"
      }, {
        "code": "M1A1391",
        "display": "Lead-induced chronic gout, unspecified wrist, with tophus"
      }, {
        "code": "M1A14",
        "display": "Lead-induced chronic gout, hand"
      }, {
        "code": "M1A141",
        "display": "Lead-induced chronic gout, right hand"
      }, {
        "code": "M1A1410",
        "display": "Lead-induced chronic gout, right hand, without tophus"
      }, {
        "code": "M1A1411",
        "display": "Lead-induced chronic gout, right hand, with tophus (tophi)"
      }, {
        "code": "M1A142",
        "display": "Lead-induced chronic gout, left hand"
      }, {
        "code": "M1A1420",
        "display": "Lead-induced chronic gout, left hand, without tophus (tophi)"
      }, {
        "code": "M1A1421",
        "display": "Lead-induced chronic gout, left hand, with tophus (tophi)"
      }, {
        "code": "M1A149",
        "display": "Lead-induced chronic gout, unspecified hand"
      }, {
        "code": "M1A1490",
        "display": "Lead-induced chronic gout, unspecified hand, without tophus"
      }, {
        "code": "M1A1491",
        "display": "Lead-induced chronic gout, unspecified hand, with tophus"
      }, {
        "code": "M1A15",
        "display": "Lead-induced chronic gout, hip"
      }, {
        "code": "M1A151",
        "display": "Lead-induced chronic gout, right hip"
      }, {
        "code": "M1A1510",
        "display": "Lead-induced chronic gout, right hip, without tophus (tophi)"
      }, {
        "code": "M1A1511",
        "display": "Lead-induced chronic gout, right hip, with tophus (tophi)"
      }, {
        "code": "M1A152",
        "display": "Lead-induced chronic gout, left hip"
      }, {
        "code": "M1A1520",
        "display": "Lead-induced chronic gout, left hip, without tophus (tophi)"
      }, {
        "code": "M1A1521",
        "display": "Lead-induced chronic gout, left hip, with tophus (tophi)"
      }, {
        "code": "M1A159",
        "display": "Lead-induced chronic gout, unspecified hip"
      }, {
        "code": "M1A1590",
        "display": "Lead-induced chronic gout, unspecified hip, without tophus"
      }, {
        "code": "M1A1591",
        "display": "Lead-induced chronic gout, unspecified hip, with tophus"
      }, {
        "code": "M1A16",
        "display": "Lead-induced chronic gout, knee"
      }, {
        "code": "M1A161",
        "display": "Lead-induced chronic gout, right knee"
      }, {
        "code": "M1A1610",
        "display": "Lead-induced chronic gout, right knee, without tophus"
      }, {
        "code": "M1A1611",
        "display": "Lead-induced chronic gout, right knee, with tophus (tophi)"
      }, {
        "code": "M1A162",
        "display": "Lead-induced chronic gout, left knee"
      }, {
        "code": "M1A1620",
        "display": "Lead-induced chronic gout, left knee, without tophus (tophi)"
      }, {
        "code": "M1A1621",
        "display": "Lead-induced chronic gout, left knee, with tophus (tophi)"
      }, {
        "code": "M1A169",
        "display": "Lead-induced chronic gout, unspecified knee"
      }, {
        "code": "M1A1690",
        "display": "Lead-induced chronic gout, unspecified knee, without tophus"
      }, {
        "code": "M1A1691",
        "display": "Lead-induced chronic gout, unspecified knee, with tophus"
      }, {
        "code": "M1A17",
        "display": "Lead-induced chronic gout, ankle and foot"
      }, {
        "code": "M1A171",
        "display": "Lead-induced chronic gout, right ankle and foot"
      }, {
        "code": "M1A1710",
        "display": "Lead-induced chronic gout, right ankle and foot, w/o tophus"
      }, {
        "code": "M1A1711",
        "display": "Lead-induced chronic gout, right ankle and foot, with tophus"
      }, {
        "code": "M1A172",
        "display": "Lead-induced chronic gout, left ankle and foot"
      }, {
        "code": "M1A1720",
        "display": "Lead-induced chronic gout, left ankle and foot, w/o tophus"
      }, {
        "code": "M1A1721",
        "display": "Lead-induced chronic gout, left ankle and foot, with tophus"
      }, {
        "code": "M1A179",
        "display": "Lead-induced chronic gout, unspecified ankle and foot"
      }, {
        "code": "M1A1790",
        "display": "Lead-induced chronic gout, unsp ankle and foot, w/o tophus"
      }, {
        "code": "M1A1791",
        "display": "Lead-induced chronic gout, unsp ankle and foot, with tophus"
      }, {
        "code": "M1A18",
        "display": "Lead-induced chronic gout, vertebrae"
      }, {
        "code": "M1A18X0",
        "display": "Lead-induced chronic gout, vertebrae, without tophus (tophi)"
      }, {
        "code": "M1A18X1",
        "display": "Lead-induced chronic gout, vertebrae, with tophus (tophi)"
      }, {
        "code": "M1A19",
        "display": "Lead-induced chronic gout, multiple sites"
      }, {
        "code": "M1A19X0",
        "display": "Lead-induced chronic gout, multiple sites, without tophus"
      }, {
        "code": "M1A19X1",
        "display": "Lead-induced chronic gout, multiple sites, with tophus"
      }, {
        "code": "M1A2",
        "display": "Drug-induced chronic gout"
      }, {
        "code": "M1A20",
        "display": "Drug-induced chronic gout, unspecified site"
      }, {
        "code": "M1A20X0",
        "display": "Drug-induced chronic gout, unspecified site, without tophus"
      }, {
        "code": "M1A20X1",
        "display": "Drug-induced chronic gout, unspecified site, with tophus"
      }, {
        "code": "M1A21",
        "display": "Drug-induced chronic gout, shoulder"
      }, {
        "code": "M1A211",
        "display": "Drug-induced chronic gout, right shoulder"
      }, {
        "code": "M1A2110",
        "display": "Drug-induced chronic gout, right shoulder, without tophus"
      }, {
        "code": "M1A2111",
        "display": "Drug-induced chronic gout, right shoulder, with tophus"
      }, {
        "code": "M1A212",
        "display": "Drug-induced chronic gout, left shoulder"
      }, {
        "code": "M1A2120",
        "display": "Drug-induced chronic gout, left shoulder, without tophus"
      }, {
        "code": "M1A2121",
        "display": "Drug-induced chronic gout, left shoulder, with tophus"
      }, {
        "code": "M1A219",
        "display": "Drug-induced chronic gout, unspecified shoulder"
      }, {
        "code": "M1A2190",
        "display": "Drug-induced chronic gout, unsp shoulder, without tophus"
      }, {
        "code": "M1A2191",
        "display": "Drug-induced chronic gout, unspecified shoulder, with tophus"
      }, {
        "code": "M1A22",
        "display": "Drug-induced chronic gout, elbow"
      }, {
        "code": "M1A221",
        "display": "Drug-induced chronic gout, right elbow"
      }, {
        "code": "M1A2210",
        "display": "Drug-induced chronic gout, right elbow, without tophus"
      }, {
        "code": "M1A2211",
        "display": "Drug-induced chronic gout, right elbow, with tophus (tophi)"
      }, {
        "code": "M1A222",
        "display": "Drug-induced chronic gout, left elbow"
      }, {
        "code": "M1A2220",
        "display": "Drug-induced chronic gout, left elbow, without tophus"
      }, {
        "code": "M1A2221",
        "display": "Drug-induced chronic gout, left elbow, with tophus (tophi)"
      }, {
        "code": "M1A229",
        "display": "Drug-induced chronic gout, unspecified elbow"
      }, {
        "code": "M1A2290",
        "display": "Drug-induced chronic gout, unspecified elbow, without tophus"
      }, {
        "code": "M1A2291",
        "display": "Drug-induced chronic gout, unspecified elbow, with tophus"
      }, {
        "code": "M1A23",
        "display": "Drug-induced chronic gout, wrist"
      }, {
        "code": "M1A231",
        "display": "Drug-induced chronic gout, right wrist"
      }, {
        "code": "M1A2310",
        "display": "Drug-induced chronic gout, right wrist, without tophus"
      }, {
        "code": "M1A2311",
        "display": "Drug-induced chronic gout, right wrist, with tophus (tophi)"
      }, {
        "code": "M1A232",
        "display": "Drug-induced chronic gout, left wrist"
      }, {
        "code": "M1A2320",
        "display": "Drug-induced chronic gout, left wrist, without tophus"
      }, {
        "code": "M1A2321",
        "display": "Drug-induced chronic gout, left wrist, with tophus (tophi)"
      }, {
        "code": "M1A239",
        "display": "Drug-induced chronic gout, unspecified wrist"
      }, {
        "code": "M1A2390",
        "display": "Drug-induced chronic gout, unspecified wrist, without tophus"
      }, {
        "code": "M1A2391",
        "display": "Drug-induced chronic gout, unspecified wrist, with tophus"
      }, {
        "code": "M1A24",
        "display": "Drug-induced chronic gout, hand"
      }, {
        "code": "M1A241",
        "display": "Drug-induced chronic gout, right hand"
      }, {
        "code": "M1A2410",
        "display": "Drug-induced chronic gout, right hand, without tophus"
      }, {
        "code": "M1A2411",
        "display": "Drug-induced chronic gout, right hand, with tophus (tophi)"
      }, {
        "code": "M1A242",
        "display": "Drug-induced chronic gout, left hand"
      }, {
        "code": "M1A2420",
        "display": "Drug-induced chronic gout, left hand, without tophus (tophi)"
      }, {
        "code": "M1A2421",
        "display": "Drug-induced chronic gout, left hand, with tophus (tophi)"
      }, {
        "code": "M1A249",
        "display": "Drug-induced chronic gout, unspecified hand"
      }, {
        "code": "M1A2490",
        "display": "Drug-induced chronic gout, unspecified hand, without tophus"
      }, {
        "code": "M1A2491",
        "display": "Drug-induced chronic gout, unspecified hand, with tophus"
      }, {
        "code": "M1A25",
        "display": "Drug-induced chronic gout, hip"
      }, {
        "code": "M1A251",
        "display": "Drug-induced chronic gout, right hip"
      }, {
        "code": "M1A2510",
        "display": "Drug-induced chronic gout, right hip, without tophus (tophi)"
      }, {
        "code": "M1A2511",
        "display": "Drug-induced chronic gout, right hip, with tophus (tophi)"
      }, {
        "code": "M1A252",
        "display": "Drug-induced chronic gout, left hip"
      }, {
        "code": "M1A2520",
        "display": "Drug-induced chronic gout, left hip, without tophus (tophi)"
      }, {
        "code": "M1A2521",
        "display": "Drug-induced chronic gout, left hip, with tophus (tophi)"
      }, {
        "code": "M1A259",
        "display": "Drug-induced chronic gout, unspecified hip"
      }, {
        "code": "M1A2590",
        "display": "Drug-induced chronic gout, unspecified hip, without tophus"
      }, {
        "code": "M1A2591",
        "display": "Drug-induced chronic gout, unspecified hip, with tophus"
      }, {
        "code": "M1A26",
        "display": "Drug-induced chronic gout, knee"
      }, {
        "code": "M1A261",
        "display": "Drug-induced chronic gout, right knee"
      }, {
        "code": "M1A2610",
        "display": "Drug-induced chronic gout, right knee, without tophus"
      }, {
        "code": "M1A2611",
        "display": "Drug-induced chronic gout, right knee, with tophus (tophi)"
      }, {
        "code": "M1A262",
        "display": "Drug-induced chronic gout, left knee"
      }, {
        "code": "M1A2620",
        "display": "Drug-induced chronic gout, left knee, without tophus (tophi)"
      }, {
        "code": "M1A2621",
        "display": "Drug-induced chronic gout, left knee, with tophus (tophi)"
      }, {
        "code": "M1A269",
        "display": "Drug-induced chronic gout, unspecified knee"
      }, {
        "code": "M1A2690",
        "display": "Drug-induced chronic gout, unspecified knee, without tophus"
      }, {
        "code": "M1A2691",
        "display": "Drug-induced chronic gout, unspecified knee, with tophus"
      }, {
        "code": "M1A27",
        "display": "Drug-induced chronic gout, ankle and foot"
      }, {
        "code": "M1A271",
        "display": "Drug-induced chronic gout, right ankle and foot"
      }, {
        "code": "M1A2710",
        "display": "Drug-induced chronic gout, right ankle and foot, w/o tophus"
      }, {
        "code": "M1A2711",
        "display": "Drug-induced chronic gout, right ankle and foot, with tophus"
      }, {
        "code": "M1A272",
        "display": "Drug-induced chronic gout, left ankle and foot"
      }, {
        "code": "M1A2720",
        "display": "Drug-induced chronic gout, left ankle and foot, w/o tophus"
      }, {
        "code": "M1A2721",
        "display": "Drug-induced chronic gout, left ankle and foot, with tophus"
      }, {
        "code": "M1A279",
        "display": "Drug-induced chronic gout, unspecified ankle and foot"
      }, {
        "code": "M1A2790",
        "display": "Drug-induced chronic gout, unsp ankle and foot, w/o tophus"
      }, {
        "code": "M1A2791",
        "display": "Drug-induced chronic gout, unsp ankle and foot, with tophus"
      }, {
        "code": "M1A28",
        "display": "Drug-induced chronic gout, vertebrae"
      }, {
        "code": "M1A28X0",
        "display": "Drug-induced chronic gout, vertebrae, without tophus (tophi)"
      }, {
        "code": "M1A28X1",
        "display": "Drug-induced chronic gout, vertebrae, with tophus (tophi)"
      }, {
        "code": "M1A29",
        "display": "Drug-induced chronic gout, multiple sites"
      }, {
        "code": "M1A29X0",
        "display": "Drug-induced chronic gout, multiple sites, without tophus"
      }, {
        "code": "M1A29X1",
        "display": "Drug-induced chronic gout, multiple sites, with tophus"
      }, {
        "code": "M1A3",
        "display": "Chronic gout due to renal impairment"
      }, {
        "code": "M1A30",
        "display": "Chronic gout due to renal impairment, unspecified site"
      }, {
        "code": "M1A30X0",
        "display": "Chronic gout due to renal impairment, unsp site, w/o tophus"
      }, {
        "code": "M1A30X1",
        "display": "Chronic gout due to renal impairment, unsp site, with tophus"
      }, {
        "code": "M1A31",
        "display": "Chronic gout due to renal impairment, shoulder"
      }, {
        "code": "M1A311",
        "display": "Chronic gout due to renal impairment, right shoulder"
      }, {
        "code": "M1A3110",
        "display": "Chronic gout due to renal impairment, r shoulder, w/o toph"
      }, {
        "code": "M1A3111",
        "display": "Chronic gout due to renal impairment, right shoulder, w toph"
      }, {
        "code": "M1A312",
        "display": "Chronic gout due to renal impairment, left shoulder"
      }, {
        "code": "M1A3120",
        "display": "Chronic gout due to renal impairment, l shoulder, w/o toph"
      }, {
        "code": "M1A3121",
        "display": "Chronic gout due to renal impairment, left shoulder, w toph"
      }, {
        "code": "M1A319",
        "display": "Chronic gout due to renal impairment, unspecified shoulder"
      }, {
        "code": "M1A3190",
        "display": "Chronic gout due to renal impairment, unsp shldr, w/o toph"
      }, {
        "code": "M1A3191",
        "display": "Chronic gout due to renal impairment, unsp shoulder, w toph"
      }, {
        "code": "M1A32",
        "display": "Chronic gout due to renal impairment, elbow"
      }, {
        "code": "M1A321",
        "display": "Chronic gout due to renal impairment, right elbow"
      }, {
        "code": "M1A3210",
        "display": "Chronic gout due to renal impairment, right elbow, w/o toph"
      }, {
        "code": "M1A3211",
        "display": "Chronic gout due to renal impairment, right elbow, w tophus"
      }, {
        "code": "M1A322",
        "display": "Chronic gout due to renal impairment, left elbow"
      }, {
        "code": "M1A3220",
        "display": "Chronic gout due to renal impairment, left elbow, w/o tophus"
      }, {
        "code": "M1A3221",
        "display": "Chronic gout due to renal impairment, left elbow, w tophus"
      }, {
        "code": "M1A329",
        "display": "Chronic gout due to renal impairment, unspecified elbow"
      }, {
        "code": "M1A3290",
        "display": "Chronic gout due to renal impairment, unsp elbow, w/o tophus"
      }, {
        "code": "M1A3291",
        "display": "Chronic gout due to renal impairment, unsp elbow, w tophus"
      }, {
        "code": "M1A33",
        "display": "Chronic gout due to renal impairment, wrist"
      }, {
        "code": "M1A331",
        "display": "Chronic gout due to renal impairment, right wrist"
      }, {
        "code": "M1A3310",
        "display": "Chronic gout due to renal impairment, right wrist, w/o toph"
      }, {
        "code": "M1A3311",
        "display": "Chronic gout due to renal impairment, right wrist, w tophus"
      }, {
        "code": "M1A332",
        "display": "Chronic gout due to renal impairment, left wrist"
      }, {
        "code": "M1A3320",
        "display": "Chronic gout due to renal impairment, left wrist, w/o tophus"
      }, {
        "code": "M1A3321",
        "display": "Chronic gout due to renal impairment, left wrist, w tophus"
      }, {
        "code": "M1A339",
        "display": "Chronic gout due to renal impairment, unspecified wrist"
      }, {
        "code": "M1A3390",
        "display": "Chronic gout due to renal impairment, unsp wrist, w/o tophus"
      }, {
        "code": "M1A3391",
        "display": "Chronic gout due to renal impairment, unsp wrist, w tophus"
      }, {
        "code": "M1A34",
        "display": "Chronic gout due to renal impairment, hand"
      }, {
        "code": "M1A341",
        "display": "Chronic gout due to renal impairment, right hand"
      }, {
        "code": "M1A3410",
        "display": "Chronic gout due to renal impairment, right hand, w/o tophus"
      }, {
        "code": "M1A3411",
        "display": "Chronic gout due to renal impairment, right hand, w tophus"
      }, {
        "code": "M1A342",
        "display": "Chronic gout due to renal impairment, left hand"
      }, {
        "code": "M1A3420",
        "display": "Chronic gout due to renal impairment, left hand, w/o tophus"
      }, {
        "code": "M1A3421",
        "display": "Chronic gout due to renal impairment, left hand, with tophus"
      }, {
        "code": "M1A349",
        "display": "Chronic gout due to renal impairment, unspecified hand"
      }, {
        "code": "M1A3490",
        "display": "Chronic gout due to renal impairment, unsp hand, w/o tophus"
      }, {
        "code": "M1A3491",
        "display": "Chronic gout due to renal impairment, unsp hand, with tophus"
      }, {
        "code": "M1A35",
        "display": "Chronic gout due to renal impairment, hip"
      }, {
        "code": "M1A351",
        "display": "Chronic gout due to renal impairment, right hip"
      }, {
        "code": "M1A3510",
        "display": "Chronic gout due to renal impairment, right hip, w/o tophus"
      }, {
        "code": "M1A3511",
        "display": "Chronic gout due to renal impairment, right hip, with tophus"
      }, {
        "code": "M1A352",
        "display": "Chronic gout due to renal impairment, left hip"
      }, {
        "code": "M1A3520",
        "display": "Chronic gout due to renal impairment, left hip, w/o tophus"
      }, {
        "code": "M1A3521",
        "display": "Chronic gout due to renal impairment, left hip, with tophus"
      }, {
        "code": "M1A359",
        "display": "Chronic gout due to renal impairment, unspecified hip"
      }, {
        "code": "M1A3590",
        "display": "Chronic gout due to renal impairment, unsp hip, w/o tophus"
      }, {
        "code": "M1A3591",
        "display": "Chronic gout due to renal impairment, unsp hip, with tophus"
      }, {
        "code": "M1A36",
        "display": "Chronic gout due to renal impairment, knee"
      }, {
        "code": "M1A361",
        "display": "Chronic gout due to renal impairment, right knee"
      }, {
        "code": "M1A3610",
        "display": "Chronic gout due to renal impairment, right knee, w/o tophus"
      }, {
        "code": "M1A3611",
        "display": "Chronic gout due to renal impairment, right knee, w tophus"
      }, {
        "code": "M1A362",
        "display": "Chronic gout due to renal impairment, left knee"
      }, {
        "code": "M1A3620",
        "display": "Chronic gout due to renal impairment, left knee, w/o tophus"
      }, {
        "code": "M1A3621",
        "display": "Chronic gout due to renal impairment, left knee, with tophus"
      }, {
        "code": "M1A369",
        "display": "Chronic gout due to renal impairment, unspecified knee"
      }, {
        "code": "M1A3690",
        "display": "Chronic gout due to renal impairment, unsp knee, w/o tophus"
      }, {
        "code": "M1A3691",
        "display": "Chronic gout due to renal impairment, unsp knee, with tophus"
      }, {
        "code": "M1A37",
        "display": "Chronic gout due to renal impairment, ankle and foot"
      }, {
        "code": "M1A371",
        "display": "Chronic gout due to renal impairment, right ankle and foot"
      }, {
        "code": "M1A3710",
        "display": "Chronic gout due to renal impairment, right ank/ft, w/o toph"
      }, {
        "code": "M1A3711",
        "display": "Chronic gout due to renal impairment, right ank/ft, w toph"
      }, {
        "code": "M1A372",
        "display": "Chronic gout due to renal impairment, left ankle and foot"
      }, {
        "code": "M1A3720",
        "display": "Chronic gout due to renal impairment, left ank/ft, w/o toph"
      }, {
        "code": "M1A3721",
        "display": "Chronic gout due to renal impairment, left ank/ft, w toph"
      }, {
        "code": "M1A379",
        "display": "Chronic gout due to renal impairment, unsp ankle and foot"
      }, {
        "code": "M1A3790",
        "display": "Chronic gout due to renal impairment, unsp ank/ft, w/o toph"
      }, {
        "code": "M1A3791",
        "display": "Chronic gout due to renal impairment, unsp ank/ft, w toph"
      }, {
        "code": "M1A38",
        "display": "Chronic gout due to renal impairment, vertebrae"
      }, {
        "code": "M1A38X0",
        "display": "Chronic gout due to renal impairment, vertebrae, w/o tophus"
      }, {
        "code": "M1A38X1",
        "display": "Chronic gout due to renal impairment, vertebrae, with tophus"
      }, {
        "code": "M1A39",
        "display": "Chronic gout due to renal impairment, multiple sites"
      }, {
        "code": "M1A39X0",
        "display": "Chronic gout due to renal impairment, mult sites, w/o toph"
      }, {
        "code": "M1A39X1",
        "display": "Chronic gout due to renal impairment, multiple sites, w toph"
      }, {
        "code": "M1A4",
        "display": "Other secondary chronic gout"
      }, {
        "code": "M1A40",
        "display": "Other secondary chronic gout, unspecified site"
      }, {
        "code": "M1A40X0",
        "display": "Other secondary chronic gout, unsp site, without tophus"
      }, {
        "code": "M1A40X1",
        "display": "Other secondary chronic gout, unspecified site, with tophus"
      }, {
        "code": "M1A41",
        "display": "Other secondary chronic gout, shoulder"
      }, {
        "code": "M1A411",
        "display": "Other secondary chronic gout, right shoulder"
      }, {
        "code": "M1A4110",
        "display": "Other secondary chronic gout, right shoulder, without tophus"
      }, {
        "code": "M1A4111",
        "display": "Other secondary chronic gout, right shoulder, with tophus"
      }, {
        "code": "M1A412",
        "display": "Other secondary chronic gout, left shoulder"
      }, {
        "code": "M1A4120",
        "display": "Other secondary chronic gout, left shoulder, without tophus"
      }, {
        "code": "M1A4121",
        "display": "Other secondary chronic gout, left shoulder, with tophus"
      }, {
        "code": "M1A419",
        "display": "Other secondary chronic gout, unspecified shoulder"
      }, {
        "code": "M1A4190",
        "display": "Other secondary chronic gout, unsp shoulder, without tophus"
      }, {
        "code": "M1A4191",
        "display": "Other secondary chronic gout, unsp shoulder, with tophus"
      }, {
        "code": "M1A42",
        "display": "Other secondary chronic gout, elbow"
      }, {
        "code": "M1A421",
        "display": "Other secondary chronic gout, right elbow"
      }, {
        "code": "M1A4210",
        "display": "Other secondary chronic gout, right elbow, without tophus"
      }, {
        "code": "M1A4211",
        "display": "Other secondary chronic gout, right elbow, with tophus"
      }, {
        "code": "M1A422",
        "display": "Other secondary chronic gout, left elbow"
      }, {
        "code": "M1A4220",
        "display": "Other secondary chronic gout, left elbow, without tophus"
      }, {
        "code": "M1A4221",
        "display": "Other secondary chronic gout, left elbow, with tophus"
      }, {
        "code": "M1A429",
        "display": "Other secondary chronic gout, unspecified elbow"
      }, {
        "code": "M1A4290",
        "display": "Other secondary chronic gout, unsp elbow, without tophus"
      }, {
        "code": "M1A4291",
        "display": "Other secondary chronic gout, unspecified elbow, with tophus"
      }, {
        "code": "M1A43",
        "display": "Other secondary chronic gout, wrist"
      }, {
        "code": "M1A431",
        "display": "Other secondary chronic gout, right wrist"
      }, {
        "code": "M1A4310",
        "display": "Other secondary chronic gout, right wrist, without tophus"
      }, {
        "code": "M1A4311",
        "display": "Other secondary chronic gout, right wrist, with tophus"
      }, {
        "code": "M1A432",
        "display": "Other secondary chronic gout, left wrist"
      }, {
        "code": "M1A4320",
        "display": "Other secondary chronic gout, left wrist, without tophus"
      }, {
        "code": "M1A4321",
        "display": "Other secondary chronic gout, left wrist, with tophus"
      }, {
        "code": "M1A439",
        "display": "Other secondary chronic gout, unspecified wrist"
      }, {
        "code": "M1A4390",
        "display": "Other secondary chronic gout, unsp wrist, without tophus"
      }, {
        "code": "M1A4391",
        "display": "Other secondary chronic gout, unspecified wrist, with tophus"
      }, {
        "code": "M1A44",
        "display": "Other secondary chronic gout, hand"
      }, {
        "code": "M1A441",
        "display": "Other secondary chronic gout, right hand"
      }, {
        "code": "M1A4410",
        "display": "Other secondary chronic gout, right hand, without tophus"
      }, {
        "code": "M1A4411",
        "display": "Other secondary chronic gout, right hand, with tophus"
      }, {
        "code": "M1A442",
        "display": "Other secondary chronic gout, left hand"
      }, {
        "code": "M1A4420",
        "display": "Other secondary chronic gout, left hand, without tophus"
      }, {
        "code": "M1A4421",
        "display": "Other secondary chronic gout, left hand, with tophus (tophi)"
      }, {
        "code": "M1A449",
        "display": "Other secondary chronic gout, unspecified hand"
      }, {
        "code": "M1A4490",
        "display": "Other secondary chronic gout, unsp hand, without tophus"
      }, {
        "code": "M1A4491",
        "display": "Other secondary chronic gout, unspecified hand, with tophus"
      }, {
        "code": "M1A45",
        "display": "Other secondary chronic gout, hip"
      }, {
        "code": "M1A451",
        "display": "Other secondary chronic gout, right hip"
      }, {
        "code": "M1A4510",
        "display": "Other secondary chronic gout, right hip, without tophus"
      }, {
        "code": "M1A4511",
        "display": "Other secondary chronic gout, right hip, with tophus (tophi)"
      }, {
        "code": "M1A452",
        "display": "Other secondary chronic gout, left hip"
      }, {
        "code": "M1A4520",
        "display": "Other secondary chronic gout, left hip, without tophus"
      }, {
        "code": "M1A4521",
        "display": "Other secondary chronic gout, left hip, with tophus (tophi)"
      }, {
        "code": "M1A459",
        "display": "Other secondary chronic gout, unspecified hip"
      }, {
        "code": "M1A4590",
        "display": "Other secondary chronic gout, unsp hip, without tophus"
      }, {
        "code": "M1A4591",
        "display": "Other secondary chronic gout, unspecified hip, with tophus"
      }, {
        "code": "M1A46",
        "display": "Other secondary chronic gout, knee"
      }, {
        "code": "M1A461",
        "display": "Other secondary chronic gout, right knee"
      }, {
        "code": "M1A4610",
        "display": "Other secondary chronic gout, right knee, without tophus"
      }, {
        "code": "M1A4611",
        "display": "Other secondary chronic gout, right knee, with tophus"
      }, {
        "code": "M1A462",
        "display": "Other secondary chronic gout, left knee"
      }, {
        "code": "M1A4620",
        "display": "Other secondary chronic gout, left knee, without tophus"
      }, {
        "code": "M1A4621",
        "display": "Other secondary chronic gout, left knee, with tophus (tophi)"
      }, {
        "code": "M1A469",
        "display": "Other secondary chronic gout, unspecified knee"
      }, {
        "code": "M1A4690",
        "display": "Other secondary chronic gout, unsp knee, without tophus"
      }, {
        "code": "M1A4691",
        "display": "Other secondary chronic gout, unspecified knee, with tophus"
      }, {
        "code": "M1A47",
        "display": "Other secondary chronic gout, ankle and foot"
      }, {
        "code": "M1A471",
        "display": "Other secondary chronic gout, right ankle and foot"
      }, {
        "code": "M1A4710",
        "display": "Oth secondary chronic gout, right ankle and foot, w/o tophus"
      }, {
        "code": "M1A4711",
        "display": "Oth secondary chronic gout, right ankle and foot, w tophus"
      }, {
        "code": "M1A472",
        "display": "Other secondary chronic gout, left ankle and foot"
      }, {
        "code": "M1A4720",
        "display": "Oth secondary chronic gout, left ankle and foot, w/o tophus"
      }, {
        "code": "M1A4721",
        "display": "Oth secondary chronic gout, left ankle and foot, with tophus"
      }, {
        "code": "M1A479",
        "display": "Other secondary chronic gout, unspecified ankle and foot"
      }, {
        "code": "M1A4790",
        "display": "Oth secondary chronic gout, unsp ankle and foot, w/o tophus"
      }, {
        "code": "M1A4791",
        "display": "Oth secondary chronic gout, unsp ankle and foot, with tophus"
      }, {
        "code": "M1A48",
        "display": "Other secondary chronic gout, vertebrae"
      }, {
        "code": "M1A48X0",
        "display": "Other secondary chronic gout, vertebrae, without tophus"
      }, {
        "code": "M1A48X1",
        "display": "Other secondary chronic gout, vertebrae, with tophus (tophi)"
      }, {
        "code": "M1A49",
        "display": "Other secondary chronic gout, multiple sites"
      }, {
        "code": "M1A49X0",
        "display": "Other secondary chronic gout, multiple sites, without tophus"
      }, {
        "code": "M1A49X1",
        "display": "Other secondary chronic gout, multiple sites, with tophus"
      }, {
        "code": "M1A9",
        "display": "Chronic gout, unspecified"
      }, {
        "code": "M1A9XX0",
        "display": "Chronic gout, unspecified, without tophus (tophi)"
      }, {
        "code": "M1A9XX1",
        "display": "Chronic gout, unspecified, with tophus (tophi)"
      } ]
    } ]
  }
}