{
  "resourceType": "ValueSet",
  "id": "J37",
  "url": "http://hl7.org/fhir/sid/icd-10-cm-726",
  "version": "1.0",
  "name": "Chronic laryngitis and laryngotracheitis",
  "title": "Chronic laryngitis and laryngotracheitis",
  "status": "active",
  "compose": {
    "include": [ {
      "system": "http://hl7.org/fhir/sid/icd-10-cm",
      "concept": [ {
        "code": "J370",
        "display": "Chronic laryngitis"
      }, {
        "code": "J371",
        "display": "Chronic laryngotracheitis"
      } ]
    } ]
  }
}