{
  "resourceType": "ValueSet",
  "id": "P27",
  "url": "http://hl7.org/fhir/sid/icd-10-cm-1165",
  "version": "1.0",
  "name": "Chronic respiratory disease origin in the perinatal period",
  "title": "Chronic respiratory disease originating in the perinatal period",
  "status": "active",
  "compose": {
    "include": [ {
      "system": "http://hl7.org/fhir/sid/icd-10-cm",
      "concept": [ {
        "code": "P270",
        "display": "Wilson-Mikity syndrome"
      }, {
        "code": "P271",
        "display": "Bronchopulmonary dysplasia origin in the perinatal period"
      }, {
        "code": "P278",
        "display": "Oth chronic resp diseases origin in the perinatal period"
      }, {
        "code": "P279",
        "display": "Unsp chronic resp disease origin in the perinatal period"
      } ]
    } ]
  }
}