{
  "resourceType": "ValueSet",
  "id": "B18",
  "url": "http://hl7.org/fhir/sid/icd-10-cm-100",
  "version": "1.0",
  "name": "Chronic viral hepatitis",
  "title": "Chronic viral hepatitis",
  "status": "active",
  "compose": {
    "include": [ {
      "system": "http://hl7.org/fhir/sid/icd-10-cm",
      "concept": [ {
        "code": "B180",
        "display": "Chronic viral hepatitis B with delta-agent"
      }, {
        "code": "B181",
        "display": "Chronic viral hepatitis B without delta-agent"
      }, {
        "code": "B182",
        "display": "Chronic viral hepatitis C"
      }, {
        "code": "B188",
        "display": "Other chronic viral hepatitis"
      }, {
        "code": "B189",
        "display": "Chronic viral hepatitis, unspecified"
      } ]
    } ]
  }
}