{
  "resourceType": "ValueSet",
  "id": "N03",
  "url": "http://hl7.org/fhir/sid/icd-10-cm-990",
  "version": "1.0",
  "name": "Chronic nephritic syndrome",
  "title": "Chronic nephritic syndrome",
  "status": "active",
  "compose": {
    "include": [ {
      "system": "http://hl7.org/fhir/sid/icd-10-cm",
      "concept": [ {
        "code": "N030",
        "display": "Chronic nephritic syndrome with minor glomerular abnormality"
      }, {
        "code": "N031",
        "display": "Chronic neph syndrome w focal and seg glomerular lesions"
      }, {
        "code": "N032",
        "display": "Chronic nephritic syndrome w diffuse membranous glomrlneph"
      }, {
        "code": "N033",
        "display": "Chronic neph syndrome w diffuse mesangial prolif glomrlneph"
      }, {
        "code": "N034",
        "display": "Chronic neph syndrome w diffuse endocaplry prolif glomrlneph"
      }, {
        "code": "N035",
        "display": "Chronic nephritic syndrome w diffuse mesangiocap glomrlneph"
      }, {
        "code": "N036",
        "display": "Chronic nephritic syndrome with dense deposit disease"
      }, {
        "code": "N037",
        "display": "Chronic nephritic syndrome w diffuse crescentic glomrlneph"
      }, {
        "code": "N038",
        "display": "Chronic nephritic syndrome with other morphologic changes"
      }, {
        "code": "N039",
        "display": "Chronic nephritic syndrome with unsp morphologic changes"
      } ]
    } ]
  }
}