{
  "resourceType": "ValueSet",
  "id": "I25",
  "url": "http://hl7.org/fhir/sid/icd-10-cm-640",
  "version": "1.0",
  "name": "Chronic ischemic heart disease",
  "title": "Chronic ischemic heart disease",
  "status": "active",
  "compose": {
    "include": [ {
      "system": "http://hl7.org/fhir/sid/icd-10-cm",
      "concept": [ {
        "code": "I251",
        "display": "Atherosclerotic heart disease of native coronary artery"
      }, {
        "code": "I2510",
        "display": "Athscl heart disease of native coronary artery w/o ang pctrs"
      }, {
        "code": "I2511",
        "display": "Athscl heart disease of native coronary artery w ang pctrs"
      }, {
        "code": "I25110",
        "display": "Athscl heart disease of native cor art w unstable ang pctrs"
      }, {
        "code": "I25111",
        "display": "Athscl heart disease of native cor art w ang pctrs w spasm"
      }, {
        "code": "I25118",
        "display": "Athscl heart disease of native cor art w oth ang pctrs"
      }, {
        "code": "I25119",
        "display": "Athscl heart disease of native cor art w unsp ang pctrs"
      }, {
        "code": "I252",
        "display": "Old myocardial infarction"
      }, {
        "code": "I253",
        "display": "Aneurysm of heart"
      }, {
        "code": "I254",
        "display": "Coronary artery aneurysm and dissection"
      }, {
        "code": "I2541",
        "display": "Coronary artery aneurysm"
      }, {
        "code": "I2542",
        "display": "Coronary artery dissection"
      }, {
        "code": "I255",
        "display": "Ischemic cardiomyopathy"
      }, {
        "code": "I256",
        "display": "Silent myocardial ischemia"
      }, {
        "code": "I257",
        "display": "Athscl CABG and cor art of transplanted heart w ang pctrs"
      }, {
        "code": "I2570",
        "display": "Atherosclerosis of CABG, unsp, w angina pectoris"
      }, {
        "code": "I25700",
        "display": "Atherosclerosis of CABG, unsp, w unstable angina pectoris"
      }, {
        "code": "I25701",
        "display": "Athscl CABG, unsp, w angina pectoris w documented spasm"
      }, {
        "code": "I25708",
        "display": "Atherosclerosis of CABG, unsp, w oth angina pectoris"
      }, {
        "code": "I25709",
        "display": "Atherosclerosis of CABG, unsp, w unsp angina pectoris"
      }, {
        "code": "I2571",
        "display": "Atherosclerosis of autologous vein CABG w angina pectoris"
      }, {
        "code": "I25710",
        "display": "Athscl autologous vein CABG w unstable angina pectoris"
      }, {
        "code": "I25711",
        "display": "Athscl autologous vein CABG w ang pctrs w documented spasm"
      }, {
        "code": "I25718",
        "display": "Athscl autologous vein CABG w oth angina pectoris"
      }, {
        "code": "I25719",
        "display": "Athscl autologous vein CABG w unsp angina pectoris"
      }, {
        "code": "I2572",
        "display": "Atherosclerosis of autologous artery CABG w angina pectoris"
      }, {
        "code": "I25720",
        "display": "Athscl autologous artery CABG w unstable angina pectoris"
      }, {
        "code": "I25721",
        "display": "Athscl autologous artery CABG w ang pctrs w documented spasm"
      }, {
        "code": "I25728",
        "display": "Athscl autologous artery CABG w oth angina pectoris"
      }, {
        "code": "I25729",
        "display": "Athscl autologous artery CABG w unsp angina pectoris"
      }, {
        "code": "I2573",
        "display": "Athscl nonautologous biological CABG w angina pectoris"
      }, {
        "code": "I25730",
        "display": "Athscl nonautologous biological CABG w unstable ang pctrs"
      }, {
        "code": "I25731",
        "display": "Athscl nonaut biological CABG w ang pctrs w documented spasm"
      }, {
        "code": "I25738",
        "display": "Athscl nonautologous biological CABG w oth angina pectoris"
      }, {
        "code": "I25739",
        "display": "Athscl nonautologous biological CABG w unsp angina pectoris"
      }, {
        "code": "I2575",
        "display": "Athscl native cor art of transplanted heart w ang pctrs"
      }, {
        "code": "I25750",
        "display": "Athscl native cor art of txplt heart w unstable angina"
      }, {
        "code": "I25751",
        "display": "Athscl native cor art of txplt heart w ang pctrs w spasm"
      }, {
        "code": "I25758",
        "display": "Athscl native cor art of transplanted heart w oth ang pctrs"
      }, {
        "code": "I25759",
        "display": "Athscl native cor art of transplanted heart w unsp ang pctrs"
      }, {
        "code": "I2576",
        "display": "Athscl bypass of cor art of transplanted heart w ang pctrs"
      }, {
        "code": "I25760",
        "display": "Athscl bypass of cor art of txplt heart w unstable angina"
      }, {
        "code": "I25761",
        "display": "Athscl bypass of cor art of txplt heart w ang pctrs w spasm"
      }, {
        "code": "I25768",
        "display": "Athscl bypass of cor art of txplt heart w oth ang pctrs"
      }, {
        "code": "I25769",
        "display": "Athscl bypass of cor art of txplt heart w unsp ang pctrs"
      }, {
        "code": "I2579",
        "display": "Atherosclerosis of CABG w angina pectoris"
      }, {
        "code": "I25790",
        "display": "Atherosclerosis of CABG w unstable angina pectoris"
      }, {
        "code": "I25791",
        "display": "Atherosclerosis of CABG w angina pectoris w documented spasm"
      }, {
        "code": "I25798",
        "display": "Atherosclerosis of CABG w oth angina pectoris"
      }, {
        "code": "I25799",
        "display": "Atherosclerosis of CABG w unsp angina pectoris"
      }, {
        "code": "I258",
        "display": "Other forms of chronic ischemic heart disease"
      }, {
        "code": "I2581",
        "display": "Atherosclerosis of oth coronary vessels w/o angina pectoris"
      }, {
        "code": "I25810",
        "display": "Atherosclerosis of CABG w/o angina pectoris"
      }, {
        "code": "I25811",
        "display": "Athscl native cor art of transplanted heart w/o ang pctrs"
      }, {
        "code": "I25812",
        "display": "Athscl bypass of cor art of transplanted heart w/o ang pctrs"
      }, {
        "code": "I2582",
        "display": "Chronic total occlusion of coronary artery"
      }, {
        "code": "I2583",
        "display": "Coronary atherosclerosis due to lipid rich plaque"
      }, {
        "code": "I2584",
        "display": "Coronary atherosclerosis due to calcified coronary lesion"
      }, {
        "code": "I2589",
        "display": "Other forms of chronic ischemic heart disease"
      }, {
        "code": "I259",
        "display": "Chronic ischemic heart disease, unspecified"
      } ]
    } ]
  }
}