{
  "resourceType": "ValueSet",
  "id": "J35",
  "url": "http://hl7.org/fhir/sid/icd-10-cm-724",
  "version": "1.0",
  "name": "Chronic diseases of tonsils and adenoids",
  "title": "Chronic diseases of tonsils and adenoids",
  "status": "active",
  "compose": {
    "include": [ {
      "system": "http://hl7.org/fhir/sid/icd-10-cm",
      "concept": [ {
        "code": "J350",
        "display": "Chronic tonsillitis and adenoiditis"
      }, {
        "code": "J3501",
        "display": "Chronic tonsillitis"
      }, {
        "code": "J3502",
        "display": "Chronic adenoiditis"
      }, {
        "code": "J3503",
        "display": "Chronic tonsillitis and adenoiditis"
      }, {
        "code": "J351",
        "display": "Hypertrophy of tonsils"
      }, {
        "code": "J352",
        "display": "Hypertrophy of adenoids"
      }, {
        "code": "J353",
        "display": "Hypertrophy of tonsils with hypertrophy of adenoids"
      }, {
        "code": "J358",
        "display": "Other chronic diseases of tonsils and adenoids"
      }, {
        "code": "J359",
        "display": "Chronic disease of tonsils and adenoids, unspecified"
      } ]
    } ]
  }
}