{
  "resourceType": "ValueSet",
  "id": "L66",
  "url": "http://hl7.org/fhir/sid/icd-10-cm-879",
  "version": "1.0",
  "name": "Cicatricial alopecia [scarring hair loss]",
  "title": "Cicatricial alopecia [scarring hair loss]",
  "status": "active",
  "compose": {
    "include": [ {
      "system": "http://hl7.org/fhir/sid/icd-10-cm",
      "concept": [ {
        "code": "L660",
        "display": "Pseudopelade"
      }, {
        "code": "L661",
        "display": "Lichen planopilaris"
      }, {
        "code": "L662",
        "display": "Folliculitis decalvans"
      }, {
        "code": "L663",
        "display": "Perifolliculitis capitis abscedens"
      }, {
        "code": "L664",
        "display": "Folliculitis ulerythematosa reticulata"
      }, {
        "code": "L668",
        "display": "Other cicatricial alopecia"
      }, {
        "code": "L669",
        "display": "Cicatricial alopecia, unspecified"
      } ]
    } ]
  }
}