{
  "resourceType": "ValueSet",
  "id": "Q37",
  "url": "http://hl7.org/fhir/sid/icd-10-cm-1236",
  "version": "1.0",
  "name": "Cleft palate with cleft lip",
  "title": "Cleft palate with cleft lip",
  "status": "active",
  "compose": {
    "include": [ {
      "system": "http://hl7.org/fhir/sid/icd-10-cm",
      "concept": [ {
        "code": "Q370",
        "display": "Cleft hard palate with bilateral cleft lip"
      }, {
        "code": "Q371",
        "display": "Cleft hard palate with unilateral cleft lip"
      }, {
        "code": "Q372",
        "display": "Cleft soft palate with bilateral cleft lip"
      }, {
        "code": "Q373",
        "display": "Cleft soft palate with unilateral cleft lip"
      }, {
        "code": "Q374",
        "display": "Cleft hard and soft palate with bilateral cleft lip"
      }, {
        "code": "Q375",
        "display": "Cleft hard and soft palate with unilateral cleft lip"
      }, {
        "code": "Q378",
        "display": "Unspecified cleft palate with bilateral cleft lip"
      }, {
        "code": "Q379",
        "display": "Unspecified cleft palate with unilateral cleft lip"
      } ]
    } ]
  }
}