{
  "resourceType": "ValueSet",
  "id": "Q35",
  "url": "http://hl7.org/fhir/sid/icd-10-cm-1234",
  "version": "1.0",
  "name": "Cleft palate",
  "title": "Cleft palate",
  "status": "active",
  "compose": {
    "include": [ {
      "system": "http://hl7.org/fhir/sid/icd-10-cm",
      "concept": [ {
        "code": "Q351",
        "display": "Cleft hard palate"
      }, {
        "code": "Q353",
        "display": "Cleft soft palate"
      }, {
        "code": "Q355",
        "display": "Cleft hard palate with cleft soft palate"
      }, {
        "code": "Q357",
        "display": "Cleft uvula"
      }, {
        "code": "Q359",
        "display": "Cleft palate, unspecified"
      } ]
    } ]
  }
}