{
  "resourceType": "ValueSet",
  "id": "Q36",
  "url": "http://hl7.org/fhir/sid/icd-10-cm-1235",
  "version": "1.0",
  "name": "Cleft lip",
  "title": "Cleft lip",
  "status": "active",
  "compose": {
    "include": [ {
      "system": "http://hl7.org/fhir/sid/icd-10-cm",
      "concept": [ {
        "code": "Q360",
        "display": "Cleft lip, bilateral"
      }, {
        "code": "Q361",
        "display": "Cleft lip, median"
      }, {
        "code": "Q369",
        "display": "Cleft lip, unilateral"
      } ]
    } ]
  }
}