{
  "resourceType": "ValueSet",
  "id": "F14",
  "url": "http://hl7.org/fhir/sid/icd-10-cm-429",
  "version": "1.0",
  "name": "Cocaine related disorders",
  "title": "Cocaine related disorders",
  "status": "active",
  "compose": {
    "include": [ {
      "system": "http://hl7.org/fhir/sid/icd-10-cm",
      "concept": [ {
        "code": "F141",
        "display": "Cocaine abuse"
      }, {
        "code": "F1410",
        "display": "Cocaine abuse, uncomplicated"
      }, {
        "code": "F1411",
        "display": "Cocaine abuse, in remission"
      }, {
        "code": "F1412",
        "display": "Cocaine abuse with intoxication"
      }, {
        "code": "F14120",
        "display": "Cocaine abuse with intoxication, uncomplicated"
      }, {
        "code": "F14121",
        "display": "Cocaine abuse with intoxication with delirium"
      }, {
        "code": "F14122",
        "display": "Cocaine abuse with intoxication with perceptual disturbance"
      }, {
        "code": "F14129",
        "display": "Cocaine abuse with intoxication, unspecified"
      }, {
        "code": "F1414",
        "display": "Cocaine abuse with cocaine-induced mood disorder"
      }, {
        "code": "F1415",
        "display": "Cocaine abuse with cocaine-induced psychotic disorder"
      }, {
        "code": "F14150",
        "display": "Cocaine abuse w cocaine-induc psychotic disorder w delusions"
      }, {
        "code": "F14151",
        "display": "Cocaine abuse w cocaine-induc psychotic disorder w hallucin"
      }, {
        "code": "F14159",
        "display": "Cocaine abuse with cocaine-induced psychotic disorder, unsp"
      }, {
        "code": "F1418",
        "display": "Cocaine abuse with other cocaine-induced disorder"
      }, {
        "code": "F14180",
        "display": "Cocaine abuse with cocaine-induced anxiety disorder"
      }, {
        "code": "F14181",
        "display": "Cocaine abuse with cocaine-induced sexual dysfunction"
      }, {
        "code": "F14182",
        "display": "Cocaine abuse with cocaine-induced sleep disorder"
      }, {
        "code": "F14188",
        "display": "Cocaine abuse with other cocaine-induced disorder"
      }, {
        "code": "F1419",
        "display": "Cocaine abuse with unspecified cocaine-induced disorder"
      }, {
        "code": "F142",
        "display": "Cocaine dependence"
      }, {
        "code": "F1420",
        "display": "Cocaine dependence, uncomplicated"
      }, {
        "code": "F1421",
        "display": "Cocaine dependence, in remission"
      }, {
        "code": "F1422",
        "display": "Cocaine dependence with intoxication"
      }, {
        "code": "F14220",
        "display": "Cocaine dependence with intoxication, uncomplicated"
      }, {
        "code": "F14221",
        "display": "Cocaine dependence with intoxication delirium"
      }, {
        "code": "F14222",
        "display": "Cocaine dependence w intoxication w perceptual disturbance"
      }, {
        "code": "F14229",
        "display": "Cocaine dependence with intoxication, unspecified"
      }, {
        "code": "F1423",
        "display": "Cocaine dependence with withdrawal"
      }, {
        "code": "F1424",
        "display": "Cocaine dependence with cocaine-induced mood disorder"
      }, {
        "code": "F1425",
        "display": "Cocaine dependence with cocaine-induced psychotic disorder"
      }, {
        "code": "F14250",
        "display": "Cocaine depend w cocaine-induc psych disorder w delusions"
      }, {
        "code": "F14251",
        "display": "Cocaine depend w cocaine-induc psychotic disorder w hallucin"
      }, {
        "code": "F14259",
        "display": "Cocaine dependence w cocaine-induc psychotic disorder, unsp"
      }, {
        "code": "F1428",
        "display": "Cocaine dependence with other cocaine-induced disorder"
      }, {
        "code": "F14280",
        "display": "Cocaine dependence with cocaine-induced anxiety disorder"
      }, {
        "code": "F14281",
        "display": "Cocaine dependence with cocaine-induced sexual dysfunction"
      }, {
        "code": "F14282",
        "display": "Cocaine dependence with cocaine-induced sleep disorder"
      }, {
        "code": "F14288",
        "display": "Cocaine dependence with other cocaine-induced disorder"
      }, {
        "code": "F1429",
        "display": "Cocaine dependence with unspecified cocaine-induced disorder"
      }, {
        "code": "F149",
        "display": "Cocaine use, unspecified"
      }, {
        "code": "F1490",
        "display": "Cocaine use, unspecified, uncomplicated"
      }, {
        "code": "F1492",
        "display": "Cocaine use, unspecified with intoxication"
      }, {
        "code": "F14920",
        "display": "Cocaine use, unspecified with intoxication, uncomplicated"
      }, {
        "code": "F14921",
        "display": "Cocaine use, unspecified with intoxication delirium"
      }, {
        "code": "F14922",
        "display": "Cocaine use, unsp w intoxication with perceptual disturbance"
      }, {
        "code": "F14929",
        "display": "Cocaine use, unspecified with intoxication, unspecified"
      }, {
        "code": "F1494",
        "display": "Cocaine use, unspecified with cocaine-induced mood disorder"
      }, {
        "code": "F1495",
        "display": "Cocaine use, unsp with cocaine-induced psychotic disorder"
      }, {
        "code": "F14950",
        "display": "Cocaine use, unsp w cocaine-induc psych disorder w delusions"
      }, {
        "code": "F14951",
        "display": "Cocaine use, unsp w cocaine-induc psych disorder w hallucin"
      }, {
        "code": "F14959",
        "display": "Cocaine use, unsp w cocaine-induced psychotic disorder, unsp"
      }, {
        "code": "F1498",
        "display": "Cocaine use, unspecified with oth cocaine-induced disorder"
      }, {
        "code": "F14980",
        "display": "Cocaine use, unsp with cocaine-induced anxiety disorder"
      }, {
        "code": "F14981",
        "display": "Cocaine use, unsp with cocaine-induced sexual dysfunction"
      }, {
        "code": "F14982",
        "display": "Cocaine use, unspecified with cocaine-induced sleep disorder"
      }, {
        "code": "F14988",
        "display": "Cocaine use, unspecified with other cocaine-induced disorder"
      }, {
        "code": "F1499",
        "display": "Cocaine use, unsp with unspecified cocaine-induced disorder"
      } ]
    } ]
  }
}