{
  "resourceType": "ValueSet",
  "id": "B38",
  "url": "http://hl7.org/fhir/sid/icd-10-cm-112",
  "version": "1.0",
  "name": "Coccidioidomycosis",
  "title": "Coccidioidomycosis",
  "status": "active",
  "compose": {
    "include": [ {
      "system": "http://hl7.org/fhir/sid/icd-10-cm",
      "concept": [ {
        "code": "B380",
        "display": "Acute pulmonary coccidioidomycosis"
      }, {
        "code": "B381",
        "display": "Chronic pulmonary coccidioidomycosis"
      }, {
        "code": "B382",
        "display": "Pulmonary coccidioidomycosis, unspecified"
      }, {
        "code": "B383",
        "display": "Cutaneous coccidioidomycosis"
      }, {
        "code": "B384",
        "display": "Coccidioidomycosis meningitis"
      }, {
        "code": "B387",
        "display": "Disseminated coccidioidomycosis"
      }, {
        "code": "B388",
        "display": "Other forms of coccidioidomycosis"
      }, {
        "code": "B3881",
        "display": "Prostatic coccidioidomycosis"
      }, {
        "code": "B3889",
        "display": "Other forms of coccidioidomycosis"
      }, {
        "code": "B389",
        "display": "Coccidioidomycosis, unspecified"
      } ]
    } ]
  }
}