{
  "resourceType": "ValueSet",
  "id": "D81",
  "url": "http://hl7.org/fhir/sid/icd-10-cm-338",
  "version": "1.0",
  "name": "Combined immunodeficiencies",
  "title": "Combined immunodeficiencies",
  "status": "active",
  "compose": {
    "include": [ {
      "system": "http://hl7.org/fhir/sid/icd-10-cm",
      "concept": [ {
        "code": "D810",
        "display": "Severe combined immunodeficiency with reticular dysgenesis"
      }, {
        "code": "D811",
        "display": "Severe combined immunodeficiency w low T- and B-cell numbers"
      }, {
        "code": "D812",
        "display": "Severe combined immunodef w low or normal B-cell numbers"
      }, {
        "code": "D813",
        "display": "Adenosine deaminase [ADA] deficiency"
      }, {
        "code": "D8130",
        "display": "Adenosine deaminase deficiency, unspecified"
      }, {
        "code": "D8131",
        "display": "Severe combined immunodef due to adenosine deaminase defic"
      }, {
        "code": "D8132",
        "display": "Adenosine deaminase 2 deficiency"
      }, {
        "code": "D8139",
        "display": "Other adenosine deaminase deficiency"
      }, {
        "code": "D814",
        "display": "Nezelof's syndrome"
      }, {
        "code": "D815",
        "display": "Purine nucleoside phosphorylase [PNP] deficiency"
      }, {
        "code": "D816",
        "display": "Major histocompatibility complex class I deficiency"
      }, {
        "code": "D817",
        "display": "Major histocompatibility complex class II deficiency"
      }, {
        "code": "D818",
        "display": "Other combined immunodeficiencies"
      }, {
        "code": "D8181",
        "display": "Biotin-dependent carboxylase deficiency"
      }, {
        "code": "D81810",
        "display": "Biotinidase deficiency"
      }, {
        "code": "D81818",
        "display": "Other biotin-dependent carboxylase deficiency"
      }, {
        "code": "D81819",
        "display": "Biotin-dependent carboxylase deficiency, unspecified"
      }, {
        "code": "D8189",
        "display": "Other combined immunodeficiencies"
      }, {
        "code": "D819",
        "display": "Combined immunodeficiency, unspecified"
      } ]
    } ]
  }
}