{
  "resourceType": "ValueSet",
  "id": "D83",
  "url": "http://hl7.org/fhir/sid/icd-10-cm-340",
  "version": "1.0",
  "name": "Common variable immunodeficiency",
  "title": "Common variable immunodeficiency",
  "status": "active",
  "compose": {
    "include": [ {
      "system": "http://hl7.org/fhir/sid/icd-10-cm",
      "concept": [ {
        "code": "D830",
        "display": "Com variab immunodef w predom abnlt of B-cell nums & functn"
      }, {
        "code": "D831",
        "display": "Com variab immunodef w predom immunoreg T-cell disorders"
      }, {
        "code": "D832",
        "display": "Common variable immunodef w autoantibodies to B- or T-cells"
      }, {
        "code": "D838",
        "display": "Other common variable immunodeficiencies"
      }, {
        "code": "D839",
        "display": "Common variable immunodeficiency, unspecified"
      } ]
    } ]
  }
}