{
  "resourceType": "ValueSet",
  "id": "K95",
  "url": "http://hl7.org/fhir/sid/icd-10-cm-833",
  "version": "1.0",
  "name": "Complications of bariatric procedures",
  "title": "Complications of bariatric procedures",
  "status": "active",
  "compose": {
    "include": [ {
      "system": "http://hl7.org/fhir/sid/icd-10-cm",
      "concept": [ {
        "code": "K950",
        "display": "Complications of gastric band procedure"
      }, {
        "code": "K9501",
        "display": "Infection due to gastric band procedure"
      }, {
        "code": "K9509",
        "display": "Other complications of gastric band procedure"
      }, {
        "code": "K958",
        "display": "Complications of other bariatric procedure"
      }, {
        "code": "K9581",
        "display": "Infection due to other bariatric procedure"
      }, {
        "code": "K9589",
        "display": "Other complications of other bariatric procedure"
      } ]
    } ]
  }
}