{
  "resourceType": "ValueSet",
  "id": "T81",
  "url": "http://hl7.org/fhir/sid/icd-10-cm-1542",
  "version": "1.0",
  "name": "Complications of procedures, not elsewhere classified",
  "title": "Complications of procedures, not elsewhere classified",
  "status": "active",
  "compose": {
    "include": [ {
      "system": "http://hl7.org/fhir/sid/icd-10-cm",
      "concept": [ {
        "code": "T811",
        "display": "Postprocedural shock"
      }, {
        "code": "T8110",
        "display": "Postprocedural shock unspecified"
      }, {
        "code": "T8110XA",
        "display": "Postprocedural shock unspecified, initial encounter"
      }, {
        "code": "T8110XD",
        "display": "Postprocedural shock unspecified, subsequent encounter"
      }, {
        "code": "T8110XS",
        "display": "Postprocedural shock unspecified, sequela"
      }, {
        "code": "T8111",
        "display": "Postprocedural cardiogenic shock"
      }, {
        "code": "T8111XA",
        "display": "Postprocedural cardiogenic shock, initial encounter"
      }, {
        "code": "T8111XD",
        "display": "Postprocedural cardiogenic shock, subsequent encounter"
      }, {
        "code": "T8111XS",
        "display": "Postprocedural cardiogenic shock, sequela"
      }, {
        "code": "T8112",
        "display": "Postprocedural septic shock"
      }, {
        "code": "T8112XA",
        "display": "Postprocedural septic shock, initial encounter"
      }, {
        "code": "T8112XD",
        "display": "Postprocedural septic shock, subsequent encounter"
      }, {
        "code": "T8112XS",
        "display": "Postprocedural septic shock, sequela"
      }, {
        "code": "T8119",
        "display": "Other postprocedural shock"
      }, {
        "code": "T8119XA",
        "display": "Other postprocedural shock, initial encounter"
      }, {
        "code": "T8119XD",
        "display": "Other postprocedural shock, subsequent encounter"
      }, {
        "code": "T8119XS",
        "display": "Other postprocedural shock, sequela"
      }, {
        "code": "T813",
        "display": "Disruption of wound, not elsewhere classified"
      }, {
        "code": "T8130",
        "display": "Disruption of wound, unspecified"
      }, {
        "code": "T8130XA",
        "display": "Disruption of wound, unspecified, initial encounter"
      }, {
        "code": "T8130XD",
        "display": "Disruption of wound, unspecified, subsequent encounter"
      }, {
        "code": "T8130XS",
        "display": "Disruption of wound, unspecified, sequela"
      }, {
        "code": "T8131",
        "display": "Disruption of external operation (surgical) wound, NEC"
      }, {
        "code": "T8131XA",
        "display": "Disruption of external operation (surgical) wound, NEC, init"
      }, {
        "code": "T8131XD",
        "display": "Disruption of external operation (surgical) wound, NEC, subs"
      }, {
        "code": "T8131XS",
        "display": "Disrupt of external operation (surgical) wound, NEC, sequela"
      }, {
        "code": "T8132",
        "display": "Disruption of internal operation (surgical) wound, NEC"
      }, {
        "code": "T8132XA",
        "display": "Disruption of internal operation (surgical) wound, NEC, init"
      }, {
        "code": "T8132XD",
        "display": "Disruption of internal operation (surgical) wound, NEC, subs"
      }, {
        "code": "T8132XS",
        "display": "Disrupt of internal operation (surgical) wound, NEC, sequela"
      }, {
        "code": "T8133",
        "display": "Disruption of traumatic injury wound repair"
      }, {
        "code": "T8133XA",
        "display": "Disruption of traumatic injury wound repair, init encntr"
      }, {
        "code": "T8133XD",
        "display": "Disruption of traumatic injury wound repair, subs encntr"
      }, {
        "code": "T8133XS",
        "display": "Disruption of traumatic injury wound repair, sequela"
      }, {
        "code": "T814",
        "display": "Infection following a procedure"
      }, {
        "code": "T8140",
        "display": "Infection following a procedure, unspecified"
      }, {
        "code": "T8140XA",
        "display": "Infection following a procedure, unspecified, init"
      }, {
        "code": "T8140XD",
        "display": "Infection following a procedure, unspecified, subs"
      }, {
        "code": "T8140XS",
        "display": "Infection following a procedure, unspecified, sequela"
      }, {
        "code": "T8141",
        "display": "Infection fol a procedure, superfic incisional surgical site"
      }, {
        "code": "T8141XA",
        "display": "Infct fol a proc, superfic incisional surgical site, init"
      }, {
        "code": "T8141XD",
        "display": "Infct fol a proc, superfic incisional surgical site, subs"
      }, {
        "code": "T8141XS",
        "display": "Infct fol a proc, superfic incisional surgical site, sequela"
      }, {
        "code": "T8142",
        "display": "Infection fol a procedure, deep incisional surgical site"
      }, {
        "code": "T8142XA",
        "display": "Infct fol a procedure, deep incisional surgical site, init"
      }, {
        "code": "T8142XD",
        "display": "Infct fol a procedure, deep incisional surgical site, subs"
      }, {
        "code": "T8142XS",
        "display": "Infct fol a proc, deep incisional surgical site, sequela"
      }, {
        "code": "T8143",
        "display": "Infection fol a procedure, organ and space surgical site"
      }, {
        "code": "T8143XA",
        "display": "Infct fol a procedure, organ and space surgical site, init"
      }, {
        "code": "T8143XD",
        "display": "Infct fol a procedure, organ and space surgical site, subs"
      }, {
        "code": "T8143XS",
        "display": "Infct fol a proc, organ and space surgical site, sequela"
      }, {
        "code": "T8144",
        "display": "Sepsis following a procedure"
      }, {
        "code": "T8144XA",
        "display": "Sepsis following a procedure, initial encounter"
      }, {
        "code": "T8144XD",
        "display": "Sepsis following a procedure, subsequent encounter"
      }, {
        "code": "T8144XS",
        "display": "Sepsis following a procedure, sequela"
      }, {
        "code": "T8149",
        "display": "Infection following a procedure, other surgical site"
      }, {
        "code": "T8149XA",
        "display": "Infection following a procedure, other surgical site, init"
      }, {
        "code": "T8149XD",
        "display": "Infection following a procedure, other surgical site, subs"
      }, {
        "code": "T8149XS",
        "display": "Infection fol a procedure, other surgical site, sequela"
      }, {
        "code": "T815",
        "display": "Comp of foreign body acc left in body following procedure"
      }, {
        "code": "T8150",
        "display": "Unsp comp of fb acc left in body following procedure"
      }, {
        "code": "T81500",
        "display": "Unsp comp of fb acc left in body fol surgical operation"
      }, {
        "code": "T81500A",
        "display": "Unsp comp of fb acc left in body fol surgical op, init"
      }, {
        "code": "T81500D",
        "display": "Unsp comp of fb acc left in body fol surgical op, subs"
      }, {
        "code": "T81500S",
        "display": "Unsp comp of fb acc left in body fol surgical op, sequela"
      }, {
        "code": "T81501",
        "display": "Unsp comp of fb acc left in body following infusn/transfusn"
      }, {
        "code": "T81501A",
        "display": "Unsp comp of fb acc left in body fol infusn/transfusn, init"
      }, {
        "code": "T81501D",
        "display": "Unsp comp of fb acc left in body fol infusn/transfusn, subs"
      }, {
        "code": "T81501S",
        "display": "Unsp comp of fb acc left in body fol infusn/transfusn, sqla"
      }, {
        "code": "T81502",
        "display": "Unsp comp of fb acc left in body following kidney dialysis"
      }, {
        "code": "T81502A",
        "display": "Unsp comp of fb acc left in body fol kidney dialysis, init"
      }, {
        "code": "T81502D",
        "display": "Unsp comp of fb acc left in body fol kidney dialysis, subs"
      }, {
        "code": "T81502S",
        "display": "Unsp comp of fb acc left in body fol kidney dialysis, sqla"
      }, {
        "code": "T81503",
        "display": "Unsp comp of fb acc left in body fol injection or immuniz"
      }, {
        "code": "T81503A",
        "display": "Unsp comp of fb acc left in body fol inject or immuniz, init"
      }, {
        "code": "T81503D",
        "display": "Unsp comp of fb acc left in body fol inject or immuniz, subs"
      }, {
        "code": "T81503S",
        "display": "Unsp comp of fb acc left in body fol inject or immuniz, sqla"
      }, {
        "code": "T81504",
        "display": "Unsp comp of fb acc left in body following endoscopic exam"
      }, {
        "code": "T81504A",
        "display": "Unsp comp of fb acc left in body following endo exam, init"
      }, {
        "code": "T81504D",
        "display": "Unsp comp of fb acc left in body following endo exam, subs"
      }, {
        "code": "T81504S",
        "display": "Unsp comp of fb acc left in body fol endo exam, sequela"
      }, {
        "code": "T81505",
        "display": "Unsp comp of fb acc left in body following heart cath"
      }, {
        "code": "T81505A",
        "display": "Unsp comp of fb acc left in body following heart cath, init"
      }, {
        "code": "T81505D",
        "display": "Unsp comp of fb acc left in body following heart cath, subs"
      }, {
        "code": "T81505S",
        "display": "Unsp comp of fb acc left in body fol heart cath, sequela"
      }, {
        "code": "T81506",
        "display": "Unsp comp of fb acc left in body following punctr/cath"
      }, {
        "code": "T81506A",
        "display": "Unsp comp of fb acc left in body following punctr/cath, init"
      }, {
        "code": "T81506D",
        "display": "Unsp comp of fb acc left in body following punctr/cath, subs"
      }, {
        "code": "T81506S",
        "display": "Unsp comp of fb acc left in body fol punctr/cath, sequela"
      }, {
        "code": "T81507",
        "display": "Unsp comp of fb acc left in body following remov cath/pack"
      }, {
        "code": "T81507A",
        "display": "Unsp comp of fb acc left in body fol remov cath/pack, init"
      }, {
        "code": "T81507D",
        "display": "Unsp comp of fb acc left in body fol remov cath/pack, subs"
      }, {
        "code": "T81507S",
        "display": "Unsp comp of fb acc left in body fol remov cath/pack, sqla"
      }, {
        "code": "T81508",
        "display": "Unsp comp of fb acc left in body following oth procedure"
      }, {
        "code": "T81508A",
        "display": "Unsp comp of fb acc left in body fol oth procedure, init"
      }, {
        "code": "T81508D",
        "display": "Unsp comp of fb acc left in body fol oth procedure, subs"
      }, {
        "code": "T81508S",
        "display": "Unsp comp of fb acc left in body fol oth procedure, sequela"
      }, {
        "code": "T81509",
        "display": "Unsp comp of fb acc left in body following unsp procedure"
      }, {
        "code": "T81509A",
        "display": "Unsp comp of fb acc left in body fol unsp procedure, init"
      }, {
        "code": "T81509D",
        "display": "Unsp comp of fb acc left in body fol unsp procedure, subs"
      }, {
        "code": "T81509S",
        "display": "Unsp comp of fb acc left in body fol unsp procedure, sequela"
      }, {
        "code": "T8151",
        "display": "Adhesions due to fb acc left in body following procedure"
      }, {
        "code": "T81510",
        "display": "Adhes due to fb acc left in body fol surgical operation"
      }, {
        "code": "T81510A",
        "display": "Adhes due to fb acc left in body fol surgical op, init"
      }, {
        "code": "T81510D",
        "display": "Adhes due to fb acc left in body fol surgical op, subs"
      }, {
        "code": "T81510S",
        "display": "Adhes due to fb acc left in body fol surgical op, sequela"
      }, {
        "code": "T81511",
        "display": "Adhes due to fb acc left in body following infusn/transfusn"
      }, {
        "code": "T81511A",
        "display": "Adhes due to fb acc left in body fol infusn/transfusn, init"
      }, {
        "code": "T81511D",
        "display": "Adhes due to fb acc left in body fol infusn/transfusn, subs"
      }, {
        "code": "T81511S",
        "display": "Adhes due to fb acc left in body fol infusn/transfusn, sqla"
      }, {
        "code": "T81512",
        "display": "Adhes due to fb acc left in body following kidney dialysis"
      }, {
        "code": "T81512A",
        "display": "Adhes due to fb acc left in body fol kidney dialysis, init"
      }, {
        "code": "T81512D",
        "display": "Adhes due to fb acc left in body fol kidney dialysis, subs"
      }, {
        "code": "T81512S",
        "display": "Adhes due to fb acc left in body fol kidney dialysis, sqla"
      }, {
        "code": "T81513",
        "display": "Adhes due to fb acc left in body fol injection or immuniz"
      }, {
        "code": "T81513A",
        "display": "Adhes due to fb acc left in body fol inject or immuniz, init"
      }, {
        "code": "T81513D",
        "display": "Adhes due to fb acc left in body fol inject or immuniz, subs"
      }, {
        "code": "T81513S",
        "display": "Adhes due to fb acc left in body fol inject or immuniz, sqla"
      }, {
        "code": "T81514",
        "display": "Adhesions due to fb acc left in body following endo exam"
      }, {
        "code": "T81514A",
        "display": "Adhes due to fb acc left in body following endo exam, init"
      }, {
        "code": "T81514D",
        "display": "Adhes due to fb acc left in body following endo exam, subs"
      }, {
        "code": "T81514S",
        "display": "Adhes due to fb acc left in body fol endo exam, sequela"
      }, {
        "code": "T81515",
        "display": "Adhesions due to fb acc left in body following heart cath"
      }, {
        "code": "T81515A",
        "display": "Adhes due to fb acc left in body following heart cath, init"
      }, {
        "code": "T81515D",
        "display": "Adhes due to fb acc left in body following heart cath, subs"
      }, {
        "code": "T81515S",
        "display": "Adhes due to fb acc left in body fol heart cath, sequela"
      }, {
        "code": "T81516",
        "display": "Adhesions due to fb acc left in body following punctr/cath"
      }, {
        "code": "T81516A",
        "display": "Adhes due to fb acc left in body following punctr/cath, init"
      }, {
        "code": "T81516D",
        "display": "Adhes due to fb acc left in body following punctr/cath, subs"
      }, {
        "code": "T81516S",
        "display": "Adhes due to fb acc left in body fol punctr/cath, sequela"
      }, {
        "code": "T81517",
        "display": "Adhes due to fb acc left in body following remov cath/pack"
      }, {
        "code": "T81517A",
        "display": "Adhes due to fb acc left in body fol remov cath/pack, init"
      }, {
        "code": "T81517D",
        "display": "Adhes due to fb acc left in body fol remov cath/pack, subs"
      }, {
        "code": "T81517S",
        "display": "Adhes due to fb acc left in body fol remov cath/pack, sqla"
      }, {
        "code": "T81518",
        "display": "Adhesions due to fb acc left in body following oth procedure"
      }, {
        "code": "T81518A",
        "display": "Adhes due to fb acc left in body fol oth procedure, init"
      }, {
        "code": "T81518D",
        "display": "Adhes due to fb acc left in body fol oth procedure, subs"
      }, {
        "code": "T81518S",
        "display": "Adhes due to fb acc left in body fol oth procedure, sequela"
      }, {
        "code": "T81519",
        "display": "Adhes due to fb acc left in body following unsp procedure"
      }, {
        "code": "T81519A",
        "display": "Adhes due to fb acc left in body fol unsp procedure, init"
      }, {
        "code": "T81519D",
        "display": "Adhes due to fb acc left in body fol unsp procedure, subs"
      }, {
        "code": "T81519S",
        "display": "Adhes due to fb acc left in body fol unsp procedure, sequela"
      }, {
        "code": "T8152",
        "display": "Obstruction due to fb acc left in body following procedure"
      }, {
        "code": "T81520",
        "display": "Obst due to fb acc left in body following surgical operation"
      }, {
        "code": "T81520A",
        "display": "Obst due to fb acc left in body fol surgical operation, init"
      }, {
        "code": "T81520D",
        "display": "Obst due to fb acc left in body fol surgical operation, subs"
      }, {
        "code": "T81520S",
        "display": "Obst due to fb acc left in body fol surgical op, sequela"
      }, {
        "code": "T81521",
        "display": "Obst due to fb acc left in body following infusn/transfusn"
      }, {
        "code": "T81521A",
        "display": "Obst due to fb acc left in body fol infusn/transfusn, init"
      }, {
        "code": "T81521D",
        "display": "Obst due to fb acc left in body fol infusn/transfusn, subs"
      }, {
        "code": "T81521S",
        "display": "Obst due to fb acc left in body fol infusn/transfusn, sqla"
      }, {
        "code": "T81522",
        "display": "Obst due to fb acc left in body following kidney dialysis"
      }, {
        "code": "T81522A",
        "display": "Obst due to fb acc left in body fol kidney dialysis, init"
      }, {
        "code": "T81522D",
        "display": "Obst due to fb acc left in body fol kidney dialysis, subs"
      }, {
        "code": "T81522S",
        "display": "Obst due to fb acc left in body fol kidney dialysis, sequela"
      }, {
        "code": "T81523",
        "display": "Obst due to fb acc left in body fol injection or immuniz"
      }, {
        "code": "T81523A",
        "display": "Obst due to fb acc left in body fol inject or immuniz, init"
      }, {
        "code": "T81523D",
        "display": "Obst due to fb acc left in body fol inject or immuniz, subs"
      }, {
        "code": "T81523S",
        "display": "Obst due to fb acc left in body fol inject or immuniz, sqla"
      }, {
        "code": "T81524",
        "display": "Obst due to fb acc left in body following endoscopic exam"
      }, {
        "code": "T81524A",
        "display": "Obst due to fb acc left in body following endo exam, init"
      }, {
        "code": "T81524D",
        "display": "Obst due to fb acc left in body following endo exam, subs"
      }, {
        "code": "T81524S",
        "display": "Obst due to fb acc left in body following endo exam, sequela"
      }, {
        "code": "T81525",
        "display": "Obstruction due to fb acc left in body following heart cath"
      }, {
        "code": "T81525A",
        "display": "Obst due to fb acc left in body following heart cath, init"
      }, {
        "code": "T81525D",
        "display": "Obst due to fb acc left in body following heart cath, subs"
      }, {
        "code": "T81525S",
        "display": "Obst due to fb acc left in body fol heart cath, sequela"
      }, {
        "code": "T81526",
        "display": "Obstruction due to fb acc left in body following punctr/cath"
      }, {
        "code": "T81526A",
        "display": "Obst due to fb acc left in body following punctr/cath, init"
      }, {
        "code": "T81526D",
        "display": "Obst due to fb acc left in body following punctr/cath, subs"
      }, {
        "code": "T81526S",
        "display": "Obst due to fb acc left in body fol punctr/cath, sequela"
      }, {
        "code": "T81527",
        "display": "Obst due to fb acc left in body following remov cath/pack"
      }, {
        "code": "T81527A",
        "display": "Obst due to fb acc left in body fol remov cath/pack, init"
      }, {
        "code": "T81527D",
        "display": "Obst due to fb acc left in body fol remov cath/pack, subs"
      }, {
        "code": "T81527S",
        "display": "Obst due to fb acc left in body fol remov cath/pack, sequela"
      }, {
        "code": "T81528",
        "display": "Obst due to fb acc left in body following oth procedure"
      }, {
        "code": "T81528A",
        "display": "Obst due to fb acc left in body fol oth procedure, init"
      }, {
        "code": "T81528D",
        "display": "Obst due to fb acc left in body fol oth procedure, subs"
      }, {
        "code": "T81528S",
        "display": "Obst due to fb acc left in body fol oth procedure, sequela"
      }, {
        "code": "T81529",
        "display": "Obst due to fb acc left in body following unsp procedure"
      }, {
        "code": "T81529A",
        "display": "Obst due to fb acc left in body fol unsp procedure, init"
      }, {
        "code": "T81529D",
        "display": "Obst due to fb acc left in body fol unsp procedure, subs"
      }, {
        "code": "T81529S",
        "display": "Obst due to fb acc left in body fol unsp procedure, sequela"
      }, {
        "code": "T8153",
        "display": "Perforation due to fb acc left in body following procedure"
      }, {
        "code": "T81530",
        "display": "Perf due to fb acc left in body following surgical operation"
      }, {
        "code": "T81530A",
        "display": "Perf due to fb acc left in body fol surgical operation, init"
      }, {
        "code": "T81530D",
        "display": "Perf due to fb acc left in body fol surgical operation, subs"
      }, {
        "code": "T81530S",
        "display": "Perf due to fb acc left in body fol surgical op, sequela"
      }, {
        "code": "T81531",
        "display": "Perf due to fb acc left in body following infusn/transfusn"
      }, {
        "code": "T81531A",
        "display": "Perf due to fb acc left in body fol infusn/transfusn, init"
      }, {
        "code": "T81531D",
        "display": "Perf due to fb acc left in body fol infusn/transfusn, subs"
      }, {
        "code": "T81531S",
        "display": "Perf due to fb acc left in body fol infusn/transfusn, sqla"
      }, {
        "code": "T81532",
        "display": "Perf due to fb acc left in body following kidney dialysis"
      }, {
        "code": "T81532A",
        "display": "Perf due to fb acc left in body fol kidney dialysis, init"
      }, {
        "code": "T81532D",
        "display": "Perf due to fb acc left in body fol kidney dialysis, subs"
      }, {
        "code": "T81532S",
        "display": "Perf due to fb acc left in body fol kidney dialysis, sequela"
      }, {
        "code": "T81533",
        "display": "Perf due to fb acc left in body fol injection or immuniz"
      }, {
        "code": "T81533A",
        "display": "Perf due to fb acc left in body fol inject or immuniz, init"
      }, {
        "code": "T81533D",
        "display": "Perf due to fb acc left in body fol inject or immuniz, subs"
      }, {
        "code": "T81533S",
        "display": "Perf due to fb acc left in body fol inject or immuniz, sqla"
      }, {
        "code": "T81534",
        "display": "Perf due to fb acc left in body following endoscopic exam"
      }, {
        "code": "T81534A",
        "display": "Perf due to fb acc left in body following endo exam, init"
      }, {
        "code": "T81534D",
        "display": "Perf due to fb acc left in body following endo exam, subs"
      }, {
        "code": "T81534S",
        "display": "Perf due to fb acc left in body following endo exam, sequela"
      }, {
        "code": "T81535",
        "display": "Perforation due to fb acc left in body following heart cath"
      }, {
        "code": "T81535A",
        "display": "Perf due to fb acc left in body following heart cath, init"
      }, {
        "code": "T81535D",
        "display": "Perf due to fb acc left in body following heart cath, subs"
      }, {
        "code": "T81535S",
        "display": "Perf due to fb acc left in body fol heart cath, sequela"
      }, {
        "code": "T81536",
        "display": "Perforation due to fb acc left in body following punctr/cath"
      }, {
        "code": "T81536A",
        "display": "Perf due to fb acc left in body following punctr/cath, init"
      }, {
        "code": "T81536D",
        "display": "Perf due to fb acc left in body following punctr/cath, subs"
      }, {
        "code": "T81536S",
        "display": "Perf due to fb acc left in body fol punctr/cath, sequela"
      }, {
        "code": "T81537",
        "display": "Perf due to fb acc left in body following remov cath/pack"
      }, {
        "code": "T81537A",
        "display": "Perf due to fb acc left in body fol remov cath/pack, init"
      }, {
        "code": "T81537D",
        "display": "Perf due to fb acc left in body fol remov cath/pack, subs"
      }, {
        "code": "T81537S",
        "display": "Perf due to fb acc left in body fol remov cath/pack, sequela"
      }, {
        "code": "T81538",
        "display": "Perf due to fb acc left in body following oth procedure"
      }, {
        "code": "T81538A",
        "display": "Perf due to fb acc left in body fol oth procedure, init"
      }, {
        "code": "T81538D",
        "display": "Perf due to fb acc left in body fol oth procedure, subs"
      }, {
        "code": "T81538S",
        "display": "Perf due to fb acc left in body fol oth procedure, sequela"
      }, {
        "code": "T81539",
        "display": "Perf due to fb acc left in body following unsp procedure"
      }, {
        "code": "T81539A",
        "display": "Perf due to fb acc left in body fol unsp procedure, init"
      }, {
        "code": "T81539D",
        "display": "Perf due to fb acc left in body fol unsp procedure, subs"
      }, {
        "code": "T81539S",
        "display": "Perf due to fb acc left in body fol unsp procedure, sequela"
      }, {
        "code": "T8159",
        "display": "Oth comp of fb acc left in body following procedure"
      }, {
        "code": "T81590",
        "display": "Oth comp of fb acc left in body following surgical operation"
      }, {
        "code": "T81590A",
        "display": "Oth comp of fb acc left in body fol surgical operation, init"
      }, {
        "code": "T81590D",
        "display": "Oth comp of fb acc left in body fol surgical operation, subs"
      }, {
        "code": "T81590S",
        "display": "Oth comp of fb acc left in body fol surgical op, sequela"
      }, {
        "code": "T81591",
        "display": "Oth comp of fb acc left in body following infusn/transfusn"
      }, {
        "code": "T81591A",
        "display": "Oth comp of fb acc left in body fol infusn/transfusn, init"
      }, {
        "code": "T81591D",
        "display": "Oth comp of fb acc left in body fol infusn/transfusn, subs"
      }, {
        "code": "T81591S",
        "display": "Oth comp of fb acc left in body fol infusn/transfusn, sqla"
      }, {
        "code": "T81592",
        "display": "Oth comp of fb acc left in body following kidney dialysis"
      }, {
        "code": "T81592A",
        "display": "Oth comp of fb acc left in body fol kidney dialysis, init"
      }, {
        "code": "T81592D",
        "display": "Oth comp of fb acc left in body fol kidney dialysis, subs"
      }, {
        "code": "T81592S",
        "display": "Oth comp of fb acc left in body fol kidney dialysis, sequela"
      }, {
        "code": "T81593",
        "display": "Oth comp of fb acc left in body fol injection or immuniz"
      }, {
        "code": "T81593A",
        "display": "Oth comp of fb acc left in body fol inject or immuniz, init"
      }, {
        "code": "T81593D",
        "display": "Oth comp of fb acc left in body fol inject or immuniz, subs"
      }, {
        "code": "T81593S",
        "display": "Oth comp of fb acc left in body fol inject or immuniz, sqla"
      }, {
        "code": "T81594",
        "display": "Oth comp of fb acc left in body following endoscopic exam"
      }, {
        "code": "T81594A",
        "display": "Oth comp of fb acc left in body following endo exam, init"
      }, {
        "code": "T81594D",
        "display": "Oth comp of fb acc left in body following endo exam, subs"
      }, {
        "code": "T81594S",
        "display": "Oth comp of fb acc left in body following endo exam, sequela"
      }, {
        "code": "T81595",
        "display": "Oth comp of fb acc left in body following heart cath"
      }, {
        "code": "T81595A",
        "display": "Oth comp of fb acc left in body following heart cath, init"
      }, {
        "code": "T81595D",
        "display": "Oth comp of fb acc left in body following heart cath, subs"
      }, {
        "code": "T81595S",
        "display": "Oth comp of fb acc left in body fol heart cath, sequela"
      }, {
        "code": "T81596",
        "display": "Oth comp of fb acc left in body following punctr/cath"
      }, {
        "code": "T81596A",
        "display": "Oth comp of fb acc left in body following punctr/cath, init"
      }, {
        "code": "T81596D",
        "display": "Oth comp of fb acc left in body following punctr/cath, subs"
      }, {
        "code": "T81596S",
        "display": "Oth comp of fb acc left in body fol punctr/cath, sequela"
      }, {
        "code": "T81597",
        "display": "Oth comp of fb acc left in body following remov cath/pack"
      }, {
        "code": "T81597A",
        "display": "Oth comp of fb acc left in body fol remov cath/pack, init"
      }, {
        "code": "T81597D",
        "display": "Oth comp of fb acc left in body fol remov cath/pack, subs"
      }, {
        "code": "T81597S",
        "display": "Oth comp of fb acc left in body fol remov cath/pack, sequela"
      }, {
        "code": "T81598",
        "display": "Oth comp of fb acc left in body following oth procedure"
      }, {
        "code": "T81598A",
        "display": "Oth comp of fb acc left in body fol oth procedure, init"
      }, {
        "code": "T81598D",
        "display": "Oth comp of fb acc left in body fol oth procedure, subs"
      }, {
        "code": "T81598S",
        "display": "Oth comp of fb acc left in body fol oth procedure, sequela"
      }, {
        "code": "T81599",
        "display": "Oth comp of fb acc left in body following unsp procedure"
      }, {
        "code": "T81599A",
        "display": "Oth comp of fb acc left in body fol unsp procedure, init"
      }, {
        "code": "T81599D",
        "display": "Oth comp of fb acc left in body fol unsp procedure, subs"
      }, {
        "code": "T81599S",
        "display": "Oth comp of fb acc left in body fol unsp procedure, sequela"
      }, {
        "code": "T816",
        "display": "Acute reaction to foreign substance acc left dur proc"
      }, {
        "code": "T8160",
        "display": "Unsp acute reaction to foreign substance acc left dur proc"
      }, {
        "code": "T8160XA",
        "display": "Unsp acute reaction to foreign sub acc left dur proc, init"
      }, {
        "code": "T8160XD",
        "display": "Unsp acute reaction to foreign sub acc left dur proc, subs"
      }, {
        "code": "T8160XS",
        "display": "Unsp acute react to foreign sub acc left dur proc, sequela"
      }, {
        "code": "T8161",
        "display": "Aseptic peritonitis due to foreign sub acc left dur proc"
      }, {
        "code": "T8161XA",
        "display": "Aseptic peritonitis due to forn sub acc left dur proc, init"
      }, {
        "code": "T8161XD",
        "display": "Aseptic peritonitis due to forn sub acc left dur proc, subs"
      }, {
        "code": "T8161XS",
        "display": "Aseptic peritonitis due to forn sub acc left dur proc, sqla"
      }, {
        "code": "T8169",
        "display": "Oth acute reaction to foreign substance acc left dur proc"
      }, {
        "code": "T8169XA",
        "display": "Oth acute reaction to foreign sub acc left dur proc, init"
      }, {
        "code": "T8169XD",
        "display": "Oth acute reaction to foreign sub acc left dur proc, subs"
      }, {
        "code": "T8169XS",
        "display": "Oth acute reaction to foreign sub acc left dur proc, sequela"
      }, {
        "code": "T817",
        "display": "Vascular complications following a procedure, NEC"
      }, {
        "code": "T8171",
        "display": "Complication of artery following a procedure, NEC"
      }, {
        "code": "T81710",
        "display": "Complication of mesenteric artery following a procedure, NEC"
      }, {
        "code": "T81710A",
        "display": "Complication of mesent art following a procedure, NEC, init"
      }, {
        "code": "T81710D",
        "display": "Complication of mesent art following a procedure, NEC, subs"
      }, {
        "code": "T81710S",
        "display": "Comp of mesent art following a procedure, NEC, sequela"
      }, {
        "code": "T81711",
        "display": "Complication of renal artery following a procedure, NEC"
      }, {
        "code": "T81711A",
        "display": "Comp of renal artery following a procedure, NEC, init"
      }, {
        "code": "T81711D",
        "display": "Comp of renal artery following a procedure, NEC, subs"
      }, {
        "code": "T81711S",
        "display": "Comp of renal artery following a procedure, NEC, sequela"
      }, {
        "code": "T81718",
        "display": "Complication of artery following a procedure, NEC"
      }, {
        "code": "T81718A",
        "display": "Complication of artery following a procedure, NEC, init"
      }, {
        "code": "T81718D",
        "display": "Complication of artery following a procedure, NEC, subs"
      }, {
        "code": "T81718S",
        "display": "Complication of artery following a procedure, NEC, sequela"
      }, {
        "code": "T81719",
        "display": "Complication of unsp artery following a procedure, NEC"
      }, {
        "code": "T81719A",
        "display": "Complication of unsp artery following a procedure, NEC, init"
      }, {
        "code": "T81719D",
        "display": "Complication of unsp artery following a procedure, NEC, subs"
      }, {
        "code": "T81719S",
        "display": "Comp of unsp artery following a procedure, NEC, sequela"
      }, {
        "code": "T8172",
        "display": "Complication of vein following a procedure, NEC"
      }, {
        "code": "T8172XA",
        "display": "Complication of vein following a procedure, NEC, init"
      }, {
        "code": "T8172XD",
        "display": "Complication of vein following a procedure, NEC, subs"
      }, {
        "code": "T8172XS",
        "display": "Complication of vein following a procedure, NEC, sequela"
      }, {
        "code": "T818",
        "display": "Other complications of procedures, not elsewhere classified"
      }, {
        "code": "T8181",
        "display": "Complication of inhalation therapy"
      }, {
        "code": "T8181XA",
        "display": "Complication of inhalation therapy, initial encounter"
      }, {
        "code": "T8181XD",
        "display": "Complication of inhalation therapy, subsequent encounter"
      }, {
        "code": "T8181XS",
        "display": "Complication of inhalation therapy, sequela"
      }, {
        "code": "T8182",
        "display": "Emphysema (subcutaneous) resulting from a procedure"
      }, {
        "code": "T8182XA",
        "display": "Emphysema (subcutaneous) resulting from a procedure, init"
      }, {
        "code": "T8182XD",
        "display": "Emphysema (subcutaneous) resulting from a procedure, subs"
      }, {
        "code": "T8182XS",
        "display": "Emphysema (subcutaneous) resulting from a procedure, sequela"
      }, {
        "code": "T8183",
        "display": "Persistent postprocedural fistula"
      }, {
        "code": "T8183XA",
        "display": "Persistent postprocedural fistula, initial encounter"
      }, {
        "code": "T8183XD",
        "display": "Persistent postprocedural fistula, subsequent encounter"
      }, {
        "code": "T8183XS",
        "display": "Persistent postprocedural fistula, sequela"
      }, {
        "code": "T8189",
        "display": "Other complications of procedures, not elsewhere classified"
      }, {
        "code": "T8189XA",
        "display": "Oth complications of procedures, NEC, init"
      }, {
        "code": "T8189XD",
        "display": "Oth complications of procedures, NEC, subs"
      }, {
        "code": "T8189XS",
        "display": "Oth complications of procedures, NEC, sequela"
      }, {
        "code": "T819",
        "display": "Unspecified complication of procedure"
      }, {
        "code": "T819XXA",
        "display": "Unspecified complication of procedure, initial encounter"
      }, {
        "code": "T819XXD",
        "display": "Unspecified complication of procedure, subsequent encounter"
      }, {
        "code": "T819XXS",
        "display": "Unspecified complication of procedure, sequela"
      } ]
    } ]
  }
}