{
  "resourceType": "ValueSet",
  "id": "I51",
  "url": "http://hl7.org/fhir/sid/icd-10-cm-665",
  "version": "1.0",
  "name": "Complications and ill-defined descriptions of heart disease",
  "title": "Complications and ill-defined descriptions of heart disease",
  "status": "active",
  "compose": {
    "include": [ {
      "system": "http://hl7.org/fhir/sid/icd-10-cm",
      "concept": [ {
        "code": "I510",
        "display": "Cardiac septal defect, acquired"
      }, {
        "code": "I511",
        "display": "Rupture of chordae tendineae, not elsewhere classified"
      }, {
        "code": "I512",
        "display": "Rupture of papillary muscle, not elsewhere classified"
      }, {
        "code": "I513",
        "display": "Intracardiac thrombosis, not elsewhere classified"
      }, {
        "code": "I514",
        "display": "Myocarditis, unspecified"
      }, {
        "code": "I515",
        "display": "Myocardial degeneration"
      }, {
        "code": "I517",
        "display": "Cardiomegaly"
      }, {
        "code": "I518",
        "display": "Other ill-defined heart diseases"
      }, {
        "code": "I5181",
        "display": "Takotsubo syndrome"
      }, {
        "code": "I5189",
        "display": "Other ill-defined heart diseases"
      }, {
        "code": "I519",
        "display": "Heart disease, unspecified"
      } ]
    } ]
  }
}