{
  "resourceType": "ValueSet",
  "id": "N98",
  "url": "http://hl7.org/fhir/sid/icd-10-cm-1070",
  "version": "1.0",
  "name": "Complications associated with artificial fertilization",
  "title": "Complications associated with artificial fertilization",
  "status": "active",
  "compose": {
    "include": [ {
      "system": "http://hl7.org/fhir/sid/icd-10-cm",
      "concept": [ {
        "code": "N980",
        "display": "Infection associated with artificial insemination"
      }, {
        "code": "N981",
        "display": "Hyperstimulation of ovaries"
      }, {
        "code": "N982",
        "display": "Comp of attempt introduce of fertilized ovum fol in vitro"
      }, {
        "code": "N983",
        "display": "Comp of attempted introduction of embryo in embryo transfer"
      }, {
        "code": "N988",
        "display": "Other complications associated with artificial fertilization"
      }, {
        "code": "N989",
        "display": "Complication associated with artificial fertilization, unsp"
      } ]
    } ]
  }
}