{
  "resourceType": "ValueSet",
  "id": "O89",
  "url": "http://hl7.org/fhir/sid/icd-10-cm-1136",
  "version": "1.0",
  "name": "Complications of anesthesia during the puerperium",
  "title": "Complications of anesthesia during the puerperium",
  "status": "active",
  "compose": {
    "include": [ {
      "system": "http://hl7.org/fhir/sid/icd-10-cm",
      "concept": [ {
        "code": "O890",
        "display": "Pulmonary complications of anesthesia during the puerperium"
      }, {
        "code": "O8901",
        "display": "Aspiration pneumonitis due to anesth during the puerperium"
      }, {
        "code": "O8909",
        "display": "Oth pulmonary comp of anesthesia during the puerperium"
      }, {
        "code": "O891",
        "display": "Cardiac complications of anesthesia during the puerperium"
      }, {
        "code": "O892",
        "display": "Cnsl complications of anesthesia during the puerperium"
      }, {
        "code": "O893",
        "display": "Toxic reaction to local anesthesia during the puerperium"
      }, {
        "code": "O894",
        "display": "Spinal and epidur anesthesia-induced hdache during the puerp"
      }, {
        "code": "O895",
        "display": "Oth comp of spinal and epidural anesth during the puerperium"
      }, {
        "code": "O896",
        "display": "Failed or difficult intubation for anesth during the puerp"
      }, {
        "code": "O898",
        "display": "Other complications of anesthesia during the puerperium"
      }, {
        "code": "O899",
        "display": "Complication of anesthesia during the puerperium, unsp"
      } ]
    } ]
  }
}