{
  "resourceType": "ValueSet",
  "id": "O90",
  "url": "http://hl7.org/fhir/sid/icd-10-cm-1137",
  "version": "1.0",
  "name": "Complications of the puerperium, not elsewhere classified",
  "title": "Complications of the puerperium, not elsewhere classified",
  "status": "active",
  "compose": {
    "include": [ {
      "system": "http://hl7.org/fhir/sid/icd-10-cm",
      "concept": [ {
        "code": "O900",
        "display": "Disruption of cesarean delivery wound"
      }, {
        "code": "O901",
        "display": "Disruption of perineal obstetric wound"
      }, {
        "code": "O902",
        "display": "Hematoma of obstetric wound"
      }, {
        "code": "O903",
        "display": "Peripartum cardiomyopathy"
      }, {
        "code": "O904",
        "display": "Postpartum acute kidney failure"
      }, {
        "code": "O905",
        "display": "Postpartum thyroiditis"
      }, {
        "code": "O906",
        "display": "Postpartum mood disturbance"
      }, {
        "code": "O908",
        "display": "Oth complications of the puerperium, NEC"
      }, {
        "code": "O9081",
        "display": "Anemia of the puerperium"
      }, {
        "code": "O9089",
        "display": "Oth complications of the puerperium, NEC"
      }, {
        "code": "O909",
        "display": "Complication of the puerperium, unspecified"
      } ]
    } ]
  }
}