{
  "resourceType": "ValueSet",
  "id": "O29",
  "url": "http://hl7.org/fhir/sid/icd-10-cm-1095",
  "version": "1.0",
  "name": "Complications of anesthesia during pregnancy",
  "title": "Complications of anesthesia during pregnancy",
  "status": "active",
  "compose": {
    "include": [ {
      "system": "http://hl7.org/fhir/sid/icd-10-cm",
      "concept": [ {
        "code": "O290",
        "display": "Pulmonary complications of anesthesia during pregnancy"
      }, {
        "code": "O2901",
        "display": "Aspiration pneumonitis due to anesthesia during pregnancy"
      }, {
        "code": "O29011",
        "display": "Aspirat pneumonitis due to anesth during preg, first tri"
      }, {
        "code": "O29012",
        "display": "Aspirat pneumonitis due to anesth during preg, second tri"
      }, {
        "code": "O29013",
        "display": "Aspirat pneumonitis due to anesth during preg, third tri"
      }, {
        "code": "O29019",
        "display": "Aspirat pneumonitis due to anesth during preg, unsp tri"
      }, {
        "code": "O2902",
        "display": "Pressure collapse of lung due to anesthesia during pregnancy"
      }, {
        "code": "O29021",
        "display": "Pressr collapse of lung due to anesth during preg, first tri"
      }, {
        "code": "O29022",
        "display": "Pressr collapse of lung d/t anesth during preg, second tri"
      }, {
        "code": "O29023",
        "display": "Pressr collapse of lung due to anesth during preg, third tri"
      }, {
        "code": "O29029",
        "display": "Pressr collapse of lung due to anesth during preg, unsp tri"
      }, {
        "code": "O2909",
        "display": "Other pulmonary complications of anesthesia during pregnancy"
      }, {
        "code": "O29091",
        "display": "Oth pulmonary comp of anesth during preg, first trimester"
      }, {
        "code": "O29092",
        "display": "Oth pulmonary comp of anesth during preg, second trimester"
      }, {
        "code": "O29093",
        "display": "Oth pulmonary comp of anesth during preg, third trimester"
      }, {
        "code": "O29099",
        "display": "Oth pulmonary comp of anesth during preg, unsp trimester"
      }, {
        "code": "O291",
        "display": "Cardiac complications of anesthesia during pregnancy"
      }, {
        "code": "O2911",
        "display": "Cardiac arrest due to anesthesia during pregnancy"
      }, {
        "code": "O29111",
        "display": "Cardiac arrest due to anesth during preg, first trimester"
      }, {
        "code": "O29112",
        "display": "Cardiac arrest due to anesth during preg, second trimester"
      }, {
        "code": "O29113",
        "display": "Cardiac arrest due to anesth during preg, third trimester"
      }, {
        "code": "O29119",
        "display": "Cardiac arrest due to anesth during preg, unsp trimester"
      }, {
        "code": "O2912",
        "display": "Cardiac failure due to anesthesia during pregnancy"
      }, {
        "code": "O29121",
        "display": "Cardiac failure due to anesth during preg, first trimester"
      }, {
        "code": "O29122",
        "display": "Cardiac failure due to anesth during preg, second trimester"
      }, {
        "code": "O29123",
        "display": "Cardiac failure due to anesth during preg, third trimester"
      }, {
        "code": "O29129",
        "display": "Cardiac failure due to anesth during preg, unsp trimester"
      }, {
        "code": "O2919",
        "display": "Other cardiac complications of anesthesia during pregnancy"
      }, {
        "code": "O29191",
        "display": "Oth cardiac comp of anesth during pregnancy, first trimester"
      }, {
        "code": "O29192",
        "display": "Oth cardiac comp of anesth during preg, second trimester"
      }, {
        "code": "O29193",
        "display": "Oth cardiac comp of anesth during pregnancy, third trimester"
      }, {
        "code": "O29199",
        "display": "Oth cardiac comp of anesth during pregnancy, unsp trimester"
      }, {
        "code": "O292",
        "display": "Cnsl complications of anesthesia during pregnancy"
      }, {
        "code": "O2921",
        "display": "Cerebral anoxia due to anesthesia during pregnancy"
      }, {
        "code": "O29211",
        "display": "Cerebral anoxia due to anesth during preg, first trimester"
      }, {
        "code": "O29212",
        "display": "Cerebral anoxia due to anesth during preg, second trimester"
      }, {
        "code": "O29213",
        "display": "Cerebral anoxia due to anesth during preg, third trimester"
      }, {
        "code": "O29219",
        "display": "Cerebral anoxia due to anesth during preg, unsp trimester"
      }, {
        "code": "O2929",
        "display": "Oth cnsl complications of anesthesia during pregnancy"
      }, {
        "code": "O29291",
        "display": "Oth cnsl comp of anesth during pregnancy, first trimester"
      }, {
        "code": "O29292",
        "display": "Oth cnsl comp of anesth during pregnancy, second trimester"
      }, {
        "code": "O29293",
        "display": "Oth cnsl comp of anesth during pregnancy, third trimester"
      }, {
        "code": "O29299",
        "display": "Oth cnsl comp of anesthesia during pregnancy, unsp trimester"
      }, {
        "code": "O293",
        "display": "Toxic reaction to local anesthesia during pregnancy"
      }, {
        "code": "O293X",
        "display": "Toxic reaction to local anesthesia during pregnancy"
      }, {
        "code": "O293X1",
        "display": "Toxic reaction to local anesth during preg, first trimester"
      }, {
        "code": "O293X2",
        "display": "Toxic reaction to local anesth during preg, second trimester"
      }, {
        "code": "O293X3",
        "display": "Toxic reaction to local anesth during preg, third trimester"
      }, {
        "code": "O293X9",
        "display": "Toxic reaction to local anesth during preg, unsp trimester"
      }, {
        "code": "O294",
        "display": "Spinal and epidural anesth induced headache during pregnancy"
      }, {
        "code": "O2940",
        "display": "Spinal and epidur anesth induce hdache during preg, unsp tri"
      }, {
        "code": "O2941",
        "display": "Spinal and epidur anesth induce hdache dur preg, first tri"
      }, {
        "code": "O2942",
        "display": "Spinal and epidur anesth induce hdache dur preg, second tri"
      }, {
        "code": "O2943",
        "display": "Spinal and epidur anesth induce hdache dur preg, third tri"
      }, {
        "code": "O295",
        "display": "Oth comp of spinal and epidural anesthesia during pregnancy"
      }, {
        "code": "O295X",
        "display": "Oth comp of spinal and epidural anesthesia during pregnancy"
      }, {
        "code": "O295X1",
        "display": "Oth comp of spinal and epidur anesth during preg, first tri"
      }, {
        "code": "O295X2",
        "display": "Oth comp of spinal and epidur anesth during preg, second tri"
      }, {
        "code": "O295X3",
        "display": "Oth comp of spinal and epidur anesth during preg, third tri"
      }, {
        "code": "O295X9",
        "display": "Oth comp of spinal and epidural anesth during preg, unsp tri"
      }, {
        "code": "O296",
        "display": "Failed or difficult intubation for anesth during pregnancy"
      }, {
        "code": "O2960",
        "display": "Failed or difficult intubation for anesth dur preg, unsp tri"
      }, {
        "code": "O2961",
        "display": "Fail or difficult intubation for anesth dur preg, first tri"
      }, {
        "code": "O2962",
        "display": "Fail or difficult intubation for anesth dur preg, second tri"
      }, {
        "code": "O2963",
        "display": "Fail or difficult intubation for anesth dur preg, third tri"
      }, {
        "code": "O298",
        "display": "Other complications of anesthesia during pregnancy"
      }, {
        "code": "O298X",
        "display": "Other complications of anesthesia during pregnancy"
      }, {
        "code": "O298X1",
        "display": "Oth comp of anesthesia during pregnancy, first trimester"
      }, {
        "code": "O298X2",
        "display": "Oth comp of anesthesia during pregnancy, second trimester"
      }, {
        "code": "O298X3",
        "display": "Oth comp of anesthesia during pregnancy, third trimester"
      }, {
        "code": "O298X9",
        "display": "Oth comp of anesthesia during pregnancy, unsp trimester"
      }, {
        "code": "O299",
        "display": "Unspecified complication of anesthesia during pregnancy"
      }, {
        "code": "O2990",
        "display": "Unsp comp of anesthesia during pregnancy, unsp trimester"
      }, {
        "code": "O2991",
        "display": "Unsp comp of anesthesia during pregnancy, first trimester"
      }, {
        "code": "O2992",
        "display": "Unsp comp of anesthesia during pregnancy, second trimester"
      }, {
        "code": "O2993",
        "display": "Unsp comp of anesthesia during pregnancy, third trimester"
      } ]
    } ]
  }
}