{
  "resourceType": "ValueSet",
  "id": "O31",
  "url": "http://hl7.org/fhir/sid/icd-10-cm-1097",
  "version": "1.0",
  "name": "Complications specific to multiple gestation",
  "title": "Complications specific to multiple gestation",
  "status": "active",
  "compose": {
    "include": [ {
      "system": "http://hl7.org/fhir/sid/icd-10-cm",
      "concept": [ {
        "code": "O310",
        "display": "Papyraceous fetus"
      }, {
        "code": "O3100",
        "display": "Papyraceous fetus, unspecified trimester"
      }, {
        "code": "O3100X0",
        "display": "Papyraceous fetus, unsp trimester, not applicable or unsp"
      }, {
        "code": "O3100X1",
        "display": "Papyraceous fetus, unspecified trimester, fetus 1"
      }, {
        "code": "O3100X2",
        "display": "Papyraceous fetus, unspecified trimester, fetus 2"
      }, {
        "code": "O3100X3",
        "display": "Papyraceous fetus, unspecified trimester, fetus 3"
      }, {
        "code": "O3100X4",
        "display": "Papyraceous fetus, unspecified trimester, fetus 4"
      }, {
        "code": "O3100X5",
        "display": "Papyraceous fetus, unspecified trimester, fetus 5"
      }, {
        "code": "O3100X9",
        "display": "Papyraceous fetus, unspecified trimester, other fetus"
      }, {
        "code": "O3101",
        "display": "Papyraceous fetus, first trimester"
      }, {
        "code": "O3101X0",
        "display": "Papyraceous fetus, first trimester, not applicable or unsp"
      }, {
        "code": "O3101X1",
        "display": "Papyraceous fetus, first trimester, fetus 1"
      }, {
        "code": "O3101X2",
        "display": "Papyraceous fetus, first trimester, fetus 2"
      }, {
        "code": "O3101X3",
        "display": "Papyraceous fetus, first trimester, fetus 3"
      }, {
        "code": "O3101X4",
        "display": "Papyraceous fetus, first trimester, fetus 4"
      }, {
        "code": "O3101X5",
        "display": "Papyraceous fetus, first trimester, fetus 5"
      }, {
        "code": "O3101X9",
        "display": "Papyraceous fetus, first trimester, other fetus"
      }, {
        "code": "O3102",
        "display": "Papyraceous fetus, second trimester"
      }, {
        "code": "O3102X0",
        "display": "Papyraceous fetus, second trimester, not applicable or unsp"
      }, {
        "code": "O3102X1",
        "display": "Papyraceous fetus, second trimester, fetus 1"
      }, {
        "code": "O3102X2",
        "display": "Papyraceous fetus, second trimester, fetus 2"
      }, {
        "code": "O3102X3",
        "display": "Papyraceous fetus, second trimester, fetus 3"
      }, {
        "code": "O3102X4",
        "display": "Papyraceous fetus, second trimester, fetus 4"
      }, {
        "code": "O3102X5",
        "display": "Papyraceous fetus, second trimester, fetus 5"
      }, {
        "code": "O3102X9",
        "display": "Papyraceous fetus, second trimester, other fetus"
      }, {
        "code": "O3103",
        "display": "Papyraceous fetus, third trimester"
      }, {
        "code": "O3103X0",
        "display": "Papyraceous fetus, third trimester, not applicable or unsp"
      }, {
        "code": "O3103X1",
        "display": "Papyraceous fetus, third trimester, fetus 1"
      }, {
        "code": "O3103X2",
        "display": "Papyraceous fetus, third trimester, fetus 2"
      }, {
        "code": "O3103X3",
        "display": "Papyraceous fetus, third trimester, fetus 3"
      }, {
        "code": "O3103X4",
        "display": "Papyraceous fetus, third trimester, fetus 4"
      }, {
        "code": "O3103X5",
        "display": "Papyraceous fetus, third trimester, fetus 5"
      }, {
        "code": "O3103X9",
        "display": "Papyraceous fetus, third trimester, other fetus"
      }, {
        "code": "O311",
        "display": "Cont pregnancy after spon abortion of one fetus or more"
      }, {
        "code": "O3110",
        "display": "Cont preg after spon abortion of one fetus or more, unsp tri"
      }, {
        "code": "O3110X0",
        "display": "Cont preg aft spon abort of one fts or more, unsp tri, unsp"
      }, {
        "code": "O3110X1",
        "display": "Cont preg aft spon abort of one fts or more, unsp tri, fts1"
      }, {
        "code": "O3110X2",
        "display": "Cont preg aft spon abort of one fts or more, unsp tri, fts2"
      }, {
        "code": "O3110X3",
        "display": "Cont preg aft spon abort of one fts or more, unsp tri, fts3"
      }, {
        "code": "O3110X4",
        "display": "Cont preg aft spon abort of one fts or more, unsp tri, fts4"
      }, {
        "code": "O3110X5",
        "display": "Cont preg aft spon abort of one fts or more, unsp tri, fts5"
      }, {
        "code": "O3110X9",
        "display": "Cont preg aft spon abort of one fetus or more, unsp tri, oth"
      }, {
        "code": "O3111",
        "display": "Cont preg after spon abort of one fetus or more, first tri"
      }, {
        "code": "O3111X0",
        "display": "Cont preg aft spon abort of one fts or more, first tri, unsp"
      }, {
        "code": "O3111X1",
        "display": "Cont preg aft spon abort of one fts or more, first tri, fts1"
      }, {
        "code": "O3111X2",
        "display": "Cont preg aft spon abort of one fts or more, first tri, fts2"
      }, {
        "code": "O3111X3",
        "display": "Cont preg aft spon abort of one fts or more, first tri, fts3"
      }, {
        "code": "O3111X4",
        "display": "Cont preg aft spon abort of one fts or more, first tri, fts4"
      }, {
        "code": "O3111X5",
        "display": "Cont preg aft spon abort of one fts or more, first tri, fts5"
      }, {
        "code": "O3111X9",
        "display": "Cont preg aft spon abort of one fts or more, first tri, oth"
      }, {
        "code": "O3112",
        "display": "Cont preg after spon abort of one fetus or more, second tri"
      }, {
        "code": "O3112X0",
        "display": "Cont preg aft spon abort of one fetus or more, 2nd tri, unsp"
      }, {
        "code": "O3112X1",
        "display": "Cont preg aft spon abort of one fetus or more, 2nd tri, fts1"
      }, {
        "code": "O3112X2",
        "display": "Cont preg aft spon abort of one fetus or more, 2nd tri, fts2"
      }, {
        "code": "O3112X3",
        "display": "Cont preg aft spon abort of one fetus or more, 2nd tri, fts3"
      }, {
        "code": "O3112X4",
        "display": "Cont preg aft spon abort of one fetus or more, 2nd tri, fts4"
      }, {
        "code": "O3112X5",
        "display": "Cont preg aft spon abort of one fetus or more, 2nd tri, fts5"
      }, {
        "code": "O3112X9",
        "display": "Cont preg aft spon abort of one fetus or more, 2nd tri, oth"
      }, {
        "code": "O3113",
        "display": "Cont preg after spon abort of one fetus or more, third tri"
      }, {
        "code": "O3113X0",
        "display": "Cont preg aft spon abort of one fts or more, third tri, unsp"
      }, {
        "code": "O3113X1",
        "display": "Cont preg aft spon abort of one fts or more, third tri, fts1"
      }, {
        "code": "O3113X2",
        "display": "Cont preg aft spon abort of one fts or more, third tri, fts2"
      }, {
        "code": "O3113X3",
        "display": "Cont preg aft spon abort of one fts or more, third tri, fts3"
      }, {
        "code": "O3113X4",
        "display": "Cont preg aft spon abort of one fts or more, third tri, fts4"
      }, {
        "code": "O3113X5",
        "display": "Cont preg aft spon abort of one fts or more, third tri, fts5"
      }, {
        "code": "O3113X9",
        "display": "Cont preg aft spon abort of one fts or more, third tri, oth"
      }, {
        "code": "O312",
        "display": "Continuing pregnancy after uterin death of one fetus or more"
      }, {
        "code": "O3120",
        "display": "Cont preg after uterin death of one fetus or more, unsp tri"
      }, {
        "code": "O3120X0",
        "display": "Cont preg aft uterin dth of one fts or more, unsp tri, unsp"
      }, {
        "code": "O3120X1",
        "display": "Cont preg aft uterin dth of one fts or more, unsp tri, fts1"
      }, {
        "code": "O3120X2",
        "display": "Cont preg aft uterin dth of one fts or more, unsp tri, fts2"
      }, {
        "code": "O3120X3",
        "display": "Cont preg aft uterin dth of one fts or more, unsp tri, fts3"
      }, {
        "code": "O3120X4",
        "display": "Cont preg aft uterin dth of one fts or more, unsp tri, fts4"
      }, {
        "code": "O3120X5",
        "display": "Cont preg aft uterin dth of one fts or more, unsp tri, fts5"
      }, {
        "code": "O3120X9",
        "display": "Cont preg aft uterin dth of one fetus or more, unsp tri, oth"
      }, {
        "code": "O3121",
        "display": "Cont preg after uterin death of one fetus or more, first tri"
      }, {
        "code": "O3121X0",
        "display": "Cont preg aft uterin dth of one fts or more, first tri, unsp"
      }, {
        "code": "O3121X1",
        "display": "Cont preg aft uterin dth of one fts or more, first tri, fts1"
      }, {
        "code": "O3121X2",
        "display": "Cont preg aft uterin dth of one fts or more, first tri, fts2"
      }, {
        "code": "O3121X3",
        "display": "Cont preg aft uterin dth of one fts or more, first tri, fts3"
      }, {
        "code": "O3121X4",
        "display": "Cont preg aft uterin dth of one fts or more, first tri, fts4"
      }, {
        "code": "O3121X5",
        "display": "Cont preg aft uterin dth of one fts or more, first tri, fts5"
      }, {
        "code": "O3121X9",
        "display": "Cont preg aft uterin dth of one fts or more, first tri, oth"
      }, {
        "code": "O3122",
        "display": "Cont preg after uterin death of one fetus or more, 2nd tri"
      }, {
        "code": "O3122X0",
        "display": "Cont preg aft uterin dth of one fetus or more, 2nd tri, unsp"
      }, {
        "code": "O3122X1",
        "display": "Cont preg aft uterin dth of one fetus or more, 2nd tri, fts1"
      }, {
        "code": "O3122X2",
        "display": "Cont preg aft uterin dth of one fetus or more, 2nd tri, fts2"
      }, {
        "code": "O3122X3",
        "display": "Cont preg aft uterin dth of one fetus or more, 2nd tri, fts3"
      }, {
        "code": "O3122X4",
        "display": "Cont preg aft uterin dth of one fetus or more, 2nd tri, fts4"
      }, {
        "code": "O3122X5",
        "display": "Cont preg aft uterin dth of one fetus or more, 2nd tri, fts5"
      }, {
        "code": "O3122X9",
        "display": "Cont preg aft uterin dth of one fetus or more, 2nd tri, oth"
      }, {
        "code": "O3123",
        "display": "Cont preg after uterin death of one fetus or more, third tri"
      }, {
        "code": "O3123X0",
        "display": "Cont preg aft uterin dth of one fts or more, third tri, unsp"
      }, {
        "code": "O3123X1",
        "display": "Cont preg aft uterin dth of one fts or more, third tri, fts1"
      }, {
        "code": "O3123X2",
        "display": "Cont preg aft uterin dth of one fts or more, third tri, fts2"
      }, {
        "code": "O3123X3",
        "display": "Cont preg aft uterin dth of one fts or more, third tri, fts3"
      }, {
        "code": "O3123X4",
        "display": "Cont preg aft uterin dth of one fts or more, third tri, fts4"
      }, {
        "code": "O3123X5",
        "display": "Cont preg aft uterin dth of one fts or more, third tri, fts5"
      }, {
        "code": "O3123X9",
        "display": "Cont preg aft uterin dth of one fts or more, third tri, oth"
      }, {
        "code": "O313",
        "display": "Cont preg after elective fetal rdct of one fetus or more"
      }, {
        "code": "O3130",
        "display": "Cont preg aft elctv fetl rdct of one fetus or more, unsp tri"
      }, {
        "code": "O3130X0",
        "display": "Cont preg aft elctv fetl rdct of 1 fts or more,unsp tri,unsp"
      }, {
        "code": "O3130X1",
        "display": "Cont preg aft elctv fetl rdct of 1 fts or more,unsp tri,fts1"
      }, {
        "code": "O3130X2",
        "display": "Cont preg aft elctv fetl rdct of 1 fts or more,unsp tri,fts2"
      }, {
        "code": "O3130X3",
        "display": "Cont preg aft elctv fetl rdct of 1 fts or more,unsp tri,fts3"
      }, {
        "code": "O3130X4",
        "display": "Cont preg aft elctv fetl rdct of 1 fts or more,unsp tri,fts4"
      }, {
        "code": "O3130X5",
        "display": "Cont preg aft elctv fetl rdct of 1 fts or more,unsp tri,fts5"
      }, {
        "code": "O3130X9",
        "display": "Cont preg aft elctv fetl rdct of 1 fts or more,unsp tri, oth"
      }, {
        "code": "O3131",
        "display": "Cont preg aft elctv fetl rdct of one fts or more, first tri"
      }, {
        "code": "O3131X0",
        "display": "Cont preg aft elctv fetl rdct of 1 fts or more,1st tri, unsp"
      }, {
        "code": "O3131X1",
        "display": "Cont preg aft elctv fetl rdct of 1 fts or more,1st tri, fts1"
      }, {
        "code": "O3131X2",
        "display": "Cont preg aft elctv fetl rdct of 1 fts or more,1st tri, fts2"
      }, {
        "code": "O3131X3",
        "display": "Cont preg aft elctv fetl rdct of 1 fts or more,1st tri, fts3"
      }, {
        "code": "O3131X4",
        "display": "Cont preg aft elctv fetl rdct of 1 fts or more,1st tri, fts4"
      }, {
        "code": "O3131X5",
        "display": "Cont preg aft elctv fetl rdct of 1 fts or more,1st tri, fts5"
      }, {
        "code": "O3131X9",
        "display": "Cont preg aft elctv fetl rdct of 1 fts or more, 1st tri, oth"
      }, {
        "code": "O3132",
        "display": "Cont preg aft elctv fetal rdct of one fetus or more, 2nd tri"
      }, {
        "code": "O3132X0",
        "display": "Cont preg aft elctv fetl rdct of 1 fts or more,2nd tri, unsp"
      }, {
        "code": "O3132X1",
        "display": "Cont preg aft elctv fetl rdct of 1 fts or more,2nd tri, fts1"
      }, {
        "code": "O3132X2",
        "display": "Cont preg aft elctv fetl rdct of 1 fts or more,2nd tri, fts2"
      }, {
        "code": "O3132X3",
        "display": "Cont preg aft elctv fetl rdct of 1 fts or more,2nd tri, fts3"
      }, {
        "code": "O3132X4",
        "display": "Cont preg aft elctv fetl rdct of 1 fts or more,2nd tri, fts4"
      }, {
        "code": "O3132X5",
        "display": "Cont preg aft elctv fetl rdct of 1 fts or more,2nd tri, fts5"
      }, {
        "code": "O3132X9",
        "display": "Cont preg aft elctv fetl rdct of 1 fts or more, 2nd tri, oth"
      }, {
        "code": "O3133",
        "display": "Cont preg aft elctv fetl rdct of one fts or more, third tri"
      }, {
        "code": "O3133X0",
        "display": "Cont preg aft elctv fetl rdct of 1 fts or more,3rd tri, unsp"
      }, {
        "code": "O3133X1",
        "display": "Cont preg aft elctv fetl rdct of 1 fts or more,3rd tri, fts1"
      }, {
        "code": "O3133X2",
        "display": "Cont preg aft elctv fetl rdct of 1 fts or more,3rd tri, fts2"
      }, {
        "code": "O3133X3",
        "display": "Cont preg aft elctv fetl rdct of 1 fts or more,3rd tri, fts3"
      }, {
        "code": "O3133X4",
        "display": "Cont preg aft elctv fetl rdct of 1 fts or more,3rd tri, fts4"
      }, {
        "code": "O3133X5",
        "display": "Cont preg aft elctv fetl rdct of 1 fts or more,3rd tri, fts5"
      }, {
        "code": "O3133X9",
        "display": "Cont preg aft elctv fetl rdct of 1 fts or more, 3rd tri, oth"
      }, {
        "code": "O318",
        "display": "Other complications specific to multiple gestation"
      }, {
        "code": "O318X",
        "display": "Other complications specific to multiple gestation"
      }, {
        "code": "O318X1",
        "display": "Oth comp specific to multiple gestation, first trimester"
      }, {
        "code": "O318X10",
        "display": "Oth comp specific to multiple gest, first trimester, unsp"
      }, {
        "code": "O318X11",
        "display": "Oth comp specific to multiple gest, first trimester, fetus 1"
      }, {
        "code": "O318X12",
        "display": "Oth comp specific to multiple gest, first trimester, fetus 2"
      }, {
        "code": "O318X13",
        "display": "Oth comp specific to multiple gest, first trimester, fetus 3"
      }, {
        "code": "O318X14",
        "display": "Oth comp specific to multiple gest, first trimester, fetus 4"
      }, {
        "code": "O318X15",
        "display": "Oth comp specific to multiple gest, first trimester, fetus 5"
      }, {
        "code": "O318X19",
        "display": "Oth comp specific to multiple gest, first trimester, oth"
      }, {
        "code": "O318X2",
        "display": "Oth comp specific to multiple gestation, second trimester"
      }, {
        "code": "O318X20",
        "display": "Oth comp specific to multiple gest, second trimester, unsp"
      }, {
        "code": "O318X21",
        "display": "Oth comp specific to multiple gest, second tri, fetus 1"
      }, {
        "code": "O318X22",
        "display": "Oth comp specific to multiple gest, second tri, fetus 2"
      }, {
        "code": "O318X23",
        "display": "Oth comp specific to multiple gest, second tri, fetus 3"
      }, {
        "code": "O318X24",
        "display": "Oth comp specific to multiple gest, second tri, fetus 4"
      }, {
        "code": "O318X25",
        "display": "Oth comp specific to multiple gest, second tri, fetus 5"
      }, {
        "code": "O318X29",
        "display": "Oth comp specific to multiple gest, second trimester, oth"
      }, {
        "code": "O318X3",
        "display": "Oth comp specific to multiple gestation, third trimester"
      }, {
        "code": "O318X30",
        "display": "Oth comp specific to multiple gest, third trimester, unsp"
      }, {
        "code": "O318X31",
        "display": "Oth comp specific to multiple gest, third trimester, fetus 1"
      }, {
        "code": "O318X32",
        "display": "Oth comp specific to multiple gest, third trimester, fetus 2"
      }, {
        "code": "O318X33",
        "display": "Oth comp specific to multiple gest, third trimester, fetus 3"
      }, {
        "code": "O318X34",
        "display": "Oth comp specific to multiple gest, third trimester, fetus 4"
      }, {
        "code": "O318X35",
        "display": "Oth comp specific to multiple gest, third trimester, fetus 5"
      }, {
        "code": "O318X39",
        "display": "Oth comp specific to multiple gest, third trimester, oth"
      }, {
        "code": "O318X9",
        "display": "Oth comp specific to multiple gestation, unsp trimester"
      }, {
        "code": "O318X90",
        "display": "Oth comp specific to multiple gest, unsp trimester, unsp"
      }, {
        "code": "O318X91",
        "display": "Oth comp specific to multiple gest, unsp trimester, fetus 1"
      }, {
        "code": "O318X92",
        "display": "Oth comp specific to multiple gest, unsp trimester, fetus 2"
      }, {
        "code": "O318X93",
        "display": "Oth comp specific to multiple gest, unsp trimester, fetus 3"
      }, {
        "code": "O318X94",
        "display": "Oth comp specific to multiple gest, unsp trimester, fetus 4"
      }, {
        "code": "O318X95",
        "display": "Oth comp specific to multiple gest, unsp trimester, fetus 5"
      }, {
        "code": "O318X99",
        "display": "Oth comp specific to multiple gestation, unsp trimester, oth"
      } ]
    } ]
  }
}