{
  "resourceType": "ValueSet",
  "id": "K94",
  "url": "http://hl7.org/fhir/sid/icd-10-cm-832",
  "version": "1.0",
  "name": "Complications of artificial openings of the digestive system",
  "title": "Complications of artificial openings of the digestive system",
  "status": "active",
  "compose": {
    "include": [ {
      "system": "http://hl7.org/fhir/sid/icd-10-cm",
      "concept": [ {
        "code": "K940",
        "display": "Colostomy complications"
      }, {
        "code": "K9400",
        "display": "Colostomy complication, unspecified"
      }, {
        "code": "K9401",
        "display": "Colostomy hemorrhage"
      }, {
        "code": "K9402",
        "display": "Colostomy infection"
      }, {
        "code": "K9403",
        "display": "Colostomy malfunction"
      }, {
        "code": "K9409",
        "display": "Other complications of colostomy"
      }, {
        "code": "K941",
        "display": "Enterostomy complications"
      }, {
        "code": "K9410",
        "display": "Enterostomy complication, unspecified"
      }, {
        "code": "K9411",
        "display": "Enterostomy hemorrhage"
      }, {
        "code": "K9412",
        "display": "Enterostomy infection"
      }, {
        "code": "K9413",
        "display": "Enterostomy malfunction"
      }, {
        "code": "K9419",
        "display": "Other complications of enterostomy"
      }, {
        "code": "K942",
        "display": "Gastrostomy complications"
      }, {
        "code": "K9420",
        "display": "Gastrostomy complication, unspecified"
      }, {
        "code": "K9421",
        "display": "Gastrostomy hemorrhage"
      }, {
        "code": "K9422",
        "display": "Gastrostomy infection"
      }, {
        "code": "K9423",
        "display": "Gastrostomy malfunction"
      }, {
        "code": "K9429",
        "display": "Other complications of gastrostomy"
      }, {
        "code": "K943",
        "display": "Esophagostomy complications"
      }, {
        "code": "K9430",
        "display": "Esophagostomy complications, unspecified"
      }, {
        "code": "K9431",
        "display": "Esophagostomy hemorrhage"
      }, {
        "code": "K9432",
        "display": "Esophagostomy infection"
      }, {
        "code": "K9433",
        "display": "Esophagostomy malfunction"
      }, {
        "code": "K9439",
        "display": "Other complications of esophagostomy"
      } ]
    } ]
  }
}