{
  "resourceType": "ValueSet",
  "id": "O08",
  "url": "http://hl7.org/fhir/sid/icd-10-cm-1078",
  "version": "1.0",
  "name": "Complications following ectopic and molar pregnancy",
  "title": "Complications following ectopic and molar pregnancy",
  "status": "active",
  "compose": {
    "include": [ {
      "system": "http://hl7.org/fhir/sid/icd-10-cm",
      "concept": [ {
        "code": "O080",
        "display": "Genitl trct and pelvic infct fol ectopic and molar pregnancy"
      }, {
        "code": "O081",
        "display": "Delayed or excess hemor fol ectopic and molar pregnancy"
      }, {
        "code": "O082",
        "display": "Embolism following ectopic and molar pregnancy"
      }, {
        "code": "O083",
        "display": "Shock following ectopic and molar pregnancy"
      }, {
        "code": "O084",
        "display": "Renal failure following ectopic and molar pregnancy"
      }, {
        "code": "O085",
        "display": "Metabolic disorders following an ectopic and molar pregnancy"
      }, {
        "code": "O086",
        "display": "Damage to pelvic organs and tiss fol an ect and molar preg"
      }, {
        "code": "O087",
        "display": "Oth venous comp following an ectopic and molar pregnancy"
      }, {
        "code": "O088",
        "display": "Other complications following an ectopic and molar pregnancy"
      }, {
        "code": "O0881",
        "display": "Cardiac arrest following an ectopic and molar pregnancy"
      }, {
        "code": "O0882",
        "display": "Sepsis following ectopic and molar pregnancy"
      }, {
        "code": "O0883",
        "display": "Urinary tract infection fol an ectopic and molar pregnancy"
      }, {
        "code": "O0889",
        "display": "Other complications following an ectopic and molar pregnancy"
      }, {
        "code": "O089",
        "display": "Unsp complication following an ectopic and molar pregnancy"
      } ]
    } ]
  }
}