{
  "resourceType": "ValueSet",
  "id": "T87",
  "url": "http://hl7.org/fhir/sid/icd-10-cm-1548",
  "version": "1.0",
  "name": "Complications peculiar to reattachment and amputation",
  "title": "Complications peculiar to reattachment and amputation",
  "status": "active",
  "compose": {
    "include": [ {
      "system": "http://hl7.org/fhir/sid/icd-10-cm",
      "concept": [ {
        "code": "T870",
        "display": "Complications of reattached (part of) upper extremity"
      }, {
        "code": "T870X",
        "display": "Complications of reattached (part of) upper extremity"
      }, {
        "code": "T870X1",
        "display": "Complications of reattached (part of) right upper extremity"
      }, {
        "code": "T870X2",
        "display": "Complications of reattached (part of) left upper extremity"
      }, {
        "code": "T870X9",
        "display": "Complications of reattached (part of) unsp upper extremity"
      }, {
        "code": "T871",
        "display": "Complications of reattached (part of) lower extremity"
      }, {
        "code": "T871X",
        "display": "Complications of reattached (part of) lower extremity"
      }, {
        "code": "T871X1",
        "display": "Complications of reattached (part of) right lower extremity"
      }, {
        "code": "T871X2",
        "display": "Complications of reattached (part of) left lower extremity"
      }, {
        "code": "T871X9",
        "display": "Complications of reattached (part of) unsp lower extremity"
      }, {
        "code": "T872",
        "display": "Complications of other reattached body part"
      }, {
        "code": "T873",
        "display": "Neuroma of amputation stump"
      }, {
        "code": "T8730",
        "display": "Neuroma of amputation stump, unspecified extremity"
      }, {
        "code": "T8731",
        "display": "Neuroma of amputation stump, right upper extremity"
      }, {
        "code": "T8732",
        "display": "Neuroma of amputation stump, left upper extremity"
      }, {
        "code": "T8733",
        "display": "Neuroma of amputation stump, right lower extremity"
      }, {
        "code": "T8734",
        "display": "Neuroma of amputation stump, left lower extremity"
      }, {
        "code": "T874",
        "display": "Infection of amputation stump"
      }, {
        "code": "T8740",
        "display": "Infection of amputation stump, unspecified extremity"
      }, {
        "code": "T8741",
        "display": "Infection of amputation stump, right upper extremity"
      }, {
        "code": "T8742",
        "display": "Infection of amputation stump, left upper extremity"
      }, {
        "code": "T8743",
        "display": "Infection of amputation stump, right lower extremity"
      }, {
        "code": "T8744",
        "display": "Infection of amputation stump, left lower extremity"
      }, {
        "code": "T875",
        "display": "Necrosis of amputation stump"
      }, {
        "code": "T8750",
        "display": "Necrosis of amputation stump, unspecified extremity"
      }, {
        "code": "T8751",
        "display": "Necrosis of amputation stump, right upper extremity"
      }, {
        "code": "T8752",
        "display": "Necrosis of amputation stump, left upper extremity"
      }, {
        "code": "T8753",
        "display": "Necrosis of amputation stump, right lower extremity"
      }, {
        "code": "T8754",
        "display": "Necrosis of amputation stump, left lower extremity"
      }, {
        "code": "T878",
        "display": "Other complications of amputation stump"
      }, {
        "code": "T8781",
        "display": "Dehiscence of amputation stump"
      }, {
        "code": "T8789",
        "display": "Other complications of amputation stump"
      }, {
        "code": "T879",
        "display": "Unspecified complications of amputation stump"
      } ]
    } ]
  }
}