{
  "resourceType": "ValueSet",
  "id": "O04",
  "url": "http://hl7.org/fhir/sid/icd-10-cm-1076",
  "version": "1.0",
  "name": "Complications following (induced) termination of pregnancy",
  "title": "Complications following (induced) termination of pregnancy",
  "status": "active",
  "compose": {
    "include": [ {
      "system": "http://hl7.org/fhir/sid/icd-10-cm",
      "concept": [ {
        "code": "O045",
        "display": "Genitl trct and pelvic infct fol (induced) term of pregnancy"
      }, {
        "code": "O046",
        "display": "Delayed or excess hemor fol (induced) term of pregnancy"
      }, {
        "code": "O047",
        "display": "Embolism following (induced) termination of pregnancy"
      }, {
        "code": "O048",
        "display": "(Induced) termination of pregnancy w oth and unsp comp"
      }, {
        "code": "O0480",
        "display": "(Induced) termination of pregnancy with unsp complications"
      }, {
        "code": "O0481",
        "display": "Shock following (induced) termination of pregnancy"
      }, {
        "code": "O0482",
        "display": "Renal failure following (induced) termination of pregnancy"
      }, {
        "code": "O0483",
        "display": "Metabolic disorder following (induced) term of pregnancy"
      }, {
        "code": "O0484",
        "display": "Damage to pelvic organs fol (induced) term of pregnancy"
      }, {
        "code": "O0485",
        "display": "Oth venous comp following (induced) termination of pregnancy"
      }, {
        "code": "O0486",
        "display": "Cardiac arrest following (induced) termination of pregnancy"
      }, {
        "code": "O0487",
        "display": "Sepsis following (induced) termination of pregnancy"
      }, {
        "code": "O0488",
        "display": "Urinary tract infection fol (induced) term of pregnancy"
      }, {
        "code": "O0489",
        "display": "(Induced) termination of pregnancy with other complications"
      } ]
    } ]
  }
}