{
  "resourceType": "ValueSet",
  "id": "O74",
  "url": "http://hl7.org/fhir/sid/icd-10-cm-1126",
  "version": "1.0",
  "name": "Complications of anesthesia during labor and delivery",
  "title": "Complications of anesthesia during labor and delivery",
  "status": "active",
  "compose": {
    "include": [ {
      "system": "http://hl7.org/fhir/sid/icd-10-cm",
      "concept": [ {
        "code": "O740",
        "display": "Aspirat pneumonitis due to anesth during labor and delivery"
      }, {
        "code": "O741",
        "display": "Oth pulmonary comp of anesthesia during labor and delivery"
      }, {
        "code": "O742",
        "display": "Cardiac comp of anesthesia during labor and delivery"
      }, {
        "code": "O743",
        "display": "Cnsl complications of anesthesia during labor and delivery"
      }, {
        "code": "O744",
        "display": "Toxic reaction to local anesthesia during labor and delivery"
      }, {
        "code": "O745",
        "display": "Spinal and epidur anesthesia-induced hdache dur labr and del"
      }, {
        "code": "O746",
        "display": "Oth comp of spinal and epidural anesth during labor and del"
      }, {
        "code": "O747",
        "display": "Failed or difficult intubation for anesth dur labor and del"
      }, {
        "code": "O748",
        "display": "Other complications of anesthesia during labor and delivery"
      }, {
        "code": "O749",
        "display": "Complication of anesthesia during labor and delivery, unsp"
      } ]
    } ]
  }
}