{
  "resourceType": "ValueSet",
  "id": "T80",
  "url": "http://hl7.org/fhir/sid/icd-10-cm-1541",
  "version": "1.0",
  "name": "Comp following infusion, transfusion and theraputc injection",
  "title": "Complications following infusion, transfusion and therapeutic injection",
  "status": "active",
  "compose": {
    "include": [ {
      "system": "http://hl7.org/fhir/sid/icd-10-cm",
      "concept": [ {
        "code": "T800",
        "display": "Air embolism fol infusion, transfuse and theraputc injection"
      }, {
        "code": "T800XXA",
        "display": "Air embolism fol infusion, tranfs and theraputc inject, init"
      }, {
        "code": "T800XXD",
        "display": "Air embolism fol infusion, tranfs and theraputc inject, subs"
      }, {
        "code": "T800XXS",
        "display": "Air emblsm fol infusn, tranfs and theraputc inject, sequela"
      }, {
        "code": "T801",
        "display": "Vascular comp fol infusion, transfuse and theraputc inject"
      }, {
        "code": "T801XXA",
        "display": "Vascular comp fol infusn, tranfs and theraputc inject, init"
      }, {
        "code": "T801XXD",
        "display": "Vascular comp fol infusn, tranfs and theraputc inject, subs"
      }, {
        "code": "T801XXS",
        "display": "Vasc comp fol infusn, tranfs and theraputc inject, sequela"
      }, {
        "code": "T802",
        "display": "Infect following infusion, transfuse and theraputc injection"
      }, {
        "code": "T8021",
        "display": "Infection due to central venous catheter"
      }, {
        "code": "T80211",
        "display": "Bloodstream infection due to central venous catheter"
      }, {
        "code": "T80211A",
        "display": "Bloodstream infection due to central venous catheter, init"
      }, {
        "code": "T80211D",
        "display": "Bloodstream infection due to central venous catheter, subs"
      }, {
        "code": "T80211S",
        "display": "Bloodstream infct due to central venous catheter, sequela"
      }, {
        "code": "T80212",
        "display": "Local infection due to central venous catheter"
      }, {
        "code": "T80212A",
        "display": "Local infection due to central venous catheter, init encntr"
      }, {
        "code": "T80212D",
        "display": "Local infection due to central venous catheter, subs encntr"
      }, {
        "code": "T80212S",
        "display": "Local infection due to central venous catheter, sequela"
      }, {
        "code": "T80218",
        "display": "Other infection due to central venous catheter"
      }, {
        "code": "T80218A",
        "display": "Other infection due to central venous catheter, init encntr"
      }, {
        "code": "T80218D",
        "display": "Other infection due to central venous catheter, subs encntr"
      }, {
        "code": "T80218S",
        "display": "Other infection due to central venous catheter, sequela"
      }, {
        "code": "T80219",
        "display": "Unspecified infection due to central venous catheter"
      }, {
        "code": "T80219A",
        "display": "Unsp infection due to central venous catheter, init encntr"
      }, {
        "code": "T80219D",
        "display": "Unsp infection due to central venous catheter, subs encntr"
      }, {
        "code": "T80219S",
        "display": "Unsp infection due to central venous catheter, sequela"
      }, {
        "code": "T8022",
        "display": "Acute infection fol tranfs,infusn,inject blood/products"
      }, {
        "code": "T8022XA",
        "display": "Acute infct fol tranfs,infusn,inject blood/products, init"
      }, {
        "code": "T8022XD",
        "display": "Acute infct fol tranfs,infusn,inject blood/products, subs"
      }, {
        "code": "T8022XS",
        "display": "Acute infct fol tranfs,infusn,inject blood/products, sequela"
      }, {
        "code": "T8029",
        "display": "Infct fol oth infusion, transfuse and theraputc injection"
      }, {
        "code": "T8029XA",
        "display": "Infct fol oth infusion, transfuse and theraputc inject, init"
      }, {
        "code": "T8029XD",
        "display": "Infct fol oth infusion, transfuse and theraputc inject, subs"
      }, {
        "code": "T8029XS",
        "display": "Infct fol oth infusion, tranfs and theraputc inject, sequela"
      }, {
        "code": "T803",
        "display": "ABO incompat reaction due to transfusion of bld/bld prod"
      }, {
        "code": "T8030",
        "display": "ABO incompat reaction due to transfuse of bld/bld prod, unsp"
      }, {
        "code": "T8030XA",
        "display": "ABO incompat react due to tranfs of bld/bld prod, unsp, init"
      }, {
        "code": "T8030XD",
        "display": "ABO incompat react due to tranfs of bld/bld prod, unsp, subs"
      }, {
        "code": "T8030XS",
        "display": "ABO incompat react due to tranfs of bld/bld prod, unsp, sqla"
      }, {
        "code": "T8031",
        "display": "ABO incompatibility with hemolytic transfusion reaction"
      }, {
        "code": "T80310",
        "display": "ABO incompatibility w acute hemolytic transfusion reaction"
      }, {
        "code": "T80310A",
        "display": "ABO incompatibility w acute hemolytic transfs react, init"
      }, {
        "code": "T80310D",
        "display": "ABO incompatibility w acute hemolytic transfs react, subs"
      }, {
        "code": "T80310S",
        "display": "ABO incompatibility w acute hemolytic transfs react, sequela"
      }, {
        "code": "T80311",
        "display": "ABO incompatibility w delayed hemolytic transfusion reaction"
      }, {
        "code": "T80311A",
        "display": "ABO incompatibility w delayed hemolytic transfs react, init"
      }, {
        "code": "T80311D",
        "display": "ABO incompatibility w delayed hemolytic transfs react, subs"
      }, {
        "code": "T80311S",
        "display": "ABO incompat w delayed hemolytic transfs react, sequela"
      }, {
        "code": "T80319",
        "display": "ABO incompatibility w hemolytic transfusion reaction, unsp"
      }, {
        "code": "T80319A",
        "display": "ABO incompatibility w hemolytic transfs react, unsp, init"
      }, {
        "code": "T80319D",
        "display": "ABO incompatibility w hemolytic transfs react, unsp, subs"
      }, {
        "code": "T80319S",
        "display": "ABO incompatibility w hemolytic transfs react, unsp, sequela"
      }, {
        "code": "T8039",
        "display": "Oth ABO incompat reaction due to transfusion of bld/bld prod"
      }, {
        "code": "T8039XA",
        "display": "Oth ABO incompat react due to tranfs of bld/bld prod, init"
      }, {
        "code": "T8039XD",
        "display": "Oth ABO incompat react due to tranfs of bld/bld prod, subs"
      }, {
        "code": "T8039XS",
        "display": "Oth ABO incompat react due to tranfs of bld/bld prod, sqla"
      }, {
        "code": "T804",
        "display": "Rh incompat reaction due to transfusion of bld/bld prod"
      }, {
        "code": "T8040",
        "display": "Rh incompat reaction due to transfuse of bld/bld prod, unsp"
      }, {
        "code": "T8040XA",
        "display": "Rh incompat react due to tranfs of bld/bld prod, unsp, init"
      }, {
        "code": "T8040XD",
        "display": "Rh incompat react due to tranfs of bld/bld prod, unsp, subs"
      }, {
        "code": "T8040XS",
        "display": "Rh incompat react due to tranfs of bld/bld prod, unsp, sqla"
      }, {
        "code": "T8041",
        "display": "Rh incompatibility with hemolytic transfusion reaction"
      }, {
        "code": "T80410",
        "display": "Rh incompatibility with acute hemolytic transfusion reaction"
      }, {
        "code": "T80410A",
        "display": "Rh incompatibility w acute hemolytic transfs react, init"
      }, {
        "code": "T80410D",
        "display": "Rh incompatibility w acute hemolytic transfs react, subs"
      }, {
        "code": "T80410S",
        "display": "Rh incompatibility w acute hemolytic transfs react, sequela"
      }, {
        "code": "T80411",
        "display": "Rh incompatibility w delayed hemolytic transfusion reaction"
      }, {
        "code": "T80411A",
        "display": "Rh incompatibility w delayed hemolytic transfs react, init"
      }, {
        "code": "T80411D",
        "display": "Rh incompatibility w delayed hemolytic transfs react, subs"
      }, {
        "code": "T80411S",
        "display": "Rh incompat w delayed hemolytic transfs react, sequela"
      }, {
        "code": "T80419",
        "display": "Rh incompatibility with hemolytic transfusion reaction, unsp"
      }, {
        "code": "T80419A",
        "display": "Rh incompatibility w hemolytic transfs react, unsp, init"
      }, {
        "code": "T80419D",
        "display": "Rh incompatibility w hemolytic transfs react, unsp, subs"
      }, {
        "code": "T80419S",
        "display": "Rh incompatibility w hemolytic transfs react, unsp, sequela"
      }, {
        "code": "T8049",
        "display": "Oth Rh incompat reaction due to transfusion of bld/bld prod"
      }, {
        "code": "T8049XA",
        "display": "Oth Rh incompat reaction due to tranfs of bld/bld prod, init"
      }, {
        "code": "T8049XD",
        "display": "Oth Rh incompat reaction due to tranfs of bld/bld prod, subs"
      }, {
        "code": "T8049XS",
        "display": "Oth Rh incompat react due to tranfs of bld/bld prod, sequela"
      }, {
        "code": "T80A",
        "display": "Non-ABO incompat reaction due to transfusion of bld/bld prod"
      }, {
        "code": "T80A0",
        "display": "Non-ABO incompat react due to tranfs of bld/bld prod, unsp"
      }, {
        "code": "T80A0XA",
        "display": "Non-ABO incompat react d/t tranfs of bld/bld prod,unsp, init"
      }, {
        "code": "T80A0XD",
        "display": "Non-ABO incompat react d/t tranfs of bld/bld prod,unsp, subs"
      }, {
        "code": "T80A0XS",
        "display": "Non-ABO incompat react d/t tranfs of bld/bld prod,unsp, sqla"
      }, {
        "code": "T80A1",
        "display": "Non-ABO incompatibility with hemolytic transfusion reaction"
      }, {
        "code": "T80A10",
        "display": "Non-ABO incompatibility w acute hemolytic transfs react"
      }, {
        "code": "T80A10A",
        "display": "Non-ABO incompat w acute hemolytic transfs react, init"
      }, {
        "code": "T80A10D",
        "display": "Non-ABO incompat w acute hemolytic transfs react, subs"
      }, {
        "code": "T80A10S",
        "display": "Non-ABO incompat w acute hemolytic transfs react, sequela"
      }, {
        "code": "T80A11",
        "display": "Non-ABO incompatibility w delayed hemolytic transfs react"
      }, {
        "code": "T80A11A",
        "display": "Non-ABO incompat w delayed hemolytic transfs react, init"
      }, {
        "code": "T80A11D",
        "display": "Non-ABO incompat w delayed hemolytic transfs react, subs"
      }, {
        "code": "T80A11S",
        "display": "Non-ABO incompat w delayed hemolytic transfs react, sequela"
      }, {
        "code": "T80A19",
        "display": "Non-ABO incompatibility w hemolytic transfs react, unsp"
      }, {
        "code": "T80A19A",
        "display": "Non-ABO incompat w hemolytic transfs react, unsp, init"
      }, {
        "code": "T80A19D",
        "display": "Non-ABO incompat w hemolytic transfs react, unsp, subs"
      }, {
        "code": "T80A19S",
        "display": "Non-ABO incompat w hemolytic transfs react, unsp, sequela"
      }, {
        "code": "T80A9",
        "display": "Oth non-ABO incompat reaction due to tranfs of bld/bld prod"
      }, {
        "code": "T80A9XA",
        "display": "Oth non-ABO incompat react d/t tranfs of bld/bld prod, init"
      }, {
        "code": "T80A9XD",
        "display": "Oth non-ABO incompat react d/t tranfs of bld/bld prod, subs"
      }, {
        "code": "T80A9XS",
        "display": "Oth non-ABO incompat react d/t tranfs of bld/bld prod, sqla"
      }, {
        "code": "T805",
        "display": "Anaphylactic reaction due to serum"
      }, {
        "code": "T8051",
        "display": "Anaphylactic reaction due to admin blood/products"
      }, {
        "code": "T8051XA",
        "display": "Anaphylactic reaction due to admin blood/products, init"
      }, {
        "code": "T8051XD",
        "display": "Anaphylactic reaction due to admin blood/products, subs"
      }, {
        "code": "T8051XS",
        "display": "Anaphylactic reaction due to admin blood/products, sequela"
      }, {
        "code": "T8052",
        "display": "Anaphylactic reaction due to vaccination"
      }, {
        "code": "T8052XA",
        "display": "Anaphylactic reaction due to vaccination, initial encounter"
      }, {
        "code": "T8052XD",
        "display": "Anaphylactic reaction due to vaccination, subs encntr"
      }, {
        "code": "T8052XS",
        "display": "Anaphylactic reaction due to vaccination, sequela"
      }, {
        "code": "T8059",
        "display": "Anaphylactic reaction due to other serum"
      }, {
        "code": "T8059XA",
        "display": "Anaphylactic reaction due to other serum, initial encounter"
      }, {
        "code": "T8059XD",
        "display": "Anaphylactic reaction due to other serum, subs encntr"
      }, {
        "code": "T8059XS",
        "display": "Anaphylactic reaction due to other serum, sequela"
      }, {
        "code": "T806",
        "display": "Other serum reactions"
      }, {
        "code": "T8061",
        "display": "Oth serum reaction due to admin blood/products"
      }, {
        "code": "T8061XA",
        "display": "Oth serum reaction due to admin blood/products, init"
      }, {
        "code": "T8061XD",
        "display": "Oth serum reaction due to admin blood/products, subs"
      }, {
        "code": "T8061XS",
        "display": "Oth serum reaction due to admin blood/products, sequela"
      }, {
        "code": "T8062",
        "display": "Other serum reaction due to vaccination"
      }, {
        "code": "T8062XA",
        "display": "Other serum reaction due to vaccination, initial encounter"
      }, {
        "code": "T8062XD",
        "display": "Other serum reaction due to vaccination, subs encntr"
      }, {
        "code": "T8062XS",
        "display": "Other serum reaction due to vaccination, sequela"
      }, {
        "code": "T8069",
        "display": "Other serum reaction due to other serum"
      }, {
        "code": "T8069XA",
        "display": "Other serum reaction due to other serum, initial encounter"
      }, {
        "code": "T8069XD",
        "display": "Other serum reaction due to other serum, subs encntr"
      }, {
        "code": "T8069XS",
        "display": "Other serum reaction due to other serum, sequela"
      }, {
        "code": "T808",
        "display": "Oth comp fol infusion, transfuse and theraputc injection"
      }, {
        "code": "T8081",
        "display": "Extravasation of vesicant agent"
      }, {
        "code": "T80810",
        "display": "Extravasation of vesicant antineoplastic chemotherapy"
      }, {
        "code": "T80810A",
        "display": "Extravasation of vesicant antineoplastic chemotherapy, init"
      }, {
        "code": "T80810D",
        "display": "Extravasation of vesicant antineoplastic chemotherapy, subs"
      }, {
        "code": "T80810S",
        "display": "Extravasation of vesicant antineopl chemotherapy, sequela"
      }, {
        "code": "T80818",
        "display": "Extravasation of other vesicant agent"
      }, {
        "code": "T80818A",
        "display": "Extravasation of other vesicant agent, initial encounter"
      }, {
        "code": "T80818D",
        "display": "Extravasation of other vesicant agent, subsequent encounter"
      }, {
        "code": "T80818S",
        "display": "Extravasation of other vesicant agent, sequela"
      }, {
        "code": "T8089",
        "display": "Oth comp fol infusion, transfuse and theraputc injection"
      }, {
        "code": "T8089XA",
        "display": "Oth comp fol infusion, transfuse and theraputc inject, init"
      }, {
        "code": "T8089XD",
        "display": "Oth comp fol infusion, transfuse and theraputc inject, subs"
      }, {
        "code": "T8089XS",
        "display": "Oth comp fol infusion, tranfs and theraputc inject, sequela"
      }, {
        "code": "T809",
        "display": "Unsp comp fol infusion, transfuse and theraputc injection"
      }, {
        "code": "T8090",
        "display": "Unsp comp following infusion and therapeutic injection"
      }, {
        "code": "T8090XA",
        "display": "Unsp comp following infusion and therapeutic injection, init"
      }, {
        "code": "T8090XD",
        "display": "Unsp comp following infusion and therapeutic injection, subs"
      }, {
        "code": "T8090XS",
        "display": "Unsp comp fol infusion and theraputc injection, sequela"
      }, {
        "code": "T8091",
        "display": "Hemolytic transfusion reaction, unspecified incompatibility"
      }, {
        "code": "T80910",
        "display": "Acute hemolytic transfusion reaction, unsp incompatibility"
      }, {
        "code": "T80910A",
        "display": "Acute hemolytic transfs react, unsp incompatibility, init"
      }, {
        "code": "T80910D",
        "display": "Acute hemolytic transfs react, unsp incompatibility, subs"
      }, {
        "code": "T80910S",
        "display": "Acute hemolytic transfs react, unsp incompatibility, sequela"
      }, {
        "code": "T80911",
        "display": "Delayed hemolytic transfusion reaction, unsp incompatibility"
      }, {
        "code": "T80911A",
        "display": "Delayed hemolytic transfs react, unsp incompatibility, init"
      }, {
        "code": "T80911D",
        "display": "Delayed hemolytic transfs react, unsp incompatibility, subs"
      }, {
        "code": "T80911S",
        "display": "Delayed hemolytic transfs react, unsp incompat, sequela"
      }, {
        "code": "T80919",
        "display": "Hemolytic transfs react, unsp incompatibility, unsp ac/delay"
      }, {
        "code": "T80919A",
        "display": "Hemolytic transfs react, unsp incompat, unsp ac/delay, init"
      }, {
        "code": "T80919D",
        "display": "Hemolytic transfs react, unsp incompat, unsp ac/delay, subs"
      }, {
        "code": "T80919S",
        "display": "Hemolytic transfs react, unsp incompat, unsp ac/delay, sqla"
      }, {
        "code": "T8092",
        "display": "Unspecified transfusion reaction"
      }, {
        "code": "T8092XA",
        "display": "Unspecified transfusion reaction, initial encounter"
      }, {
        "code": "T8092XD",
        "display": "Unspecified transfusion reaction, subsequent encounter"
      }, {
        "code": "T8092XS",
        "display": "Unspecified transfusion reaction, sequela"
      } ]
    } ]
  }
}