{
  "resourceType": "ValueSet",
  "id": "T86",
  "url": "http://hl7.org/fhir/sid/icd-10-cm-1547",
  "version": "1.0",
  "name": "Complications of transplanted organs and tissue",
  "title": "Complications of transplanted organs and tissue",
  "status": "active",
  "compose": {
    "include": [ {
      "system": "http://hl7.org/fhir/sid/icd-10-cm",
      "concept": [ {
        "code": "T860",
        "display": "Complications of bone marrow transplant"
      }, {
        "code": "T8600",
        "display": "Unspecified complication of bone marrow transplant"
      }, {
        "code": "T8601",
        "display": "Bone marrow transplant rejection"
      }, {
        "code": "T8602",
        "display": "Bone marrow transplant failure"
      }, {
        "code": "T8603",
        "display": "Bone marrow transplant infection"
      }, {
        "code": "T8609",
        "display": "Other complications of bone marrow transplant"
      }, {
        "code": "T861",
        "display": "Complications of kidney transplant"
      }, {
        "code": "T8610",
        "display": "Unspecified complication of kidney transplant"
      }, {
        "code": "T8611",
        "display": "Kidney transplant rejection"
      }, {
        "code": "T8612",
        "display": "Kidney transplant failure"
      }, {
        "code": "T8613",
        "display": "Kidney transplant infection"
      }, {
        "code": "T8619",
        "display": "Other complication of kidney transplant"
      }, {
        "code": "T862",
        "display": "Complications of heart transplant"
      }, {
        "code": "T8620",
        "display": "Unspecified complication of heart transplant"
      }, {
        "code": "T8621",
        "display": "Heart transplant rejection"
      }, {
        "code": "T8622",
        "display": "Heart transplant failure"
      }, {
        "code": "T8623",
        "display": "Heart transplant infection"
      }, {
        "code": "T8629",
        "display": "Other complications of heart transplant"
      }, {
        "code": "T86290",
        "display": "Cardiac allograft vasculopathy"
      }, {
        "code": "T86298",
        "display": "Other complications of heart transplant"
      }, {
        "code": "T863",
        "display": "Complications of heart-lung transplant"
      }, {
        "code": "T8630",
        "display": "Unspecified complication of heart-lung transplant"
      }, {
        "code": "T8631",
        "display": "Heart-lung transplant rejection"
      }, {
        "code": "T8632",
        "display": "Heart-lung transplant failure"
      }, {
        "code": "T8633",
        "display": "Heart-lung transplant infection"
      }, {
        "code": "T8639",
        "display": "Other complications of heart-lung transplant"
      }, {
        "code": "T864",
        "display": "Complications of liver transplant"
      }, {
        "code": "T8640",
        "display": "Unspecified complication of liver transplant"
      }, {
        "code": "T8641",
        "display": "Liver transplant rejection"
      }, {
        "code": "T8642",
        "display": "Liver transplant failure"
      }, {
        "code": "T8643",
        "display": "Liver transplant infection"
      }, {
        "code": "T8649",
        "display": "Other complications of liver transplant"
      }, {
        "code": "T865",
        "display": "Complications of stem cell transplant"
      }, {
        "code": "T868",
        "display": "Complications of other transplanted organs and tissues"
      }, {
        "code": "T8681",
        "display": "Complications of lung transplant"
      }, {
        "code": "T86810",
        "display": "Lung transplant rejection"
      }, {
        "code": "T86811",
        "display": "Lung transplant failure"
      }, {
        "code": "T86812",
        "display": "Lung transplant infection"
      }, {
        "code": "T86818",
        "display": "Other complications of lung transplant"
      }, {
        "code": "T86819",
        "display": "Unspecified complication of lung transplant"
      }, {
        "code": "T8682",
        "display": "Complications of skin graft (allograft) (autograft)"
      }, {
        "code": "T86820",
        "display": "Skin graft (allograft) rejection"
      }, {
        "code": "T86821",
        "display": "Skin graft (allograft) (autograft) failure"
      }, {
        "code": "T86822",
        "display": "Skin graft (allograft) (autograft) infection"
      }, {
        "code": "T86828",
        "display": "Other complications of skin graft (allograft) (autograft)"
      }, {
        "code": "T86829",
        "display": "Unsp complication of skin graft (allograft) (autograft)"
      }, {
        "code": "T8683",
        "display": "Complications of bone graft"
      }, {
        "code": "T86830",
        "display": "Bone graft rejection"
      }, {
        "code": "T86831",
        "display": "Bone graft failure"
      }, {
        "code": "T86832",
        "display": "Bone graft infection"
      }, {
        "code": "T86838",
        "display": "Other complications of bone graft"
      }, {
        "code": "T86839",
        "display": "Unspecified complication of bone graft"
      }, {
        "code": "T8684",
        "display": "Complications of corneal transplant"
      }, {
        "code": "T86840",
        "display": "Corneal transplant rejection"
      }, {
        "code": "T86841",
        "display": "Corneal transplant failure"
      }, {
        "code": "T86842",
        "display": "Corneal transplant infection"
      }, {
        "code": "T86848",
        "display": "Other complications of corneal transplant"
      }, {
        "code": "T86849",
        "display": "Unspecified complication of corneal transplant"
      }, {
        "code": "T8685",
        "display": "Complication of intestine transplant"
      }, {
        "code": "T86850",
        "display": "Intestine transplant rejection"
      }, {
        "code": "T86851",
        "display": "Intestine transplant failure"
      }, {
        "code": "T86852",
        "display": "Intestine transplant infection"
      }, {
        "code": "T86858",
        "display": "Other complications of intestine transplant"
      }, {
        "code": "T86859",
        "display": "Unspecified complication of intestine transplant"
      }, {
        "code": "T8689",
        "display": "Complications of other transplanted tissue"
      }, {
        "code": "T86890",
        "display": "Other transplanted tissue rejection"
      }, {
        "code": "T86891",
        "display": "Other transplanted tissue failure"
      }, {
        "code": "T86892",
        "display": "Other transplanted tissue infection"
      }, {
        "code": "T86898",
        "display": "Other complications of other transplanted tissue"
      }, {
        "code": "T86899",
        "display": "Unspecified complication of other transplanted tissue"
      }, {
        "code": "T869",
        "display": "Complication of unspecified transplanted organ and tissue"
      }, {
        "code": "T8690",
        "display": "Unsp complication of unsp transplanted organ and tissue"
      }, {
        "code": "T8691",
        "display": "Unspecified transplanted organ and tissue rejection"
      }, {
        "code": "T8692",
        "display": "Unspecified transplanted organ and tissue failure"
      }, {
        "code": "T8693",
        "display": "Unspecified transplanted organ and tissue infection"
      }, {
        "code": "T8699",
        "display": "Other complications of unsp transplanted organ and tissue"
      } ]
    } ]
  }
}