{
  "resourceType": "ValueSet",
  "id": "H90",
  "url": "http://hl7.org/fhir/sid/icd-10-cm-615",
  "version": "1.0",
  "name": "Conductive and sensorineural hearing loss",
  "title": "Conductive and sensorineural hearing loss",
  "status": "active",
  "compose": {
    "include": [ {
      "system": "http://hl7.org/fhir/sid/icd-10-cm",
      "concept": [ {
        "code": "H900",
        "display": "Conductive hearing loss, bilateral"
      }, {
        "code": "H901",
        "display": "Conductive hear loss, uni w unrestricted hear cntra side"
      }, {
        "code": "H9011",
        "display": "Condctv hear loss, uni, right ear, w unrestr hear cntra side"
      }, {
        "code": "H9012",
        "display": "Condctv hear loss, uni, left ear, w unrestr hear cntra side"
      }, {
        "code": "H902",
        "display": "Conductive hearing loss, unspecified"
      }, {
        "code": "H903",
        "display": "Sensorineural hearing loss, bilateral"
      }, {
        "code": "H904",
        "display": "Sensorineural hear loss, uni w unrestricted hear cntra side"
      }, {
        "code": "H9041",
        "display": "Snsrnrl hear loss, uni, right ear, w unrestr hear cntra side"
      }, {
        "code": "H9042",
        "display": "Snsrnrl hear loss, uni, left ear, w unrestr hear cntra side"
      }, {
        "code": "H905",
        "display": "Unspecified sensorineural hearing loss"
      }, {
        "code": "H906",
        "display": "Mixed conductive and sensorineural hearing loss, bilateral"
      }, {
        "code": "H907",
        "display": "Mixed cndct/snrl hear loss, uni w unrestr hear cntra side"
      }, {
        "code": "H9071",
        "display": "Mix cndct/snrl hear loss,uni,r ear,w unrestr hear cntra side"
      }, {
        "code": "H9072",
        "display": "Mix cndct/snrl hear loss,uni,l ear,w unrestr hear cntra side"
      }, {
        "code": "H908",
        "display": "Mixed conductive and sensorineural hearing loss, unspecified"
      }, {
        "code": "H90A",
        "display": "Cndct/snrl hearing loss with restricted hear cntra side"
      }, {
        "code": "H90A1",
        "display": "Conductive hear loss, uni, with restricted hear cntra side"
      }, {
        "code": "H90A11",
        "display": "Condctv hear loss, uni, r ear with rstrcd hear cntra side"
      }, {
        "code": "H90A12",
        "display": "Condctv hear loss, uni, left ear with rstrcd hear cntra side"
      }, {
        "code": "H90A2",
        "display": "Snsrnrl hear loss, uni, with restricted hear cntra side"
      }, {
        "code": "H90A21",
        "display": "Snsrnrl hear loss, uni, r ear, with rstrcd hear cntra side"
      }, {
        "code": "H90A22",
        "display": "Snsrnrl hear loss, uni, l ear, with rstrcd hear cntra side"
      }, {
        "code": "H90A3",
        "display": "Mixed cndct/snrl hear loss, uni with rstrcd hear cntra side"
      }, {
        "code": "H90A31",
        "display": "Mix cndct/snrl hear loss,uni,r ear w rstrcd hear cntra side"
      }, {
        "code": "H90A32",
        "display": "Mix cndct/snrl hear loss,uni,l ear w rstrcd hear cntra side"
      } ]
    } ]
  }
}