{
  "resourceType": "ValueSet",
  "id": "F91",
  "url": "http://hl7.org/fhir/sid/icd-10-cm-483",
  "version": "1.0",
  "name": "Conduct disorders",
  "title": "Conduct disorders",
  "status": "active",
  "compose": {
    "include": [ {
      "system": "http://hl7.org/fhir/sid/icd-10-cm",
      "concept": [ {
        "code": "F910",
        "display": "Conduct disorder confined to family context"
      }, {
        "code": "F911",
        "display": "Conduct disorder, childhood-onset type"
      }, {
        "code": "F912",
        "display": "Conduct disorder, adolescent-onset type"
      }, {
        "code": "F913",
        "display": "Oppositional defiant disorder"
      }, {
        "code": "F918",
        "display": "Other conduct disorders"
      }, {
        "code": "F919",
        "display": "Conduct disorder, unspecified"
      } ]
    } ]
  }
}