{
  "resourceType": "ValueSet",
  "id": "P23",
  "url": "http://hl7.org/fhir/sid/icd-10-cm-1161",
  "version": "1.0",
  "name": "Congenital pneumonia",
  "title": "Congenital pneumonia",
  "status": "active",
  "compose": {
    "include": [ {
      "system": "http://hl7.org/fhir/sid/icd-10-cm",
      "concept": [ {
        "code": "P230",
        "display": "Congenital pneumonia due to viral agent"
      }, {
        "code": "P231",
        "display": "Congenital pneumonia due to Chlamydia"
      }, {
        "code": "P232",
        "display": "Congenital pneumonia due to staphylococcus"
      }, {
        "code": "P233",
        "display": "Congenital pneumonia due to streptococcus, group B"
      }, {
        "code": "P234",
        "display": "Congenital pneumonia due to Escherichia coli"
      }, {
        "code": "P235",
        "display": "Congenital pneumonia due to Pseudomonas"
      }, {
        "code": "P236",
        "display": "Congenital pneumonia due to other bacterial agents"
      }, {
        "code": "P238",
        "display": "Congenital pneumonia due to other organisms"
      }, {
        "code": "P239",
        "display": "Congenital pneumonia, unspecified"
      } ]
    } ]
  }
}