{
  "resourceType": "ValueSet",
  "id": "Q13",
  "url": "http://hl7.org/fhir/sid/icd-10-cm-1214",
  "version": "1.0",
  "name": "Congenital malformations of anterior segment of eye",
  "title": "Congenital malformations of anterior segment of eye",
  "status": "active",
  "compose": {
    "include": [ {
      "system": "http://hl7.org/fhir/sid/icd-10-cm",
      "concept": [ {
        "code": "Q130",
        "display": "Coloboma of iris"
      }, {
        "code": "Q131",
        "display": "Absence of iris"
      }, {
        "code": "Q132",
        "display": "Other congenital malformations of iris"
      }, {
        "code": "Q133",
        "display": "Congenital corneal opacity"
      }, {
        "code": "Q134",
        "display": "Other congenital corneal malformations"
      }, {
        "code": "Q135",
        "display": "Blue sclera"
      }, {
        "code": "Q138",
        "display": "Other congenital malformations of anterior segment of eye"
      }, {
        "code": "Q1381",
        "display": "Rieger's anomaly"
      }, {
        "code": "Q1389",
        "display": "Other congenital malformations of anterior segment of eye"
      }, {
        "code": "Q139",
        "display": "Congenital malformation of anterior segment of eye, unsp"
      } ]
    } ]
  }
}