{
  "resourceType": "ValueSet",
  "id": "E00",
  "url": "http://hl7.org/fhir/sid/icd-10-cm-344",
  "version": "1.0",
  "name": "Congenital iodine-deficiency syndrome",
  "title": "Congenital iodine-deficiency syndrome",
  "status": "active",
  "compose": {
    "include": [ {
      "system": "http://hl7.org/fhir/sid/icd-10-cm",
      "concept": [ {
        "code": "E000",
        "display": "Congenital iodine-deficiency syndrome, neurological type"
      }, {
        "code": "E001",
        "display": "Congenital iodine-deficiency syndrome, myxedematous type"
      }, {
        "code": "E002",
        "display": "Congenital iodine-deficiency syndrome, mixed type"
      }, {
        "code": "E009",
        "display": "Congenital iodine-deficiency syndrome, unspecified"
      } ]
    } ]
  }
}