{
  "resourceType": "ValueSet",
  "id": "Q39",
  "url": "http://hl7.org/fhir/sid/icd-10-cm-1238",
  "version": "1.0",
  "name": "Congenital malformations of esophagus",
  "title": "Congenital malformations of esophagus",
  "status": "active",
  "compose": {
    "include": [ {
      "system": "http://hl7.org/fhir/sid/icd-10-cm",
      "concept": [ {
        "code": "Q390",
        "display": "Atresia of esophagus without fistula"
      }, {
        "code": "Q391",
        "display": "Atresia of esophagus with tracheo-esophageal fistula"
      }, {
        "code": "Q392",
        "display": "Congenital tracheo-esophageal fistula without atresia"
      }, {
        "code": "Q393",
        "display": "Congenital stenosis and stricture of esophagus"
      }, {
        "code": "Q394",
        "display": "Esophageal web"
      }, {
        "code": "Q395",
        "display": "Congenital dilatation of esophagus"
      }, {
        "code": "Q396",
        "display": "Congenital diverticulum of esophagus"
      }, {
        "code": "Q398",
        "display": "Other congenital malformations of esophagus"
      }, {
        "code": "Q399",
        "display": "Congenital malformation of esophagus, unspecified"
      } ]
    } ]
  }
}