{
  "resourceType": "ValueSet",
  "id": "Q10",
  "url": "http://hl7.org/fhir/sid/icd-10-cm-1211",
  "version": "1.0",
  "name": "Congenital malform of eyelid, lacrimal apparatus and orbit",
  "title": "Congenital malformations of eyelid, lacrimal apparatus and orbit",
  "status": "active",
  "compose": {
    "include": [ {
      "system": "http://hl7.org/fhir/sid/icd-10-cm",
      "concept": [ {
        "code": "Q100",
        "display": "Congenital ptosis"
      }, {
        "code": "Q101",
        "display": "Congenital ectropion"
      }, {
        "code": "Q102",
        "display": "Congenital entropion"
      }, {
        "code": "Q103",
        "display": "Other congenital malformations of eyelid"
      }, {
        "code": "Q104",
        "display": "Absence and agenesis of lacrimal apparatus"
      }, {
        "code": "Q105",
        "display": "Congenital stenosis and stricture of lacrimal duct"
      }, {
        "code": "Q106",
        "display": "Other congenital malformations of lacrimal apparatus"
      }, {
        "code": "Q107",
        "display": "Congenital malformation of orbit"
      } ]
    } ]
  }
}