{
  "resourceType": "ValueSet",
  "id": "Q22",
  "url": "http://hl7.org/fhir/sid/icd-10-cm-1222",
  "version": "1.0",
  "name": "Congenital malformations of pulmonary and tricuspid valves",
  "title": "Congenital malformations of pulmonary and tricuspid valves",
  "status": "active",
  "compose": {
    "include": [ {
      "system": "http://hl7.org/fhir/sid/icd-10-cm",
      "concept": [ {
        "code": "Q220",
        "display": "Pulmonary valve atresia"
      }, {
        "code": "Q221",
        "display": "Congenital pulmonary valve stenosis"
      }, {
        "code": "Q222",
        "display": "Congenital pulmonary valve insufficiency"
      }, {
        "code": "Q223",
        "display": "Other congenital malformations of pulmonary valve"
      }, {
        "code": "Q224",
        "display": "Congenital tricuspid stenosis"
      }, {
        "code": "Q225",
        "display": "Ebstein's anomaly"
      }, {
        "code": "Q226",
        "display": "Hypoplastic right heart syndrome"
      }, {
        "code": "Q228",
        "display": "Other congenital malformations of tricuspid valve"
      }, {
        "code": "Q229",
        "display": "Congenital malformation of tricuspid valve, unspecified"
      } ]
    } ]
  }
}