{
  "resourceType": "ValueSet",
  "id": "A50",
  "url": "http://hl7.org/fhir/sid/icd-10-cm-42",
  "version": "1.0",
  "name": "Congenital syphilis",
  "title": "Congenital syphilis",
  "status": "active",
  "compose": {
    "include": [ {
      "system": "http://hl7.org/fhir/sid/icd-10-cm",
      "concept": [ {
        "code": "A500",
        "display": "Early congenital syphilis, symptomatic"
      }, {
        "code": "A5001",
        "display": "Early congenital syphilitic oculopathy"
      }, {
        "code": "A5002",
        "display": "Early congenital syphilitic osteochondropathy"
      }, {
        "code": "A5003",
        "display": "Early congenital syphilitic pharyngitis"
      }, {
        "code": "A5004",
        "display": "Early congenital syphilitic pneumonia"
      }, {
        "code": "A5005",
        "display": "Early congenital syphilitic rhinitis"
      }, {
        "code": "A5006",
        "display": "Early cutaneous congenital syphilis"
      }, {
        "code": "A5007",
        "display": "Early mucocutaneous congenital syphilis"
      }, {
        "code": "A5008",
        "display": "Early visceral congenital syphilis"
      }, {
        "code": "A5009",
        "display": "Other early congenital syphilis, symptomatic"
      }, {
        "code": "A501",
        "display": "Early congenital syphilis, latent"
      }, {
        "code": "A502",
        "display": "Early congenital syphilis, unspecified"
      }, {
        "code": "A503",
        "display": "Late congenital syphilitic oculopathy"
      }, {
        "code": "A5030",
        "display": "Late congenital syphilitic oculopathy, unspecified"
      }, {
        "code": "A5031",
        "display": "Late congenital syphilitic interstitial keratitis"
      }, {
        "code": "A5032",
        "display": "Late congenital syphilitic chorioretinitis"
      }, {
        "code": "A5039",
        "display": "Other late congenital syphilitic oculopathy"
      }, {
        "code": "A504",
        "display": "Late congenital neurosyphilis [juvenile neurosyphilis]"
      }, {
        "code": "A5040",
        "display": "Late congenital neurosyphilis, unspecified"
      }, {
        "code": "A5041",
        "display": "Late congenital syphilitic meningitis"
      }, {
        "code": "A5042",
        "display": "Late congenital syphilitic encephalitis"
      }, {
        "code": "A5043",
        "display": "Late congenital syphilitic polyneuropathy"
      }, {
        "code": "A5044",
        "display": "Late congenital syphilitic optic nerve atrophy"
      }, {
        "code": "A5045",
        "display": "Juvenile general paresis"
      }, {
        "code": "A5049",
        "display": "Other late congenital neurosyphilis"
      }, {
        "code": "A505",
        "display": "Other late congenital syphilis, symptomatic"
      }, {
        "code": "A5051",
        "display": "Clutton's joints"
      }, {
        "code": "A5052",
        "display": "Hutchinson's teeth"
      }, {
        "code": "A5053",
        "display": "Hutchinson's triad"
      }, {
        "code": "A5054",
        "display": "Late congenital cardiovascular syphilis"
      }, {
        "code": "A5055",
        "display": "Late congenital syphilitic arthropathy"
      }, {
        "code": "A5056",
        "display": "Late congenital syphilitic osteochondropathy"
      }, {
        "code": "A5057",
        "display": "Syphilitic saddle nose"
      }, {
        "code": "A5059",
        "display": "Other late congenital syphilis, symptomatic"
      }, {
        "code": "A506",
        "display": "Late congenital syphilis, latent"
      }, {
        "code": "A507",
        "display": "Late congenital syphilis, unspecified"
      }, {
        "code": "A509",
        "display": "Congenital syphilis, unspecified"
      } ]
    } ]
  }
}