{
  "resourceType": "ValueSet",
  "id": "Q66",
  "url": "http://hl7.org/fhir/sid/icd-10-cm-1258",
  "version": "1.0",
  "name": "Congenital deformities of feet",
  "title": "Congenital deformities of feet",
  "status": "active",
  "compose": {
    "include": [ {
      "system": "http://hl7.org/fhir/sid/icd-10-cm",
      "concept": [ {
        "code": "Q660",
        "display": "Congenital talipes equinovarus"
      }, {
        "code": "Q6600",
        "display": "Congenital talipes equinovarus, unspecified foot"
      }, {
        "code": "Q6601",
        "display": "Congenital talipes equinovarus, right foot"
      }, {
        "code": "Q6602",
        "display": "Congenital talipes equinovarus, left foot"
      }, {
        "code": "Q661",
        "display": "Congenital talipes calcaneovarus"
      }, {
        "code": "Q6610",
        "display": "Congenital talipes calcaneovarus, unspecified foot"
      }, {
        "code": "Q6611",
        "display": "Congenital talipes calcaneovarus, right foot"
      }, {
        "code": "Q6612",
        "display": "Congenital talipes calcaneovarus, left foot"
      }, {
        "code": "Q662",
        "display": "Congenital metatarsus (primus) varus"
      }, {
        "code": "Q6621",
        "display": "Congenital metatarsus primus varus"
      }, {
        "code": "Q66211",
        "display": "Congenital metatarsus primus varus, right foot"
      }, {
        "code": "Q66212",
        "display": "Congenital metatarsus primus varus, left foot"
      }, {
        "code": "Q66219",
        "display": "Congenital metatarsus primus varus, unspecified foot"
      }, {
        "code": "Q6622",
        "display": "Congenital metatarsus adductus"
      }, {
        "code": "Q66221",
        "display": "Congenital metatarsus adductus, right foot"
      }, {
        "code": "Q66222",
        "display": "Congenital metatarsus adductus, left foot"
      }, {
        "code": "Q66229",
        "display": "Congenital metatarsus adductus, unspecified foot"
      }, {
        "code": "Q663",
        "display": "Other congenital varus deformities of feet"
      }, {
        "code": "Q6630",
        "display": "Other congenital varus deformities of feet, unspecified foot"
      }, {
        "code": "Q6631",
        "display": "Other congenital varus deformities of feet, right foot"
      }, {
        "code": "Q6632",
        "display": "Other congenital varus deformities of feet, left foot"
      }, {
        "code": "Q664",
        "display": "Congenital talipes calcaneovalgus"
      }, {
        "code": "Q6640",
        "display": "Congenital talipes calcaneovalgus, unspecified foot"
      }, {
        "code": "Q6641",
        "display": "Congenital talipes calcaneovalgus, right foot"
      }, {
        "code": "Q6642",
        "display": "Congenital talipes calcaneovalgus, left foot"
      }, {
        "code": "Q665",
        "display": "Congenital pes planus"
      }, {
        "code": "Q6650",
        "display": "Congenital pes planus, unspecified foot"
      }, {
        "code": "Q6651",
        "display": "Congenital pes planus, right foot"
      }, {
        "code": "Q6652",
        "display": "Congenital pes planus, left foot"
      }, {
        "code": "Q666",
        "display": "Other congenital valgus deformities of feet"
      }, {
        "code": "Q667",
        "display": "Congenital pes cavus"
      }, {
        "code": "Q6670",
        "display": "Congenital pes cavus, unspecified foot"
      }, {
        "code": "Q6671",
        "display": "Congenital pes cavus, right foot"
      }, {
        "code": "Q6672",
        "display": "Congenital pes cavus, left foot"
      }, {
        "code": "Q668",
        "display": "Other congenital deformities of feet"
      }, {
        "code": "Q6680",
        "display": "Congenital vertical talus deformity, unspecified foot"
      }, {
        "code": "Q6681",
        "display": "Congenital vertical talus deformity, right foot"
      }, {
        "code": "Q6682",
        "display": "Congenital vertical talus deformity, left foot"
      }, {
        "code": "Q6689",
        "display": "Other specified congenital deformities of feet"
      }, {
        "code": "Q669",
        "display": "Congenital deformity of feet, unspecified"
      }, {
        "code": "Q6690",
        "display": "Congenital deformity of feet, unspecified, unspecified foot"
      }, {
        "code": "Q6691",
        "display": "Congenital deformity of feet, unspecified, right foot"
      }, {
        "code": "Q6692",
        "display": "Congenital deformity of feet, unspecified, left foot"
      } ]
    } ]
  }
}