{
  "resourceType": "ValueSet",
  "id": "Q03",
  "url": "http://hl7.org/fhir/sid/icd-10-cm-1206",
  "version": "1.0",
  "name": "Congenital hydrocephalus",
  "title": "Congenital hydrocephalus",
  "status": "active",
  "compose": {
    "include": [ {
      "system": "http://hl7.org/fhir/sid/icd-10-cm",
      "concept": [ {
        "code": "Q030",
        "display": "Malformations of aqueduct of Sylvius"
      }, {
        "code": "Q031",
        "display": "Atresia of foramina of Magendie and Luschka"
      }, {
        "code": "Q038",
        "display": "Other congenital hydrocephalus"
      }, {
        "code": "Q039",
        "display": "Congenital hydrocephalus, unspecified"
      } ]
    } ]
  }
}