{
  "resourceType": "ValueSet",
  "id": "Q31",
  "url": "http://hl7.org/fhir/sid/icd-10-cm-1230",
  "version": "1.0",
  "name": "Congenital malformations of larynx",
  "title": "Congenital malformations of larynx",
  "status": "active",
  "compose": {
    "include": [ {
      "system": "http://hl7.org/fhir/sid/icd-10-cm",
      "concept": [ {
        "code": "Q310",
        "display": "Web of larynx"
      }, {
        "code": "Q311",
        "display": "Congenital subglottic stenosis"
      }, {
        "code": "Q312",
        "display": "Laryngeal hypoplasia"
      }, {
        "code": "Q313",
        "display": "Laryngocele"
      }, {
        "code": "Q315",
        "display": "Congenital laryngomalacia"
      }, {
        "code": "Q318",
        "display": "Other congenital malformations of larynx"
      }, {
        "code": "Q319",
        "display": "Congenital malformation of larynx, unspecified"
      } ]
    } ]
  }
}