{
  "resourceType": "ValueSet",
  "id": "Q30",
  "url": "http://hl7.org/fhir/sid/icd-10-cm-1229",
  "version": "1.0",
  "name": "Congenital malformations of nose",
  "title": "Congenital malformations of nose",
  "status": "active",
  "compose": {
    "include": [ {
      "system": "http://hl7.org/fhir/sid/icd-10-cm",
      "concept": [ {
        "code": "Q300",
        "display": "Choanal atresia"
      }, {
        "code": "Q301",
        "display": "Agenesis and underdevelopment of nose"
      }, {
        "code": "Q302",
        "display": "Fissured, notched and cleft nose"
      }, {
        "code": "Q303",
        "display": "Congenital perforated nasal septum"
      }, {
        "code": "Q308",
        "display": "Other congenital malformations of nose"
      }, {
        "code": "Q309",
        "display": "Congenital malformation of nose, unspecified"
      } ]
    } ]
  }
}