{
  "resourceType": "ValueSet",
  "id": "Q67",
  "url": "http://hl7.org/fhir/sid/icd-10-cm-1259",
  "version": "1.0",
  "name": "Congenital ms deformities of head, face, spine and chest",
  "title": "Congenital musculoskeletal deformities of head, face, spine and chest",
  "status": "active",
  "compose": {
    "include": [ {
      "system": "http://hl7.org/fhir/sid/icd-10-cm",
      "concept": [ {
        "code": "Q670",
        "display": "Congenital facial asymmetry"
      }, {
        "code": "Q671",
        "display": "Congenital compression facies"
      }, {
        "code": "Q672",
        "display": "Dolichocephaly"
      }, {
        "code": "Q673",
        "display": "Plagiocephaly"
      }, {
        "code": "Q674",
        "display": "Other congenital deformities of skull, face and jaw"
      }, {
        "code": "Q675",
        "display": "Congenital deformity of spine"
      }, {
        "code": "Q676",
        "display": "Pectus excavatum"
      }, {
        "code": "Q677",
        "display": "Pectus carinatum"
      }, {
        "code": "Q678",
        "display": "Other congenital deformities of chest"
      } ]
    } ]
  }
}