{
  "resourceType": "ValueSet",
  "id": "Q83",
  "url": "http://hl7.org/fhir/sid/icd-10-cm-1275",
  "version": "1.0",
  "name": "Congenital malformations of breast",
  "title": "Congenital malformations of breast",
  "status": "active",
  "compose": {
    "include": [ {
      "system": "http://hl7.org/fhir/sid/icd-10-cm",
      "concept": [ {
        "code": "Q830",
        "display": "Congenital absence of breast with absent nipple"
      }, {
        "code": "Q831",
        "display": "Accessory breast"
      }, {
        "code": "Q832",
        "display": "Absent nipple"
      }, {
        "code": "Q833",
        "display": "Accessory nipple"
      }, {
        "code": "Q838",
        "display": "Other congenital malformations of breast"
      }, {
        "code": "Q839",
        "display": "Congenital malformation of breast, unspecified"
      } ]
    } ]
  }
}