{
  "resourceType": "ValueSet",
  "id": "Q32",
  "url": "http://hl7.org/fhir/sid/icd-10-cm-1231",
  "version": "1.0",
  "name": "Congenital malformations of trachea and bronchus",
  "title": "Congenital malformations of trachea and bronchus",
  "status": "active",
  "compose": {
    "include": [ {
      "system": "http://hl7.org/fhir/sid/icd-10-cm",
      "concept": [ {
        "code": "Q320",
        "display": "Congenital tracheomalacia"
      }, {
        "code": "Q321",
        "display": "Other congenital malformations of trachea"
      }, {
        "code": "Q322",
        "display": "Congenital bronchomalacia"
      }, {
        "code": "Q323",
        "display": "Congenital stenosis of bronchus"
      }, {
        "code": "Q324",
        "display": "Other congenital malformations of bronchus"
      } ]
    } ]
  }
}