{
  "resourceType": "ValueSet",
  "id": "Q80",
  "url": "http://hl7.org/fhir/sid/icd-10-cm-1272",
  "version": "1.0",
  "name": "Congenital ichthyosis",
  "title": "Congenital ichthyosis",
  "status": "active",
  "compose": {
    "include": [ {
      "system": "http://hl7.org/fhir/sid/icd-10-cm",
      "concept": [ {
        "code": "Q800",
        "display": "Ichthyosis vulgaris"
      }, {
        "code": "Q801",
        "display": "X-linked ichthyosis"
      }, {
        "code": "Q802",
        "display": "Lamellar ichthyosis"
      }, {
        "code": "Q803",
        "display": "Congenital bullous ichthyosiform erythroderma"
      }, {
        "code": "Q804",
        "display": "Harlequin fetus"
      }, {
        "code": "Q808",
        "display": "Other congenital ichthyosis"
      }, {
        "code": "Q809",
        "display": "Congenital ichthyosis, unspecified"
      } ]
    } ]
  }
}