{
  "resourceType": "ValueSet",
  "id": "Q42",
  "url": "http://hl7.org/fhir/sid/icd-10-cm-1241",
  "version": "1.0",
  "name": "Congenital absence, atresia and stenosis of large intestine",
  "title": "Congenital absence, atresia and stenosis of large intestine",
  "status": "active",
  "compose": {
    "include": [ {
      "system": "http://hl7.org/fhir/sid/icd-10-cm",
      "concept": [ {
        "code": "Q420",
        "display": "Congenital absence, atresia and stenosis of rectum w fistula"
      }, {
        "code": "Q421",
        "display": "Congen absence, atresia and stenosis of rectum w/o fistula"
      }, {
        "code": "Q422",
        "display": "Congenital absence, atresia and stenosis of anus w fistula"
      }, {
        "code": "Q423",
        "display": "Congenital absence, atresia and stenosis of anus w/o fistula"
      }, {
        "code": "Q428",
        "display": "Congenital absence, atresia and stenosis of prt lg int"
      }, {
        "code": "Q429",
        "display": "Congen absence, atresia and stenosis of lg int, part unsp"
      } ]
    } ]
  }
}