{
  "resourceType": "ValueSet",
  "id": "Q44",
  "url": "http://hl7.org/fhir/sid/icd-10-cm-1243",
  "version": "1.0",
  "name": "Congenital malform of gallbladder, bile ducts and liver",
  "title": "Congenital malformations of gallbladder, bile ducts and liver",
  "status": "active",
  "compose": {
    "include": [ {
      "system": "http://hl7.org/fhir/sid/icd-10-cm",
      "concept": [ {
        "code": "Q440",
        "display": "Agenesis, aplasia and hypoplasia of gallbladder"
      }, {
        "code": "Q441",
        "display": "Other congenital malformations of gallbladder"
      }, {
        "code": "Q442",
        "display": "Atresia of bile ducts"
      }, {
        "code": "Q443",
        "display": "Congenital stenosis and stricture of bile ducts"
      }, {
        "code": "Q444",
        "display": "Choledochal cyst"
      }, {
        "code": "Q445",
        "display": "Other congenital malformations of bile ducts"
      }, {
        "code": "Q446",
        "display": "Cystic disease of liver"
      }, {
        "code": "Q447",
        "display": "Other congenital malformations of liver"
      } ]
    } ]
  }
}