{
  "resourceType": "ValueSet",
  "id": "Q14",
  "url": "http://hl7.org/fhir/sid/icd-10-cm-1215",
  "version": "1.0",
  "name": "Congenital malformations of posterior segment of eye",
  "title": "Congenital malformations of posterior segment of eye",
  "status": "active",
  "compose": {
    "include": [ {
      "system": "http://hl7.org/fhir/sid/icd-10-cm",
      "concept": [ {
        "code": "Q140",
        "display": "Congenital malformation of vitreous humor"
      }, {
        "code": "Q141",
        "display": "Congenital malformation of retina"
      }, {
        "code": "Q142",
        "display": "Congenital malformation of optic disc"
      }, {
        "code": "Q143",
        "display": "Congenital malformation of choroid"
      }, {
        "code": "Q148",
        "display": "Other congenital malformations of posterior segment of eye"
      }, {
        "code": "Q149",
        "display": "Congenital malformation of posterior segment of eye, unsp"
      } ]
    } ]
  }
}