{
  "resourceType": "ValueSet",
  "id": "P35",
  "url": "http://hl7.org/fhir/sid/icd-10-cm-1168",
  "version": "1.0",
  "name": "Congenital viral diseases",
  "title": "Congenital viral diseases",
  "status": "active",
  "compose": {
    "include": [ {
      "system": "http://hl7.org/fhir/sid/icd-10-cm",
      "concept": [ {
        "code": "P350",
        "display": "Congenital rubella syndrome"
      }, {
        "code": "P351",
        "display": "Congenital cytomegalovirus infection"
      }, {
        "code": "P352",
        "display": "Congenital herpesviral [herpes simplex] infection"
      }, {
        "code": "P353",
        "display": "Congenital viral hepatitis"
      }, {
        "code": "P354",
        "display": "Congenital Zika virus disease"
      }, {
        "code": "P358",
        "display": "Other congenital viral diseases"
      }, {
        "code": "P359",
        "display": "Congenital viral disease, unspecified"
      } ]
    } ]
  }
}