{
  "resourceType": "ValueSet",
  "id": "Q62",
  "url": "http://hl7.org/fhir/sid/icd-10-cm-1254",
  "version": "1.0",
  "name": "Congen defects of renal pelvis and congen malform of ureter",
  "title": "Congenital obstructive defects of renal pelvis and congenital malformations of ureter",
  "status": "active",
  "compose": {
    "include": [ {
      "system": "http://hl7.org/fhir/sid/icd-10-cm",
      "concept": [ {
        "code": "Q620",
        "display": "Congenital hydronephrosis"
      }, {
        "code": "Q621",
        "display": "Congenital occlusion of ureter"
      }, {
        "code": "Q6210",
        "display": "Congenital occlusion of ureter, unspecified"
      }, {
        "code": "Q6211",
        "display": "Congenital occlusion of ureteropelvic junction"
      }, {
        "code": "Q6212",
        "display": "Congenital occlusion of ureterovesical orifice"
      }, {
        "code": "Q622",
        "display": "Congenital megaureter"
      }, {
        "code": "Q623",
        "display": "Other obstructive defects of renal pelvis and ureter"
      }, {
        "code": "Q6231",
        "display": "Congenital ureterocele, orthotopic"
      }, {
        "code": "Q6232",
        "display": "Cecoureterocele"
      }, {
        "code": "Q6239",
        "display": "Other obstructive defects of renal pelvis and ureter"
      }, {
        "code": "Q624",
        "display": "Agenesis of ureter"
      }, {
        "code": "Q625",
        "display": "Duplication of ureter"
      }, {
        "code": "Q626",
        "display": "Malposition of ureter"
      }, {
        "code": "Q6260",
        "display": "Malposition of ureter, unspecified"
      }, {
        "code": "Q6261",
        "display": "Deviation of ureter"
      }, {
        "code": "Q6262",
        "display": "Displacement of ureter"
      }, {
        "code": "Q6263",
        "display": "Anomalous implantation of ureter"
      }, {
        "code": "Q6269",
        "display": "Other malposition of ureter"
      }, {
        "code": "Q627",
        "display": "Congenital vesico-uretero-renal reflux"
      }, {
        "code": "Q628",
        "display": "Other congenital malformations of ureter"
      } ]
    } ]
  }
}