{
  "resourceType": "ValueSet",
  "id": "Q20",
  "url": "http://hl7.org/fhir/sid/icd-10-cm-1220",
  "version": "1.0",
  "name": "Congenital malformations of cardiac chambers and connections",
  "title": "Congenital malformations of cardiac chambers and connections",
  "status": "active",
  "compose": {
    "include": [ {
      "system": "http://hl7.org/fhir/sid/icd-10-cm",
      "concept": [ {
        "code": "Q200",
        "display": "Common arterial trunk"
      }, {
        "code": "Q201",
        "display": "Double outlet right ventricle"
      }, {
        "code": "Q202",
        "display": "Double outlet left ventricle"
      }, {
        "code": "Q203",
        "display": "Discordant ventriculoarterial connection"
      }, {
        "code": "Q204",
        "display": "Double inlet ventricle"
      }, {
        "code": "Q205",
        "display": "Discordant atrioventricular connection"
      }, {
        "code": "Q206",
        "display": "Isomerism of atrial appendages"
      }, {
        "code": "Q208",
        "display": "Oth congenital malform of cardiac chambers and connections"
      }, {
        "code": "Q209",
        "display": "Congenital malform of cardiac chambers and connections, unsp"
      } ]
    } ]
  }
}