{
  "resourceType": "ValueSet",
  "id": "Q50",
  "url": "http://hl7.org/fhir/sid/icd-10-cm-1245",
  "version": "1.0",
  "name": "Congen malform of ovaries, fallopian tubes & broad ligaments",
  "title": "Congenital malformations of ovaries, fallopian tubes and broad ligaments",
  "status": "active",
  "compose": {
    "include": [ {
      "system": "http://hl7.org/fhir/sid/icd-10-cm",
      "concept": [ {
        "code": "Q500",
        "display": "Congenital absence of ovary"
      }, {
        "code": "Q5001",
        "display": "Congenital absence of ovary, unilateral"
      }, {
        "code": "Q5002",
        "display": "Congenital absence of ovary, bilateral"
      }, {
        "code": "Q501",
        "display": "Developmental ovarian cyst"
      }, {
        "code": "Q502",
        "display": "Congenital torsion of ovary"
      }, {
        "code": "Q503",
        "display": "Other congenital malformations of ovary"
      }, {
        "code": "Q5031",
        "display": "Accessory ovary"
      }, {
        "code": "Q5032",
        "display": "Ovarian streak"
      }, {
        "code": "Q5039",
        "display": "Other congenital malformation of ovary"
      }, {
        "code": "Q504",
        "display": "Embryonic cyst of fallopian tube"
      }, {
        "code": "Q505",
        "display": "Embryonic cyst of broad ligament"
      }, {
        "code": "Q506",
        "display": "Oth congenital malformations of fallop and broad ligament"
      } ]
    } ]
  }
}