{
  "resourceType": "ValueSet",
  "id": "Q21",
  "url": "http://hl7.org/fhir/sid/icd-10-cm-1221",
  "version": "1.0",
  "name": "Congenital malformations of cardiac septa",
  "title": "Congenital malformations of cardiac septa",
  "status": "active",
  "compose": {
    "include": [ {
      "system": "http://hl7.org/fhir/sid/icd-10-cm",
      "concept": [ {
        "code": "Q210",
        "display": "Ventricular septal defect"
      }, {
        "code": "Q211",
        "display": "Atrial septal defect"
      }, {
        "code": "Q212",
        "display": "Atrioventricular septal defect"
      }, {
        "code": "Q213",
        "display": "Tetralogy of Fallot"
      }, {
        "code": "Q214",
        "display": "Aortopulmonary septal defect"
      }, {
        "code": "Q218",
        "display": "Other congenital malformations of cardiac septa"
      }, {
        "code": "Q219",
        "display": "Congenital malformation of cardiac septum, unspecified"
      } ]
    } ]
  }
}