{
  "resourceType": "ValueSet",
  "id": "Q33",
  "url": "http://hl7.org/fhir/sid/icd-10-cm-1232",
  "version": "1.0",
  "name": "Congenital malformations of lung",
  "title": "Congenital malformations of lung",
  "status": "active",
  "compose": {
    "include": [ {
      "system": "http://hl7.org/fhir/sid/icd-10-cm",
      "concept": [ {
        "code": "Q330",
        "display": "Congenital cystic lung"
      }, {
        "code": "Q331",
        "display": "Accessory lobe of lung"
      }, {
        "code": "Q332",
        "display": "Sequestration of lung"
      }, {
        "code": "Q333",
        "display": "Agenesis of lung"
      }, {
        "code": "Q334",
        "display": "Congenital bronchiectasis"
      }, {
        "code": "Q335",
        "display": "Ectopic tissue in lung"
      }, {
        "code": "Q336",
        "display": "Congenital hypoplasia and dysplasia of lung"
      }, {
        "code": "Q338",
        "display": "Other congenital malformations of lung"
      }, {
        "code": "Q339",
        "display": "Congenital malformation of lung, unspecified"
      } ]
    } ]
  }
}