{
  "resourceType": "ValueSet",
  "id": "Q86",
  "url": "http://hl7.org/fhir/sid/icd-10-cm-1278",
  "version": "1.0",
  "name": "Congen malform syndromes due to known exogenous causes, NEC",
  "title": "Congenital malformation syndromes due to known exogenous causes, not elsewhere classified",
  "status": "active",
  "compose": {
    "include": [ {
      "system": "http://hl7.org/fhir/sid/icd-10-cm",
      "concept": [ {
        "code": "Q860",
        "display": "Fetal alcohol syndrome (dysmorphic)"
      }, {
        "code": "Q861",
        "display": "Fetal hydantoin syndrome"
      }, {
        "code": "Q862",
        "display": "Dysmorphism due to warfarin"
      }, {
        "code": "Q868",
        "display": "Oth congen malform syndromes due to known exogenous causes"
      } ]
    } ]
  }
}