{
  "resourceType": "ValueSet",
  "id": "Q41",
  "url": "http://hl7.org/fhir/sid/icd-10-cm-1240",
  "version": "1.0",
  "name": "Congenital absence, atresia and stenosis of small intestine",
  "title": "Congenital absence, atresia and stenosis of small intestine",
  "status": "active",
  "compose": {
    "include": [ {
      "system": "http://hl7.org/fhir/sid/icd-10-cm",
      "concept": [ {
        "code": "Q410",
        "display": "Congenital absence, atresia and stenosis of duodenum"
      }, {
        "code": "Q411",
        "display": "Congenital absence, atresia and stenosis of jejunum"
      }, {
        "code": "Q412",
        "display": "Congenital absence, atresia and stenosis of ileum"
      }, {
        "code": "Q418",
        "display": "Congenital absence, atresia and stenosis of prt sm int"
      }, {
        "code": "Q419",
        "display": "Congen absence, atresia and stenosis of sm int, part unsp"
      } ]
    } ]
  }
}