{
  "resourceType": "ValueSet",
  "id": "Q79",
  "url": "http://hl7.org/fhir/sid/icd-10-cm-1271",
  "version": "1.0",
  "name": "Congenital malformations of musculoskeletal system, NEC",
  "title": "Congenital malformations of musculoskeletal system, not elsewhere classified",
  "status": "active",
  "compose": {
    "include": [ {
      "system": "http://hl7.org/fhir/sid/icd-10-cm",
      "concept": [ {
        "code": "Q790",
        "display": "Congenital diaphragmatic hernia"
      }, {
        "code": "Q791",
        "display": "Other congenital malformations of diaphragm"
      }, {
        "code": "Q792",
        "display": "Exomphalos"
      }, {
        "code": "Q793",
        "display": "Gastroschisis"
      }, {
        "code": "Q794",
        "display": "Prune belly syndrome"
      }, {
        "code": "Q795",
        "display": "Other congenital malformations of abdominal wall"
      }, {
        "code": "Q7951",
        "display": "Congenital hernia of bladder"
      }, {
        "code": "Q7959",
        "display": "Other congenital malformations of abdominal wall"
      }, {
        "code": "Q796",
        "display": "Ehlers-Danlos syndromes"
      }, {
        "code": "Q7960",
        "display": "Ehlers-Danlos syndrome, unspecified"
      }, {
        "code": "Q7961",
        "display": "Classical Ehlers-Danlos syndrome"
      }, {
        "code": "Q7962",
        "display": "Hypermobile Ehlers-Danlos syndrome"
      }, {
        "code": "Q7963",
        "display": "Vascular Ehlers-Danlos syndrome"
      }, {
        "code": "Q7969",
        "display": "Other Ehlers-Danlos syndromes"
      }, {
        "code": "Q798",
        "display": "Other congenital malformations of musculoskeletal system"
      }, {
        "code": "Q799",
        "display": "Congenital malformation of musculoskeletal system, unsp"
      } ]
    } ]
  }
}