{
  "resourceType": "ValueSet",
  "id": "Q65",
  "url": "http://hl7.org/fhir/sid/icd-10-cm-1257",
  "version": "1.0",
  "name": "Congenital deformities of hip",
  "title": "Congenital deformities of hip",
  "status": "active",
  "compose": {
    "include": [ {
      "system": "http://hl7.org/fhir/sid/icd-10-cm",
      "concept": [ {
        "code": "Q650",
        "display": "Congenital dislocation of hip, unilateral"
      }, {
        "code": "Q6500",
        "display": "Congenital dislocation of unspecified hip, unilateral"
      }, {
        "code": "Q6501",
        "display": "Congenital dislocation of right hip, unilateral"
      }, {
        "code": "Q6502",
        "display": "Congenital dislocation of left hip, unilateral"
      }, {
        "code": "Q651",
        "display": "Congenital dislocation of hip, bilateral"
      }, {
        "code": "Q652",
        "display": "Congenital dislocation of hip, unspecified"
      }, {
        "code": "Q653",
        "display": "Congenital partial dislocation of hip, unilateral"
      }, {
        "code": "Q6530",
        "display": "Congenital partial dislocation of unsp hip, unilateral"
      }, {
        "code": "Q6531",
        "display": "Congenital partial dislocation of right hip, unilateral"
      }, {
        "code": "Q6532",
        "display": "Congenital partial dislocation of left hip, unilateral"
      }, {
        "code": "Q654",
        "display": "Congenital partial dislocation of hip, bilateral"
      }, {
        "code": "Q655",
        "display": "Congenital partial dislocation of hip, unspecified"
      }, {
        "code": "Q656",
        "display": "Congenital unstable hip"
      }, {
        "code": "Q658",
        "display": "Other congenital deformities of hip"
      }, {
        "code": "Q6581",
        "display": "Congenital coxa valga"
      }, {
        "code": "Q6582",
        "display": "Congenital coxa vara"
      }, {
        "code": "Q6589",
        "display": "Other specified congenital deformities of hip"
      }, {
        "code": "Q659",
        "display": "Congenital deformity of hip, unspecified"
      } ]
    } ]
  }
}