{
  "resourceType": "ValueSet",
  "id": "Q25",
  "url": "http://hl7.org/fhir/sid/icd-10-cm-1225",
  "version": "1.0",
  "name": "Congenital malformations of great arteries",
  "title": "Congenital malformations of great arteries",
  "status": "active",
  "compose": {
    "include": [ {
      "system": "http://hl7.org/fhir/sid/icd-10-cm",
      "concept": [ {
        "code": "Q250",
        "display": "Patent ductus arteriosus"
      }, {
        "code": "Q251",
        "display": "Coarctation of aorta"
      }, {
        "code": "Q252",
        "display": "Atresia of aorta"
      }, {
        "code": "Q2521",
        "display": "Interruption of aortic arch"
      }, {
        "code": "Q2529",
        "display": "Other atresia of aorta"
      }, {
        "code": "Q253",
        "display": "Supravalvular aortic stenosis"
      }, {
        "code": "Q254",
        "display": "Other congenital malformations of aorta"
      }, {
        "code": "Q2540",
        "display": "Congenital malformation of aorta unspecified"
      }, {
        "code": "Q2541",
        "display": "Absence and aplasia of aorta"
      }, {
        "code": "Q2542",
        "display": "Hypoplasia of aorta"
      }, {
        "code": "Q2543",
        "display": "Congenital aneurysm of aorta"
      }, {
        "code": "Q2544",
        "display": "Congenital dilation of aorta"
      }, {
        "code": "Q2545",
        "display": "Double aortic arch"
      }, {
        "code": "Q2546",
        "display": "Tortuous aortic arch"
      }, {
        "code": "Q2547",
        "display": "Right aortic arch"
      }, {
        "code": "Q2548",
        "display": "Anomalous origin of subclavian artery"
      }, {
        "code": "Q2549",
        "display": "Other congenital malformations of aorta"
      }, {
        "code": "Q255",
        "display": "Atresia of pulmonary artery"
      }, {
        "code": "Q256",
        "display": "Stenosis of pulmonary artery"
      }, {
        "code": "Q257",
        "display": "Other congenital malformations of pulmonary artery"
      }, {
        "code": "Q2571",
        "display": "Coarctation of pulmonary artery"
      }, {
        "code": "Q2572",
        "display": "Congenital pulmonary arteriovenous malformation"
      }, {
        "code": "Q2579",
        "display": "Other congenital malformations of pulmonary artery"
      }, {
        "code": "Q258",
        "display": "Other congenital malformations of other great arteries"
      }, {
        "code": "Q259",
        "display": "Congenital malformation of great arteries, unspecified"
      } ]
    } ]
  }
}