{
  "resourceType": "ValueSet",
  "id": "Q16",
  "url": "http://hl7.org/fhir/sid/icd-10-cm-1217",
  "version": "1.0",
  "name": "Congenital malform of ear causing impairment of hearing",
  "title": "Congenital malformations of ear causing impairment of hearing",
  "status": "active",
  "compose": {
    "include": [ {
      "system": "http://hl7.org/fhir/sid/icd-10-cm",
      "concept": [ {
        "code": "Q160",
        "display": "Congenital absence of (ear) auricle"
      }, {
        "code": "Q161",
        "display": "Congenital absence, atresia and stricture of auditory canal"
      }, {
        "code": "Q162",
        "display": "Absence of eustachian tube"
      }, {
        "code": "Q163",
        "display": "Congenital malformation of ear ossicles"
      }, {
        "code": "Q164",
        "display": "Other congenital malformations of middle ear"
      }, {
        "code": "Q165",
        "display": "Congenital malformation of inner ear"
      }, {
        "code": "Q169",
        "display": "Congen malform of ear causing impairment of hearing, unsp"
      } ]
    } ]
  }
}