{
  "resourceType": "ValueSet",
  "id": "Q26",
  "url": "http://hl7.org/fhir/sid/icd-10-cm-1226",
  "version": "1.0",
  "name": "Congenital malformations of great veins",
  "title": "Congenital malformations of great veins",
  "status": "active",
  "compose": {
    "include": [ {
      "system": "http://hl7.org/fhir/sid/icd-10-cm",
      "concept": [ {
        "code": "Q260",
        "display": "Congenital stenosis of vena cava"
      }, {
        "code": "Q261",
        "display": "Persistent left superior vena cava"
      }, {
        "code": "Q262",
        "display": "Total anomalous pulmonary venous connection"
      }, {
        "code": "Q263",
        "display": "Partial anomalous pulmonary venous connection"
      }, {
        "code": "Q264",
        "display": "Anomalous pulmonary venous connection, unspecified"
      }, {
        "code": "Q265",
        "display": "Anomalous portal venous connection"
      }, {
        "code": "Q266",
        "display": "Portal vein-hepatic artery fistula"
      }, {
        "code": "Q268",
        "display": "Other congenital malformations of great veins"
      }, {
        "code": "Q269",
        "display": "Congenital malformation of great vein, unspecified"
      } ]
    } ]
  }
}