{
  "resourceType": "ValueSet",
  "id": "Q23",
  "url": "http://hl7.org/fhir/sid/icd-10-cm-1223",
  "version": "1.0",
  "name": "Congenital malformations of aortic and mitral valves",
  "title": "Congenital malformations of aortic and mitral valves",
  "status": "active",
  "compose": {
    "include": [ {
      "system": "http://hl7.org/fhir/sid/icd-10-cm",
      "concept": [ {
        "code": "Q230",
        "display": "Congenital stenosis of aortic valve"
      }, {
        "code": "Q231",
        "display": "Congenital insufficiency of aortic valve"
      }, {
        "code": "Q232",
        "display": "Congenital mitral stenosis"
      }, {
        "code": "Q233",
        "display": "Congenital mitral insufficiency"
      }, {
        "code": "Q234",
        "display": "Hypoplastic left heart syndrome"
      }, {
        "code": "Q238",
        "display": "Other congenital malformations of aortic and mitral valves"
      }, {
        "code": "Q239",
        "display": "Congenital malformation of aortic and mitral valves, unsp"
      } ]
    } ]
  }
}