{
  "resourceType": "ValueSet",
  "id": "Q76",
  "url": "http://hl7.org/fhir/sid/icd-10-cm-1268",
  "version": "1.0",
  "name": "Congenital malformations of spine and bony thorax",
  "title": "Congenital malformations of spine and bony thorax",
  "status": "active",
  "compose": {
    "include": [ {
      "system": "http://hl7.org/fhir/sid/icd-10-cm",
      "concept": [ {
        "code": "Q760",
        "display": "Spina bifida occulta"
      }, {
        "code": "Q761",
        "display": "Klippel-Feil syndrome"
      }, {
        "code": "Q762",
        "display": "Congenital spondylolisthesis"
      }, {
        "code": "Q763",
        "display": "Congenital scoliosis due to congenital bony malformation"
      }, {
        "code": "Q764",
        "display": "Oth congenital malform of spine, not associated w scoliosis"
      }, {
        "code": "Q7641",
        "display": "Congenital kyphosis"
      }, {
        "code": "Q76411",
        "display": "Congenital kyphosis, occipito-atlanto-axial region"
      }, {
        "code": "Q76412",
        "display": "Congenital kyphosis, cervical region"
      }, {
        "code": "Q76413",
        "display": "Congenital kyphosis, cervicothoracic region"
      }, {
        "code": "Q76414",
        "display": "Congenital kyphosis, thoracic region"
      }, {
        "code": "Q76415",
        "display": "Congenital kyphosis, thoracolumbar region"
      }, {
        "code": "Q76419",
        "display": "Congenital kyphosis, unspecified region"
      }, {
        "code": "Q7642",
        "display": "Congenital lordosis"
      }, {
        "code": "Q76425",
        "display": "Congenital lordosis, thoracolumbar region"
      }, {
        "code": "Q76426",
        "display": "Congenital lordosis, lumbar region"
      }, {
        "code": "Q76427",
        "display": "Congenital lordosis, lumbosacral region"
      }, {
        "code": "Q76428",
        "display": "Congenital lordosis, sacral and sacrococcygeal region"
      }, {
        "code": "Q76429",
        "display": "Congenital lordosis, unspecified region"
      }, {
        "code": "Q7649",
        "display": "Oth congenital malform of spine, not associated w scoliosis"
      }, {
        "code": "Q765",
        "display": "Cervical rib"
      }, {
        "code": "Q766",
        "display": "Other congenital malformations of ribs"
      }, {
        "code": "Q767",
        "display": "Congenital malformation of sternum"
      }, {
        "code": "Q768",
        "display": "Other congenital malformations of bony thorax"
      }, {
        "code": "Q769",
        "display": "Congenital malformation of bony thorax, unspecified"
      } ]
    } ]
  }
}