{
  "resourceType": "ValueSet",
  "id": "Q51",
  "url": "http://hl7.org/fhir/sid/icd-10-cm-1246",
  "version": "1.0",
  "name": "Congenital malformations of uterus and cervix",
  "title": "Congenital malformations of uterus and cervix",
  "status": "active",
  "compose": {
    "include": [ {
      "system": "http://hl7.org/fhir/sid/icd-10-cm",
      "concept": [ {
        "code": "Q510",
        "display": "Agenesis and aplasia of uterus"
      }, {
        "code": "Q511",
        "display": "Doubling of uterus with doubling of cervix and vagina"
      }, {
        "code": "Q5110",
        "display": "Doubling of uterus w doubling of cervix and vagina w/o obst"
      }, {
        "code": "Q5111",
        "display": "Doubling of uterus w doubling of cervix and vagina w obst"
      }, {
        "code": "Q512",
        "display": "Other doubling of uterus"
      }, {
        "code": "Q5120",
        "display": "Other doubling of uterus, unspecified"
      }, {
        "code": "Q5121",
        "display": "Other complete doubling of uterus"
      }, {
        "code": "Q5122",
        "display": "Other partial doubling of uterus"
      }, {
        "code": "Q5128",
        "display": "Other doubling of uterus, other specified"
      }, {
        "code": "Q513",
        "display": "Bicornate uterus"
      }, {
        "code": "Q514",
        "display": "Unicornate uterus"
      }, {
        "code": "Q515",
        "display": "Agenesis and aplasia of cervix"
      }, {
        "code": "Q516",
        "display": "Embryonic cyst of cervix"
      }, {
        "code": "Q517",
        "display": "Congen fistulae betw uterus and digestive and urinary tracts"
      }, {
        "code": "Q518",
        "display": "Other congenital malformations of uterus and cervix"
      }, {
        "code": "Q5181",
        "display": "Other congenital malformations of uterus"
      }, {
        "code": "Q51810",
        "display": "Arcuate uterus"
      }, {
        "code": "Q51811",
        "display": "Hypoplasia of uterus"
      }, {
        "code": "Q51818",
        "display": "Other congenital malformations of uterus"
      }, {
        "code": "Q5182",
        "display": "Other congenital malformations of cervix"
      }, {
        "code": "Q51820",
        "display": "Cervical duplication"
      }, {
        "code": "Q51821",
        "display": "Hypoplasia of cervix"
      }, {
        "code": "Q51828",
        "display": "Other congenital malformations of cervix"
      }, {
        "code": "Q519",
        "display": "Congenital malformation of uterus and cervix, unspecified"
      } ]
    } ]
  }
}