{
  "resourceType": "ValueSet",
  "id": "Q12",
  "url": "http://hl7.org/fhir/sid/icd-10-cm-1213",
  "version": "1.0",
  "name": "Congenital lens malformations",
  "title": "Congenital lens malformations",
  "status": "active",
  "compose": {
    "include": [ {
      "system": "http://hl7.org/fhir/sid/icd-10-cm",
      "concept": [ {
        "code": "Q120",
        "display": "Congenital cataract"
      }, {
        "code": "Q121",
        "display": "Congenital displaced lens"
      }, {
        "code": "Q122",
        "display": "Coloboma of lens"
      }, {
        "code": "Q123",
        "display": "Congenital aphakia"
      }, {
        "code": "Q124",
        "display": "Spherophakia"
      }, {
        "code": "Q128",
        "display": "Other congenital lens malformations"
      }, {
        "code": "Q129",
        "display": "Congenital lens malformation, unspecified"
      } ]
    } ]
  }
}