{
  "resourceType": "ValueSet",
  "id": "H10",
  "url": "http://hl7.org/fhir/sid/icd-10-cm-562",
  "version": "1.0",
  "name": "Conjunctivitis",
  "title": "Conjunctivitis",
  "status": "active",
  "compose": {
    "include": [ {
      "system": "http://hl7.org/fhir/sid/icd-10-cm",
      "concept": [ {
        "code": "H100",
        "display": "Mucopurulent conjunctivitis"
      }, {
        "code": "H1001",
        "display": "Acute follicular conjunctivitis"
      }, {
        "code": "H10011",
        "display": "Acute follicular conjunctivitis, right eye"
      }, {
        "code": "H10012",
        "display": "Acute follicular conjunctivitis, left eye"
      }, {
        "code": "H10013",
        "display": "Acute follicular conjunctivitis, bilateral"
      }, {
        "code": "H10019",
        "display": "Acute follicular conjunctivitis, unspecified eye"
      }, {
        "code": "H1002",
        "display": "Other mucopurulent conjunctivitis"
      }, {
        "code": "H10021",
        "display": "Other mucopurulent conjunctivitis, right eye"
      }, {
        "code": "H10022",
        "display": "Other mucopurulent conjunctivitis, left eye"
      }, {
        "code": "H10023",
        "display": "Other mucopurulent conjunctivitis, bilateral"
      }, {
        "code": "H10029",
        "display": "Other mucopurulent conjunctivitis, unspecified eye"
      }, {
        "code": "H101",
        "display": "Acute atopic conjunctivitis"
      }, {
        "code": "H1010",
        "display": "Acute atopic conjunctivitis, unspecified eye"
      }, {
        "code": "H1011",
        "display": "Acute atopic conjunctivitis, right eye"
      }, {
        "code": "H1012",
        "display": "Acute atopic conjunctivitis, left eye"
      }, {
        "code": "H1013",
        "display": "Acute atopic conjunctivitis, bilateral"
      }, {
        "code": "H102",
        "display": "Other acute conjunctivitis"
      }, {
        "code": "H1021",
        "display": "Acute toxic conjunctivitis"
      }, {
        "code": "H10211",
        "display": "Acute toxic conjunctivitis, right eye"
      }, {
        "code": "H10212",
        "display": "Acute toxic conjunctivitis, left eye"
      }, {
        "code": "H10213",
        "display": "Acute toxic conjunctivitis, bilateral"
      }, {
        "code": "H10219",
        "display": "Acute toxic conjunctivitis, unspecified eye"
      }, {
        "code": "H1022",
        "display": "Pseudomembranous conjunctivitis"
      }, {
        "code": "H10221",
        "display": "Pseudomembranous conjunctivitis, right eye"
      }, {
        "code": "H10222",
        "display": "Pseudomembranous conjunctivitis, left eye"
      }, {
        "code": "H10223",
        "display": "Pseudomembranous conjunctivitis, bilateral"
      }, {
        "code": "H10229",
        "display": "Pseudomembranous conjunctivitis, unspecified eye"
      }, {
        "code": "H1023",
        "display": "Serous conjunctivitis, except viral"
      }, {
        "code": "H10231",
        "display": "Serous conjunctivitis, except viral, right eye"
      }, {
        "code": "H10232",
        "display": "Serous conjunctivitis, except viral, left eye"
      }, {
        "code": "H10233",
        "display": "Serous conjunctivitis, except viral, bilateral"
      }, {
        "code": "H10239",
        "display": "Serous conjunctivitis, except viral, unspecified eye"
      }, {
        "code": "H103",
        "display": "Unspecified acute conjunctivitis"
      }, {
        "code": "H1030",
        "display": "Unspecified acute conjunctivitis, unspecified eye"
      }, {
        "code": "H1031",
        "display": "Unspecified acute conjunctivitis, right eye"
      }, {
        "code": "H1032",
        "display": "Unspecified acute conjunctivitis, left eye"
      }, {
        "code": "H1033",
        "display": "Unspecified acute conjunctivitis, bilateral"
      }, {
        "code": "H104",
        "display": "Chronic conjunctivitis"
      }, {
        "code": "H1040",
        "display": "Unspecified chronic conjunctivitis"
      }, {
        "code": "H10401",
        "display": "Unspecified chronic conjunctivitis, right eye"
      }, {
        "code": "H10402",
        "display": "Unspecified chronic conjunctivitis, left eye"
      }, {
        "code": "H10403",
        "display": "Unspecified chronic conjunctivitis, bilateral"
      }, {
        "code": "H10409",
        "display": "Unspecified chronic conjunctivitis, unspecified eye"
      }, {
        "code": "H1041",
        "display": "Chronic giant papillary conjunctivitis"
      }, {
        "code": "H10411",
        "display": "Chronic giant papillary conjunctivitis, right eye"
      }, {
        "code": "H10412",
        "display": "Chronic giant papillary conjunctivitis, left eye"
      }, {
        "code": "H10413",
        "display": "Chronic giant papillary conjunctivitis, bilateral"
      }, {
        "code": "H10419",
        "display": "Chronic giant papillary conjunctivitis, unspecified eye"
      }, {
        "code": "H1042",
        "display": "Simple chronic conjunctivitis"
      }, {
        "code": "H10421",
        "display": "Simple chronic conjunctivitis, right eye"
      }, {
        "code": "H10422",
        "display": "Simple chronic conjunctivitis, left eye"
      }, {
        "code": "H10423",
        "display": "Simple chronic conjunctivitis, bilateral"
      }, {
        "code": "H10429",
        "display": "Simple chronic conjunctivitis, unspecified eye"
      }, {
        "code": "H1043",
        "display": "Chronic follicular conjunctivitis"
      }, {
        "code": "H10431",
        "display": "Chronic follicular conjunctivitis, right eye"
      }, {
        "code": "H10432",
        "display": "Chronic follicular conjunctivitis, left eye"
      }, {
        "code": "H10433",
        "display": "Chronic follicular conjunctivitis, bilateral"
      }, {
        "code": "H10439",
        "display": "Chronic follicular conjunctivitis, unspecified eye"
      }, {
        "code": "H1044",
        "display": "Vernal conjunctivitis"
      }, {
        "code": "H1045",
        "display": "Other chronic allergic conjunctivitis"
      }, {
        "code": "H105",
        "display": "Blepharoconjunctivitis"
      }, {
        "code": "H1050",
        "display": "Unspecified blepharoconjunctivitis"
      }, {
        "code": "H10501",
        "display": "Unspecified blepharoconjunctivitis, right eye"
      }, {
        "code": "H10502",
        "display": "Unspecified blepharoconjunctivitis, left eye"
      }, {
        "code": "H10503",
        "display": "Unspecified blepharoconjunctivitis, bilateral"
      }, {
        "code": "H10509",
        "display": "Unspecified blepharoconjunctivitis, unspecified eye"
      }, {
        "code": "H1051",
        "display": "Ligneous conjunctivitis"
      }, {
        "code": "H10511",
        "display": "Ligneous conjunctivitis, right eye"
      }, {
        "code": "H10512",
        "display": "Ligneous conjunctivitis, left eye"
      }, {
        "code": "H10513",
        "display": "Ligneous conjunctivitis, bilateral"
      }, {
        "code": "H10519",
        "display": "Ligneous conjunctivitis, unspecified eye"
      }, {
        "code": "H1052",
        "display": "Angular blepharoconjunctivitis"
      }, {
        "code": "H10521",
        "display": "Angular blepharoconjunctivitis, right eye"
      }, {
        "code": "H10522",
        "display": "Angular blepharoconjunctivitis, left eye"
      }, {
        "code": "H10523",
        "display": "Angular blepharoconjunctivitis, bilateral"
      }, {
        "code": "H10529",
        "display": "Angular blepharoconjunctivitis, unspecified eye"
      }, {
        "code": "H1053",
        "display": "Contact blepharoconjunctivitis"
      }, {
        "code": "H10531",
        "display": "Contact blepharoconjunctivitis, right eye"
      }, {
        "code": "H10532",
        "display": "Contact blepharoconjunctivitis, left eye"
      }, {
        "code": "H10533",
        "display": "Contact blepharoconjunctivitis, bilateral"
      }, {
        "code": "H10539",
        "display": "Contact blepharoconjunctivitis, unspecified eye"
      }, {
        "code": "H108",
        "display": "Other conjunctivitis"
      }, {
        "code": "H1081",
        "display": "Pingueculitis"
      }, {
        "code": "H10811",
        "display": "Pingueculitis, right eye"
      }, {
        "code": "H10812",
        "display": "Pingueculitis, left eye"
      }, {
        "code": "H10813",
        "display": "Pingueculitis, bilateral"
      }, {
        "code": "H10819",
        "display": "Pingueculitis, unspecified eye"
      }, {
        "code": "H1082",
        "display": "Rosacea conjunctivitis"
      }, {
        "code": "H10821",
        "display": "Rosacea conjunctivitis, right eye"
      }, {
        "code": "H10822",
        "display": "Rosacea conjunctivitis, left eye"
      }, {
        "code": "H10823",
        "display": "Rosacea conjunctivitis, bilateral"
      }, {
        "code": "H10829",
        "display": "Rosacea conjunctivitis, unspecified eye"
      }, {
        "code": "H1089",
        "display": "Other conjunctivitis"
      }, {
        "code": "H109",
        "display": "Unspecified conjunctivitis"
      } ]
    } ]
  }
}