{
  "resourceType": "ValueSet",
  "id": "Y29",
  "url": "http://hl7.org/fhir/sid/icd-10-cm-1787",
  "version": "1.0",
  "name": "Contact with blunt object, undetermined intent",
  "title": "Contact with blunt object, undetermined intent",
  "status": "active",
  "compose": {
    "include": [ {
      "system": "http://hl7.org/fhir/sid/icd-10-cm",
      "concept": [ {
        "code": "Y29XXXA",
        "display": "Contact with blunt object, undetermined intent, init encntr"
      }, {
        "code": "Y29XXXD",
        "display": "Contact with blunt object, undetermined intent, subs encntr"
      }, {
        "code": "Y29XXXS",
        "display": "Contact with blunt object, undetermined intent, sequela"
      } ]
    } ]
  }
}