{
  "resourceType": "ValueSet",
  "id": "W31",
  "url": "http://hl7.org/fhir/sid/icd-10-cm-1678",
  "version": "1.0",
  "name": "Contact with other and unspecified machinery",
  "title": "Contact with other and unspecified machinery",
  "status": "active",
  "compose": {
    "include": [ {
      "system": "http://hl7.org/fhir/sid/icd-10-cm",
      "concept": [ {
        "code": "W310",
        "display": "Contact with mining and earth-drilling machinery"
      }, {
        "code": "W310XXA",
        "display": "Contact w mining and earth-drilling machinery, init encntr"
      }, {
        "code": "W310XXD",
        "display": "Contact w mining and earth-drilling machinery, subs encntr"
      }, {
        "code": "W310XXS",
        "display": "Contact with mining and earth-drilling machinery, sequela"
      }, {
        "code": "W311",
        "display": "Contact with metalworking machines"
      }, {
        "code": "W311XXA",
        "display": "Contact with metalworking machines, initial encounter"
      }, {
        "code": "W311XXD",
        "display": "Contact with metalworking machines, subsequent encounter"
      }, {
        "code": "W311XXS",
        "display": "Contact with metalworking machines, sequela"
      }, {
        "code": "W312",
        "display": "Contact with powered woodworking and forming machines"
      }, {
        "code": "W312XXA",
        "display": "Contact w powered woodworking and forming machines, init"
      }, {
        "code": "W312XXD",
        "display": "Contact w powered woodworking and forming machines, subs"
      }, {
        "code": "W312XXS",
        "display": "Contact w powered woodworking and forming machines, sequela"
      }, {
        "code": "W313",
        "display": "Contact with prime movers"
      }, {
        "code": "W313XXA",
        "display": "Contact with prime movers, initial encounter"
      }, {
        "code": "W313XXD",
        "display": "Contact with prime movers, subsequent encounter"
      }, {
        "code": "W313XXS",
        "display": "Contact with prime movers, sequela"
      }, {
        "code": "W318",
        "display": "Contact with other specified machinery"
      }, {
        "code": "W3181",
        "display": "Contact with recreational machinery"
      }, {
        "code": "W3181XA",
        "display": "Contact with recreational machinery, initial encounter"
      }, {
        "code": "W3181XD",
        "display": "Contact with recreational machinery, subsequent encounter"
      }, {
        "code": "W3181XS",
        "display": "Contact with recreational machinery, sequela"
      }, {
        "code": "W3182",
        "display": "Contact with other commercial machinery"
      }, {
        "code": "W3182XA",
        "display": "Contact with other commercial machinery, initial encounter"
      }, {
        "code": "W3182XD",
        "display": "Contact with other commercial machinery, subs encntr"
      }, {
        "code": "W3182XS",
        "display": "Contact with other commercial machinery, sequela"
      }, {
        "code": "W3183",
        "display": "Contact with special construction vehicle in stationary use"
      }, {
        "code": "W3183XA",
        "display": "Contact w special construct vehicle in stationary use, init"
      }, {
        "code": "W3183XD",
        "display": "Contact w special construct vehicle in stationary use, subs"
      }, {
        "code": "W3183XS",
        "display": "Cntct w special construct vehicle in stationry use, sequela"
      }, {
        "code": "W3189",
        "display": "Contact with other specified machinery"
      }, {
        "code": "W3189XA",
        "display": "Contact with other specified machinery, initial encounter"
      }, {
        "code": "W3189XD",
        "display": "Contact with other specified machinery, subsequent encounter"
      }, {
        "code": "W3189XS",
        "display": "Contact with other specified machinery, sequela"
      }, {
        "code": "W319",
        "display": "Contact with unspecified machinery"
      }, {
        "code": "W319XXA",
        "display": "Contact with unspecified machinery, initial encounter"
      }, {
        "code": "W319XXD",
        "display": "Contact with unspecified machinery, subsequent encounter"
      }, {
        "code": "W319XXS",
        "display": "Contact with unspecified machinery, sequela"
      } ]
    } ]
  }
}