{
  "resourceType": "ValueSet",
  "id": "W56",
  "url": "http://hl7.org/fhir/sid/icd-10-cm-1698",
  "version": "1.0",
  "name": "Contact with nonvenomous marine animal",
  "title": "Contact with nonvenomous marine animal",
  "status": "active",
  "compose": {
    "include": [ {
      "system": "http://hl7.org/fhir/sid/icd-10-cm",
      "concept": [ {
        "code": "W560",
        "display": "Contact with dolphin"
      }, {
        "code": "W5601",
        "display": "Bitten by dolphin"
      }, {
        "code": "W5601XA",
        "display": "Bitten by dolphin, initial encounter"
      }, {
        "code": "W5601XD",
        "display": "Bitten by dolphin, subsequent encounter"
      }, {
        "code": "W5601XS",
        "display": "Bitten by dolphin, sequela"
      }, {
        "code": "W5602",
        "display": "Struck by dolphin"
      }, {
        "code": "W5602XA",
        "display": "Struck by dolphin, initial encounter"
      }, {
        "code": "W5602XD",
        "display": "Struck by dolphin, subsequent encounter"
      }, {
        "code": "W5602XS",
        "display": "Struck by dolphin, sequela"
      }, {
        "code": "W5609",
        "display": "Other contact with dolphin"
      }, {
        "code": "W5609XA",
        "display": "Other contact with dolphin, initial encounter"
      }, {
        "code": "W5609XD",
        "display": "Other contact with dolphin, subsequent encounter"
      }, {
        "code": "W5609XS",
        "display": "Other contact with dolphin, sequela"
      }, {
        "code": "W561",
        "display": "Contact with sea lion"
      }, {
        "code": "W5611",
        "display": "Bitten by sea lion"
      }, {
        "code": "W5611XA",
        "display": "Bitten by sea lion, initial encounter"
      }, {
        "code": "W5611XD",
        "display": "Bitten by sea lion, subsequent encounter"
      }, {
        "code": "W5611XS",
        "display": "Bitten by sea lion, sequela"
      }, {
        "code": "W5612",
        "display": "Struck by sea lion"
      }, {
        "code": "W5612XA",
        "display": "Struck by sea lion, initial encounter"
      }, {
        "code": "W5612XD",
        "display": "Struck by sea lion, subsequent encounter"
      }, {
        "code": "W5612XS",
        "display": "Struck by sea lion, sequela"
      }, {
        "code": "W5619",
        "display": "Other contact with sea lion"
      }, {
        "code": "W5619XA",
        "display": "Other contact with sea lion, initial encounter"
      }, {
        "code": "W5619XD",
        "display": "Other contact with sea lion, subsequent encounter"
      }, {
        "code": "W5619XS",
        "display": "Other contact with sea lion, sequela"
      }, {
        "code": "W562",
        "display": "Contact with orca"
      }, {
        "code": "W5621",
        "display": "Bitten by orca"
      }, {
        "code": "W5621XA",
        "display": "Bitten by orca, initial encounter"
      }, {
        "code": "W5621XD",
        "display": "Bitten by orca, subsequent encounter"
      }, {
        "code": "W5621XS",
        "display": "Bitten by orca, sequela"
      }, {
        "code": "W5622",
        "display": "Struck by orca"
      }, {
        "code": "W5622XA",
        "display": "Struck by orca, initial encounter"
      }, {
        "code": "W5622XD",
        "display": "Struck by orca, subsequent encounter"
      }, {
        "code": "W5622XS",
        "display": "Struck by orca, sequela"
      }, {
        "code": "W5629",
        "display": "Other contact with orca"
      }, {
        "code": "W5629XA",
        "display": "Other contact with orca, initial encounter"
      }, {
        "code": "W5629XD",
        "display": "Other contact with orca, subsequent encounter"
      }, {
        "code": "W5629XS",
        "display": "Other contact with orca, sequela"
      }, {
        "code": "W563",
        "display": "Contact with other marine mammals"
      }, {
        "code": "W5631",
        "display": "Bitten by other marine mammals"
      }, {
        "code": "W5631XA",
        "display": "Bitten by other marine mammals, initial encounter"
      }, {
        "code": "W5631XD",
        "display": "Bitten by other marine mammals, subsequent encounter"
      }, {
        "code": "W5631XS",
        "display": "Bitten by other marine mammals, sequela"
      }, {
        "code": "W5632",
        "display": "Struck by other marine mammals"
      }, {
        "code": "W5632XA",
        "display": "Struck by other marine mammals, initial encounter"
      }, {
        "code": "W5632XD",
        "display": "Struck by other marine mammals, subsequent encounter"
      }, {
        "code": "W5632XS",
        "display": "Struck by other marine mammals, sequela"
      }, {
        "code": "W5639",
        "display": "Other contact with other marine mammals"
      }, {
        "code": "W5639XA",
        "display": "Other contact with other marine mammals, initial encounter"
      }, {
        "code": "W5639XD",
        "display": "Other contact with other marine mammals, subs encntr"
      }, {
        "code": "W5639XS",
        "display": "Other contact with other marine mammals, sequela"
      }, {
        "code": "W564",
        "display": "Contact with shark"
      }, {
        "code": "W5641",
        "display": "Bitten by shark"
      }, {
        "code": "W5641XA",
        "display": "Bitten by shark, initial encounter"
      }, {
        "code": "W5641XD",
        "display": "Bitten by shark, subsequent encounter"
      }, {
        "code": "W5641XS",
        "display": "Bitten by shark, sequela"
      }, {
        "code": "W5642",
        "display": "Struck by shark"
      }, {
        "code": "W5642XA",
        "display": "Struck by shark, initial encounter"
      }, {
        "code": "W5642XD",
        "display": "Struck by shark, subsequent encounter"
      }, {
        "code": "W5642XS",
        "display": "Struck by shark, sequela"
      }, {
        "code": "W5649",
        "display": "Other contact with shark"
      }, {
        "code": "W5649XA",
        "display": "Other contact with shark, initial encounter"
      }, {
        "code": "W5649XD",
        "display": "Other contact with shark, subsequent encounter"
      }, {
        "code": "W5649XS",
        "display": "Other contact with shark, sequela"
      }, {
        "code": "W565",
        "display": "Contact with other fish"
      }, {
        "code": "W5651",
        "display": "Bitten by other fish"
      }, {
        "code": "W5651XA",
        "display": "Bitten by other fish, initial encounter"
      }, {
        "code": "W5651XD",
        "display": "Bitten by other fish, subsequent encounter"
      }, {
        "code": "W5651XS",
        "display": "Bitten by other fish, sequela"
      }, {
        "code": "W5652",
        "display": "Struck by other fish"
      }, {
        "code": "W5652XA",
        "display": "Struck by other fish, initial encounter"
      }, {
        "code": "W5652XD",
        "display": "Struck by other fish, subsequent encounter"
      }, {
        "code": "W5652XS",
        "display": "Struck by other fish, sequela"
      }, {
        "code": "W5659",
        "display": "Other contact with other fish"
      }, {
        "code": "W5659XA",
        "display": "Other contact with other fish, initial encounter"
      }, {
        "code": "W5659XD",
        "display": "Other contact with other fish, subsequent encounter"
      }, {
        "code": "W5659XS",
        "display": "Other contact with other fish, sequela"
      }, {
        "code": "W568",
        "display": "Contact with other nonvenomous marine animals"
      }, {
        "code": "W5681",
        "display": "Bitten by other nonvenomous marine animals"
      }, {
        "code": "W5681XA",
        "display": "Bitten by other nonvenomous marine animals, init encntr"
      }, {
        "code": "W5681XD",
        "display": "Bitten by other nonvenomous marine animals, subs encntr"
      }, {
        "code": "W5681XS",
        "display": "Bitten by other nonvenomous marine animals, sequela"
      }, {
        "code": "W5682",
        "display": "Struck by other nonvenomous marine animals"
      }, {
        "code": "W5682XA",
        "display": "Struck by other nonvenomous marine animals, init encntr"
      }, {
        "code": "W5682XD",
        "display": "Struck by other nonvenomous marine animals, subs encntr"
      }, {
        "code": "W5682XS",
        "display": "Struck by other nonvenomous marine animals, sequela"
      }, {
        "code": "W5689",
        "display": "Other contact with other nonvenomous marine animals"
      }, {
        "code": "W5689XA",
        "display": "Oth contact with oth nonvenomous marine animals, init encntr"
      }, {
        "code": "W5689XD",
        "display": "Oth contact with oth nonvenomous marine animals, subs encntr"
      }, {
        "code": "W5689XS",
        "display": "Other contact with other nonvenomous marine animals, sequela"
      } ]
    } ]
  }
}