{
  "resourceType": "ValueSet",
  "id": "X16",
  "url": "http://hl7.org/fhir/sid/icd-10-cm-1734",
  "version": "1.0",
  "name": "Contact with hot heating appliances, radiators and pipes",
  "title": "Contact with hot heating appliances, radiators and pipes",
  "status": "active",
  "compose": {
    "include": [ {
      "system": "http://hl7.org/fhir/sid/icd-10-cm",
      "concept": [ {
        "code": "X16XXXA",
        "display": "Contact w hot heating appliances, radiators and pipes, init"
      }, {
        "code": "X16XXXD",
        "display": "Contact w hot heating appliances, radiators and pipes, subs"
      }, {
        "code": "X16XXXS",
        "display": "Cntct w hot heating appliances, radiators and pipes, sequela"
      } ]
    } ]
  }
}