{
  "resourceType": "ValueSet",
  "id": "W53",
  "url": "http://hl7.org/fhir/sid/icd-10-cm-1695",
  "version": "1.0",
  "name": "Contact with rodent",
  "title": "Contact with rodent",
  "status": "active",
  "compose": {
    "include": [ {
      "system": "http://hl7.org/fhir/sid/icd-10-cm",
      "concept": [ {
        "code": "W530",
        "display": "Contact with mouse"
      }, {
        "code": "W5301",
        "display": "Bitten by mouse"
      }, {
        "code": "W5301XA",
        "display": "Bitten by mouse, initial encounter"
      }, {
        "code": "W5301XD",
        "display": "Bitten by mouse, subsequent encounter"
      }, {
        "code": "W5301XS",
        "display": "Bitten by mouse, sequela"
      }, {
        "code": "W5309",
        "display": "Other contact with mouse"
      }, {
        "code": "W5309XA",
        "display": "Other contact with mouse, initial encounter"
      }, {
        "code": "W5309XD",
        "display": "Other contact with mouse, subsequent encounter"
      }, {
        "code": "W5309XS",
        "display": "Other contact with mouse, sequela"
      }, {
        "code": "W531",
        "display": "Contact with rat"
      }, {
        "code": "W5311",
        "display": "Bitten by rat"
      }, {
        "code": "W5311XA",
        "display": "Bitten by rat, initial encounter"
      }, {
        "code": "W5311XD",
        "display": "Bitten by rat, subsequent encounter"
      }, {
        "code": "W5311XS",
        "display": "Bitten by rat, sequela"
      }, {
        "code": "W5319",
        "display": "Other contact with rat"
      }, {
        "code": "W5319XA",
        "display": "Other contact with rat, initial encounter"
      }, {
        "code": "W5319XD",
        "display": "Other contact with rat, subsequent encounter"
      }, {
        "code": "W5319XS",
        "display": "Other contact with rat, sequela"
      }, {
        "code": "W532",
        "display": "Contact with squirrel"
      }, {
        "code": "W5321",
        "display": "Bitten by squirrel"
      }, {
        "code": "W5321XA",
        "display": "Bitten by squirrel, initial encounter"
      }, {
        "code": "W5321XD",
        "display": "Bitten by squirrel, subsequent encounter"
      }, {
        "code": "W5321XS",
        "display": "Bitten by squirrel, sequela"
      }, {
        "code": "W5329",
        "display": "Other contact with squirrel"
      }, {
        "code": "W5329XA",
        "display": "Other contact with squirrel, initial encounter"
      }, {
        "code": "W5329XD",
        "display": "Other contact with squirrel, subsequent encounter"
      }, {
        "code": "W5329XS",
        "display": "Other contact with squirrel, sequela"
      }, {
        "code": "W538",
        "display": "Contact with other rodent"
      }, {
        "code": "W5381",
        "display": "Bitten by other rodent"
      }, {
        "code": "W5381XA",
        "display": "Bitten by other rodent, initial encounter"
      }, {
        "code": "W5381XD",
        "display": "Bitten by other rodent, subsequent encounter"
      }, {
        "code": "W5381XS",
        "display": "Bitten by other rodent, sequela"
      }, {
        "code": "W5389",
        "display": "Other contact with other rodent"
      }, {
        "code": "W5389XA",
        "display": "Other contact with other rodent, initial encounter"
      }, {
        "code": "W5389XD",
        "display": "Other contact with other rodent, subsequent encounter"
      }, {
        "code": "W5389XS",
        "display": "Other contact with other rodent, sequela"
      } ]
    } ]
  }
}