{
  "resourceType": "ValueSet",
  "id": "Z20",
  "url": "http://hl7.org/fhir/sid/icd-10-cm-1839",
  "version": "1.0",
  "name": "Contact w and (suspected) exposure to communicable diseases",
  "title": "Contact with and (suspected) exposure to communicable diseases",
  "status": "active",
  "compose": {
    "include": [ {
      "system": "http://hl7.org/fhir/sid/icd-10-cm",
      "concept": [ {
        "code": "Z200",
        "display": "Contact w and exposure to intestinal infectious diseases"
      }, {
        "code": "Z2001",
        "display": "Cntct w and expsr to intestnl infct dis d/t E coli (E. coli)"
      }, {
        "code": "Z2009",
        "display": "Contact w and exposure to oth intestinal infectious diseases"
      }, {
        "code": "Z201",
        "display": "Contact with and (suspected) exposure to tuberculosis"
      }, {
        "code": "Z202",
        "display": "Contact w and exposure to infect w a sexl mode of transmiss"
      }, {
        "code": "Z203",
        "display": "Contact with and (suspected) exposure to rabies"
      }, {
        "code": "Z204",
        "display": "Contact with and (suspected) exposure to rubella"
      }, {
        "code": "Z205",
        "display": "Contact with and (suspected) exposure to viral hepatitis"
      }, {
        "code": "Z206",
        "display": "Contact w and (suspected) exposure to human immunodef virus"
      }, {
        "code": "Z207",
        "display": "Cntct w & expsr to pediculosis, acariasis & oth infestations"
      }, {
        "code": "Z208",
        "display": "Contact w and exposure to oth communicable diseases"
      }, {
        "code": "Z2081",
        "display": "Contact w and exposure to oth bact communicable diseases"
      }, {
        "code": "Z20810",
        "display": "Contact with and (suspected) exposure to anthrax"
      }, {
        "code": "Z20811",
        "display": "Contact with and (suspected) exposure to meningococcus"
      }, {
        "code": "Z20818",
        "display": "Contact w and exposure to oth bact communicable diseases"
      }, {
        "code": "Z2082",
        "display": "Contact w and exposure to oth viral communicable diseases"
      }, {
        "code": "Z20820",
        "display": "Contact with and (suspected) exposure to varicella"
      }, {
        "code": "Z20821",
        "display": "Contact with and (suspected) exposure to Zika virus"
      }, {
        "code": "Z20828",
        "display": "Contact w and exposure to oth viral communicable diseases"
      }, {
        "code": "Z2089",
        "display": "Contact w and exposure to oth communicable diseases"
      }, {
        "code": "Z209",
        "display": "Contact w and exposure to unsp communicable disease"
      } ]
    } ]
  }
}