{
  "resourceType": "ValueSet",
  "id": "W61",
  "url": "http://hl7.org/fhir/sid/icd-10-cm-1703",
  "version": "1.0",
  "name": "Contact with birds (domestic) (wild)",
  "title": "Contact with birds (domestic) (wild)",
  "status": "active",
  "compose": {
    "include": [ {
      "system": "http://hl7.org/fhir/sid/icd-10-cm",
      "concept": [ {
        "code": "W610",
        "display": "Contact with parrot"
      }, {
        "code": "W6101",
        "display": "Bitten by parrot"
      }, {
        "code": "W6101XA",
        "display": "Bitten by parrot, initial encounter"
      }, {
        "code": "W6101XD",
        "display": "Bitten by parrot, subsequent encounter"
      }, {
        "code": "W6101XS",
        "display": "Bitten by parrot, sequela"
      }, {
        "code": "W6102",
        "display": "Struck by parrot"
      }, {
        "code": "W6102XA",
        "display": "Struck by parrot, initial encounter"
      }, {
        "code": "W6102XD",
        "display": "Struck by parrot, subsequent encounter"
      }, {
        "code": "W6102XS",
        "display": "Struck by parrot, sequela"
      }, {
        "code": "W6109",
        "display": "Other contact with parrot"
      }, {
        "code": "W6109XA",
        "display": "Other contact with parrot, initial encounter"
      }, {
        "code": "W6109XD",
        "display": "Other contact with parrot, subsequent encounter"
      }, {
        "code": "W6109XS",
        "display": "Other contact with parrot, sequela"
      }, {
        "code": "W611",
        "display": "Contact with macaw"
      }, {
        "code": "W6111",
        "display": "Bitten by macaw"
      }, {
        "code": "W6111XA",
        "display": "Bitten by macaw, initial encounter"
      }, {
        "code": "W6111XD",
        "display": "Bitten by macaw, subsequent encounter"
      }, {
        "code": "W6111XS",
        "display": "Bitten by macaw, sequela"
      }, {
        "code": "W6112",
        "display": "Struck by macaw"
      }, {
        "code": "W6112XA",
        "display": "Struck by macaw, initial encounter"
      }, {
        "code": "W6112XD",
        "display": "Struck by macaw, subsequent encounter"
      }, {
        "code": "W6112XS",
        "display": "Struck by macaw, sequela"
      }, {
        "code": "W6119",
        "display": "Other contact with macaw"
      }, {
        "code": "W6119XA",
        "display": "Other contact with macaw, initial encounter"
      }, {
        "code": "W6119XD",
        "display": "Other contact with macaw, subsequent encounter"
      }, {
        "code": "W6119XS",
        "display": "Other contact with macaw, sequela"
      }, {
        "code": "W612",
        "display": "Contact with other psittacines"
      }, {
        "code": "W6121",
        "display": "Bitten by other psittacines"
      }, {
        "code": "W6121XA",
        "display": "Bitten by other psittacines, initial encounter"
      }, {
        "code": "W6121XD",
        "display": "Bitten by other psittacines, subsequent encounter"
      }, {
        "code": "W6121XS",
        "display": "Bitten by other psittacines, sequela"
      }, {
        "code": "W6122",
        "display": "Struck by other psittacines"
      }, {
        "code": "W6122XA",
        "display": "Struck by other psittacines, initial encounter"
      }, {
        "code": "W6122XD",
        "display": "Struck by other psittacines, subsequent encounter"
      }, {
        "code": "W6122XS",
        "display": "Struck by other psittacines, sequela"
      }, {
        "code": "W6129",
        "display": "Other contact with other psittacines"
      }, {
        "code": "W6129XA",
        "display": "Other contact with other psittacines, initial encounter"
      }, {
        "code": "W6129XD",
        "display": "Other contact with other psittacines, subsequent encounter"
      }, {
        "code": "W6129XS",
        "display": "Other contact with other psittacines, sequela"
      }, {
        "code": "W613",
        "display": "Contact with chicken"
      }, {
        "code": "W6132",
        "display": "Struck by chicken"
      }, {
        "code": "W6132XA",
        "display": "Struck by chicken, initial encounter"
      }, {
        "code": "W6132XD",
        "display": "Struck by chicken, subsequent encounter"
      }, {
        "code": "W6132XS",
        "display": "Struck by chicken, sequela"
      }, {
        "code": "W6133",
        "display": "Pecked by chicken"
      }, {
        "code": "W6133XA",
        "display": "Pecked by chicken, initial encounter"
      }, {
        "code": "W6133XD",
        "display": "Pecked by chicken, subsequent encounter"
      }, {
        "code": "W6133XS",
        "display": "Pecked by chicken, sequela"
      }, {
        "code": "W6139",
        "display": "Other contact with chicken"
      }, {
        "code": "W6139XA",
        "display": "Other contact with chicken, initial encounter"
      }, {
        "code": "W6139XD",
        "display": "Other contact with chicken, subsequent encounter"
      }, {
        "code": "W6139XS",
        "display": "Other contact with chicken, sequela"
      }, {
        "code": "W614",
        "display": "Contact with turkey"
      }, {
        "code": "W6142",
        "display": "Struck by turkey"
      }, {
        "code": "W6142XA",
        "display": "Struck by turkey, initial encounter"
      }, {
        "code": "W6142XD",
        "display": "Struck by turkey, subsequent encounter"
      }, {
        "code": "W6142XS",
        "display": "Struck by turkey, sequela"
      }, {
        "code": "W6143",
        "display": "Pecked by turkey"
      }, {
        "code": "W6143XA",
        "display": "Pecked by turkey, initial encounter"
      }, {
        "code": "W6143XD",
        "display": "Pecked by turkey, subsequent encounter"
      }, {
        "code": "W6143XS",
        "display": "Pecked by turkey, sequela"
      }, {
        "code": "W6149",
        "display": "Other contact with turkey"
      }, {
        "code": "W6149XA",
        "display": "Other contact with turkey, initial encounter"
      }, {
        "code": "W6149XD",
        "display": "Other contact with turkey, subsequent encounter"
      }, {
        "code": "W6149XS",
        "display": "Other contact with turkey, sequela"
      }, {
        "code": "W615",
        "display": "Contact with goose"
      }, {
        "code": "W6151",
        "display": "Bitten by goose"
      }, {
        "code": "W6151XA",
        "display": "Bitten by goose, initial encounter"
      }, {
        "code": "W6151XD",
        "display": "Bitten by goose, subsequent encounter"
      }, {
        "code": "W6151XS",
        "display": "Bitten by goose, sequela"
      }, {
        "code": "W6152",
        "display": "Struck by goose"
      }, {
        "code": "W6152XA",
        "display": "Struck by goose, initial encounter"
      }, {
        "code": "W6152XD",
        "display": "Struck by goose, subsequent encounter"
      }, {
        "code": "W6152XS",
        "display": "Struck by goose, sequela"
      }, {
        "code": "W6159",
        "display": "Other contact with goose"
      }, {
        "code": "W6159XA",
        "display": "Other contact with goose, initial encounter"
      }, {
        "code": "W6159XD",
        "display": "Other contact with goose, subsequent encounter"
      }, {
        "code": "W6159XS",
        "display": "Other contact with goose, sequela"
      }, {
        "code": "W616",
        "display": "Contact with duck"
      }, {
        "code": "W6161",
        "display": "Bitten by duck"
      }, {
        "code": "W6161XA",
        "display": "Bitten by duck, initial encounter"
      }, {
        "code": "W6161XD",
        "display": "Bitten by duck, subsequent encounter"
      }, {
        "code": "W6161XS",
        "display": "Bitten by duck, sequela"
      }, {
        "code": "W6162",
        "display": "Struck by duck"
      }, {
        "code": "W6162XA",
        "display": "Struck by duck, initial encounter"
      }, {
        "code": "W6162XD",
        "display": "Struck by duck, subsequent encounter"
      }, {
        "code": "W6162XS",
        "display": "Struck by duck, sequela"
      }, {
        "code": "W6169",
        "display": "Other contact with duck"
      }, {
        "code": "W6169XA",
        "display": "Other contact with duck, initial encounter"
      }, {
        "code": "W6169XD",
        "display": "Other contact with duck, subsequent encounter"
      }, {
        "code": "W6169XS",
        "display": "Other contact with duck, sequela"
      }, {
        "code": "W619",
        "display": "Contact with other birds"
      }, {
        "code": "W6191",
        "display": "Bitten by other birds"
      }, {
        "code": "W6191XA",
        "display": "Bitten by other birds, initial encounter"
      }, {
        "code": "W6191XD",
        "display": "Bitten by other birds, subsequent encounter"
      }, {
        "code": "W6191XS",
        "display": "Bitten by other birds, sequela"
      }, {
        "code": "W6192",
        "display": "Struck by other birds"
      }, {
        "code": "W6192XA",
        "display": "Struck by other birds, initial encounter"
      }, {
        "code": "W6192XD",
        "display": "Struck by other birds, subsequent encounter"
      }, {
        "code": "W6192XS",
        "display": "Struck by other birds, sequela"
      }, {
        "code": "W6199",
        "display": "Other contact with other birds"
      }, {
        "code": "W6199XA",
        "display": "Other contact with other birds, initial encounter"
      }, {
        "code": "W6199XD",
        "display": "Other contact with other birds, subsequent encounter"
      }, {
        "code": "W6199XS",
        "display": "Other contact with other birds, sequela"
      } ]
    } ]
  }
}