{
  "resourceType": "ValueSet",
  "id": "W27",
  "url": "http://hl7.org/fhir/sid/icd-10-cm-1674",
  "version": "1.0",
  "name": "Contact with nonpowered hand tool",
  "title": "Contact with nonpowered hand tool",
  "status": "active",
  "compose": {
    "include": [ {
      "system": "http://hl7.org/fhir/sid/icd-10-cm",
      "concept": [ {
        "code": "W270",
        "display": "Contact with workbench tool"
      }, {
        "code": "W270XXA",
        "display": "Contact with workbench tool, initial encounter"
      }, {
        "code": "W270XXD",
        "display": "Contact with workbench tool, subsequent encounter"
      }, {
        "code": "W270XXS",
        "display": "Contact with workbench tool, sequela"
      }, {
        "code": "W271",
        "display": "Contact with garden tool"
      }, {
        "code": "W271XXA",
        "display": "Contact with garden tool, initial encounter"
      }, {
        "code": "W271XXD",
        "display": "Contact with garden tool, subsequent encounter"
      }, {
        "code": "W271XXS",
        "display": "Contact with garden tool, sequela"
      }, {
        "code": "W272",
        "display": "Contact with scissors"
      }, {
        "code": "W272XXA",
        "display": "Contact with scissors, initial encounter"
      }, {
        "code": "W272XXD",
        "display": "Contact with scissors, subsequent encounter"
      }, {
        "code": "W272XXS",
        "display": "Contact with scissors, sequela"
      }, {
        "code": "W273",
        "display": "Contact with needle (sewing)"
      }, {
        "code": "W273XXA",
        "display": "Contact with needle (sewing), initial encounter"
      }, {
        "code": "W273XXD",
        "display": "Contact with needle (sewing), subsequent encounter"
      }, {
        "code": "W273XXS",
        "display": "Contact with needle (sewing), sequela"
      }, {
        "code": "W274",
        "display": "Contact with kitchen utensil"
      }, {
        "code": "W274XXA",
        "display": "Contact with kitchen utensil, initial encounter"
      }, {
        "code": "W274XXD",
        "display": "Contact with kitchen utensil, subsequent encounter"
      }, {
        "code": "W274XXS",
        "display": "Contact with kitchen utensil, sequela"
      }, {
        "code": "W275",
        "display": "Contact with paper-cutter"
      }, {
        "code": "W275XXA",
        "display": "Contact with paper-cutter, initial encounter"
      }, {
        "code": "W275XXD",
        "display": "Contact with paper-cutter, subsequent encounter"
      }, {
        "code": "W275XXS",
        "display": "Contact with paper-cutter, sequela"
      }, {
        "code": "W278",
        "display": "Contact with other nonpowered hand tool"
      }, {
        "code": "W278XXA",
        "display": "Contact with other nonpowered hand tool, initial encounter"
      }, {
        "code": "W278XXD",
        "display": "Contact with other nonpowered hand tool, subs encntr"
      }, {
        "code": "W278XXS",
        "display": "Contact with other nonpowered hand tool, sequela"
      } ]
    } ]
  }
}