{
  "resourceType": "ValueSet",
  "id": "X14",
  "url": "http://hl7.org/fhir/sid/icd-10-cm-1732",
  "version": "1.0",
  "name": "Contact with hot air and other hot gases",
  "title": "Contact with hot air and other hot gases",
  "status": "active",
  "compose": {
    "include": [ {
      "system": "http://hl7.org/fhir/sid/icd-10-cm",
      "concept": [ {
        "code": "X140",
        "display": "Inhalation of hot air and gases"
      }, {
        "code": "X140XXA",
        "display": "Inhalation of hot air and gases, initial encounter"
      }, {
        "code": "X140XXD",
        "display": "Inhalation of hot air and gases, subsequent encounter"
      }, {
        "code": "X140XXS",
        "display": "Inhalation of hot air and gases, sequela"
      }, {
        "code": "X141",
        "display": "Other contact with hot air and other hot gases"
      }, {
        "code": "X141XXA",
        "display": "Other contact with hot air and other hot gases, init encntr"
      }, {
        "code": "X141XXD",
        "display": "Other contact with hot air and other hot gases, subs encntr"
      }, {
        "code": "X141XXS",
        "display": "Other contact with hot air and other hot gases, sequela"
      } ]
    } ]
  }
}