{
  "resourceType": "ValueSet",
  "id": "Y28",
  "url": "http://hl7.org/fhir/sid/icd-10-cm-1786",
  "version": "1.0",
  "name": "Contact with sharp object, undetermined intent",
  "title": "Contact with sharp object, undetermined intent",
  "status": "active",
  "compose": {
    "include": [ {
      "system": "http://hl7.org/fhir/sid/icd-10-cm",
      "concept": [ {
        "code": "Y280",
        "display": "Contact with sharp glass, undetermined intent"
      }, {
        "code": "Y280XXA",
        "display": "Contact with sharp glass, undetermined intent, init encntr"
      }, {
        "code": "Y280XXD",
        "display": "Contact with sharp glass, undetermined intent, subs encntr"
      }, {
        "code": "Y280XXS",
        "display": "Contact with sharp glass, undetermined intent, sequela"
      }, {
        "code": "Y281",
        "display": "Contact with knife, undetermined intent"
      }, {
        "code": "Y281XXA",
        "display": "Contact with knife, undetermined intent, initial encounter"
      }, {
        "code": "Y281XXD",
        "display": "Contact with knife, undetermined intent, subs encntr"
      }, {
        "code": "Y281XXS",
        "display": "Contact with knife, undetermined intent, sequela"
      }, {
        "code": "Y282",
        "display": "Contact with sword or dagger, undetermined intent"
      }, {
        "code": "Y282XXA",
        "display": "Contact w sword or dagger, undetermined intent, init encntr"
      }, {
        "code": "Y282XXD",
        "display": "Contact w sword or dagger, undetermined intent, subs encntr"
      }, {
        "code": "Y282XXS",
        "display": "Contact with sword or dagger, undetermined intent, sequela"
      }, {
        "code": "Y288",
        "display": "Contact with other sharp object, undetermined intent"
      }, {
        "code": "Y288XXA",
        "display": "Contact w oth sharp object, undetermined intent, init encntr"
      }, {
        "code": "Y288XXD",
        "display": "Contact w oth sharp object, undetermined intent, subs encntr"
      }, {
        "code": "Y288XXS",
        "display": "Contact with oth sharp object, undetermined intent, sequela"
      }, {
        "code": "Y289",
        "display": "Contact with unspecified sharp object, undetermined intent"
      }, {
        "code": "Y289XXA",
        "display": "Contact w unsp sharp object, undetermined intent, init"
      }, {
        "code": "Y289XXD",
        "display": "Contact w unsp sharp object, undetermined intent, subs"
      }, {
        "code": "Y289XXS",
        "display": "Contact with unsp sharp object, undetermined intent, sequela"
      } ]
    } ]
  }
}