{
  "resourceType": "ValueSet",
  "id": "W59",
  "url": "http://hl7.org/fhir/sid/icd-10-cm-1701",
  "version": "1.0",
  "name": "Contact with other nonvenomous reptiles",
  "title": "Contact with other nonvenomous reptiles",
  "status": "active",
  "compose": {
    "include": [ {
      "system": "http://hl7.org/fhir/sid/icd-10-cm",
      "concept": [ {
        "code": "W590",
        "display": "Contact with nonvenomous lizards"
      }, {
        "code": "W5901",
        "display": "Bitten by nonvenomous lizards"
      }, {
        "code": "W5901XA",
        "display": "Bitten by nonvenomous lizards, initial encounter"
      }, {
        "code": "W5901XD",
        "display": "Bitten by nonvenomous lizards, subsequent encounter"
      }, {
        "code": "W5901XS",
        "display": "Bitten by nonvenomous lizards, sequela"
      }, {
        "code": "W5902",
        "display": "Struck by nonvenomous lizards"
      }, {
        "code": "W5902XA",
        "display": "Struck by nonvenomous lizards, initial encounter"
      }, {
        "code": "W5902XD",
        "display": "Struck by nonvenomous lizards, subsequent encounter"
      }, {
        "code": "W5902XS",
        "display": "Struck by nonvenomous lizards, sequela"
      }, {
        "code": "W5909",
        "display": "Other contact with nonvenomous lizards"
      }, {
        "code": "W5909XA",
        "display": "Other contact with nonvenomous lizards, initial encounter"
      }, {
        "code": "W5909XD",
        "display": "Other contact with nonvenomous lizards, subsequent encounter"
      }, {
        "code": "W5909XS",
        "display": "Other contact with nonvenomous lizards, sequela"
      }, {
        "code": "W591",
        "display": "Contact with nonvenomous snakes"
      }, {
        "code": "W5911",
        "display": "Bitten by nonvenomous snake"
      }, {
        "code": "W5911XA",
        "display": "Bitten by nonvenomous snake, initial encounter"
      }, {
        "code": "W5911XD",
        "display": "Bitten by nonvenomous snake, subsequent encounter"
      }, {
        "code": "W5911XS",
        "display": "Bitten by nonvenomous snake, sequela"
      }, {
        "code": "W5912",
        "display": "Struck by nonvenomous snake"
      }, {
        "code": "W5912XA",
        "display": "Struck by nonvenomous snake, initial encounter"
      }, {
        "code": "W5912XD",
        "display": "Struck by nonvenomous snake, subsequent encounter"
      }, {
        "code": "W5912XS",
        "display": "Struck by nonvenomous snake, sequela"
      }, {
        "code": "W5913",
        "display": "Crushed by nonvenomous snake"
      }, {
        "code": "W5913XA",
        "display": "Crushed by nonvenomous snake, initial encounter"
      }, {
        "code": "W5913XD",
        "display": "Crushed by nonvenomous snake, subsequent encounter"
      }, {
        "code": "W5913XS",
        "display": "Crushed by nonvenomous snake, sequela"
      }, {
        "code": "W5919",
        "display": "Other contact with nonvenomous snake"
      }, {
        "code": "W5919XA",
        "display": "Other contact with nonvenomous snake, initial encounter"
      }, {
        "code": "W5919XD",
        "display": "Other contact with nonvenomous snake, subsequent encounter"
      }, {
        "code": "W5919XS",
        "display": "Other contact with nonvenomous snake, sequela"
      }, {
        "code": "W592",
        "display": "Contact with turtles"
      }, {
        "code": "W5921",
        "display": "Bitten by turtle"
      }, {
        "code": "W5921XA",
        "display": "Bitten by turtle, initial encounter"
      }, {
        "code": "W5921XD",
        "display": "Bitten by turtle, subsequent encounter"
      }, {
        "code": "W5921XS",
        "display": "Bitten by turtle, sequela"
      }, {
        "code": "W5922",
        "display": "Struck by turtle"
      }, {
        "code": "W5922XA",
        "display": "Struck by turtle, initial encounter"
      }, {
        "code": "W5922XD",
        "display": "Struck by turtle, subsequent encounter"
      }, {
        "code": "W5922XS",
        "display": "Struck by turtle, sequela"
      }, {
        "code": "W5929",
        "display": "Other contact with turtle"
      }, {
        "code": "W5929XA",
        "display": "Other contact with turtle, initial encounter"
      }, {
        "code": "W5929XD",
        "display": "Other contact with turtle, subsequent encounter"
      }, {
        "code": "W5929XS",
        "display": "Other contact with turtle, sequela"
      }, {
        "code": "W598",
        "display": "Contact with other nonvenomous reptiles"
      }, {
        "code": "W5981",
        "display": "Bitten by other nonvenomous reptiles"
      }, {
        "code": "W5981XA",
        "display": "Bitten by other nonvenomous reptiles, initial encounter"
      }, {
        "code": "W5981XD",
        "display": "Bitten by other nonvenomous reptiles, subsequent encounter"
      }, {
        "code": "W5981XS",
        "display": "Bitten by other nonvenomous reptiles, sequela"
      }, {
        "code": "W5982",
        "display": "Struck by other nonvenomous reptiles"
      }, {
        "code": "W5982XA",
        "display": "Struck by other nonvenomous reptiles, initial encounter"
      }, {
        "code": "W5982XD",
        "display": "Struck by other nonvenomous reptiles, subsequent encounter"
      }, {
        "code": "W5982XS",
        "display": "Struck by other nonvenomous reptiles, sequela"
      }, {
        "code": "W5983",
        "display": "Crushed by other nonvenomous reptiles"
      }, {
        "code": "W5983XA",
        "display": "Crushed by other nonvenomous reptiles, initial encounter"
      }, {
        "code": "W5983XD",
        "display": "Crushed by other nonvenomous reptiles, subsequent encounter"
      }, {
        "code": "W5983XS",
        "display": "Crushed by other nonvenomous reptiles, sequela"
      }, {
        "code": "W5989",
        "display": "Other contact with other nonvenomous reptiles"
      }, {
        "code": "W5989XA",
        "display": "Other contact with other nonvenomous reptiles, init encntr"
      }, {
        "code": "W5989XD",
        "display": "Other contact with other nonvenomous reptiles, subs encntr"
      }, {
        "code": "W5989XS",
        "display": "Other contact with other nonvenomous reptiles, sequela"
      } ]
    } ]
  }
}