{
  "resourceType": "ValueSet",
  "id": "W24",
  "url": "http://hl7.org/fhir/sid/icd-10-cm-1671",
  "version": "1.0",
  "name": "Contact w lifting and transmission devices, NEC",
  "title": "Contact with lifting and transmission devices, not elsewhere classified",
  "status": "active",
  "compose": {
    "include": [ {
      "system": "http://hl7.org/fhir/sid/icd-10-cm",
      "concept": [ {
        "code": "W240",
        "display": "Contact with lifting devices, not elsewhere classified"
      }, {
        "code": "W240XXA",
        "display": "Contact w lifting devices, not elsewhere classified, init"
      }, {
        "code": "W240XXD",
        "display": "Contact w lifting devices, not elsewhere classified, subs"
      }, {
        "code": "W240XXS",
        "display": "Contact w lifting devices, not elsewhere classified, sequela"
      }, {
        "code": "W241",
        "display": "Contact with transmission devices, not elsewhere classified"
      }, {
        "code": "W241XXA",
        "display": "Contact w transmission devices, NEC, init"
      }, {
        "code": "W241XXD",
        "display": "Contact w transmission devices, NEC, subs"
      }, {
        "code": "W241XXS",
        "display": "Contact w transmission devices, NEC, sequela"
      } ]
    } ]
  }
}