{
  "resourceType": "ValueSet",
  "id": "W60",
  "url": "http://hl7.org/fhir/sid/icd-10-cm-1702",
  "version": "1.0",
  "name": "Contact w nonvenom plant thorns and spines and sharp leaves",
  "title": "Contact with nonvenomous plant thorns and spines and sharp leaves",
  "status": "active",
  "compose": {
    "include": [ {
      "system": "http://hl7.org/fhir/sid/icd-10-cm",
      "concept": [ {
        "code": "W60XXXA",
        "display": "Cntct w nonvenom plant thorns & spines & sharp leaves, init"
      }, {
        "code": "W60XXXD",
        "display": "Cntct w nonvenom plant thorns & spines & sharp leaves, subs"
      }, {
        "code": "W60XXXS",
        "display": "Cntct w nonvenom plant thorns & spines & sharp leaves, sqla"
      } ]
    } ]
  }
}