{
  "resourceType": "ValueSet",
  "id": "Y27",
  "url": "http://hl7.org/fhir/sid/icd-10-cm-1785",
  "version": "1.0",
  "name": "Contact w steam, hot vapors and hot objects, undet intent",
  "title": "Contact with steam, hot vapors and hot objects, undetermined intent",
  "status": "active",
  "compose": {
    "include": [ {
      "system": "http://hl7.org/fhir/sid/icd-10-cm",
      "concept": [ {
        "code": "Y270",
        "display": "Contact with steam and hot vapors, undetermined intent"
      }, {
        "code": "Y270XXA",
        "display": "Contact w steam and hot vapors, undetermined intent, init"
      }, {
        "code": "Y270XXD",
        "display": "Contact w steam and hot vapors, undetermined intent, subs"
      }, {
        "code": "Y270XXS",
        "display": "Contact w steam and hot vapors, undetermined intent, sequela"
      }, {
        "code": "Y271",
        "display": "Contact with hot tap water, undetermined intent"
      }, {
        "code": "Y271XXA",
        "display": "Contact with hot tap water, undetermined intent, init encntr"
      }, {
        "code": "Y271XXD",
        "display": "Contact with hot tap water, undetermined intent, subs encntr"
      }, {
        "code": "Y271XXS",
        "display": "Contact with hot tap water, undetermined intent, sequela"
      }, {
        "code": "Y272",
        "display": "Contact with hot fluids, undetermined intent"
      }, {
        "code": "Y272XXA",
        "display": "Contact with hot fluids, undetermined intent, init encntr"
      }, {
        "code": "Y272XXD",
        "display": "Contact with hot fluids, undetermined intent, subs encntr"
      }, {
        "code": "Y272XXS",
        "display": "Contact with hot fluids, undetermined intent, sequela"
      }, {
        "code": "Y273",
        "display": "Contact with hot household appliance, undetermined intent"
      }, {
        "code": "Y273XXA",
        "display": "Contact w hot household appliance, undetermined intent, init"
      }, {
        "code": "Y273XXD",
        "display": "Contact w hot household appliance, undetermined intent, subs"
      }, {
        "code": "Y273XXS",
        "display": "Contact w hot household appliance, undet intent, sequela"
      }, {
        "code": "Y278",
        "display": "Contact with other hot objects, undetermined intent"
      }, {
        "code": "Y278XXA",
        "display": "Contact w oth hot objects, undetermined intent, init encntr"
      }, {
        "code": "Y278XXD",
        "display": "Contact w oth hot objects, undetermined intent, subs encntr"
      }, {
        "code": "Y278XXS",
        "display": "Contact with other hot objects, undetermined intent, sequela"
      }, {
        "code": "Y279",
        "display": "Contact with unspecified hot objects, undetermined intent"
      }, {
        "code": "Y279XXA",
        "display": "Contact w unsp hot objects, undetermined intent, init encntr"
      }, {
        "code": "Y279XXD",
        "display": "Contact w unsp hot objects, undetermined intent, subs encntr"
      }, {
        "code": "Y279XXS",
        "display": "Contact with unsp hot objects, undetermined intent, sequela"
      } ]
    } ]
  }
}