{
  "resourceType": "ValueSet",
  "id": "Y64",
  "url": "http://hl7.org/fhir/sid/icd-10-cm-1798",
  "version": "1.0",
  "name": "Contaminated medical or biological substances",
  "title": "Contaminated medical or biological substances",
  "status": "active",
  "compose": {
    "include": [ {
      "system": "http://hl7.org/fhir/sid/icd-10-cm",
      "concept": [ {
        "code": "Y640",
        "display": "Contaminated med/biolog sub, transfused or infused"
      }, {
        "code": "Y641",
        "display": "Contaminated med/biolog sub, injected or used for immuniz"
      }, {
        "code": "Y648",
        "display": "Contaminated med/biolog sub administered by oth means"
      }, {
        "code": "Y649",
        "display": "Contaminated med/biolog sub administered by unsp means"
      } ]
    } ]
  }
}