{
  "resourceType": "ValueSet",
  "id": "W54",
  "url": "http://hl7.org/fhir/sid/icd-10-cm-1696",
  "version": "1.0",
  "name": "Contact with dog",
  "title": "Contact with dog",
  "status": "active",
  "compose": {
    "include": [ {
      "system": "http://hl7.org/fhir/sid/icd-10-cm",
      "concept": [ {
        "code": "W540",
        "display": "Bitten by dog"
      }, {
        "code": "W540XXA",
        "display": "Bitten by dog, initial encounter"
      }, {
        "code": "W540XXD",
        "display": "Bitten by dog, subsequent encounter"
      }, {
        "code": "W540XXS",
        "display": "Bitten by dog, sequela"
      }, {
        "code": "W541",
        "display": "Struck by dog"
      }, {
        "code": "W541XXA",
        "display": "Struck by dog, initial encounter"
      }, {
        "code": "W541XXD",
        "display": "Struck by dog, subsequent encounter"
      }, {
        "code": "W541XXS",
        "display": "Struck by dog, sequela"
      }, {
        "code": "W548",
        "display": "Other contact with dog"
      }, {
        "code": "W548XXA",
        "display": "Other contact with dog, initial encounter"
      }, {
        "code": "W548XXD",
        "display": "Other contact with dog, subsequent encounter"
      }, {
        "code": "W548XXS",
        "display": "Other contact with dog, sequela"
      } ]
    } ]
  }
}