{
  "resourceType": "ValueSet",
  "id": "X17",
  "url": "http://hl7.org/fhir/sid/icd-10-cm-1735",
  "version": "1.0",
  "name": "Contact with hot engines, machinery and tools",
  "title": "Contact with hot engines, machinery and tools",
  "status": "active",
  "compose": {
    "include": [ {
      "system": "http://hl7.org/fhir/sid/icd-10-cm",
      "concept": [ {
        "code": "X17XXXA",
        "display": "Contact with hot engines, machinery and tools, init encntr"
      }, {
        "code": "X17XXXD",
        "display": "Contact with hot engines, machinery and tools, subs encntr"
      }, {
        "code": "X17XXXS",
        "display": "Contact with hot engines, machinery and tools, sequela"
      } ]
    } ]
  }
}