{
  "resourceType": "ValueSet",
  "id": "X10",
  "url": "http://hl7.org/fhir/sid/icd-10-cm-1728",
  "version": "1.0",
  "name": "Contact with hot drinks, food, fats and cooking oils",
  "title": "Contact with hot drinks, food, fats and cooking oils",
  "status": "active",
  "compose": {
    "include": [ {
      "system": "http://hl7.org/fhir/sid/icd-10-cm",
      "concept": [ {
        "code": "X100",
        "display": "Contact with hot drinks"
      }, {
        "code": "X100XXA",
        "display": "Contact with hot drinks, initial encounter"
      }, {
        "code": "X100XXD",
        "display": "Contact with hot drinks, subsequent encounter"
      }, {
        "code": "X100XXS",
        "display": "Contact with hot drinks, sequela"
      }, {
        "code": "X101",
        "display": "Contact with hot food"
      }, {
        "code": "X101XXA",
        "display": "Contact with hot food, initial encounter"
      }, {
        "code": "X101XXD",
        "display": "Contact with hot food, subsequent encounter"
      }, {
        "code": "X101XXS",
        "display": "Contact with hot food, sequela"
      }, {
        "code": "X102",
        "display": "Contact with fats and cooking oils"
      }, {
        "code": "X102XXA",
        "display": "Contact with fats and cooking oils, initial encounter"
      }, {
        "code": "X102XXD",
        "display": "Contact with fats and cooking oils, subsequent encounter"
      }, {
        "code": "X102XXS",
        "display": "Contact with fats and cooking oils, sequela"
      } ]
    } ]
  }
}