{
  "resourceType": "ValueSet",
  "id": "W55",
  "url": "http://hl7.org/fhir/sid/icd-10-cm-1697",
  "version": "1.0",
  "name": "Contact with other mammals",
  "title": "Contact with other mammals",
  "status": "active",
  "compose": {
    "include": [ {
      "system": "http://hl7.org/fhir/sid/icd-10-cm",
      "concept": [ {
        "code": "W550",
        "display": "Contact with cat"
      }, {
        "code": "W5501",
        "display": "Bitten by cat"
      }, {
        "code": "W5501XA",
        "display": "Bitten by cat, initial encounter"
      }, {
        "code": "W5501XD",
        "display": "Bitten by cat, subsequent encounter"
      }, {
        "code": "W5501XS",
        "display": "Bitten by cat, sequela"
      }, {
        "code": "W5503",
        "display": "Scratched by cat"
      }, {
        "code": "W5503XA",
        "display": "Scratched by cat, initial encounter"
      }, {
        "code": "W5503XD",
        "display": "Scratched by cat, subsequent encounter"
      }, {
        "code": "W5503XS",
        "display": "Scratched by cat, sequela"
      }, {
        "code": "W5509",
        "display": "Other contact with cat"
      }, {
        "code": "W5509XA",
        "display": "Other contact with cat, initial encounter"
      }, {
        "code": "W5509XD",
        "display": "Other contact with cat, subsequent encounter"
      }, {
        "code": "W5509XS",
        "display": "Other contact with cat, sequela"
      }, {
        "code": "W551",
        "display": "Contact with horse"
      }, {
        "code": "W5511",
        "display": "Bitten by horse"
      }, {
        "code": "W5511XA",
        "display": "Bitten by horse, initial encounter"
      }, {
        "code": "W5511XD",
        "display": "Bitten by horse, subsequent encounter"
      }, {
        "code": "W5511XS",
        "display": "Bitten by horse, sequela"
      }, {
        "code": "W5512",
        "display": "Struck by horse"
      }, {
        "code": "W5512XA",
        "display": "Struck by horse, initial encounter"
      }, {
        "code": "W5512XD",
        "display": "Struck by horse, subsequent encounter"
      }, {
        "code": "W5512XS",
        "display": "Struck by horse, sequela"
      }, {
        "code": "W5519",
        "display": "Other contact with horse"
      }, {
        "code": "W5519XA",
        "display": "Other contact with horse, initial encounter"
      }, {
        "code": "W5519XD",
        "display": "Other contact with horse, subsequent encounter"
      }, {
        "code": "W5519XS",
        "display": "Other contact with horse, sequela"
      }, {
        "code": "W552",
        "display": "Contact with cow"
      }, {
        "code": "W5521",
        "display": "Bitten by cow"
      }, {
        "code": "W5521XA",
        "display": "Bitten by cow, initial encounter"
      }, {
        "code": "W5521XD",
        "display": "Bitten by cow, subsequent encounter"
      }, {
        "code": "W5521XS",
        "display": "Bitten by cow, sequela"
      }, {
        "code": "W5522",
        "display": "Struck by cow"
      }, {
        "code": "W5522XA",
        "display": "Struck by cow, initial encounter"
      }, {
        "code": "W5522XD",
        "display": "Struck by cow, subsequent encounter"
      }, {
        "code": "W5522XS",
        "display": "Struck by cow, sequela"
      }, {
        "code": "W5529",
        "display": "Other contact with cow"
      }, {
        "code": "W5529XA",
        "display": "Other contact with cow, initial encounter"
      }, {
        "code": "W5529XD",
        "display": "Other contact with cow, subsequent encounter"
      }, {
        "code": "W5529XS",
        "display": "Other contact with cow, sequela"
      }, {
        "code": "W553",
        "display": "Contact with other hoof stock"
      }, {
        "code": "W5531",
        "display": "Bitten by other hoof stock"
      }, {
        "code": "W5531XA",
        "display": "Bitten by other hoof stock, initial encounter"
      }, {
        "code": "W5531XD",
        "display": "Bitten by other hoof stock, subsequent encounter"
      }, {
        "code": "W5531XS",
        "display": "Bitten by other hoof stock, sequela"
      }, {
        "code": "W5532",
        "display": "Struck by other hoof stock"
      }, {
        "code": "W5532XA",
        "display": "Struck by other hoof stock, initial encounter"
      }, {
        "code": "W5532XD",
        "display": "Struck by other hoof stock, subsequent encounter"
      }, {
        "code": "W5532XS",
        "display": "Struck by other hoof stock, sequela"
      }, {
        "code": "W5539",
        "display": "Other contact with other hoof stock"
      }, {
        "code": "W5539XA",
        "display": "Other contact with other hoof stock, initial encounter"
      }, {
        "code": "W5539XD",
        "display": "Other contact with other hoof stock, subsequent encounter"
      }, {
        "code": "W5539XS",
        "display": "Other contact with other hoof stock, sequela"
      }, {
        "code": "W554",
        "display": "Contact with pig"
      }, {
        "code": "W5541",
        "display": "Bitten by pig"
      }, {
        "code": "W5541XA",
        "display": "Bitten by pig, initial encounter"
      }, {
        "code": "W5541XD",
        "display": "Bitten by pig, subsequent encounter"
      }, {
        "code": "W5541XS",
        "display": "Bitten by pig, sequela"
      }, {
        "code": "W5542",
        "display": "Struck by pig"
      }, {
        "code": "W5542XA",
        "display": "Struck by pig, initial encounter"
      }, {
        "code": "W5542XD",
        "display": "Struck by pig, subsequent encounter"
      }, {
        "code": "W5542XS",
        "display": "Struck by pig, sequela"
      }, {
        "code": "W5549",
        "display": "Other contact with pig"
      }, {
        "code": "W5549XA",
        "display": "Other contact with pig, initial encounter"
      }, {
        "code": "W5549XD",
        "display": "Other contact with pig, subsequent encounter"
      }, {
        "code": "W5549XS",
        "display": "Other contact with pig, sequela"
      }, {
        "code": "W555",
        "display": "Contact with raccoon"
      }, {
        "code": "W5551",
        "display": "Bitten by raccoon"
      }, {
        "code": "W5551XA",
        "display": "Bitten by raccoon, initial encounter"
      }, {
        "code": "W5551XD",
        "display": "Bitten by raccoon, subsequent encounter"
      }, {
        "code": "W5551XS",
        "display": "Bitten by raccoon, sequela"
      }, {
        "code": "W5552",
        "display": "Struck by raccoon"
      }, {
        "code": "W5552XA",
        "display": "Struck by raccoon, initial encounter"
      }, {
        "code": "W5552XD",
        "display": "Struck by raccoon, subsequent encounter"
      }, {
        "code": "W5552XS",
        "display": "Struck by raccoon, sequela"
      }, {
        "code": "W5559",
        "display": "Other contact with raccoon"
      }, {
        "code": "W5559XA",
        "display": "Other contact with raccoon, initial encounter"
      }, {
        "code": "W5559XD",
        "display": "Other contact with raccoon, subsequent encounter"
      }, {
        "code": "W5559XS",
        "display": "Other contact with raccoon, sequela"
      }, {
        "code": "W558",
        "display": "Contact with other mammals"
      }, {
        "code": "W5581",
        "display": "Bitten by other mammals"
      }, {
        "code": "W5581XA",
        "display": "Bitten by other mammals, initial encounter"
      }, {
        "code": "W5581XD",
        "display": "Bitten by other mammals, subsequent encounter"
      }, {
        "code": "W5581XS",
        "display": "Bitten by other mammals, sequela"
      }, {
        "code": "W5582",
        "display": "Struck by other mammals"
      }, {
        "code": "W5582XA",
        "display": "Struck by other mammals, initial encounter"
      }, {
        "code": "W5582XD",
        "display": "Struck by other mammals, subsequent encounter"
      }, {
        "code": "W5582XS",
        "display": "Struck by other mammals, sequela"
      }, {
        "code": "W5589",
        "display": "Other contact with other mammals"
      }, {
        "code": "W5589XA",
        "display": "Other contact with other mammals, initial encounter"
      }, {
        "code": "W5589XD",
        "display": "Other contact with other mammals, subsequent encounter"
      }, {
        "code": "W5589XS",
        "display": "Other contact with other mammals, sequela"
      } ]
    } ]
  }
}