{
  "resourceType": "ValueSet",
  "id": "W30",
  "url": "http://hl7.org/fhir/sid/icd-10-cm-1677",
  "version": "1.0",
  "name": "Contact with agricultural machinery",
  "title": "Contact with agricultural machinery",
  "status": "active",
  "compose": {
    "include": [ {
      "system": "http://hl7.org/fhir/sid/icd-10-cm",
      "concept": [ {
        "code": "W300",
        "display": "Contact with combine harvester"
      }, {
        "code": "W300XXA",
        "display": "Contact with combine harvester, initial encounter"
      }, {
        "code": "W300XXD",
        "display": "Contact with combine harvester, subsequent encounter"
      }, {
        "code": "W300XXS",
        "display": "Contact with combine harvester, sequela"
      }, {
        "code": "W301",
        "display": "Contact with power take-off devices (PTO)"
      }, {
        "code": "W301XXA",
        "display": "Contact with power take-off devices (PTO), initial encounter"
      }, {
        "code": "W301XXD",
        "display": "Contact with power take-off devices (PTO), subs encntr"
      }, {
        "code": "W301XXS",
        "display": "Contact with power take-off devices (PTO), sequela"
      }, {
        "code": "W302",
        "display": "Contact with hay derrick"
      }, {
        "code": "W302XXA",
        "display": "Contact with hay derrick, initial encounter"
      }, {
        "code": "W302XXD",
        "display": "Contact with hay derrick, subsequent encounter"
      }, {
        "code": "W302XXS",
        "display": "Contact with hay derrick, sequela"
      }, {
        "code": "W303",
        "display": "Contact with grain storage elevator"
      }, {
        "code": "W303XXA",
        "display": "Contact with grain storage elevator, initial encounter"
      }, {
        "code": "W303XXD",
        "display": "Contact with grain storage elevator, subsequent encounter"
      }, {
        "code": "W303XXS",
        "display": "Contact with grain storage elevator, sequela"
      }, {
        "code": "W308",
        "display": "Contact with other specified agricultural machinery"
      }, {
        "code": "W3081",
        "display": "Contact w agricultural transport vehicle in stationary use"
      }, {
        "code": "W3081XA",
        "display": "Contact w agri transport vehicle in stationary use, init"
      }, {
        "code": "W3081XD",
        "display": "Contact w agri transport vehicle in stationary use, subs"
      }, {
        "code": "W3081XS",
        "display": "Contact w agri transport vehicle in stationary use, sequela"
      }, {
        "code": "W3089",
        "display": "Contact with other specified agricultural machinery"
      }, {
        "code": "W3089XA",
        "display": "Contact with oth agricultural machinery, init encntr"
      }, {
        "code": "W3089XD",
        "display": "Contact with oth agricultural machinery, subs encntr"
      }, {
        "code": "W3089XS",
        "display": "Contact with other specified agricultural machinery, sequela"
      }, {
        "code": "W309",
        "display": "Contact with unspecified agricultural machinery"
      }, {
        "code": "W309XXA",
        "display": "Contact with unspecified agricultural machinery, init encntr"
      }, {
        "code": "W309XXD",
        "display": "Contact with unspecified agricultural machinery, subs encntr"
      }, {
        "code": "W309XXS",
        "display": "Contact with unspecified agricultural machinery, sequela"
      } ]
    } ]
  }
}