{
  "resourceType": "ValueSet",
  "id": "W46",
  "url": "http://hl7.org/fhir/sid/icd-10-cm-1690",
  "version": "1.0",
  "name": "Contact with hypodermic needle",
  "title": "Contact with hypodermic needle",
  "status": "active",
  "compose": {
    "include": [ {
      "system": "http://hl7.org/fhir/sid/icd-10-cm",
      "concept": [ {
        "code": "W460",
        "display": "Contact with hypodermic needle"
      }, {
        "code": "W460XXA",
        "display": "Contact with hypodermic needle, initial encounter"
      }, {
        "code": "W460XXD",
        "display": "Contact with hypodermic needle, subsequent encounter"
      }, {
        "code": "W460XXS",
        "display": "Contact with hypodermic needle, sequela"
      }, {
        "code": "W461",
        "display": "Contact with contaminated hypodermic needle"
      }, {
        "code": "W461XXA",
        "display": "Contact with contaminated hypodermic needle, init encntr"
      }, {
        "code": "W461XXD",
        "display": "Contact with contaminated hypodermic needle, subs encntr"
      }, {
        "code": "W461XXS",
        "display": "Contact with contaminated hypodermic needle, sequela"
      } ]
    } ]
  }
}