{
  "resourceType": "ValueSet",
  "id": "W58",
  "url": "http://hl7.org/fhir/sid/icd-10-cm-1700",
  "version": "1.0",
  "name": "Contact with crocodile or alligator",
  "title": "Contact with crocodile or alligator",
  "status": "active",
  "compose": {
    "include": [ {
      "system": "http://hl7.org/fhir/sid/icd-10-cm",
      "concept": [ {
        "code": "W580",
        "display": "Contact with alligator"
      }, {
        "code": "W5801",
        "display": "Bitten by alligator"
      }, {
        "code": "W5801XA",
        "display": "Bitten by alligator, initial encounter"
      }, {
        "code": "W5801XD",
        "display": "Bitten by alligator, subsequent encounter"
      }, {
        "code": "W5801XS",
        "display": "Bitten by alligator, sequela"
      }, {
        "code": "W5802",
        "display": "Struck by alligator"
      }, {
        "code": "W5802XA",
        "display": "Struck by alligator, initial encounter"
      }, {
        "code": "W5802XD",
        "display": "Struck by alligator, subsequent encounter"
      }, {
        "code": "W5802XS",
        "display": "Struck by alligator, sequela"
      }, {
        "code": "W5803",
        "display": "Crushed by alligator"
      }, {
        "code": "W5803XA",
        "display": "Crushed by alligator, initial encounter"
      }, {
        "code": "W5803XD",
        "display": "Crushed by alligator, subsequent encounter"
      }, {
        "code": "W5803XS",
        "display": "Crushed by alligator, sequela"
      }, {
        "code": "W5809",
        "display": "Other contact with alligator"
      }, {
        "code": "W5809XA",
        "display": "Other contact with alligator, initial encounter"
      }, {
        "code": "W5809XD",
        "display": "Other contact with alligator, subsequent encounter"
      }, {
        "code": "W5809XS",
        "display": "Other contact with alligator, sequela"
      }, {
        "code": "W581",
        "display": "Contact with crocodile"
      }, {
        "code": "W5811",
        "display": "Bitten by crocodile"
      }, {
        "code": "W5811XA",
        "display": "Bitten by crocodile, initial encounter"
      }, {
        "code": "W5811XD",
        "display": "Bitten by crocodile, subsequent encounter"
      }, {
        "code": "W5811XS",
        "display": "Bitten by crocodile, sequela"
      }, {
        "code": "W5812",
        "display": "Struck by crocodile"
      }, {
        "code": "W5812XA",
        "display": "Struck by crocodile, initial encounter"
      }, {
        "code": "W5812XD",
        "display": "Struck by crocodile, subsequent encounter"
      }, {
        "code": "W5812XS",
        "display": "Struck by crocodile, sequela"
      }, {
        "code": "W5813",
        "display": "Crushed by crocodile"
      }, {
        "code": "W5813XA",
        "display": "Crushed by crocodile, initial encounter"
      }, {
        "code": "W5813XD",
        "display": "Crushed by crocodile, subsequent encounter"
      }, {
        "code": "W5813XS",
        "display": "Crushed by crocodile, sequela"
      }, {
        "code": "W5819",
        "display": "Other contact with crocodile"
      }, {
        "code": "W5819XA",
        "display": "Other contact with crocodile, initial encounter"
      }, {
        "code": "W5819XD",
        "display": "Other contact with crocodile, subsequent encounter"
      }, {
        "code": "W5819XS",
        "display": "Other contact with crocodile, sequela"
      } ]
    } ]
  }
}