{
  "resourceType": "ValueSet",
  "id": "X18",
  "url": "http://hl7.org/fhir/sid/icd-10-cm-1736",
  "version": "1.0",
  "name": "Contact with other hot metals",
  "title": "Contact with other hot metals",
  "status": "active",
  "compose": {
    "include": [ {
      "system": "http://hl7.org/fhir/sid/icd-10-cm",
      "concept": [ {
        "code": "X18XXXA",
        "display": "Contact with other hot metals, initial encounter"
      }, {
        "code": "X18XXXD",
        "display": "Contact with other hot metals, subsequent encounter"
      }, {
        "code": "X18XXXS",
        "display": "Contact with other hot metals, sequela"
      } ]
    } ]
  }
}