{
  "resourceType": "ValueSet",
  "id": "X11",
  "url": "http://hl7.org/fhir/sid/icd-10-cm-1729",
  "version": "1.0",
  "name": "Contact with hot tap-water",
  "title": "Contact with hot tap-water",
  "status": "active",
  "compose": {
    "include": [ {
      "system": "http://hl7.org/fhir/sid/icd-10-cm",
      "concept": [ {
        "code": "X110",
        "display": "Contact with hot water in bath or tub"
      }, {
        "code": "X110XXA",
        "display": "Contact with hot water in bath or tub, initial encounter"
      }, {
        "code": "X110XXD",
        "display": "Contact with hot water in bath or tub, subsequent encounter"
      }, {
        "code": "X110XXS",
        "display": "Contact with hot water in bath or tub, sequela"
      }, {
        "code": "X111",
        "display": "Contact with running hot water"
      }, {
        "code": "X111XXA",
        "display": "Contact with running hot water, initial encounter"
      }, {
        "code": "X111XXD",
        "display": "Contact with running hot water, subsequent encounter"
      }, {
        "code": "X111XXS",
        "display": "Contact with running hot water, sequela"
      }, {
        "code": "X118",
        "display": "Contact with other hot tap-water"
      }, {
        "code": "X118XXA",
        "display": "Contact with other hot tap-water, initial encounter"
      }, {
        "code": "X118XXD",
        "display": "Contact with other hot tap-water, subsequent encounter"
      }, {
        "code": "X118XXS",
        "display": "Contact with other hot tap-water, sequela"
      } ]
    } ]
  }
}