{
  "resourceType": "ValueSet",
  "id": "W28",
  "url": "http://hl7.org/fhir/sid/icd-10-cm-1675",
  "version": "1.0",
  "name": "Contact with powered lawn mower",
  "title": "Contact with powered lawn mower",
  "status": "active",
  "compose": {
    "include": [ {
      "system": "http://hl7.org/fhir/sid/icd-10-cm",
      "concept": [ {
        "code": "W28XXXA",
        "display": "Contact with powered lawn mower, initial encounter"
      }, {
        "code": "W28XXXD",
        "display": "Contact with powered lawn mower, subsequent encounter"
      }, {
        "code": "W28XXXS",
        "display": "Contact with powered lawn mower, sequela"
      } ]
    } ]
  }
}