{
  "resourceType": "ValueSet",
  "id": "X15",
  "url": "http://hl7.org/fhir/sid/icd-10-cm-1733",
  "version": "1.0",
  "name": "Contact with hot household appliances",
  "title": "Contact with hot household appliances",
  "status": "active",
  "compose": {
    "include": [ {
      "system": "http://hl7.org/fhir/sid/icd-10-cm",
      "concept": [ {
        "code": "X150",
        "display": "Contact with hot stove (kitchen)"
      }, {
        "code": "X150XXA",
        "display": "Contact with hot stove (kitchen), initial encounter"
      }, {
        "code": "X150XXD",
        "display": "Contact with hot stove (kitchen), subsequent encounter"
      }, {
        "code": "X150XXS",
        "display": "Contact with hot stove (kitchen), sequela"
      }, {
        "code": "X151",
        "display": "Contact with hot toaster"
      }, {
        "code": "X151XXA",
        "display": "Contact with hot toaster, initial encounter"
      }, {
        "code": "X151XXD",
        "display": "Contact with hot toaster, subsequent encounter"
      }, {
        "code": "X151XXS",
        "display": "Contact with hot toaster, sequela"
      }, {
        "code": "X152",
        "display": "Contact with hotplate"
      }, {
        "code": "X152XXA",
        "display": "Contact with hotplate, initial encounter"
      }, {
        "code": "X152XXD",
        "display": "Contact with hotplate, subsequent encounter"
      }, {
        "code": "X152XXS",
        "display": "Contact with hotplate, sequela"
      }, {
        "code": "X153",
        "display": "Contact with hot saucepan or skillet"
      }, {
        "code": "X153XXA",
        "display": "Contact with hot saucepan or skillet, initial encounter"
      }, {
        "code": "X153XXD",
        "display": "Contact with hot saucepan or skillet, subsequent encounter"
      }, {
        "code": "X153XXS",
        "display": "Contact with hot saucepan or skillet, sequela"
      }, {
        "code": "X158",
        "display": "Contact with other hot household appliances"
      }, {
        "code": "X158XXA",
        "display": "Contact with other hot household appliances, init encntr"
      }, {
        "code": "X158XXD",
        "display": "Contact with other hot household appliances, subs encntr"
      }, {
        "code": "X158XXS",
        "display": "Contact with other hot household appliances, sequela"
      } ]
    } ]
  }
}