{
  "resourceType": "ValueSet",
  "id": "W62",
  "url": "http://hl7.org/fhir/sid/icd-10-cm-1704",
  "version": "1.0",
  "name": "Contact with nonvenomous amphibians",
  "title": "Contact with nonvenomous amphibians",
  "status": "active",
  "compose": {
    "include": [ {
      "system": "http://hl7.org/fhir/sid/icd-10-cm",
      "concept": [ {
        "code": "W620",
        "display": "Contact with nonvenomous frogs"
      }, {
        "code": "W620XXA",
        "display": "Contact with nonvenomous frogs, initial encounter"
      }, {
        "code": "W620XXD",
        "display": "Contact with nonvenomous frogs, subsequent encounter"
      }, {
        "code": "W620XXS",
        "display": "Contact with nonvenomous frogs, sequela"
      }, {
        "code": "W621",
        "display": "Contact with nonvenomous toads"
      }, {
        "code": "W621XXA",
        "display": "Contact with nonvenomous toads, initial encounter"
      }, {
        "code": "W621XXD",
        "display": "Contact with nonvenomous toads, subsequent encounter"
      }, {
        "code": "W621XXS",
        "display": "Contact with nonvenomous toads, sequela"
      }, {
        "code": "W629",
        "display": "Contact with other nonvenomous amphibians"
      }, {
        "code": "W629XXA",
        "display": "Contact with other nonvenomous amphibians, initial encounter"
      }, {
        "code": "W629XXD",
        "display": "Contact with other nonvenomous amphibians, subs encntr"
      }, {
        "code": "W629XXS",
        "display": "Contact with other nonvenomous amphibians, sequela"
      } ]
    } ]
  }
}