{
  "resourceType": "ValueSet",
  "id": "W25",
  "url": "http://hl7.org/fhir/sid/icd-10-cm-1672",
  "version": "1.0",
  "name": "Contact with sharp glass",
  "title": "Contact with sharp glass",
  "status": "active",
  "compose": {
    "include": [ {
      "system": "http://hl7.org/fhir/sid/icd-10-cm",
      "concept": [ {
        "code": "W25XXXA",
        "display": "Contact with sharp glass, initial encounter"
      }, {
        "code": "W25XXXD",
        "display": "Contact with sharp glass, subsequent encounter"
      }, {
        "code": "W25XXXS",
        "display": "Contact with sharp glass, sequela"
      } ]
    } ]
  }
}