{
  "resourceType": "ValueSet",
  "id": "Y25",
  "url": "http://hl7.org/fhir/sid/icd-10-cm-1783",
  "version": "1.0",
  "name": "Contact with explosive material, undetermined intent",
  "title": "Contact with explosive material, undetermined intent",
  "status": "active",
  "compose": {
    "include": [ {
      "system": "http://hl7.org/fhir/sid/icd-10-cm",
      "concept": [ {
        "code": "Y25XXXA",
        "display": "Contact w explosive material, undetermined intent, init"
      }, {
        "code": "Y25XXXD",
        "display": "Contact w explosive material, undetermined intent, subs"
      }, {
        "code": "Y25XXXS",
        "display": "Contact w explosive material, undetermined intent, sequela"
      } ]
    } ]
  }
}