{
  "resourceType": "ValueSet",
  "id": "X19",
  "url": "http://hl7.org/fhir/sid/icd-10-cm-1737",
  "version": "1.0",
  "name": "Contact with other heat and hot substances",
  "title": "Contact with other heat and hot substances",
  "status": "active",
  "compose": {
    "include": [ {
      "system": "http://hl7.org/fhir/sid/icd-10-cm",
      "concept": [ {
        "code": "X19XXXA",
        "display": "Contact with other heat and hot substances, init encntr"
      }, {
        "code": "X19XXXD",
        "display": "Contact with other heat and hot substances, subs encntr"
      }, {
        "code": "X19XXXS",
        "display": "Contact with other heat and hot substances, sequela"
      } ]
    } ]
  }
}