{
  "resourceType": "ValueSet",
  "id": "X13",
  "url": "http://hl7.org/fhir/sid/icd-10-cm-1731",
  "version": "1.0",
  "name": "Contact with steam and other hot vapors",
  "title": "Contact with steam and other hot vapors",
  "status": "active",
  "compose": {
    "include": [ {
      "system": "http://hl7.org/fhir/sid/icd-10-cm",
      "concept": [ {
        "code": "X130",
        "display": "Inhalation of steam and other hot vapors"
      }, {
        "code": "X130XXA",
        "display": "Inhalation of steam and other hot vapors, initial encounter"
      }, {
        "code": "X130XXD",
        "display": "Inhalation of steam and other hot vapors, subs encntr"
      }, {
        "code": "X130XXS",
        "display": "Inhalation of steam and other hot vapors, sequela"
      }, {
        "code": "X131",
        "display": "Other contact with steam and other hot vapors"
      }, {
        "code": "X131XXA",
        "display": "Other contact with steam and other hot vapors, init encntr"
      }, {
        "code": "X131XXD",
        "display": "Other contact with steam and other hot vapors, subs encntr"
      }, {
        "code": "X131XXS",
        "display": "Other contact with steam and other hot vapors, sequela"
      } ]
    } ]
  }
}