{
  "resourceType": "ValueSet",
  "id": "X12",
  "url": "http://hl7.org/fhir/sid/icd-10-cm-1730",
  "version": "1.0",
  "name": "Contact with other hot fluids",
  "title": "Contact with other hot fluids",
  "status": "active",
  "compose": {
    "include": [ {
      "system": "http://hl7.org/fhir/sid/icd-10-cm",
      "concept": [ {
        "code": "X12XXXA",
        "display": "Contact with other hot fluids, initial encounter"
      }, {
        "code": "X12XXXD",
        "display": "Contact with other hot fluids, subsequent encounter"
      }, {
        "code": "X12XXXS",
        "display": "Contact with other hot fluids, sequela"
      } ]
    } ]
  }
}