{
  "resourceType": "ValueSet",
  "id": "W26",
  "url": "http://hl7.org/fhir/sid/icd-10-cm-1673",
  "version": "1.0",
  "name": "Contact with other sharp objects",
  "title": "Contact with other sharp objects",
  "status": "active",
  "compose": {
    "include": [ {
      "system": "http://hl7.org/fhir/sid/icd-10-cm",
      "concept": [ {
        "code": "W260",
        "display": "Contact with knife"
      }, {
        "code": "W260XXA",
        "display": "Contact with knife, initial encounter"
      }, {
        "code": "W260XXD",
        "display": "Contact with knife, subsequent encounter"
      }, {
        "code": "W260XXS",
        "display": "Contact with knife, sequela"
      }, {
        "code": "W261",
        "display": "Contact with sword or dagger"
      }, {
        "code": "W261XXA",
        "display": "Contact with sword or dagger, initial encounter"
      }, {
        "code": "W261XXD",
        "display": "Contact with sword or dagger, subsequent encounter"
      }, {
        "code": "W261XXS",
        "display": "Contact with sword or dagger, sequela"
      }, {
        "code": "W262",
        "display": "Contact with edge of stiff paper"
      }, {
        "code": "W262XXA",
        "display": "Contact with edge of stiff paper, initial encounter"
      }, {
        "code": "W262XXD",
        "display": "Contact with edge of stiff paper, subsequent encounter"
      }, {
        "code": "W262XXS",
        "display": "Contact with edge of stiff paper, sequela"
      }, {
        "code": "W268",
        "display": "Contact with other sharp object(s), not elsewhere classified"
      }, {
        "code": "W268XXA",
        "display": "Contact with other sharp object(s), NEC, initial encounter"
      }, {
        "code": "W268XXD",
        "display": "Contact with other sharp object(s), NEC, subs"
      }, {
        "code": "W268XXS",
        "display": "Contact with other sharp object(s), NEC, sequela"
      }, {
        "code": "W269",
        "display": "Contact with unspecified sharp object(s)"
      }, {
        "code": "W269XXA",
        "display": "Contact with unspecified sharp object(s), initial encounter"
      }, {
        "code": "W269XXD",
        "display": "Contact with unspecified sharp object(s), subs"
      }, {
        "code": "W269XXS",
        "display": "Contact with unspecified sharp object(s), sequela"
      } ]
    } ]
  }
}