{
  "resourceType": "ValueSet",
  "id": "W29",
  "url": "http://hl7.org/fhir/sid/icd-10-cm-1676",
  "version": "1.0",
  "name": "Contact with oth powered hand tools and household machinery",
  "title": "Contact with other powered hand tools and household machinery",
  "status": "active",
  "compose": {
    "include": [ {
      "system": "http://hl7.org/fhir/sid/icd-10-cm",
      "concept": [ {
        "code": "W290",
        "display": "Contact with powered kitchen appliance"
      }, {
        "code": "W290XXA",
        "display": "Contact with powered kitchen appliance, initial encounter"
      }, {
        "code": "W290XXD",
        "display": "Contact with powered kitchen appliance, subsequent encounter"
      }, {
        "code": "W290XXS",
        "display": "Contact with powered kitchen appliance, sequela"
      }, {
        "code": "W291",
        "display": "Contact with electric knife"
      }, {
        "code": "W291XXA",
        "display": "Contact with electric knife, initial encounter"
      }, {
        "code": "W291XXD",
        "display": "Contact with electric knife, subsequent encounter"
      }, {
        "code": "W291XXS",
        "display": "Contact with electric knife, sequela"
      }, {
        "code": "W292",
        "display": "Contact with other powered household machinery"
      }, {
        "code": "W292XXA",
        "display": "Contact with other powered household machinery, init encntr"
      }, {
        "code": "W292XXD",
        "display": "Contact with other powered household machinery, subs encntr"
      }, {
        "code": "W292XXS",
        "display": "Contact with other powered household machinery, sequela"
      }, {
        "code": "W293",
        "display": "Contact w powered garden and outdoor hand tools and mach"
      }, {
        "code": "W293XXA",
        "display": "Cntct w powered garden and outdoor hand tools and mach, init"
      }, {
        "code": "W293XXD",
        "display": "Cntct w powered garden and outdoor hand tools and mach, subs"
      }, {
        "code": "W293XXS",
        "display": "Cntct w power garden and outdoor hand tools and mach, sqla"
      }, {
        "code": "W294",
        "display": "Contact with nail gun"
      }, {
        "code": "W294XXA",
        "display": "Contact with nail gun, initial encounter"
      }, {
        "code": "W294XXD",
        "display": "Contact with nail gun, subsequent encounter"
      }, {
        "code": "W294XXS",
        "display": "Contact with nail gun, sequela"
      }, {
        "code": "W298",
        "display": "Contact with other powered hand tools and household mach"
      }, {
        "code": "W298XXA",
        "display": "Cntct with other powered hand tools and household mach, init"
      }, {
        "code": "W298XXD",
        "display": "Cntct with other powered hand tools and household mach, subs"
      }, {
        "code": "W298XXS",
        "display": "Cntct with other power hand tools and household mach, sqla"
      } ]
    } ]
  }
}