{
  "resourceType": "ValueSet",
  "id": "R56",
  "url": "http://hl7.org/fhir/sid/icd-10-cm-1341",
  "version": "1.0",
  "name": "Convulsions, not elsewhere classified",
  "title": "Convulsions, not elsewhere classified",
  "status": "active",
  "compose": {
    "include": [ {
      "system": "http://hl7.org/fhir/sid/icd-10-cm",
      "concept": [ {
        "code": "R560",
        "display": "Febrile convulsions"
      }, {
        "code": "R5600",
        "display": "Simple febrile convulsions"
      }, {
        "code": "R5601",
        "display": "Complex febrile convulsions"
      }, {
        "code": "R561",
        "display": "Post traumatic seizures"
      }, {
        "code": "R569",
        "display": "Unspecified convulsions"
      } ]
    } ]
  }
}