{
  "resourceType": "ValueSet",
  "id": "H17",
  "url": "http://hl7.org/fhir/sid/icd-10-cm-566",
  "version": "1.0",
  "name": "Corneal scars and opacities",
  "title": "Corneal scars and opacities",
  "status": "active",
  "compose": {
    "include": [ {
      "system": "http://hl7.org/fhir/sid/icd-10-cm",
      "concept": [ {
        "code": "H170",
        "display": "Adherent leukoma"
      }, {
        "code": "H1700",
        "display": "Adherent leukoma, unspecified eye"
      }, {
        "code": "H1701",
        "display": "Adherent leukoma, right eye"
      }, {
        "code": "H1702",
        "display": "Adherent leukoma, left eye"
      }, {
        "code": "H1703",
        "display": "Adherent leukoma, bilateral"
      }, {
        "code": "H171",
        "display": "Central corneal opacity"
      }, {
        "code": "H1710",
        "display": "Central corneal opacity, unspecified eye"
      }, {
        "code": "H1711",
        "display": "Central corneal opacity, right eye"
      }, {
        "code": "H1712",
        "display": "Central corneal opacity, left eye"
      }, {
        "code": "H1713",
        "display": "Central corneal opacity, bilateral"
      }, {
        "code": "H178",
        "display": "Other corneal scars and opacities"
      }, {
        "code": "H1781",
        "display": "Minor opacity of cornea"
      }, {
        "code": "H17811",
        "display": "Minor opacity of cornea, right eye"
      }, {
        "code": "H17812",
        "display": "Minor opacity of cornea, left eye"
      }, {
        "code": "H17813",
        "display": "Minor opacity of cornea, bilateral"
      }, {
        "code": "H17819",
        "display": "Minor opacity of cornea, unspecified eye"
      }, {
        "code": "H1782",
        "display": "Peripheral opacity of cornea"
      }, {
        "code": "H17821",
        "display": "Peripheral opacity of cornea, right eye"
      }, {
        "code": "H17822",
        "display": "Peripheral opacity of cornea, left eye"
      }, {
        "code": "H17823",
        "display": "Peripheral opacity of cornea, bilateral"
      }, {
        "code": "H17829",
        "display": "Peripheral opacity of cornea, unspecified eye"
      }, {
        "code": "H1789",
        "display": "Other corneal scars and opacities"
      }, {
        "code": "H179",
        "display": "Unspecified corneal scar and opacity"
      } ]
    } ]
  }
}