{
  "resourceType": "ValueSet",
  "id": "T32",
  "url": "http://hl7.org/fhir/sid/icd-10-cm-1496",
  "version": "1.0",
  "name": "Corrosions classified accord extent body involv",
  "title": "Corrosions classified according to extent of body surface involved",
  "status": "active",
  "compose": {
    "include": [ {
      "system": "http://hl7.org/fhir/sid/icd-10-cm",
      "concept": [ {
        "code": "T320",
        "display": "Corrosions involving less than 10% of body surface"
      }, {
        "code": "T321",
        "display": "Corrosions involving 10-19% of body surface"
      }, {
        "code": "T3210",
        "display": "Corros 10-19% of body surface w 0% to 9% third degree corros"
      }, {
        "code": "T3211",
        "display": "Corros 10-19% of body surface w 10-19% third degree corros"
      }, {
        "code": "T322",
        "display": "Corrosions involving 20-29% of body surface"
      }, {
        "code": "T3220",
        "display": "Corros 20-29% of body surface w 0% to 9% third degree corros"
      }, {
        "code": "T3221",
        "display": "Corros 20-29% of body surface w 10-19% third degree corros"
      }, {
        "code": "T3222",
        "display": "Corros 20-29% of body surface w 20-29% third degree corros"
      }, {
        "code": "T323",
        "display": "Corrosions involving 30-39% of body surface"
      }, {
        "code": "T3230",
        "display": "Corros 30-39% of body surface w 0% to 9% third degree corros"
      }, {
        "code": "T3231",
        "display": "Corros 30-39% of body surface w 10-19% third degree corros"
      }, {
        "code": "T3232",
        "display": "Corros 30-39% of body surface w 20-29% third degree corros"
      }, {
        "code": "T3233",
        "display": "Corros 30-39% of body surface w 30-39% third degree corros"
      }, {
        "code": "T324",
        "display": "Corrosions involving 40-49% of body surface"
      }, {
        "code": "T3240",
        "display": "Corros 40-49% of body surface w 0% to 9% third degree corros"
      }, {
        "code": "T3241",
        "display": "Corros 40-49% of body surface w 10-19% third degree corros"
      }, {
        "code": "T3242",
        "display": "Corros 40-49% of body surface w 20-29% third degree corros"
      }, {
        "code": "T3243",
        "display": "Corros 40-49% of body surface w 30-39% third degree corros"
      }, {
        "code": "T3244",
        "display": "Corros 40-49% of body surface w 40-49% third degree corros"
      }, {
        "code": "T325",
        "display": "Corrosions involving 50-59% of body surface"
      }, {
        "code": "T3250",
        "display": "Corros 50-59% of body surface w 0% to 9% third degree corros"
      }, {
        "code": "T3251",
        "display": "Corros 50-59% of body surface w 10-19% third degree corros"
      }, {
        "code": "T3252",
        "display": "Corros 50-59% of body surface w 20-29% third degree corros"
      }, {
        "code": "T3253",
        "display": "Corros 50-59% of body surface w 30-39% third degree corros"
      }, {
        "code": "T3254",
        "display": "Corros 50-59% of body surface w 40-49% third degree corros"
      }, {
        "code": "T3255",
        "display": "Corros 50-59% of body surface w 50-59% third degree corros"
      }, {
        "code": "T326",
        "display": "Corrosions involving 60-69% of body surface"
      }, {
        "code": "T3260",
        "display": "Corros 60-69% of body surface w 0% to 9% third degree corros"
      }, {
        "code": "T3261",
        "display": "Corros 60-69% of body surface w 10-19% third degree corros"
      }, {
        "code": "T3262",
        "display": "Corros 60-69% of body surface w 20-29% third degree corros"
      }, {
        "code": "T3263",
        "display": "Corros 60-69% of body surface w 30-39% third degree corros"
      }, {
        "code": "T3264",
        "display": "Corros 60-69% of body surface w 40-49% third degree corros"
      }, {
        "code": "T3265",
        "display": "Corros 60-69% of body surface w 50-59% third degree corros"
      }, {
        "code": "T3266",
        "display": "Corros 60-69% of body surface w 60-69% third degree corros"
      }, {
        "code": "T327",
        "display": "Corrosions involving 70-79% of body surface"
      }, {
        "code": "T3270",
        "display": "Corros 70-79% of body surface w 0% to 9% third degree corros"
      }, {
        "code": "T3271",
        "display": "Corros 70-79% of body surface w 10-19% third degree corros"
      }, {
        "code": "T3272",
        "display": "Corros 70-79% of body surface w 20-29% third degree corros"
      }, {
        "code": "T3273",
        "display": "Corros 70-79% of body surface w 30-39% third degree corros"
      }, {
        "code": "T3274",
        "display": "Corros 70-79% of body surface w 40-49% third degree corros"
      }, {
        "code": "T3275",
        "display": "Corros 70-79% of body surface w 50-59% third degree corros"
      }, {
        "code": "T3276",
        "display": "Corros 70-79% of body surface w 60-69% third degree corros"
      }, {
        "code": "T3277",
        "display": "Corros 70-79% of body surface w 70-79% third degree corros"
      }, {
        "code": "T328",
        "display": "Corrosions involving 80-89% of body surface"
      }, {
        "code": "T3280",
        "display": "Corros 80-89% of body surface w 0% to 9% third degree corros"
      }, {
        "code": "T3281",
        "display": "Corros 80-89% of body surface w 10-19% third degree corros"
      }, {
        "code": "T3282",
        "display": "Corros 80-89% of body surface w 20-29% third degree corros"
      }, {
        "code": "T3283",
        "display": "Corros 80-89% of body surface w 30-39% third degree corros"
      }, {
        "code": "T3284",
        "display": "Corros 80-89% of body surface w 40-49% third degree corros"
      }, {
        "code": "T3285",
        "display": "Corros 80-89% of body surface w 50-59% third degree corros"
      }, {
        "code": "T3286",
        "display": "Corros 80-89% of body surface w 60-69% third degree corros"
      }, {
        "code": "T3287",
        "display": "Corros 80-89% of body surface w 70-79% third degree corros"
      }, {
        "code": "T3288",
        "display": "Corros 80-89% of body surface w 80-89% third degree corros"
      }, {
        "code": "T329",
        "display": "Corrosions involving 90% or more of body surface"
      }, {
        "code": "T3290",
        "display": "Corros 90%/more of body surfc w 0% to 9% third degree corros"
      }, {
        "code": "T3291",
        "display": "Corros 90%/more of body surface w 10-19% third degree corros"
      }, {
        "code": "T3292",
        "display": "Corros 90%/more of body surface w 20-29% third degree corros"
      }, {
        "code": "T3293",
        "display": "Corros 90%/more of body surface w 30-39% third degree corros"
      }, {
        "code": "T3294",
        "display": "Corros 90%/more of body surface w 40-49% third degree corros"
      }, {
        "code": "T3295",
        "display": "Corros 90%/more of body surface w 50-59% third degree corros"
      }, {
        "code": "T3296",
        "display": "Corros 90%/more of body surface w 60-69% third degree corros"
      }, {
        "code": "T3297",
        "display": "Corros 90%/more of body surface w 70-79% third degree corros"
      }, {
        "code": "T3298",
        "display": "Corros 90%/more of body surface w 80-89% third degree corros"
      }, {
        "code": "T3299",
        "display": "Corros 90%/more of body surfc w 90%/more third degree corros"
      } ]
    } ]
  }
}