{
  "resourceType": "ValueSet",
  "id": "Z70",
  "url": "http://hl7.org/fhir/sid/icd-10-cm-1881",
  "version": "1.0",
  "name": "Counseling related to sexual attitude, behavior and orientn",
  "title": "Counseling related to sexual attitude, behavior and orientation",
  "status": "active",
  "compose": {
    "include": [ {
      "system": "http://hl7.org/fhir/sid/icd-10-cm",
      "concept": [ {
        "code": "Z700",
        "display": "Counseling related to sexual attitude"
      }, {
        "code": "Z701",
        "display": "Counseling related to patient's sexual behavior and orientn"
      }, {
        "code": "Z702",
        "display": "Cnsl related to sexual behavior and orientn of third party"
      }, {
        "code": "Z703",
        "display": "Cnsl rel to comb concrn rgrd sex attitude, behav and orientn"
      }, {
        "code": "Z708",
        "display": "Other sex counseling"
      }, {
        "code": "Z709",
        "display": "Sex counseling, unspecified"
      } ]
    } ]
  }
}