{
  "resourceType": "ValueSet",
  "id": "Y32",
  "url": "http://hl7.org/fhir/sid/icd-10-cm-1790",
  "version": "1.0",
  "name": "Crashing of motor vehicle, undetermined intent",
  "title": "Crashing of motor vehicle, undetermined intent",
  "status": "active",
  "compose": {
    "include": [ {
      "system": "http://hl7.org/fhir/sid/icd-10-cm",
      "concept": [ {
        "code": "Y32XXXA",
        "display": "Crashing of motor vehicle, undetermined intent, init encntr"
      }, {
        "code": "Y32XXXD",
        "display": "Crashing of motor vehicle, undetermined intent, subs encntr"
      }, {
        "code": "Y32XXXS",
        "display": "Crashing of motor vehicle, undetermined intent, sequela"
      } ]
    } ]
  }
}