{
  "resourceType": "ValueSet",
  "id": "K50",
  "url": "http://hl7.org/fhir/sid/icd-10-cm-797",
  "version": "1.0",
  "name": "Crohn's disease [regional enteritis]",
  "title": "Crohn's disease [regional enteritis]",
  "status": "active",
  "compose": {
    "include": [ {
      "system": "http://hl7.org/fhir/sid/icd-10-cm",
      "concept": [ {
        "code": "K500",
        "display": "Crohn's disease of small intestine"
      }, {
        "code": "K5000",
        "display": "Crohn's disease of small intestine without complications"
      }, {
        "code": "K5001",
        "display": "Crohn's disease of small intestine with complications"
      }, {
        "code": "K50011",
        "display": "Crohn's disease of small intestine with rectal bleeding"
      }, {
        "code": "K50012",
        "display": "Crohn's disease of small intestine w intestinal obstruction"
      }, {
        "code": "K50013",
        "display": "Crohn's disease of small intestine with fistula"
      }, {
        "code": "K50014",
        "display": "Crohn's disease of small intestine with abscess"
      }, {
        "code": "K50018",
        "display": "Crohn's disease of small intestine with other complication"
      }, {
        "code": "K50019",
        "display": "Crohn's disease of small intestine with unsp complications"
      }, {
        "code": "K501",
        "display": "Crohn's disease of large intestine"
      }, {
        "code": "K5010",
        "display": "Crohn's disease of large intestine without complications"
      }, {
        "code": "K5011",
        "display": "Crohn's disease of large intestine with complications"
      }, {
        "code": "K50111",
        "display": "Crohn's disease of large intestine with rectal bleeding"
      }, {
        "code": "K50112",
        "display": "Crohn's disease of large intestine w intestinal obstruction"
      }, {
        "code": "K50113",
        "display": "Crohn's disease of large intestine with fistula"
      }, {
        "code": "K50114",
        "display": "Crohn's disease of large intestine with abscess"
      }, {
        "code": "K50118",
        "display": "Crohn's disease of large intestine with other complication"
      }, {
        "code": "K50119",
        "display": "Crohn's disease of large intestine with unsp complications"
      }, {
        "code": "K508",
        "display": "Crohn's disease of both small and large intestine"
      }, {
        "code": "K5080",
        "display": "Crohn's disease of both small and lg int w/o complications"
      }, {
        "code": "K5081",
        "display": "Crohn's disease of both small and lg int w complications"
      }, {
        "code": "K50811",
        "display": "Crohn's disease of both small and lg int w rectal bleeding"
      }, {
        "code": "K50812",
        "display": "Crohn's disease of both small and lg int w intestinal obst"
      }, {
        "code": "K50813",
        "display": "Crohn's disease of both small and large intestine w fistula"
      }, {
        "code": "K50814",
        "display": "Crohn's disease of both small and large intestine w abscess"
      }, {
        "code": "K50818",
        "display": "Crohn's disease of both small and lg int w oth complication"
      }, {
        "code": "K50819",
        "display": "Crohn's disease of both small and lg int w unsp comp"
      }, {
        "code": "K509",
        "display": "Crohn's disease, unspecified"
      }, {
        "code": "K5090",
        "display": "Crohn's disease, unspecified, without complications"
      }, {
        "code": "K5091",
        "display": "Crohn's disease, unspecified, with complications"
      }, {
        "code": "K50911",
        "display": "Crohn's disease, unspecified, with rectal bleeding"
      }, {
        "code": "K50912",
        "display": "Crohn's disease, unspecified, with intestinal obstruction"
      }, {
        "code": "K50913",
        "display": "Crohn's disease, unspecified, with fistula"
      }, {
        "code": "K50914",
        "display": "Crohn's disease, unspecified, with abscess"
      }, {
        "code": "K50918",
        "display": "Crohn's disease, unspecified, with other complication"
      }, {
        "code": "K50919",
        "display": "Crohn's disease, unspecified, with unspecified complications"
      } ]
    } ]
  }
}