{
  "resourceType": "ValueSet",
  "id": "S07",
  "url": "http://hl7.org/fhir/sid/icd-10-cm-1386",
  "version": "1.0",
  "name": "Crushing injury of head",
  "title": "Crushing injury of head",
  "status": "active",
  "compose": {
    "include": [ {
      "system": "http://hl7.org/fhir/sid/icd-10-cm",
      "concept": [ {
        "code": "S070",
        "display": "Crushing injury of face"
      }, {
        "code": "S070XXA",
        "display": "Crushing injury of face, initial encounter"
      }, {
        "code": "S070XXD",
        "display": "Crushing injury of face, subsequent encounter"
      }, {
        "code": "S070XXS",
        "display": "Crushing injury of face, sequela"
      }, {
        "code": "S071",
        "display": "Crushing injury of skull"
      }, {
        "code": "S071XXA",
        "display": "Crushing injury of skull, initial encounter"
      }, {
        "code": "S071XXD",
        "display": "Crushing injury of skull, subsequent encounter"
      }, {
        "code": "S071XXS",
        "display": "Crushing injury of skull, sequela"
      }, {
        "code": "S078",
        "display": "Crushing injury of other parts of head"
      }, {
        "code": "S078XXA",
        "display": "Crushing injury of other parts of head, initial encounter"
      }, {
        "code": "S078XXD",
        "display": "Crushing injury of other parts of head, subsequent encounter"
      }, {
        "code": "S078XXS",
        "display": "Crushing injury of other parts of head, sequela"
      }, {
        "code": "S079",
        "display": "Crushing injury of head, part unspecified"
      }, {
        "code": "S079XXA",
        "display": "Crushing injury of head, part unspecified, initial encounter"
      }, {
        "code": "S079XXD",
        "display": "Crushing injury of head, part unspecified, subs encntr"
      }, {
        "code": "S079XXS",
        "display": "Crushing injury of head, part unspecified, sequela"
      } ]
    } ]
  }
}