{
  "resourceType": "ValueSet",
  "id": "S67",
  "url": "http://hl7.org/fhir/sid/icd-10-cm-1445",
  "version": "1.0",
  "name": "Crushing injury of wrist, hand and fingers",
  "title": "Crushing injury of wrist, hand and fingers",
  "status": "active",
  "compose": {
    "include": [ {
      "system": "http://hl7.org/fhir/sid/icd-10-cm",
      "concept": [ {
        "code": "S670",
        "display": "Crushing injury of thumb"
      }, {
        "code": "S6700",
        "display": "Crushing injury of unspecified thumb"
      }, {
        "code": "S6700XA",
        "display": "Crushing injury of unspecified thumb, initial encounter"
      }, {
        "code": "S6700XD",
        "display": "Crushing injury of unspecified thumb, subsequent encounter"
      }, {
        "code": "S6700XS",
        "display": "Crushing injury of unspecified thumb, sequela"
      }, {
        "code": "S6701",
        "display": "Crushing injury of right thumb"
      }, {
        "code": "S6701XA",
        "display": "Crushing injury of right thumb, initial encounter"
      }, {
        "code": "S6701XD",
        "display": "Crushing injury of right thumb, subsequent encounter"
      }, {
        "code": "S6701XS",
        "display": "Crushing injury of right thumb, sequela"
      }, {
        "code": "S6702",
        "display": "Crushing injury of left thumb"
      }, {
        "code": "S6702XA",
        "display": "Crushing injury of left thumb, initial encounter"
      }, {
        "code": "S6702XD",
        "display": "Crushing injury of left thumb, subsequent encounter"
      }, {
        "code": "S6702XS",
        "display": "Crushing injury of left thumb, sequela"
      }, {
        "code": "S671",
        "display": "Crushing injury of other and unspecified finger(s)"
      }, {
        "code": "S6710",
        "display": "Crushing injury of unspecified finger(s)"
      }, {
        "code": "S6710XA",
        "display": "Crushing injury of unspecified finger(s), initial encounter"
      }, {
        "code": "S6710XD",
        "display": "Crushing injury of unspecified finger(s), subs encntr"
      }, {
        "code": "S6710XS",
        "display": "Crushing injury of unspecified finger(s), sequela"
      }, {
        "code": "S6719",
        "display": "Crushing injury of other finger(s)"
      }, {
        "code": "S67190",
        "display": "Crushing injury of right index finger"
      }, {
        "code": "S67190A",
        "display": "Crushing injury of right index finger, initial encounter"
      }, {
        "code": "S67190D",
        "display": "Crushing injury of right index finger, subsequent encounter"
      }, {
        "code": "S67190S",
        "display": "Crushing injury of right index finger, sequela"
      }, {
        "code": "S67191",
        "display": "Crushing injury of left index finger"
      }, {
        "code": "S67191A",
        "display": "Crushing injury of left index finger, initial encounter"
      }, {
        "code": "S67191D",
        "display": "Crushing injury of left index finger, subsequent encounter"
      }, {
        "code": "S67191S",
        "display": "Crushing injury of left index finger, sequela"
      }, {
        "code": "S67192",
        "display": "Crushing injury of right middle finger"
      }, {
        "code": "S67192A",
        "display": "Crushing injury of right middle finger, initial encounter"
      }, {
        "code": "S67192D",
        "display": "Crushing injury of right middle finger, subsequent encounter"
      }, {
        "code": "S67192S",
        "display": "Crushing injury of right middle finger, sequela"
      }, {
        "code": "S67193",
        "display": "Crushing injury of left middle finger"
      }, {
        "code": "S67193A",
        "display": "Crushing injury of left middle finger, initial encounter"
      }, {
        "code": "S67193D",
        "display": "Crushing injury of left middle finger, subsequent encounter"
      }, {
        "code": "S67193S",
        "display": "Crushing injury of left middle finger, sequela"
      }, {
        "code": "S67194",
        "display": "Crushing injury of right ring finger"
      }, {
        "code": "S67194A",
        "display": "Crushing injury of right ring finger, initial encounter"
      }, {
        "code": "S67194D",
        "display": "Crushing injury of right ring finger, subsequent encounter"
      }, {
        "code": "S67194S",
        "display": "Crushing injury of right ring finger, sequela"
      }, {
        "code": "S67195",
        "display": "Crushing injury of left ring finger"
      }, {
        "code": "S67195A",
        "display": "Crushing injury of left ring finger, initial encounter"
      }, {
        "code": "S67195D",
        "display": "Crushing injury of left ring finger, subsequent encounter"
      }, {
        "code": "S67195S",
        "display": "Crushing injury of left ring finger, sequela"
      }, {
        "code": "S67196",
        "display": "Crushing injury of right little finger"
      }, {
        "code": "S67196A",
        "display": "Crushing injury of right little finger, initial encounter"
      }, {
        "code": "S67196D",
        "display": "Crushing injury of right little finger, subsequent encounter"
      }, {
        "code": "S67196S",
        "display": "Crushing injury of right little finger, sequela"
      }, {
        "code": "S67197",
        "display": "Crushing injury of left little finger"
      }, {
        "code": "S67197A",
        "display": "Crushing injury of left little finger, initial encounter"
      }, {
        "code": "S67197D",
        "display": "Crushing injury of left little finger, subsequent encounter"
      }, {
        "code": "S67197S",
        "display": "Crushing injury of left little finger, sequela"
      }, {
        "code": "S67198",
        "display": "Crushing injury of other finger"
      }, {
        "code": "S67198A",
        "display": "Crushing injury of other finger, initial encounter"
      }, {
        "code": "S67198D",
        "display": "Crushing injury of other finger, subsequent encounter"
      }, {
        "code": "S67198S",
        "display": "Crushing injury of other finger, sequela"
      }, {
        "code": "S672",
        "display": "Crushing injury of hand"
      }, {
        "code": "S6720",
        "display": "Crushing injury of unspecified hand"
      }, {
        "code": "S6720XA",
        "display": "Crushing injury of unspecified hand, initial encounter"
      }, {
        "code": "S6720XD",
        "display": "Crushing injury of unspecified hand, subsequent encounter"
      }, {
        "code": "S6720XS",
        "display": "Crushing injury of unspecified hand, sequela"
      }, {
        "code": "S6721",
        "display": "Crushing injury of right hand"
      }, {
        "code": "S6721XA",
        "display": "Crushing injury of right hand, initial encounter"
      }, {
        "code": "S6721XD",
        "display": "Crushing injury of right hand, subsequent encounter"
      }, {
        "code": "S6721XS",
        "display": "Crushing injury of right hand, sequela"
      }, {
        "code": "S6722",
        "display": "Crushing injury of left hand"
      }, {
        "code": "S6722XA",
        "display": "Crushing injury of left hand, initial encounter"
      }, {
        "code": "S6722XD",
        "display": "Crushing injury of left hand, subsequent encounter"
      }, {
        "code": "S6722XS",
        "display": "Crushing injury of left hand, sequela"
      }, {
        "code": "S673",
        "display": "Crushing injury of wrist"
      }, {
        "code": "S6730",
        "display": "Crushing injury of unspecified wrist"
      }, {
        "code": "S6730XA",
        "display": "Crushing injury of unspecified wrist, initial encounter"
      }, {
        "code": "S6730XD",
        "display": "Crushing injury of unspecified wrist, subsequent encounter"
      }, {
        "code": "S6730XS",
        "display": "Crushing injury of unspecified wrist, sequela"
      }, {
        "code": "S6731",
        "display": "Crushing injury of right wrist"
      }, {
        "code": "S6731XA",
        "display": "Crushing injury of right wrist, initial encounter"
      }, {
        "code": "S6731XD",
        "display": "Crushing injury of right wrist, subsequent encounter"
      }, {
        "code": "S6731XS",
        "display": "Crushing injury of right wrist, sequela"
      }, {
        "code": "S6732",
        "display": "Crushing injury of left wrist"
      }, {
        "code": "S6732XA",
        "display": "Crushing injury of left wrist, initial encounter"
      }, {
        "code": "S6732XD",
        "display": "Crushing injury of left wrist, subsequent encounter"
      }, {
        "code": "S6732XS",
        "display": "Crushing injury of left wrist, sequela"
      }, {
        "code": "S674",
        "display": "Crushing injury of wrist and hand"
      }, {
        "code": "S6740",
        "display": "Crushing injury of unspecified wrist and hand"
      }, {
        "code": "S6740XA",
        "display": "Crushing injury of unspecified wrist and hand, init encntr"
      }, {
        "code": "S6740XD",
        "display": "Crushing injury of unspecified wrist and hand, subs encntr"
      }, {
        "code": "S6740XS",
        "display": "Crushing injury of unspecified wrist and hand, sequela"
      }, {
        "code": "S6741",
        "display": "Crushing injury of right wrist and hand"
      }, {
        "code": "S6741XA",
        "display": "Crushing injury of right wrist and hand, initial encounter"
      }, {
        "code": "S6741XD",
        "display": "Crushing injury of right wrist and hand, subs encntr"
      }, {
        "code": "S6741XS",
        "display": "Crushing injury of right wrist and hand, sequela"
      }, {
        "code": "S6742",
        "display": "Crushing injury of left wrist and hand"
      }, {
        "code": "S6742XA",
        "display": "Crushing injury of left wrist and hand, initial encounter"
      }, {
        "code": "S6742XD",
        "display": "Crushing injury of left wrist and hand, subsequent encounter"
      }, {
        "code": "S6742XS",
        "display": "Crushing injury of left wrist and hand, sequela"
      }, {
        "code": "S679",
        "display": "Crushing injury of unsp part(s) of wrist, hand and fingers"
      }, {
        "code": "S6790",
        "display": "Crushing inj unsp part(s) of unsp wrist, hand and fingers"
      }, {
        "code": "S6790XA",
        "display": "Crush inj unsp part(s) of unsp wrist, hand and fingers, init"
      }, {
        "code": "S6790XD",
        "display": "Crush inj unsp part(s) of unsp wrist, hand and fingers, subs"
      }, {
        "code": "S6790XS",
        "display": "Crush inj unsp part(s) of unsp wrist, hand and fngr, sequela"
      }, {
        "code": "S6791",
        "display": "Crushing injury of unsp part(s) of r wrist, hand and fingers"
      }, {
        "code": "S6791XA",
        "display": "Crushing inj unsp part(s) of r wrist, hand and fingers, init"
      }, {
        "code": "S6791XD",
        "display": "Crushing inj unsp part(s) of r wrist, hand and fingers, subs"
      }, {
        "code": "S6791XS",
        "display": "Crush inj unsp part(s) of r wrist, hand and fingers, sequela"
      }, {
        "code": "S6792",
        "display": "Crushing injury of unsp part(s) of l wrist, hand and fingers"
      }, {
        "code": "S6792XA",
        "display": "Crushing inj unsp part(s) of l wrist, hand and fingers, init"
      }, {
        "code": "S6792XD",
        "display": "Crushing inj unsp part(s) of l wrist, hand and fingers, subs"
      }, {
        "code": "S6792XS",
        "display": "Crush inj unsp part(s) of l wrist, hand and fingers, sequela"
      } ]
    } ]
  }
}