{
  "resourceType": "ValueSet",
  "id": "S77",
  "url": "http://hl7.org/fhir/sid/icd-10-cm-1455",
  "version": "1.0",
  "name": "Crushing injury of hip and thigh",
  "title": "Crushing injury of hip and thigh",
  "status": "active",
  "compose": {
    "include": [ {
      "system": "http://hl7.org/fhir/sid/icd-10-cm",
      "concept": [ {
        "code": "S770",
        "display": "Crushing injury of hip"
      }, {
        "code": "S7700",
        "display": "Crushing injury of unspecified hip"
      }, {
        "code": "S7700XA",
        "display": "Crushing injury of unspecified hip, initial encounter"
      }, {
        "code": "S7700XD",
        "display": "Crushing injury of unspecified hip, subsequent encounter"
      }, {
        "code": "S7700XS",
        "display": "Crushing injury of unspecified hip, sequela"
      }, {
        "code": "S7701",
        "display": "Crushing injury of right hip"
      }, {
        "code": "S7701XA",
        "display": "Crushing injury of right hip, initial encounter"
      }, {
        "code": "S7701XD",
        "display": "Crushing injury of right hip, subsequent encounter"
      }, {
        "code": "S7701XS",
        "display": "Crushing injury of right hip, sequela"
      }, {
        "code": "S7702",
        "display": "Crushing injury of left hip"
      }, {
        "code": "S7702XA",
        "display": "Crushing injury of left hip, initial encounter"
      }, {
        "code": "S7702XD",
        "display": "Crushing injury of left hip, subsequent encounter"
      }, {
        "code": "S7702XS",
        "display": "Crushing injury of left hip, sequela"
      }, {
        "code": "S771",
        "display": "Crushing injury of thigh"
      }, {
        "code": "S7710",
        "display": "Crushing injury of unspecified thigh"
      }, {
        "code": "S7710XA",
        "display": "Crushing injury of unspecified thigh, initial encounter"
      }, {
        "code": "S7710XD",
        "display": "Crushing injury of unspecified thigh, subsequent encounter"
      }, {
        "code": "S7710XS",
        "display": "Crushing injury of unspecified thigh, sequela"
      }, {
        "code": "S7711",
        "display": "Crushing injury of right thigh"
      }, {
        "code": "S7711XA",
        "display": "Crushing injury of right thigh, initial encounter"
      }, {
        "code": "S7711XD",
        "display": "Crushing injury of right thigh, subsequent encounter"
      }, {
        "code": "S7711XS",
        "display": "Crushing injury of right thigh, sequela"
      }, {
        "code": "S7712",
        "display": "Crushing injury of left thigh"
      }, {
        "code": "S7712XA",
        "display": "Crushing injury of left thigh, initial encounter"
      }, {
        "code": "S7712XD",
        "display": "Crushing injury of left thigh, subsequent encounter"
      }, {
        "code": "S7712XS",
        "display": "Crushing injury of left thigh, sequela"
      }, {
        "code": "S772",
        "display": "Crushing injury of hip with thigh"
      }, {
        "code": "S7720",
        "display": "Crushing injury of unspecified hip with thigh"
      }, {
        "code": "S7720XA",
        "display": "Crushing injury of unspecified hip with thigh, init encntr"
      }, {
        "code": "S7720XD",
        "display": "Crushing injury of unspecified hip with thigh, subs encntr"
      }, {
        "code": "S7720XS",
        "display": "Crushing injury of unspecified hip with thigh, sequela"
      }, {
        "code": "S7721",
        "display": "Crushing injury of right hip with thigh"
      }, {
        "code": "S7721XA",
        "display": "Crushing injury of right hip with thigh, initial encounter"
      }, {
        "code": "S7721XD",
        "display": "Crushing injury of right hip with thigh, subs encntr"
      }, {
        "code": "S7721XS",
        "display": "Crushing injury of right hip with thigh, sequela"
      }, {
        "code": "S7722",
        "display": "Crushing injury of left hip with thigh"
      }, {
        "code": "S7722XA",
        "display": "Crushing injury of left hip with thigh, initial encounter"
      }, {
        "code": "S7722XD",
        "display": "Crushing injury of left hip with thigh, subsequent encounter"
      }, {
        "code": "S7722XS",
        "display": "Crushing injury of left hip with thigh, sequela"
      } ]
    } ]
  }
}