{
  "resourceType": "ValueSet",
  "id": "S47",
  "url": "http://hl7.org/fhir/sid/icd-10-cm-1425",
  "version": "1.0",
  "name": "Crushing injury of shoulder and upper arm",
  "title": "Crushing injury of shoulder and upper arm",
  "status": "active",
  "compose": {
    "include": [ {
      "system": "http://hl7.org/fhir/sid/icd-10-cm",
      "concept": [ {
        "code": "S471",
        "display": "Crushing injury of right shoulder and upper arm"
      }, {
        "code": "S471XXA",
        "display": "Crushing injury of right shoulder and upper arm, init encntr"
      }, {
        "code": "S471XXD",
        "display": "Crushing injury of right shoulder and upper arm, subs encntr"
      }, {
        "code": "S471XXS",
        "display": "Crushing injury of right shoulder and upper arm, sequela"
      }, {
        "code": "S472",
        "display": "Crushing injury of left shoulder and upper arm"
      }, {
        "code": "S472XXA",
        "display": "Crushing injury of left shoulder and upper arm, init encntr"
      }, {
        "code": "S472XXD",
        "display": "Crushing injury of left shoulder and upper arm, subs encntr"
      }, {
        "code": "S472XXS",
        "display": "Crushing injury of left shoulder and upper arm, sequela"
      }, {
        "code": "S479",
        "display": "Crushing injury of shoulder and upper arm, unspecified arm"
      }, {
        "code": "S479XXA",
        "display": "Crushing injury of shoulder and upper arm, unsp arm, init"
      }, {
        "code": "S479XXD",
        "display": "Crushing injury of shoulder and upper arm, unsp arm, subs"
      }, {
        "code": "S479XXS",
        "display": "Crushing injury of shoulder and upper arm, unsp arm, sequela"
      } ]
    } ]
  }
}