{
  "resourceType": "ValueSet",
  "id": "S17",
  "url": "http://hl7.org/fhir/sid/icd-10-cm-1396",
  "version": "1.0",
  "name": "Crushing injury of neck",
  "title": "Crushing injury of neck",
  "status": "active",
  "compose": {
    "include": [ {
      "system": "http://hl7.org/fhir/sid/icd-10-cm",
      "concept": [ {
        "code": "S170",
        "display": "Crushing injury of larynx and trachea"
      }, {
        "code": "S170XXA",
        "display": "Crushing injury of larynx and trachea, initial encounter"
      }, {
        "code": "S170XXD",
        "display": "Crushing injury of larynx and trachea, subsequent encounter"
      }, {
        "code": "S170XXS",
        "display": "Crushing injury of larynx and trachea, sequela"
      }, {
        "code": "S178",
        "display": "Crushing injury of other specified parts of neck"
      }, {
        "code": "S178XXA",
        "display": "Crushing injury of oth parts of neck, init encntr"
      }, {
        "code": "S178XXD",
        "display": "Crushing injury of oth parts of neck, subs encntr"
      }, {
        "code": "S178XXS",
        "display": "Crushing injury of other specified parts of neck, sequela"
      }, {
        "code": "S179",
        "display": "Crushing injury of neck, part unspecified"
      }, {
        "code": "S179XXA",
        "display": "Crushing injury of neck, part unspecified, initial encounter"
      }, {
        "code": "S179XXD",
        "display": "Crushing injury of neck, part unspecified, subs encntr"
      }, {
        "code": "S179XXS",
        "display": "Crushing injury of neck, part unspecified, sequela"
      } ]
    } ]
  }
}