{
  "resourceType": "ValueSet",
  "id": "W52",
  "url": "http://hl7.org/fhir/sid/icd-10-cm-1694",
  "version": "1.0",
  "name": "Crushed, pushed or stepped on by crowd or human stampede",
  "title": "Crushed, pushed or stepped on by crowd or human stampede",
  "status": "active",
  "compose": {
    "include": [ {
      "system": "http://hl7.org/fhir/sid/icd-10-cm",
      "concept": [ {
        "code": "W52XXXA",
        "display": "Crushd/pushd/stepd on by crowd or human stampede, init"
      }, {
        "code": "W52XXXD",
        "display": "Crushd/pushd/stepd on by crowd or human stampede, subs"
      }, {
        "code": "W52XXXS",
        "display": "Crushd/pushd/stepd on by crowd or human stampede, sequela"
      } ]
    } ]
  }
}