{
  "resourceType": "ValueSet",
  "id": "S28",
  "url": "http://hl7.org/fhir/sid/icd-10-cm-1406",
  "version": "1.0",
  "name": "Crushing inj thorax, and traumatic amp of part of thorax",
  "title": "Crushing injury of thorax, and traumatic amputation of part of thorax",
  "status": "active",
  "compose": {
    "include": [ {
      "system": "http://hl7.org/fhir/sid/icd-10-cm",
      "concept": [ {
        "code": "S280",
        "display": "Crushed chest"
      }, {
        "code": "S280XXA",
        "display": "Crushed chest, initial encounter"
      }, {
        "code": "S280XXD",
        "display": "Crushed chest, subsequent encounter"
      }, {
        "code": "S280XXS",
        "display": "Crushed chest, sequela"
      }, {
        "code": "S281",
        "display": "Traumatic amp (partial) of part of thorax, except breast"
      }, {
        "code": "S281XXA",
        "display": "Traumatic amp of part of thorax, except breast, init"
      }, {
        "code": "S281XXD",
        "display": "Traumatic amp of part of thorax, except breast, subs"
      }, {
        "code": "S281XXS",
        "display": "Traumatic amp of part of thorax, except breast, sequela"
      }, {
        "code": "S282",
        "display": "Traumatic amputation of breast"
      }, {
        "code": "S2821",
        "display": "Complete traumatic amputation of breast"
      }, {
        "code": "S28211",
        "display": "Complete traumatic amputation of right breast"
      }, {
        "code": "S28211A",
        "display": "Complete traumatic amputation of right breast, init encntr"
      }, {
        "code": "S28211D",
        "display": "Complete traumatic amputation of right breast, subs encntr"
      }, {
        "code": "S28211S",
        "display": "Complete traumatic amputation of right breast, sequela"
      }, {
        "code": "S28212",
        "display": "Complete traumatic amputation of left breast"
      }, {
        "code": "S28212A",
        "display": "Complete traumatic amputation of left breast, init encntr"
      }, {
        "code": "S28212D",
        "display": "Complete traumatic amputation of left breast, subs encntr"
      }, {
        "code": "S28212S",
        "display": "Complete traumatic amputation of left breast, sequela"
      }, {
        "code": "S28219",
        "display": "Complete traumatic amputation of unspecified breast"
      }, {
        "code": "S28219A",
        "display": "Complete traumatic amputation of unsp breast, init encntr"
      }, {
        "code": "S28219D",
        "display": "Complete traumatic amputation of unsp breast, subs encntr"
      }, {
        "code": "S28219S",
        "display": "Complete traumatic amputation of unspecified breast, sequela"
      }, {
        "code": "S2822",
        "display": "Partial traumatic amputation of breast"
      }, {
        "code": "S28221",
        "display": "Partial traumatic amputation of right breast"
      }, {
        "code": "S28221A",
        "display": "Partial traumatic amputation of right breast, init encntr"
      }, {
        "code": "S28221D",
        "display": "Partial traumatic amputation of right breast, subs encntr"
      }, {
        "code": "S28221S",
        "display": "Partial traumatic amputation of right breast, sequela"
      }, {
        "code": "S28222",
        "display": "Partial traumatic amputation of left breast"
      }, {
        "code": "S28222A",
        "display": "Partial traumatic amputation of left breast, init encntr"
      }, {
        "code": "S28222D",
        "display": "Partial traumatic amputation of left breast, subs encntr"
      }, {
        "code": "S28222S",
        "display": "Partial traumatic amputation of left breast, sequela"
      }, {
        "code": "S28229",
        "display": "Partial traumatic amputation of unspecified breast"
      }, {
        "code": "S28229A",
        "display": "Partial traumatic amputation of unsp breast, init encntr"
      }, {
        "code": "S28229D",
        "display": "Partial traumatic amputation of unsp breast, subs encntr"
      }, {
        "code": "S28229S",
        "display": "Partial traumatic amputation of unspecified breast, sequela"
      } ]
    } ]
  }
}