{
  "resourceType": "ValueSet",
  "id": "S57",
  "url": "http://hl7.org/fhir/sid/icd-10-cm-1435",
  "version": "1.0",
  "name": "Crushing injury of elbow and forearm",
  "title": "Crushing injury of elbow and forearm",
  "status": "active",
  "compose": {
    "include": [ {
      "system": "http://hl7.org/fhir/sid/icd-10-cm",
      "concept": [ {
        "code": "S570",
        "display": "Crushing injury of elbow"
      }, {
        "code": "S5700",
        "display": "Crushing injury of unspecified elbow"
      }, {
        "code": "S5700XA",
        "display": "Crushing injury of unspecified elbow, initial encounter"
      }, {
        "code": "S5700XD",
        "display": "Crushing injury of unspecified elbow, subsequent encounter"
      }, {
        "code": "S5700XS",
        "display": "Crushing injury of unspecified elbow, sequela"
      }, {
        "code": "S5701",
        "display": "Crushing injury of right elbow"
      }, {
        "code": "S5701XA",
        "display": "Crushing injury of right elbow, initial encounter"
      }, {
        "code": "S5701XD",
        "display": "Crushing injury of right elbow, subsequent encounter"
      }, {
        "code": "S5701XS",
        "display": "Crushing injury of right elbow, sequela"
      }, {
        "code": "S5702",
        "display": "Crushing injury of left elbow"
      }, {
        "code": "S5702XA",
        "display": "Crushing injury of left elbow, initial encounter"
      }, {
        "code": "S5702XD",
        "display": "Crushing injury of left elbow, subsequent encounter"
      }, {
        "code": "S5702XS",
        "display": "Crushing injury of left elbow, sequela"
      }, {
        "code": "S578",
        "display": "Crushing injury of forearm"
      }, {
        "code": "S5780",
        "display": "Crushing injury of unspecified forearm"
      }, {
        "code": "S5780XA",
        "display": "Crushing injury of unspecified forearm, initial encounter"
      }, {
        "code": "S5780XD",
        "display": "Crushing injury of unspecified forearm, subsequent encounter"
      }, {
        "code": "S5780XS",
        "display": "Crushing injury of unspecified forearm, sequela"
      }, {
        "code": "S5781",
        "display": "Crushing injury of right forearm"
      }, {
        "code": "S5781XA",
        "display": "Crushing injury of right forearm, initial encounter"
      }, {
        "code": "S5781XD",
        "display": "Crushing injury of right forearm, subsequent encounter"
      }, {
        "code": "S5781XS",
        "display": "Crushing injury of right forearm, sequela"
      }, {
        "code": "S5782",
        "display": "Crushing injury of left forearm"
      }, {
        "code": "S5782XA",
        "display": "Crushing injury of left forearm, initial encounter"
      }, {
        "code": "S5782XD",
        "display": "Crushing injury of left forearm, subsequent encounter"
      }, {
        "code": "S5782XS",
        "display": "Crushing injury of left forearm, sequela"
      } ]
    } ]
  }
}