{
  "resourceType": "ValueSet",
  "id": "S87",
  "url": "http://hl7.org/fhir/sid/icd-10-cm-1465",
  "version": "1.0",
  "name": "Crushing injury of lower leg",
  "title": "Crushing injury of lower leg",
  "status": "active",
  "compose": {
    "include": [ {
      "system": "http://hl7.org/fhir/sid/icd-10-cm",
      "concept": [ {
        "code": "S870",
        "display": "Crushing injury of knee"
      }, {
        "code": "S8700",
        "display": "Crushing injury of unspecified knee"
      }, {
        "code": "S8700XA",
        "display": "Crushing injury of unspecified knee, initial encounter"
      }, {
        "code": "S8700XD",
        "display": "Crushing injury of unspecified knee, subsequent encounter"
      }, {
        "code": "S8700XS",
        "display": "Crushing injury of unspecified knee, sequela"
      }, {
        "code": "S8701",
        "display": "Crushing injury of right knee"
      }, {
        "code": "S8701XA",
        "display": "Crushing injury of right knee, initial encounter"
      }, {
        "code": "S8701XD",
        "display": "Crushing injury of right knee, subsequent encounter"
      }, {
        "code": "S8701XS",
        "display": "Crushing injury of right knee, sequela"
      }, {
        "code": "S8702",
        "display": "Crushing injury of left knee"
      }, {
        "code": "S8702XA",
        "display": "Crushing injury of left knee, initial encounter"
      }, {
        "code": "S8702XD",
        "display": "Crushing injury of left knee, subsequent encounter"
      }, {
        "code": "S8702XS",
        "display": "Crushing injury of left knee, sequela"
      }, {
        "code": "S878",
        "display": "Crushing injury of lower leg"
      }, {
        "code": "S8780",
        "display": "Crushing injury of unspecified lower leg"
      }, {
        "code": "S8780XA",
        "display": "Crushing injury of unspecified lower leg, initial encounter"
      }, {
        "code": "S8780XD",
        "display": "Crushing injury of unspecified lower leg, subs encntr"
      }, {
        "code": "S8780XS",
        "display": "Crushing injury of unspecified lower leg, sequela"
      }, {
        "code": "S8781",
        "display": "Crushing injury of right lower leg"
      }, {
        "code": "S8781XA",
        "display": "Crushing injury of right lower leg, initial encounter"
      }, {
        "code": "S8781XD",
        "display": "Crushing injury of right lower leg, subsequent encounter"
      }, {
        "code": "S8781XS",
        "display": "Crushing injury of right lower leg, sequela"
      }, {
        "code": "S8782",
        "display": "Crushing injury of left lower leg"
      }, {
        "code": "S8782XA",
        "display": "Crushing injury of left lower leg, initial encounter"
      }, {
        "code": "S8782XD",
        "display": "Crushing injury of left lower leg, subsequent encounter"
      }, {
        "code": "S8782XS",
        "display": "Crushing injury of left lower leg, sequela"
      } ]
    } ]
  }
}