{
  "resourceType": "ValueSet",
  "id": "S97",
  "url": "http://hl7.org/fhir/sid/icd-10-cm-1475",
  "version": "1.0",
  "name": "Crushing injury of ankle and foot",
  "title": "Crushing injury of ankle and foot",
  "status": "active",
  "compose": {
    "include": [ {
      "system": "http://hl7.org/fhir/sid/icd-10-cm",
      "concept": [ {
        "code": "S970",
        "display": "Crushing injury of ankle"
      }, {
        "code": "S9700",
        "display": "Crushing injury of unspecified ankle"
      }, {
        "code": "S9700XA",
        "display": "Crushing injury of unspecified ankle, initial encounter"
      }, {
        "code": "S9700XD",
        "display": "Crushing injury of unspecified ankle, subsequent encounter"
      }, {
        "code": "S9700XS",
        "display": "Crushing injury of unspecified ankle, sequela"
      }, {
        "code": "S9701",
        "display": "Crushing injury of right ankle"
      }, {
        "code": "S9701XA",
        "display": "Crushing injury of right ankle, initial encounter"
      }, {
        "code": "S9701XD",
        "display": "Crushing injury of right ankle, subsequent encounter"
      }, {
        "code": "S9701XS",
        "display": "Crushing injury of right ankle, sequela"
      }, {
        "code": "S9702",
        "display": "Crushing injury of left ankle"
      }, {
        "code": "S9702XA",
        "display": "Crushing injury of left ankle, initial encounter"
      }, {
        "code": "S9702XD",
        "display": "Crushing injury of left ankle, subsequent encounter"
      }, {
        "code": "S9702XS",
        "display": "Crushing injury of left ankle, sequela"
      }, {
        "code": "S971",
        "display": "Crushing injury of toe"
      }, {
        "code": "S9710",
        "display": "Crushing injury of unspecified toe(s)"
      }, {
        "code": "S97101",
        "display": "Crushing injury of unspecified right toe(s)"
      }, {
        "code": "S97101A",
        "display": "Crushing injury of unspecified right toe(s), init encntr"
      }, {
        "code": "S97101D",
        "display": "Crushing injury of unspecified right toe(s), subs encntr"
      }, {
        "code": "S97101S",
        "display": "Crushing injury of unspecified right toe(s), sequela"
      }, {
        "code": "S97102",
        "display": "Crushing injury of unspecified left toe(s)"
      }, {
        "code": "S97102A",
        "display": "Crushing injury of unspecified left toe(s), init encntr"
      }, {
        "code": "S97102D",
        "display": "Crushing injury of unspecified left toe(s), subs encntr"
      }, {
        "code": "S97102S",
        "display": "Crushing injury of unspecified left toe(s), sequela"
      }, {
        "code": "S97109",
        "display": "Crushing injury of unspecified toe(s)"
      }, {
        "code": "S97109A",
        "display": "Crushing injury of unspecified toe(s), initial encounter"
      }, {
        "code": "S97109D",
        "display": "Crushing injury of unspecified toe(s), subsequent encounter"
      }, {
        "code": "S97109S",
        "display": "Crushing injury of unspecified toe(s), sequela"
      }, {
        "code": "S9711",
        "display": "Crushing injury of great toe"
      }, {
        "code": "S97111",
        "display": "Crushing injury of right great toe"
      }, {
        "code": "S97111A",
        "display": "Crushing injury of right great toe, initial encounter"
      }, {
        "code": "S97111D",
        "display": "Crushing injury of right great toe, subsequent encounter"
      }, {
        "code": "S97111S",
        "display": "Crushing injury of right great toe, sequela"
      }, {
        "code": "S97112",
        "display": "Crushing injury of left great toe"
      }, {
        "code": "S97112A",
        "display": "Crushing injury of left great toe, initial encounter"
      }, {
        "code": "S97112D",
        "display": "Crushing injury of left great toe, subsequent encounter"
      }, {
        "code": "S97112S",
        "display": "Crushing injury of left great toe, sequela"
      }, {
        "code": "S97119",
        "display": "Crushing injury of unspecified great toe"
      }, {
        "code": "S97119A",
        "display": "Crushing injury of unspecified great toe, initial encounter"
      }, {
        "code": "S97119D",
        "display": "Crushing injury of unspecified great toe, subs encntr"
      }, {
        "code": "S97119S",
        "display": "Crushing injury of unspecified great toe, sequela"
      }, {
        "code": "S9712",
        "display": "Crushing injury of lesser toe(s)"
      }, {
        "code": "S97121",
        "display": "Crushing injury of right lesser toe(s)"
      }, {
        "code": "S97121A",
        "display": "Crushing injury of right lesser toe(s), initial encounter"
      }, {
        "code": "S97121D",
        "display": "Crushing injury of right lesser toe(s), subsequent encounter"
      }, {
        "code": "S97121S",
        "display": "Crushing injury of right lesser toe(s), sequela"
      }, {
        "code": "S97122",
        "display": "Crushing injury of left lesser toe(s)"
      }, {
        "code": "S97122A",
        "display": "Crushing injury of left lesser toe(s), initial encounter"
      }, {
        "code": "S97122D",
        "display": "Crushing injury of left lesser toe(s), subsequent encounter"
      }, {
        "code": "S97122S",
        "display": "Crushing injury of left lesser toe(s), sequela"
      }, {
        "code": "S97129",
        "display": "Crushing injury of unspecified lesser toe(s)"
      }, {
        "code": "S97129A",
        "display": "Crushing injury of unspecified lesser toe(s), init encntr"
      }, {
        "code": "S97129D",
        "display": "Crushing injury of unspecified lesser toe(s), subs encntr"
      }, {
        "code": "S97129S",
        "display": "Crushing injury of unspecified lesser toe(s), sequela"
      }, {
        "code": "S978",
        "display": "Crushing injury of foot"
      }, {
        "code": "S9780",
        "display": "Crushing injury of unspecified foot"
      }, {
        "code": "S9780XA",
        "display": "Crushing injury of unspecified foot, initial encounter"
      }, {
        "code": "S9780XD",
        "display": "Crushing injury of unspecified foot, subsequent encounter"
      }, {
        "code": "S9780XS",
        "display": "Crushing injury of unspecified foot, sequela"
      }, {
        "code": "S9781",
        "display": "Crushing injury of right foot"
      }, {
        "code": "S9781XA",
        "display": "Crushing injury of right foot, initial encounter"
      }, {
        "code": "S9781XD",
        "display": "Crushing injury of right foot, subsequent encounter"
      }, {
        "code": "S9781XS",
        "display": "Crushing injury of right foot, sequela"
      }, {
        "code": "S9782",
        "display": "Crushing injury of left foot"
      }, {
        "code": "S9782XA",
        "display": "Crushing injury of left foot, initial encounter"
      }, {
        "code": "S9782XD",
        "display": "Crushing injury of left foot, subsequent encounter"
      }, {
        "code": "S9782XS",
        "display": "Crushing injury of left foot, sequela"
      } ]
    } ]
  }
}