{
  "resourceType": "ValueSet",
  "id": "S38",
  "url": "http://hl7.org/fhir/sid/icd-10-cm-1416",
  "version": "1.0",
  "name": "Crush inj & traum amp of abd,low back, pelv & extrn genitals",
  "title": "Crushing injury and traumatic amputation of abdomen, lower back, pelvis and external genitals",
  "status": "active",
  "compose": {
    "include": [ {
      "system": "http://hl7.org/fhir/sid/icd-10-cm",
      "concept": [ {
        "code": "S380",
        "display": "Crushing injury of external genital organs"
      }, {
        "code": "S3800",
        "display": "Crushing injury of unspecified external genital organs"
      }, {
        "code": "S38001",
        "display": "Crushing injury of unspecified external genital organs, male"
      }, {
        "code": "S38001A",
        "display": "Crushing injury of unsp external genital organs, male, init"
      }, {
        "code": "S38001D",
        "display": "Crushing injury of unsp external genital organs, male, subs"
      }, {
        "code": "S38001S",
        "display": "Crushing inj unsp external genital organs, male, sequela"
      }, {
        "code": "S38002",
        "display": "Crushing injury of unsp external genital organs, female"
      }, {
        "code": "S38002A",
        "display": "Crushing inj unsp external genital organs, female, init"
      }, {
        "code": "S38002D",
        "display": "Crushing inj unsp external genital organs, female, subs"
      }, {
        "code": "S38002S",
        "display": "Crushing inj unsp external genital organs, female, sequela"
      }, {
        "code": "S3801",
        "display": "Crushing injury of penis"
      }, {
        "code": "S3801XA",
        "display": "Crushing injury of penis, initial encounter"
      }, {
        "code": "S3801XD",
        "display": "Crushing injury of penis, subsequent encounter"
      }, {
        "code": "S3801XS",
        "display": "Crushing injury of penis, sequela"
      }, {
        "code": "S3802",
        "display": "Crushing injury of scrotum and testis"
      }, {
        "code": "S3802XA",
        "display": "Crushing injury of scrotum and testis, initial encounter"
      }, {
        "code": "S3802XD",
        "display": "Crushing injury of scrotum and testis, subsequent encounter"
      }, {
        "code": "S3802XS",
        "display": "Crushing injury of scrotum and testis, sequela"
      }, {
        "code": "S3803",
        "display": "Crushing injury of vulva"
      }, {
        "code": "S3803XA",
        "display": "Crushing injury of vulva, initial encounter"
      }, {
        "code": "S3803XD",
        "display": "Crushing injury of vulva, subsequent encounter"
      }, {
        "code": "S3803XS",
        "display": "Crushing injury of vulva, sequela"
      }, {
        "code": "S381",
        "display": "Crushing injury of abdomen, lower back, and pelvis"
      }, {
        "code": "S381XXA",
        "display": "Crushing injury of abdomen, lower back, and pelvis, init"
      }, {
        "code": "S381XXD",
        "display": "Crushing injury of abdomen, lower back, and pelvis, subs"
      }, {
        "code": "S381XXS",
        "display": "Crushing injury of abdomen, lower back, and pelvis, sequela"
      }, {
        "code": "S382",
        "display": "Traumatic amputation of external genital organs"
      }, {
        "code": "S3821",
        "display": "Traumatic amputation of female external genital organs"
      }, {
        "code": "S38211",
        "display": "Complete traumatic amp of female external genital organs"
      }, {
        "code": "S38211A",
        "display": "Complete traum amp of female external genital organs, init"
      }, {
        "code": "S38211D",
        "display": "Complete traum amp of female external genital organs, subs"
      }, {
        "code": "S38211S",
        "display": "Complete traum amp of female extrn genital organs, sequela"
      }, {
        "code": "S38212",
        "display": "Partial traumatic amp of female external genital organs"
      }, {
        "code": "S38212A",
        "display": "Partial traum amp of female external genital organs, init"
      }, {
        "code": "S38212D",
        "display": "Partial traum amp of female external genital organs, subs"
      }, {
        "code": "S38212S",
        "display": "Partial traum amp of female external genital organs, sequela"
      }, {
        "code": "S3822",
        "display": "Traumatic amputation of penis"
      }, {
        "code": "S38221",
        "display": "Complete traumatic amputation of penis"
      }, {
        "code": "S38221A",
        "display": "Complete traumatic amputation of penis, initial encounter"
      }, {
        "code": "S38221D",
        "display": "Complete traumatic amputation of penis, subsequent encounter"
      }, {
        "code": "S38221S",
        "display": "Complete traumatic amputation of penis, sequela"
      }, {
        "code": "S38222",
        "display": "Partial traumatic amputation of penis"
      }, {
        "code": "S38222A",
        "display": "Partial traumatic amputation of penis, initial encounter"
      }, {
        "code": "S38222D",
        "display": "Partial traumatic amputation of penis, subsequent encounter"
      }, {
        "code": "S38222S",
        "display": "Partial traumatic amputation of penis, sequela"
      }, {
        "code": "S3823",
        "display": "Traumatic amputation of scrotum and testis"
      }, {
        "code": "S38231",
        "display": "Complete traumatic amputation of scrotum and testis"
      }, {
        "code": "S38231A",
        "display": "Complete traumatic amputation of scrotum and testis, init"
      }, {
        "code": "S38231D",
        "display": "Complete traumatic amputation of scrotum and testis, subs"
      }, {
        "code": "S38231S",
        "display": "Complete traumatic amputation of scrotum and testis, sequela"
      }, {
        "code": "S38232",
        "display": "Partial traumatic amputation of scrotum and testis"
      }, {
        "code": "S38232A",
        "display": "Partial traumatic amputation of scrotum and testis, init"
      }, {
        "code": "S38232D",
        "display": "Partial traumatic amputation of scrotum and testis, subs"
      }, {
        "code": "S38232S",
        "display": "Partial traumatic amputation of scrotum and testis, sequela"
      }, {
        "code": "S383",
        "display": "Transection (partial) of abdomen"
      }, {
        "code": "S383XXA",
        "display": "Transection (partial) of abdomen, initial encounter"
      }, {
        "code": "S383XXD",
        "display": "Transection (partial) of abdomen, subsequent encounter"
      }, {
        "code": "S383XXS",
        "display": "Transection (partial) of abdomen, sequela"
      } ]
    } ]
  }
}