{
  "resourceType": "ValueSet",
  "id": "B45",
  "url": "http://hl7.org/fhir/sid/icd-10-cm-119",
  "version": "1.0",
  "name": "Cryptococcosis",
  "title": "Cryptococcosis",
  "status": "active",
  "compose": {
    "include": [ {
      "system": "http://hl7.org/fhir/sid/icd-10-cm",
      "concept": [ {
        "code": "B450",
        "display": "Pulmonary cryptococcosis"
      }, {
        "code": "B451",
        "display": "Cerebral cryptococcosis"
      }, {
        "code": "B452",
        "display": "Cutaneous cryptococcosis"
      }, {
        "code": "B453",
        "display": "Osseous cryptococcosis"
      }, {
        "code": "B457",
        "display": "Disseminated cryptococcosis"
      }, {
        "code": "B458",
        "display": "Other forms of cryptococcosis"
      }, {
        "code": "B459",
        "display": "Cryptococcosis, unspecified"
      } ]
    } ]
  }
}