{
  "resourceType": "ValueSet",
  "id": "E24",
  "url": "http://hl7.org/fhir/sid/icd-10-cm-363",
  "version": "1.0",
  "name": "Cushing's syndrome",
  "title": "Cushing's syndrome",
  "status": "active",
  "compose": {
    "include": [ {
      "system": "http://hl7.org/fhir/sid/icd-10-cm",
      "concept": [ {
        "code": "E240",
        "display": "Pituitary-dependent Cushing's disease"
      }, {
        "code": "E241",
        "display": "Nelson's syndrome"
      }, {
        "code": "E242",
        "display": "Drug-induced Cushing's syndrome"
      }, {
        "code": "E243",
        "display": "Ectopic ACTH syndrome"
      }, {
        "code": "E244",
        "display": "Alcohol-induced pseudo-Cushing's syndrome"
      }, {
        "code": "E248",
        "display": "Other Cushing's syndrome"
      }, {
        "code": "E249",
        "display": "Cushing's syndrome, unspecified"
      } ]
    } ]
  }
}