{
  "resourceType": "ValueSet",
  "id": "L02",
  "url": "http://hl7.org/fhir/sid/icd-10-cm-836",
  "version": "1.0",
  "name": "Cutaneous abscess, furuncle and carbuncle",
  "title": "Cutaneous abscess, furuncle and carbuncle",
  "status": "active",
  "compose": {
    "include": [ {
      "system": "http://hl7.org/fhir/sid/icd-10-cm",
      "concept": [ {
        "code": "L020",
        "display": "Cutaneous abscess, furuncle and carbuncle of face"
      }, {
        "code": "L0201",
        "display": "Cutaneous abscess of face"
      }, {
        "code": "L0202",
        "display": "Furuncle of face"
      }, {
        "code": "L0203",
        "display": "Carbuncle of face"
      }, {
        "code": "L021",
        "display": "Cutaneous abscess, furuncle and carbuncle of neck"
      }, {
        "code": "L0211",
        "display": "Cutaneous abscess of neck"
      }, {
        "code": "L0212",
        "display": "Furuncle of neck"
      }, {
        "code": "L0213",
        "display": "Carbuncle of neck"
      }, {
        "code": "L022",
        "display": "Cutaneous abscess, furuncle and carbuncle of trunk"
      }, {
        "code": "L0221",
        "display": "Cutaneous abscess of trunk"
      }, {
        "code": "L02211",
        "display": "Cutaneous abscess of abdominal wall"
      }, {
        "code": "L02212",
        "display": "Cutaneous abscess of back [any part, except buttock]"
      }, {
        "code": "L02213",
        "display": "Cutaneous abscess of chest wall"
      }, {
        "code": "L02214",
        "display": "Cutaneous abscess of groin"
      }, {
        "code": "L02215",
        "display": "Cutaneous abscess of perineum"
      }, {
        "code": "L02216",
        "display": "Cutaneous abscess of umbilicus"
      }, {
        "code": "L02219",
        "display": "Cutaneous abscess of trunk, unspecified"
      }, {
        "code": "L0222",
        "display": "Furuncle of trunk"
      }, {
        "code": "L02221",
        "display": "Furuncle of abdominal wall"
      }, {
        "code": "L02222",
        "display": "Furuncle of back [any part, except buttock]"
      }, {
        "code": "L02223",
        "display": "Furuncle of chest wall"
      }, {
        "code": "L02224",
        "display": "Furuncle of groin"
      }, {
        "code": "L02225",
        "display": "Furuncle of perineum"
      }, {
        "code": "L02226",
        "display": "Furuncle of umbilicus"
      }, {
        "code": "L02229",
        "display": "Furuncle of trunk, unspecified"
      }, {
        "code": "L0223",
        "display": "Carbuncle of trunk"
      }, {
        "code": "L02231",
        "display": "Carbuncle of abdominal wall"
      }, {
        "code": "L02232",
        "display": "Carbuncle of back [any part, except buttock]"
      }, {
        "code": "L02233",
        "display": "Carbuncle of chest wall"
      }, {
        "code": "L02234",
        "display": "Carbuncle of groin"
      }, {
        "code": "L02235",
        "display": "Carbuncle of perineum"
      }, {
        "code": "L02236",
        "display": "Carbuncle of umbilicus"
      }, {
        "code": "L02239",
        "display": "Carbuncle of trunk, unspecified"
      }, {
        "code": "L023",
        "display": "Cutaneous abscess, furuncle and carbuncle of buttock"
      }, {
        "code": "L0231",
        "display": "Cutaneous abscess of buttock"
      }, {
        "code": "L0232",
        "display": "Furuncle of buttock"
      }, {
        "code": "L0233",
        "display": "Carbuncle of buttock"
      }, {
        "code": "L024",
        "display": "Cutaneous abscess, furuncle and carbuncle of limb"
      }, {
        "code": "L0241",
        "display": "Cutaneous abscess of limb"
      }, {
        "code": "L02411",
        "display": "Cutaneous abscess of right axilla"
      }, {
        "code": "L02412",
        "display": "Cutaneous abscess of left axilla"
      }, {
        "code": "L02413",
        "display": "Cutaneous abscess of right upper limb"
      }, {
        "code": "L02414",
        "display": "Cutaneous abscess of left upper limb"
      }, {
        "code": "L02415",
        "display": "Cutaneous abscess of right lower limb"
      }, {
        "code": "L02416",
        "display": "Cutaneous abscess of left lower limb"
      }, {
        "code": "L02419",
        "display": "Cutaneous abscess of limb, unspecified"
      }, {
        "code": "L0242",
        "display": "Furuncle of limb"
      }, {
        "code": "L02421",
        "display": "Furuncle of right axilla"
      }, {
        "code": "L02422",
        "display": "Furuncle of left axilla"
      }, {
        "code": "L02423",
        "display": "Furuncle of right upper limb"
      }, {
        "code": "L02424",
        "display": "Furuncle of left upper limb"
      }, {
        "code": "L02425",
        "display": "Furuncle of right lower limb"
      }, {
        "code": "L02426",
        "display": "Furuncle of left lower limb"
      }, {
        "code": "L02429",
        "display": "Furuncle of limb, unspecified"
      }, {
        "code": "L0243",
        "display": "Carbuncle of limb"
      }, {
        "code": "L02431",
        "display": "Carbuncle of right axilla"
      }, {
        "code": "L02432",
        "display": "Carbuncle of left axilla"
      }, {
        "code": "L02433",
        "display": "Carbuncle of right upper limb"
      }, {
        "code": "L02434",
        "display": "Carbuncle of left upper limb"
      }, {
        "code": "L02435",
        "display": "Carbuncle of right lower limb"
      }, {
        "code": "L02436",
        "display": "Carbuncle of left lower limb"
      }, {
        "code": "L02439",
        "display": "Carbuncle of limb, unspecified"
      }, {
        "code": "L025",
        "display": "Cutaneous abscess, furuncle and carbuncle of hand"
      }, {
        "code": "L0251",
        "display": "Cutaneous abscess of hand"
      }, {
        "code": "L02511",
        "display": "Cutaneous abscess of right hand"
      }, {
        "code": "L02512",
        "display": "Cutaneous abscess of left hand"
      }, {
        "code": "L02519",
        "display": "Cutaneous abscess of unspecified hand"
      }, {
        "code": "L0252",
        "display": "Furuncle hand"
      }, {
        "code": "L02521",
        "display": "Furuncle right hand"
      }, {
        "code": "L02522",
        "display": "Furuncle left hand"
      }, {
        "code": "L02529",
        "display": "Furuncle unspecified hand"
      }, {
        "code": "L0253",
        "display": "Carbuncle of hand"
      }, {
        "code": "L02531",
        "display": "Carbuncle of right hand"
      }, {
        "code": "L02532",
        "display": "Carbuncle of left hand"
      }, {
        "code": "L02539",
        "display": "Carbuncle of unspecified hand"
      }, {
        "code": "L026",
        "display": "Cutaneous abscess, furuncle and carbuncle of foot"
      }, {
        "code": "L0261",
        "display": "Cutaneous abscess of foot"
      }, {
        "code": "L02611",
        "display": "Cutaneous abscess of right foot"
      }, {
        "code": "L02612",
        "display": "Cutaneous abscess of left foot"
      }, {
        "code": "L02619",
        "display": "Cutaneous abscess of unspecified foot"
      }, {
        "code": "L0262",
        "display": "Furuncle of foot"
      }, {
        "code": "L02621",
        "display": "Furuncle of right foot"
      }, {
        "code": "L02622",
        "display": "Furuncle of left foot"
      }, {
        "code": "L02629",
        "display": "Furuncle of unspecified foot"
      }, {
        "code": "L0263",
        "display": "Carbuncle of foot"
      }, {
        "code": "L02631",
        "display": "Carbuncle of right foot"
      }, {
        "code": "L02632",
        "display": "Carbuncle of left foot"
      }, {
        "code": "L02639",
        "display": "Carbuncle of unspecified foot"
      }, {
        "code": "L028",
        "display": "Cutaneous abscess, furuncle and carbuncle of other sites"
      }, {
        "code": "L0281",
        "display": "Cutaneous abscess of other sites"
      }, {
        "code": "L02811",
        "display": "Cutaneous abscess of head [any part, except face]"
      }, {
        "code": "L02818",
        "display": "Cutaneous abscess of other sites"
      }, {
        "code": "L0282",
        "display": "Furuncle of other sites"
      }, {
        "code": "L02821",
        "display": "Furuncle of head [any part, except face]"
      }, {
        "code": "L02828",
        "display": "Furuncle of other sites"
      }, {
        "code": "L0283",
        "display": "Carbuncle of other sites"
      }, {
        "code": "L02831",
        "display": "Carbuncle of head [any part, except face]"
      }, {
        "code": "L02838",
        "display": "Carbuncle of other sites"
      }, {
        "code": "L029",
        "display": "Cutaneous abscess, furuncle and carbuncle, unspecified"
      }, {
        "code": "L0291",
        "display": "Cutaneous abscess, unspecified"
      }, {
        "code": "L0292",
        "display": "Furuncle, unspecified"
      }, {
        "code": "L0293",
        "display": "Carbuncle, unspecified"
      } ]
    } ]
  }
}