{
  "resourceType": "ValueSet",
  "id": "N30",
  "url": "http://hl7.org/fhir/sid/icd-10-cm-1015",
  "version": "1.0",
  "name": "Cystitis",
  "title": "Cystitis",
  "status": "active",
  "compose": {
    "include": [ {
      "system": "http://hl7.org/fhir/sid/icd-10-cm",
      "concept": [ {
        "code": "N300",
        "display": "Acute cystitis"
      }, {
        "code": "N3000",
        "display": "Acute cystitis without hematuria"
      }, {
        "code": "N3001",
        "display": "Acute cystitis with hematuria"
      }, {
        "code": "N301",
        "display": "Interstitial cystitis (chronic)"
      }, {
        "code": "N3010",
        "display": "Interstitial cystitis (chronic) without hematuria"
      }, {
        "code": "N3011",
        "display": "Interstitial cystitis (chronic) with hematuria"
      }, {
        "code": "N302",
        "display": "Other chronic cystitis"
      }, {
        "code": "N3020",
        "display": "Other chronic cystitis without hematuria"
      }, {
        "code": "N3021",
        "display": "Other chronic cystitis with hematuria"
      }, {
        "code": "N303",
        "display": "Trigonitis"
      }, {
        "code": "N3030",
        "display": "Trigonitis without hematuria"
      }, {
        "code": "N3031",
        "display": "Trigonitis with hematuria"
      }, {
        "code": "N304",
        "display": "Irradiation cystitis"
      }, {
        "code": "N3040",
        "display": "Irradiation cystitis without hematuria"
      }, {
        "code": "N3041",
        "display": "Irradiation cystitis with hematuria"
      }, {
        "code": "N308",
        "display": "Other cystitis"
      }, {
        "code": "N3080",
        "display": "Other cystitis without hematuria"
      }, {
        "code": "N3081",
        "display": "Other cystitis with hematuria"
      }, {
        "code": "N309",
        "display": "Cystitis, unspecified"
      }, {
        "code": "N3090",
        "display": "Cystitis, unspecified without hematuria"
      }, {
        "code": "N3091",
        "display": "Cystitis, unspecified with hematuria"
      } ]
    } ]
  }
}