{
  "resourceType": "ValueSet",
  "id": "E84",
  "url": "http://hl7.org/fhir/sid/icd-10-cm-411",
  "version": "1.0",
  "name": "Cystic fibrosis",
  "title": "Cystic fibrosis",
  "status": "active",
  "compose": {
    "include": [ {
      "system": "http://hl7.org/fhir/sid/icd-10-cm",
      "concept": [ {
        "code": "E840",
        "display": "Cystic fibrosis with pulmonary manifestations"
      }, {
        "code": "E841",
        "display": "Cystic fibrosis with intestinal manifestations"
      }, {
        "code": "E8411",
        "display": "Meconium ileus in cystic fibrosis"
      }, {
        "code": "E8419",
        "display": "Cystic fibrosis with other intestinal manifestations"
      }, {
        "code": "E848",
        "display": "Cystic fibrosis with other manifestations"
      }, {
        "code": "E849",
        "display": "Cystic fibrosis, unspecified"
      } ]
    } ]
  }
}