{
  "resourceType": "ValueSet",
  "id": "B69",
  "url": "http://hl7.org/fhir/sid/icd-10-cm-140",
  "version": "1.0",
  "name": "Cysticercosis",
  "title": "Cysticercosis",
  "status": "active",
  "compose": {
    "include": [ {
      "system": "http://hl7.org/fhir/sid/icd-10-cm",
      "concept": [ {
        "code": "B690",
        "display": "Cysticercosis of central nervous system"
      }, {
        "code": "B691",
        "display": "Cysticercosis of eye"
      }, {
        "code": "B698",
        "display": "Cysticercosis of other sites"
      }, {
        "code": "B6981",
        "display": "Myositis in cysticercosis"
      }, {
        "code": "B6989",
        "display": "Cysticercosis of other sites"
      }, {
        "code": "B699",
        "display": "Cysticercosis, unspecified"
      } ]
    } ]
  }
}