{
  "resourceType": "ValueSet",
  "id": "K09",
  "url": "http://hl7.org/fhir/sid/icd-10-cm-770",
  "version": "1.0",
  "name": "Cysts of oral region, not elsewhere classified",
  "title": "Cysts of oral region, not elsewhere classified",
  "status": "active",
  "compose": {
    "include": [ {
      "system": "http://hl7.org/fhir/sid/icd-10-cm",
      "concept": [ {
        "code": "K090",
        "display": "Developmental odontogenic cysts"
      }, {
        "code": "K091",
        "display": "Developmental (nonodontogenic) cysts of oral region"
      }, {
        "code": "K098",
        "display": "Other cysts of oral region, not elsewhere classified"
      }, {
        "code": "K099",
        "display": "Cyst of oral region, unspecified"
      } ]
    } ]
  }
}