{
  "resourceType": "ValueSet",
  "id": "Q61",
  "url": "http://hl7.org/fhir/sid/icd-10-cm-1253",
  "version": "1.0",
  "name": "Cystic kidney disease",
  "title": "Cystic kidney disease",
  "status": "active",
  "compose": {
    "include": [ {
      "system": "http://hl7.org/fhir/sid/icd-10-cm",
      "concept": [ {
        "code": "Q610",
        "display": "Congenital renal cyst"
      }, {
        "code": "Q6100",
        "display": "Congenital renal cyst, unspecified"
      }, {
        "code": "Q6101",
        "display": "Congenital single renal cyst"
      }, {
        "code": "Q6102",
        "display": "Congenital multiple renal cysts"
      }, {
        "code": "Q611",
        "display": "Polycystic kidney, infantile type"
      }, {
        "code": "Q6111",
        "display": "Cystic dilatation of collecting ducts"
      }, {
        "code": "Q6119",
        "display": "Other polycystic kidney, infantile type"
      }, {
        "code": "Q612",
        "display": "Polycystic kidney, adult type"
      }, {
        "code": "Q613",
        "display": "Polycystic kidney, unspecified"
      }, {
        "code": "Q614",
        "display": "Renal dysplasia"
      }, {
        "code": "Q615",
        "display": "Medullary cystic kidney"
      }, {
        "code": "Q618",
        "display": "Other cystic kidney diseases"
      }, {
        "code": "Q619",
        "display": "Cystic kidney disease, unspecified"
      } ]
    } ]
  }
}