{
  "resourceType": "ValueSet",
  "id": "B25",
  "url": "http://hl7.org/fhir/sid/icd-10-cm-103",
  "version": "1.0",
  "name": "Cytomegaloviral disease",
  "title": "Cytomegaloviral disease",
  "status": "active",
  "compose": {
    "include": [ {
      "system": "http://hl7.org/fhir/sid/icd-10-cm",
      "concept": [ {
        "code": "B250",
        "display": "Cytomegaloviral pneumonitis"
      }, {
        "code": "B251",
        "display": "Cytomegaloviral hepatitis"
      }, {
        "code": "B252",
        "display": "Cytomegaloviral pancreatitis"
      }, {
        "code": "B258",
        "display": "Other cytomegaloviral diseases"
      }, {
        "code": "B259",
        "display": "Cytomegaloviral disease, unspecified"
      } ]
    } ]
  }
}