{
  "resourceType": "ValueSet",
  "id": "E53",
  "url": "http://hl7.org/fhir/sid/icd-10-cm-385",
  "version": "1.0",
  "name": "Deficiency of other B group vitamins",
  "title": "Deficiency of other B group vitamins",
  "status": "active",
  "compose": {
    "include": [ {
      "system": "http://hl7.org/fhir/sid/icd-10-cm",
      "concept": [ {
        "code": "E530",
        "display": "Riboflavin deficiency"
      }, {
        "code": "E531",
        "display": "Pyridoxine deficiency"
      }, {
        "code": "E538",
        "display": "Deficiency of other specified B group vitamins"
      }, {
        "code": "E539",
        "display": "Vitamin B deficiency, unspecified"
      } ]
    } ]
  }
}