{
  "resourceType": "ValueSet",
  "id": "E61",
  "url": "http://hl7.org/fhir/sid/icd-10-cm-392",
  "version": "1.0",
  "name": "Deficiency of other nutrient elements",
  "title": "Deficiency of other nutrient elements",
  "status": "active",
  "compose": {
    "include": [ {
      "system": "http://hl7.org/fhir/sid/icd-10-cm",
      "concept": [ {
        "code": "E610",
        "display": "Copper deficiency"
      }, {
        "code": "E611",
        "display": "Iron deficiency"
      }, {
        "code": "E612",
        "display": "Magnesium deficiency"
      }, {
        "code": "E613",
        "display": "Manganese deficiency"
      }, {
        "code": "E614",
        "display": "Chromium deficiency"
      }, {
        "code": "E615",
        "display": "Molybdenum deficiency"
      }, {
        "code": "E616",
        "display": "Vanadium deficiency"
      }, {
        "code": "E617",
        "display": "Deficiency of multiple nutrient elements"
      }, {
        "code": "E618",
        "display": "Deficiency of other specified nutrient elements"
      }, {
        "code": "E619",
        "display": "Deficiency of nutrient element, unspecified"
      } ]
    } ]
  }
}