{
  "resourceType": "ValueSet",
  "id": "N65",
  "url": "http://hl7.org/fhir/sid/icd-10-cm-1043",
  "version": "1.0",
  "name": "Deformity and disproportion of reconstructed breast",
  "title": "Deformity and disproportion of reconstructed breast",
  "status": "active",
  "compose": {
    "include": [ {
      "system": "http://hl7.org/fhir/sid/icd-10-cm",
      "concept": [ {
        "code": "N650",
        "display": "Deformity of reconstructed breast"
      }, {
        "code": "N651",
        "display": "Disproportion of reconstructed breast"
      } ]
    } ]
  }
}