{
  "resourceType": "ValueSet",
  "id": "F02",
  "url": "http://hl7.org/fhir/sid/icd-10-cm-418",
  "version": "1.0",
  "name": "Dementia in other diseases classified elsewhere",
  "title": "Dementia in other diseases classified elsewhere",
  "status": "active",
  "compose": {
    "include": [ {
      "system": "http://hl7.org/fhir/sid/icd-10-cm",
      "concept": [ {
        "code": "F028",
        "display": "Dementia in other diseases classified elsewhere"
      }, {
        "code": "F0280",
        "display": "Dementia in oth diseases classd elswhr w/o behavrl disturb"
      }, {
        "code": "F0281",
        "display": "Dementia in oth diseases classd elswhr w behavioral disturb"
      } ]
    } ]
  }
}