{
  "resourceType": "ValueSet",
  "id": "K02",
  "url": "http://hl7.org/fhir/sid/icd-10-cm-764",
  "version": "1.0",
  "name": "Dental caries",
  "title": "Dental caries",
  "status": "active",
  "compose": {
    "include": [ {
      "system": "http://hl7.org/fhir/sid/icd-10-cm",
      "concept": [ {
        "code": "K023",
        "display": "Arrested dental caries"
      }, {
        "code": "K025",
        "display": "Dental caries on pit and fissure surface"
      }, {
        "code": "K0251",
        "display": "Dental caries on pit and fissure surface limited to enamel"
      }, {
        "code": "K0252",
        "display": "Dental caries on pit and fissure surfc penetrat into dentin"
      }, {
        "code": "K0253",
        "display": "Dental caries on pit and fissure surface penetrat into pulp"
      }, {
        "code": "K026",
        "display": "Dental caries on smooth surface"
      }, {
        "code": "K0261",
        "display": "Dental caries on smooth surface limited to enamel"
      }, {
        "code": "K0262",
        "display": "Dental caries on smooth surface penetrating into dentin"
      }, {
        "code": "K0263",
        "display": "Dental caries on smooth surface penetrating into pulp"
      }, {
        "code": "K027",
        "display": "Dental root caries"
      }, {
        "code": "K029",
        "display": "Dental caries, unspecified"
      } ]
    } ]
  }
}