{
  "resourceType": "ValueSet",
  "id": "M26",
  "url": "http://hl7.org/fhir/sid/icd-10-cm-933",
  "version": "1.0",
  "name": "Dentofacial anomalies [including malocclusion]",
  "title": "Dentofacial anomalies [including malocclusion]",
  "status": "active",
  "compose": {
    "include": [ {
      "system": "http://hl7.org/fhir/sid/icd-10-cm",
      "concept": [ {
        "code": "M260",
        "display": "Major anomalies of jaw size"
      }, {
        "code": "M2600",
        "display": "Unspecified anomaly of jaw size"
      }, {
        "code": "M2601",
        "display": "Maxillary hyperplasia"
      }, {
        "code": "M2602",
        "display": "Maxillary hypoplasia"
      }, {
        "code": "M2603",
        "display": "Mandibular hyperplasia"
      }, {
        "code": "M2604",
        "display": "Mandibular hypoplasia"
      }, {
        "code": "M2605",
        "display": "Macrogenia"
      }, {
        "code": "M2606",
        "display": "Microgenia"
      }, {
        "code": "M2607",
        "display": "Excessive tuberosity of jaw"
      }, {
        "code": "M2609",
        "display": "Other specified anomalies of jaw size"
      }, {
        "code": "M261",
        "display": "Anomalies of jaw-cranial base relationship"
      }, {
        "code": "M2610",
        "display": "Unspecified anomaly of jaw-cranial base relationship"
      }, {
        "code": "M2611",
        "display": "Maxillary asymmetry"
      }, {
        "code": "M2612",
        "display": "Other jaw asymmetry"
      }, {
        "code": "M2619",
        "display": "Other specified anomalies of jaw-cranial base relationship"
      }, {
        "code": "M262",
        "display": "Anomalies of dental arch relationship"
      }, {
        "code": "M2620",
        "display": "Unspecified anomaly of dental arch relationship"
      }, {
        "code": "M2621",
        "display": "Malocclusion, Angle's class"
      }, {
        "code": "M26211",
        "display": "Malocclusion, Angle's class I"
      }, {
        "code": "M26212",
        "display": "Malocclusion, Angle's class II"
      }, {
        "code": "M26213",
        "display": "Malocclusion, Angle's class III"
      }, {
        "code": "M26219",
        "display": "Malocclusion, Angle's class, unspecified"
      }, {
        "code": "M2622",
        "display": "Open occlusal relationship"
      }, {
        "code": "M26220",
        "display": "Open anterior occlusal relationship"
      }, {
        "code": "M26221",
        "display": "Open posterior occlusal relationship"
      }, {
        "code": "M2623",
        "display": "Excessive horizontal overlap"
      }, {
        "code": "M2624",
        "display": "Reverse articulation"
      }, {
        "code": "M2625",
        "display": "Anomalies of interarch distance"
      }, {
        "code": "M2629",
        "display": "Other anomalies of dental arch relationship"
      }, {
        "code": "M263",
        "display": "Anomalies of tooth position of fully erupted tooth or teeth"
      }, {
        "code": "M2630",
        "display": "Unsp anomaly of tooth position of fully erupted tooth/teeth"
      }, {
        "code": "M2631",
        "display": "Crowding of fully erupted teeth"
      }, {
        "code": "M2632",
        "display": "Excessive spacing of fully erupted teeth"
      }, {
        "code": "M2633",
        "display": "Horizontal displacement of fully erupted tooth or teeth"
      }, {
        "code": "M2634",
        "display": "Vertical displacement of fully erupted tooth or teeth"
      }, {
        "code": "M2635",
        "display": "Rotation of fully erupted tooth or teeth"
      }, {
        "code": "M2636",
        "display": "Insufficient interocclusal distance of fully erupted teeth"
      }, {
        "code": "M2637",
        "display": "Excessive interocclusal distance of fully erupted teeth"
      }, {
        "code": "M2639",
        "display": "Oth anomalies of tooth position of fully erupted tooth/teeth"
      }, {
        "code": "M264",
        "display": "Malocclusion, unspecified"
      }, {
        "code": "M265",
        "display": "Dentofacial functional abnormalities"
      }, {
        "code": "M2650",
        "display": "Dentofacial functional abnormalities, unspecified"
      }, {
        "code": "M2651",
        "display": "Abnormal jaw closure"
      }, {
        "code": "M2652",
        "display": "Limited mandibular range of motion"
      }, {
        "code": "M2653",
        "display": "Deviation in opening and closing of the mandible"
      }, {
        "code": "M2654",
        "display": "Insufficient anterior guidance"
      }, {
        "code": "M2655",
        "display": "Centric occlusion maximum intercuspation discrepancy"
      }, {
        "code": "M2656",
        "display": "Non-working side interference"
      }, {
        "code": "M2657",
        "display": "Lack of posterior occlusal support"
      }, {
        "code": "M2659",
        "display": "Other dentofacial functional abnormalities"
      }, {
        "code": "M266",
        "display": "Temporomandibular joint disorders"
      }, {
        "code": "M2660",
        "display": "Temporomandibular joint disorder, unspecified"
      }, {
        "code": "M26601",
        "display": "Right temporomandibular joint disorder, unspecified"
      }, {
        "code": "M26602",
        "display": "Left temporomandibular joint disorder, unspecified"
      }, {
        "code": "M26603",
        "display": "Bilateral temporomandibular joint disorder, unspecified"
      }, {
        "code": "M26609",
        "display": "Unspecified TMJ joint disorder, unspecified side"
      }, {
        "code": "M2661",
        "display": "Adhesions and ankylosis of temporomandibular joint"
      }, {
        "code": "M26611",
        "display": "Adhesions and ankylosis of right temporomandibular joint"
      }, {
        "code": "M26612",
        "display": "Adhesions and ankylosis of left temporomandibular joint"
      }, {
        "code": "M26613",
        "display": "Adhesions and ankylosis of bilateral temporomandibular joint"
      }, {
        "code": "M26619",
        "display": "Adhesions and ankylosis of TMJ joint, unspecified side"
      }, {
        "code": "M2662",
        "display": "Arthralgia of temporomandibular joint"
      }, {
        "code": "M26621",
        "display": "Arthralgia of right temporomandibular joint"
      }, {
        "code": "M26622",
        "display": "Arthralgia of left temporomandibular joint"
      }, {
        "code": "M26623",
        "display": "Arthralgia of bilateral temporomandibular joint"
      }, {
        "code": "M26629",
        "display": "Arthralgia of temporomandibular joint, unspecified side"
      }, {
        "code": "M2663",
        "display": "Articular disc disorder of temporomandibular joint"
      }, {
        "code": "M26631",
        "display": "Articular disc disorder of right temporomandibular joint"
      }, {
        "code": "M26632",
        "display": "Articular disc disorder of left temporomandibular joint"
      }, {
        "code": "M26633",
        "display": "Articular disc disorder of bilateral temporomandibular joint"
      }, {
        "code": "M26639",
        "display": "Articular disc disorder of TMJ joint, unspecified side"
      }, {
        "code": "M2669",
        "display": "Other specified disorders of temporomandibular joint"
      }, {
        "code": "M267",
        "display": "Dental alveolar anomalies"
      }, {
        "code": "M2670",
        "display": "Unspecified alveolar anomaly"
      }, {
        "code": "M2671",
        "display": "Alveolar maxillary hyperplasia"
      }, {
        "code": "M2672",
        "display": "Alveolar mandibular hyperplasia"
      }, {
        "code": "M2673",
        "display": "Alveolar maxillary hypoplasia"
      }, {
        "code": "M2674",
        "display": "Alveolar mandibular hypoplasia"
      }, {
        "code": "M2679",
        "display": "Other specified alveolar anomalies"
      }, {
        "code": "M268",
        "display": "Other dentofacial anomalies"
      }, {
        "code": "M2681",
        "display": "Anterior soft tissue impingement"
      }, {
        "code": "M2682",
        "display": "Posterior soft tissue impingement"
      }, {
        "code": "M2689",
        "display": "Other dentofacial anomalies"
      }, {
        "code": "M269",
        "display": "Dentofacial anomaly, unspecified"
      } ]
    } ]
  }
}