{
  "resourceType": "ValueSet",
  "id": "Z99",
  "url": "http://hl7.org/fhir/sid/icd-10-cm-1910",
  "version": "1.0",
  "name": "Dependence on enabling machines and devices, NEC",
  "title": "Dependence on enabling machines and devices, not elsewhere classified",
  "status": "active",
  "compose": {
    "include": [ {
      "system": "http://hl7.org/fhir/sid/icd-10-cm",
      "concept": [ {
        "code": "Z990",
        "display": "Dependence on aspirator"
      }, {
        "code": "Z991",
        "display": "Dependence on respirator"
      }, {
        "code": "Z9911",
        "display": "Dependence on respirator [ventilator] status"
      }, {
        "code": "Z9912",
        "display": "Encounter for respirator dependence during power failure"
      }, {
        "code": "Z992",
        "display": "Dependence on renal dialysis"
      }, {
        "code": "Z993",
        "display": "Dependence on wheelchair"
      }, {
        "code": "Z998",
        "display": "Dependence on other enabling machines and devices"
      }, {
        "code": "Z9981",
        "display": "Dependence on supplemental oxygen"
      }, {
        "code": "Z9989",
        "display": "Dependence on other enabling machines and devices"
      } ]
    } ]
  }
}