{
  "resourceType": "ValueSet",
  "id": "M33",
  "url": "http://hl7.org/fhir/sid/icd-10-cm-938",
  "version": "1.0",
  "name": "Dermatopolymyositis",
  "title": "Dermatopolymyositis",
  "status": "active",
  "compose": {
    "include": [ {
      "system": "http://hl7.org/fhir/sid/icd-10-cm",
      "concept": [ {
        "code": "M330",
        "display": "Juvenile dermatomyositis"
      }, {
        "code": "M3300",
        "display": "Juvenile dermatomyositis, organ involvement unspecified"
      }, {
        "code": "M3301",
        "display": "Juvenile dermatomyositis with respiratory involvement"
      }, {
        "code": "M3302",
        "display": "Juvenile dermatomyositis with myopathy"
      }, {
        "code": "M3303",
        "display": "Juvenile dermatomyositis without myopathy"
      }, {
        "code": "M3309",
        "display": "Juvenile dermatomyositis with other organ involvement"
      }, {
        "code": "M331",
        "display": "Other dermatomyositis"
      }, {
        "code": "M3310",
        "display": "Other dermatomyositis, organ involvement unspecified"
      }, {
        "code": "M3311",
        "display": "Other dermatomyositis with respiratory involvement"
      }, {
        "code": "M3312",
        "display": "Other dermatomyositis with myopathy"
      }, {
        "code": "M3313",
        "display": "Other dermatomyositis without myopathy"
      }, {
        "code": "M3319",
        "display": "Other dermatomyositis with other organ involvement"
      }, {
        "code": "M332",
        "display": "Polymyositis"
      }, {
        "code": "M3320",
        "display": "Polymyositis, organ involvement unspecified"
      }, {
        "code": "M3321",
        "display": "Polymyositis with respiratory involvement"
      }, {
        "code": "M3322",
        "display": "Polymyositis with myopathy"
      }, {
        "code": "M3329",
        "display": "Polymyositis with other organ involvement"
      }, {
        "code": "M339",
        "display": "Dermatopolymyositis, unspecified"
      }, {
        "code": "M3390",
        "display": "Dermatopolymyositis, unsp, organ involvement unspecified"
      }, {
        "code": "M3391",
        "display": "Dermatopolymyositis, unsp with respiratory involvement"
      }, {
        "code": "M3392",
        "display": "Dermatopolymyositis, unspecified with myopathy"
      }, {
        "code": "M3393",
        "display": "Dermatopolymyositis, unspecified without myopathy"
      }, {
        "code": "M3399",
        "display": "Dermatopolymyositis, unsp with other organ involvement"
      } ]
    } ]
  }
}