{
  "resourceType": "ValueSet",
  "id": "B35",
  "url": "http://hl7.org/fhir/sid/icd-10-cm-109",
  "version": "1.0",
  "name": "Dermatophytosis",
  "title": "Dermatophytosis",
  "status": "active",
  "compose": {
    "include": [ {
      "system": "http://hl7.org/fhir/sid/icd-10-cm",
      "concept": [ {
        "code": "B350",
        "display": "Tinea barbae and tinea capitis"
      }, {
        "code": "B351",
        "display": "Tinea unguium"
      }, {
        "code": "B352",
        "display": "Tinea manuum"
      }, {
        "code": "B353",
        "display": "Tinea pedis"
      }, {
        "code": "B354",
        "display": "Tinea corporis"
      }, {
        "code": "B355",
        "display": "Tinea imbricata"
      }, {
        "code": "B356",
        "display": "Tinea cruris"
      }, {
        "code": "B358",
        "display": "Other dermatophytoses"
      }, {
        "code": "B359",
        "display": "Dermatophytosis, unspecified"
      } ]
    } ]
  }
}