{
  "resourceType": "ValueSet",
  "id": "L27",
  "url": "http://hl7.org/fhir/sid/icd-10-cm-853",
  "version": "1.0",
  "name": "Dermatitis due to substances taken internally",
  "title": "Dermatitis due to substances taken internally",
  "status": "active",
  "compose": {
    "include": [ {
      "system": "http://hl7.org/fhir/sid/icd-10-cm",
      "concept": [ {
        "code": "L270",
        "display": "Gen skin eruption due to drugs and meds taken internally"
      }, {
        "code": "L271",
        "display": "Loc skin eruption due to drugs and meds taken internally"
      }, {
        "code": "L272",
        "display": "Dermatitis due to ingested food"
      }, {
        "code": "L278",
        "display": "Dermatitis due to other substances taken internally"
      }, {
        "code": "L279",
        "display": "Dermatitis due to unspecified substance taken internally"
      } ]
    } ]
  }
}