{
  "resourceType": "ValueSet",
  "id": "O24",
  "url": "http://hl7.org/fhir/sid/icd-10-cm-1091",
  "version": "1.0",
  "name": "Diabetes in pregnancy, childbirth, and the puerperium",
  "title": "Diabetes mellitus in pregnancy, childbirth, and the puerperium",
  "status": "active",
  "compose": {
    "include": [ {
      "system": "http://hl7.org/fhir/sid/icd-10-cm",
      "concept": [ {
        "code": "O240",
        "display": "Pre-exist type 1 diabetes, in preg, chldbrth and the puerp"
      }, {
        "code": "O2401",
        "display": "Pre-existing type 1 diabetes mellitus, in pregnancy"
      }, {
        "code": "O24011",
        "display": "Pre-existing type 1 diabetes, in pregnancy, first trimester"
      }, {
        "code": "O24012",
        "display": "Pre-existing type 1 diabetes, in pregnancy, second trimester"
      }, {
        "code": "O24013",
        "display": "Pre-existing type 1 diabetes, in pregnancy, third trimester"
      }, {
        "code": "O24019",
        "display": "Pre-exist type 1 diabetes, in pregnancy, unsp trimester"
      }, {
        "code": "O2402",
        "display": "Pre-existing type 1 diabetes mellitus, in childbirth"
      }, {
        "code": "O2403",
        "display": "Pre-existing type 1 diabetes mellitus, in the puerperium"
      }, {
        "code": "O241",
        "display": "Pre-exist type 2 diabetes, in preg, chldbrth and the puerp"
      }, {
        "code": "O2411",
        "display": "Pre-existing type 2 diabetes mellitus, in pregnancy"
      }, {
        "code": "O24111",
        "display": "Pre-existing type 2 diabetes, in pregnancy, first trimester"
      }, {
        "code": "O24112",
        "display": "Pre-existing type 2 diabetes, in pregnancy, second trimester"
      }, {
        "code": "O24113",
        "display": "Pre-existing type 2 diabetes, in pregnancy, third trimester"
      }, {
        "code": "O24119",
        "display": "Pre-exist type 2 diabetes, in pregnancy, unsp trimester"
      }, {
        "code": "O2412",
        "display": "Pre-existing type 2 diabetes mellitus, in childbirth"
      }, {
        "code": "O2413",
        "display": "Pre-existing type 2 diabetes mellitus, in the puerperium"
      }, {
        "code": "O243",
        "display": "Unsp pre-exist diabetes in pregnancy, chldbrth and the puerp"
      }, {
        "code": "O2431",
        "display": "Unspecified pre-existing diabetes mellitus in pregnancy"
      }, {
        "code": "O24311",
        "display": "Unsp pre-existing diabetes in pregnancy, first trimester"
      }, {
        "code": "O24312",
        "display": "Unsp pre-existing diabetes in pregnancy, second trimester"
      }, {
        "code": "O24313",
        "display": "Unsp pre-existing diabetes in pregnancy, third trimester"
      }, {
        "code": "O24319",
        "display": "Unsp pre-existing diabetes in pregnancy, unsp trimester"
      }, {
        "code": "O2432",
        "display": "Unspecified pre-existing diabetes mellitus in childbirth"
      }, {
        "code": "O2433",
        "display": "Unspecified pre-existing diabetes mellitus in the puerperium"
      }, {
        "code": "O244",
        "display": "Gestational diabetes mellitus"
      }, {
        "code": "O2441",
        "display": "Gestational diabetes mellitus in pregnancy"
      }, {
        "code": "O24410",
        "display": "Gestational diabetes mellitus in pregnancy, diet controlled"
      }, {
        "code": "O24414",
        "display": "Gestational diabetes in pregnancy, insulin controlled"
      }, {
        "code": "O24415",
        "display": "Gestatnl diabetes in preg, ctrl by oral hypoglycemic drugs"
      }, {
        "code": "O24419",
        "display": "Gestational diabetes mellitus in pregnancy, unsp control"
      }, {
        "code": "O2442",
        "display": "Gestational diabetes mellitus in childbirth"
      }, {
        "code": "O24420",
        "display": "Gestational diabetes mellitus in childbirth, diet controlled"
      }, {
        "code": "O24424",
        "display": "Gestational diabetes in childbirth, insulin controlled"
      }, {
        "code": "O24425",
        "display": "Gestatnl diab in chldbrth, ctrl by oral hypoglycemic drugs"
      }, {
        "code": "O24429",
        "display": "Gestational diabetes mellitus in childbirth, unsp control"
      }, {
        "code": "O2443",
        "display": "Gestational diabetes mellitus in the puerperium"
      }, {
        "code": "O24430",
        "display": "Gestational diabetes in the puerperium, diet controlled"
      }, {
        "code": "O24434",
        "display": "Gestational diabetes in the puerperium, insulin controlled"
      }, {
        "code": "O24435",
        "display": "Gestatnl diabetes in puerp, ctrl by oral hypoglycemic drugs"
      }, {
        "code": "O24439",
        "display": "Gestational diabetes in the puerperium, unsp control"
      }, {
        "code": "O248",
        "display": "Oth pre-exist diabetes in pregnancy, chldbrth, and the puerp"
      }, {
        "code": "O2481",
        "display": "Other pre-existing diabetes mellitus in pregnancy"
      }, {
        "code": "O24811",
        "display": "Oth pre-existing diabetes in pregnancy, first trimester"
      }, {
        "code": "O24812",
        "display": "Oth pre-existing diabetes in pregnancy, second trimester"
      }, {
        "code": "O24813",
        "display": "Oth pre-existing diabetes in pregnancy, third trimester"
      }, {
        "code": "O24819",
        "display": "Oth pre-existing diabetes in pregnancy, unsp trimester"
      }, {
        "code": "O2482",
        "display": "Other pre-existing diabetes mellitus in childbirth"
      }, {
        "code": "O2483",
        "display": "Other pre-existing diabetes mellitus in the puerperium"
      }, {
        "code": "O249",
        "display": "Unsp diabetes in pregnancy, childbirth and the puerperium"
      }, {
        "code": "O2491",
        "display": "Unspecified diabetes mellitus in pregnancy"
      }, {
        "code": "O24911",
        "display": "Unspecified diabetes mellitus in pregnancy, first trimester"
      }, {
        "code": "O24912",
        "display": "Unspecified diabetes mellitus in pregnancy, second trimester"
      }, {
        "code": "O24913",
        "display": "Unspecified diabetes mellitus in pregnancy, third trimester"
      }, {
        "code": "O24919",
        "display": "Unsp diabetes mellitus in pregnancy, unspecified trimester"
      }, {
        "code": "O2492",
        "display": "Unspecified diabetes mellitus in childbirth"
      }, {
        "code": "O2493",
        "display": "Unspecified diabetes mellitus in the puerperium"
      } ]
    } ]
  }
}