{
  "resourceType": "ValueSet",
  "id": "E08",
  "url": "http://hl7.org/fhir/sid/icd-10-cm-352",
  "version": "1.0",
  "name": "Diabetes mellitus due to underlying condition",
  "title": "Diabetes mellitus due to underlying condition",
  "status": "active",
  "compose": {
    "include": [ {
      "system": "http://hl7.org/fhir/sid/icd-10-cm",
      "concept": [ {
        "code": "E080",
        "display": "Diabetes due to underlying condition w hyperosmolarity"
      }, {
        "code": "E0800",
        "display": "Diab d/t undrl cond w hyprosm w/o nonket hyprgly-hypros coma"
      }, {
        "code": "E0801",
        "display": "Diabetes due to underlying condition w hyprosm w coma"
      }, {
        "code": "E081",
        "display": "Diabetes mellitus due to underlying condition w ketoacidosis"
      }, {
        "code": "E0810",
        "display": "Diabetes due to underlying condition w ketoacidosis w/o coma"
      }, {
        "code": "E0811",
        "display": "Diabetes due to underlying condition w ketoacidosis w coma"
      }, {
        "code": "E082",
        "display": "Diabetes due to underlying condition w kidney complications"
      }, {
        "code": "E0821",
        "display": "Diabetes due to underlying condition w diabetic nephropathy"
      }, {
        "code": "E0822",
        "display": "Diabetes due to undrl cond w diabetic chronic kidney disease"
      }, {
        "code": "E0829",
        "display": "Diabetes due to undrl condition w oth diabetic kidney comp"
      }, {
        "code": "E083",
        "display": "Diabetes due to underlying condition w ophthalmic comp"
      }, {
        "code": "E0831",
        "display": "Diabetes due to underlying condition w unsp diabetic rtnop"
      }, {
        "code": "E08311",
        "display": "Diab due to undrl cond w unsp diabetic rtnop w macular edema"
      }, {
        "code": "E08319",
        "display": "Diab due to undrl cond w unsp diab rtnop w/o macular edema"
      }, {
        "code": "E0832",
        "display": "Diabetes due to undrl cond w mild nonprlf diabetic rtnop"
      }, {
        "code": "E08321",
        "display": "Diab d/t undrl cond w mild nonprlf diab rtnop w mclr edema"
      }, {
        "code": "E083211",
        "display": "Diabetes with mild nonp rtnop with macular edema, right eye"
      }, {
        "code": "E083212",
        "display": "Diabetes with mild nonp rtnop with macular edema, left eye"
      }, {
        "code": "E083213",
        "display": "Diabetes with mild nonp rtnop with macular edema, bilateral"
      }, {
        "code": "E083219",
        "display": "Diabetes with mild nonp rtnop with macular edema, unsp"
      }, {
        "code": "E08329",
        "display": "Diab d/t undrl cond w mild nonprlf diab rtnop w/o mclr edema"
      }, {
        "code": "E083291",
        "display": "Diabetes with mild nonp rtnop without macular edema, r eye"
      }, {
        "code": "E083292",
        "display": "Diab with mild nonp rtnop without macular edema, left eye"
      }, {
        "code": "E083293",
        "display": "Diabetes with mild nonp rtnop without macular edema, bi"
      }, {
        "code": "E083299",
        "display": "Diabetes with mild nonp rtnop without macular edema, unsp"
      }, {
        "code": "E0833",
        "display": "Diabetes due to undrl cond w moderate nonprlf diabetic rtnop"
      }, {
        "code": "E08331",
        "display": "Diab due to undrl cond w mod nonprlf diab rtnop w mclr edema"
      }, {
        "code": "E083311",
        "display": "Diabetes with moderate nonp rtnop with macular edema, r eye"
      }, {
        "code": "E083312",
        "display": "Diab with moderate nonp rtnop with macular edema, left eye"
      }, {
        "code": "E083313",
        "display": "Diabetes with moderate nonp rtnop with macular edema, bi"
      }, {
        "code": "E083319",
        "display": "Diabetes with moderate nonp rtnop with macular edema, unsp"
      }, {
        "code": "E08339",
        "display": "Diab d/t undrl cond w mod nonprlf diab rtnop w/o mclr edema"
      }, {
        "code": "E083391",
        "display": "Diab with moderate nonp rtnop without macular edema, r eye"
      }, {
        "code": "E083392",
        "display": "Diab with moderate nonp rtnop without macular edema, l eye"
      }, {
        "code": "E083393",
        "display": "Diabetes with moderate nonp rtnop without macular edema, bi"
      }, {
        "code": "E083399",
        "display": "Diab with moderate nonp rtnop without macular edema, unsp"
      }, {
        "code": "E0834",
        "display": "Diabetes due to undrl cond w severe nonprlf diabetic rtnop"
      }, {
        "code": "E08341",
        "display": "Diab d/t undrl cond w severe nonprlf diab rtnop w mclr edema"
      }, {
        "code": "E083411",
        "display": "Diabetes with severe nonp rtnop with macular edema, r eye"
      }, {
        "code": "E083412",
        "display": "Diabetes with severe nonp rtnop with macular edema, left eye"
      }, {
        "code": "E083413",
        "display": "Diabetes with severe nonp rtnop with macular edema, bi"
      }, {
        "code": "E083419",
        "display": "Diabetes with severe nonp rtnop with macular edema, unsp"
      }, {
        "code": "E08349",
        "display": "Diab d/t undrl cond w sev nonprlf diab rtnop w/o mclr edema"
      }, {
        "code": "E083491",
        "display": "Diabetes with severe nonp rtnop without macular edema, r eye"
      }, {
        "code": "E083492",
        "display": "Diab with severe nonp rtnop without macular edema, left eye"
      }, {
        "code": "E083493",
        "display": "Diabetes with severe nonp rtnop without macular edema, bi"
      }, {
        "code": "E083499",
        "display": "Diabetes with severe nonp rtnop without macular edema, unsp"
      }, {
        "code": "E0835",
        "display": "Diabetes due to underlying condition w prolif diabetic rtnop"
      }, {
        "code": "E08351",
        "display": "Diab due to undrl cond w prolif diab rtnop w macular edema"
      }, {
        "code": "E083511",
        "display": "Diab with prolif diabetic rtnop with macular edema, r eye"
      }, {
        "code": "E083512",
        "display": "Diab with prolif diabetic rtnop with macular edema, left eye"
      }, {
        "code": "E083513",
        "display": "Diabetes with prolif diabetic rtnop with macular edema, bi"
      }, {
        "code": "E083519",
        "display": "Diabetes with prolif diabetic rtnop with macular edema, unsp"
      }, {
        "code": "E08352",
        "display": "Diabetes with prolif diabetic rtnop with trctn dtch macula"
      }, {
        "code": "E083521",
        "display": "Diab with prolif diab rtnop with trctn dtch macula, r eye"
      }, {
        "code": "E083522",
        "display": "Diab with prolif diab rtnop with trctn dtch macula, left eye"
      }, {
        "code": "E083523",
        "display": "Diab with prolif diabetic rtnop with trctn dtch macula, bi"
      }, {
        "code": "E083529",
        "display": "Diab with prolif diabetic rtnop with trctn dtch macula, unsp"
      }, {
        "code": "E08353",
        "display": "Diabetes with prolif diabetic rtnop with trctn dtch n-mcla"
      }, {
        "code": "E083531",
        "display": "Diab with prolif diab rtnop with trctn dtch n-mcla, r eye"
      }, {
        "code": "E083532",
        "display": "Diab with prolif diab rtnop with trctn dtch n-mcla, left eye"
      }, {
        "code": "E083533",
        "display": "Diab with prolif diabetic rtnop with trctn dtch n-mcla, bi"
      }, {
        "code": "E083539",
        "display": "Diab with prolif diabetic rtnop with trctn dtch n-mcla, unsp"
      }, {
        "code": "E08354",
        "display": "Diabetes with prolif diabetic rtnop with combined detachment"
      }, {
        "code": "E083541",
        "display": "Diabetes with prolif diabetic rtnop with comb detach, r eye"
      }, {
        "code": "E083542",
        "display": "Diab with prolif diabetic rtnop with comb detach, left eye"
      }, {
        "code": "E083543",
        "display": "Diabetes with prolif diabetic rtnop with combined detach, bi"
      }, {
        "code": "E083549",
        "display": "Diabetes with prolif diabetic rtnop with comb detach, unsp"
      }, {
        "code": "E08355",
        "display": "Diabetes with stable proliferative diabetic retinopathy"
      }, {
        "code": "E083551",
        "display": "Diabetes with stable prolif diabetic retinopathy, right eye"
      }, {
        "code": "E083552",
        "display": "Diabetes with stable prolif diabetic retinopathy, left eye"
      }, {
        "code": "E083553",
        "display": "Diabetes with stable prolif diabetic retinopathy, bilateral"
      }, {
        "code": "E083559",
        "display": "Diabetes with stable prolif diabetic retinopathy, unsp"
      }, {
        "code": "E08359",
        "display": "Diab due to undrl cond w prolif diab rtnop w/o macular edema"
      }, {
        "code": "E083591",
        "display": "Diab with prolif diabetic rtnop without macular edema, r eye"
      }, {
        "code": "E083592",
        "display": "Diab with prolif diab rtnop without macular edema, left eye"
      }, {
        "code": "E083593",
        "display": "Diab with prolif diabetic rtnop without macular edema, bi"
      }, {
        "code": "E083599",
        "display": "Diab with prolif diabetic rtnop without macular edema, unsp"
      }, {
        "code": "E0836",
        "display": "Diabetes due to underlying condition w diabetic cataract"
      }, {
        "code": "E0837",
        "display": "Diabetes with diabetic macular edema, resolved fol treatment"
      }, {
        "code": "E0837X1",
        "display": "Diab with diabetic macular edema, resolved fol trtmt, r eye"
      }, {
        "code": "E0837X2",
        "display": "Diab with diab macular edema, resolved fol trtmt, left eye"
      }, {
        "code": "E0837X3",
        "display": "Diabetes with diabetic macular edema, resolved fol trtmt, bi"
      }, {
        "code": "E0837X9",
        "display": "Diab with diabetic macular edema, resolved fol trtmt, unsp"
      }, {
        "code": "E0839",
        "display": "Diabetes due to undrl condition w oth diabetic opth comp"
      }, {
        "code": "E084",
        "display": "Diabetes due to underlying condition w neurological comp"
      }, {
        "code": "E0840",
        "display": "Diabetes due to underlying condition w diabetic neurop, unsp"
      }, {
        "code": "E0841",
        "display": "Diabetes due to undrl condition w diabetic mononeuropathy"
      }, {
        "code": "E0842",
        "display": "Diabetes due to underlying condition w diabetic polyneurop"
      }, {
        "code": "E0843",
        "display": "Diab due to undrl cond w diabetic autonm (poly)neuropathy"
      }, {
        "code": "E0844",
        "display": "Diabetes due to underlying condition w diabetic amyotrophy"
      }, {
        "code": "E0849",
        "display": "Diabetes due to undrl condition w oth diabetic neuro comp"
      }, {
        "code": "E085",
        "display": "Diabetes due to underlying condition w circulatory comp"
      }, {
        "code": "E0851",
        "display": "Diab due to undrl cond w diab prph angiopath w/o gangrene"
      }, {
        "code": "E0852",
        "display": "Diab due to undrl cond w diabetic prph angiopath w gangrene"
      }, {
        "code": "E0859",
        "display": "Diabetes due to underlying condition w oth circulatory comp"
      }, {
        "code": "E086",
        "display": "Diabetes due to underlying condition w oth complications"
      }, {
        "code": "E0861",
        "display": "Diabetes due to underlying condition w diabetic arthropathy"
      }, {
        "code": "E08610",
        "display": "Diabetes due to undrl cond w diabetic neuropathic arthrop"
      }, {
        "code": "E08618",
        "display": "Diabetes due to underlying condition w oth diabetic arthrop"
      }, {
        "code": "E0862",
        "display": "Diabetes due to underlying condition w skin complications"
      }, {
        "code": "E08620",
        "display": "Diabetes due to underlying condition w diabetic dermatitis"
      }, {
        "code": "E08621",
        "display": "Diabetes mellitus due to underlying condition w foot ulcer"
      }, {
        "code": "E08622",
        "display": "Diabetes due to underlying condition w oth skin ulcer"
      }, {
        "code": "E08628",
        "display": "Diabetes due to underlying condition w oth skin comp"
      }, {
        "code": "E0863",
        "display": "Diabetes due to underlying condition w oral complications"
      }, {
        "code": "E08630",
        "display": "Diabetes due to underlying condition w periodontal disease"
      }, {
        "code": "E08638",
        "display": "Diabetes due to underlying condition w oth oral comp"
      }, {
        "code": "E0864",
        "display": "Diabetes mellitus due to underlying condition w hypoglycemia"
      }, {
        "code": "E08641",
        "display": "Diabetes due to underlying condition w hypoglycemia w coma"
      }, {
        "code": "E08649",
        "display": "Diabetes due to underlying condition w hypoglycemia w/o coma"
      }, {
        "code": "E0865",
        "display": "Diabetes due to underlying condition w hyperglycemia"
      }, {
        "code": "E0869",
        "display": "Diabetes due to underlying condition w oth complication"
      }, {
        "code": "E088",
        "display": "Diabetes due to underlying condition w unsp complications"
      }, {
        "code": "E089",
        "display": "Diabetes due to underlying condition w/o complications"
      } ]
    } ]
  }
}