{
  "resourceType": "ValueSet",
  "id": "K44",
  "url": "http://hl7.org/fhir/sid/icd-10-cm-794",
  "version": "1.0",
  "name": "Diaphragmatic hernia",
  "title": "Diaphragmatic hernia",
  "status": "active",
  "compose": {
    "include": [ {
      "system": "http://hl7.org/fhir/sid/icd-10-cm",
      "concept": [ {
        "code": "K440",
        "display": "Diaphragmatic hernia with obstruction, without gangrene"
      }, {
        "code": "K441",
        "display": "Diaphragmatic hernia with gangrene"
      }, {
        "code": "K449",
        "display": "Diaphragmatic hernia without obstruction or gangrene"
      } ]
    } ]
  }
}