{
  "resourceType": "ValueSet",
  "id": "A36",
  "url": "http://hl7.org/fhir/sid/icd-10-cm-30",
  "version": "1.0",
  "name": "Diphtheria",
  "title": "Diphtheria",
  "status": "active",
  "compose": {
    "include": [ {
      "system": "http://hl7.org/fhir/sid/icd-10-cm",
      "concept": [ {
        "code": "A360",
        "display": "Pharyngeal diphtheria"
      }, {
        "code": "A361",
        "display": "Nasopharyngeal diphtheria"
      }, {
        "code": "A362",
        "display": "Laryngeal diphtheria"
      }, {
        "code": "A363",
        "display": "Cutaneous diphtheria"
      }, {
        "code": "A368",
        "display": "Other diphtheria"
      }, {
        "code": "A3681",
        "display": "Diphtheritic cardiomyopathy"
      }, {
        "code": "A3682",
        "display": "Diphtheritic radiculomyelitis"
      }, {
        "code": "A3683",
        "display": "Diphtheritic polyneuritis"
      }, {
        "code": "A3684",
        "display": "Diphtheritic tubulo-interstitial nephropathy"
      }, {
        "code": "A3685",
        "display": "Diphtheritic cystitis"
      }, {
        "code": "A3686",
        "display": "Diphtheritic conjunctivitis"
      }, {
        "code": "A3689",
        "display": "Other diphtheritic complications"
      }, {
        "code": "A369",
        "display": "Diphtheria, unspecified"
      } ]
    } ]
  }
}