{
  "resourceType": "ValueSet",
  "id": "M01",
  "url": "http://hl7.org/fhir/sid/icd-10-cm-909",
  "version": "1.0",
  "name": "Direct infect of joint in infec/parastc dis classd elswhr",
  "title": "Direct infections of joint in infectious and parasitic diseases classified elsewhere",
  "status": "active",
  "compose": {
    "include": [ {
      "system": "http://hl7.org/fhir/sid/icd-10-cm",
      "concept": [ {
        "code": "M01X",
        "display": "Direct infct of joint in infec/parastc dis classd elswhr"
      }, {
        "code": "M01X0",
        "display": "Dir infct of unsp joint in infec/parastc dis classd elswhr"
      }, {
        "code": "M01X1",
        "display": "Direct infct of shldr jt in infec/parastc dis classd elswhr"
      }, {
        "code": "M01X11",
        "display": "Direct infct of r shldr in infec/parastc dis classd elswhr"
      }, {
        "code": "M01X12",
        "display": "Direct infct of l shldr in infec/parastc dis classd elswhr"
      }, {
        "code": "M01X19",
        "display": "Dir infct of unsp shldr in infec/parastc dis classd elswhr"
      }, {
        "code": "M01X2",
        "display": "Direct infct of elbow in infec/parastc dis classd elswhr"
      }, {
        "code": "M01X21",
        "display": "Direct infct of r elbow in infec/parastc dis classd elswhr"
      }, {
        "code": "M01X22",
        "display": "Direct infct of l elbow in infec/parastc dis classd elswhr"
      }, {
        "code": "M01X29",
        "display": "Dir infct of unsp elbow in infec/parastc dis classd elswhr"
      }, {
        "code": "M01X3",
        "display": "Direct infct of wrist in infec/parastc dis classd elswhr"
      }, {
        "code": "M01X31",
        "display": "Direct infct of r wrist in infec/parastc dis classd elswhr"
      }, {
        "code": "M01X32",
        "display": "Direct infct of l wrist in infec/parastc dis classd elswhr"
      }, {
        "code": "M01X39",
        "display": "Dir infct of unsp wrist in infec/parastc dis classd elswhr"
      }, {
        "code": "M01X4",
        "display": "Direct infct of hand in infec/parastc diseases classd elswhr"
      }, {
        "code": "M01X41",
        "display": "Direct infct of r hand in infec/parastc dis classd elswhr"
      }, {
        "code": "M01X42",
        "display": "Direct infct of l hand in infec/parastc dis classd elswhr"
      }, {
        "code": "M01X49",
        "display": "Direct infct of unsp hand in infec/parastc dis classd elswhr"
      }, {
        "code": "M01X5",
        "display": "Direct infct of hip in infec/parastc diseases classd elswhr"
      }, {
        "code": "M01X51",
        "display": "Direct infct of r hip in infec/parastc dis classd elswhr"
      }, {
        "code": "M01X52",
        "display": "Direct infct of left hip in infec/parastc dis classd elswhr"
      }, {
        "code": "M01X59",
        "display": "Direct infct of unsp hip in infec/parastc dis classd elswhr"
      }, {
        "code": "M01X6",
        "display": "Direct infct of knee in infec/parastc diseases classd elswhr"
      }, {
        "code": "M01X61",
        "display": "Direct infct of r knee in infec/parastc dis classd elswhr"
      }, {
        "code": "M01X62",
        "display": "Direct infct of l knee in infec/parastc dis classd elswhr"
      }, {
        "code": "M01X69",
        "display": "Direct infct of unsp knee in infec/parastc dis classd elswhr"
      }, {
        "code": "M01X7",
        "display": "Direct infct of ank/ft in infec/parastc dis classd elswhr"
      }, {
        "code": "M01X71",
        "display": "Dir infct of right ank/ft in infec/parastc dis classd elswhr"
      }, {
        "code": "M01X72",
        "display": "Dir infct of left ank/ft in infec/parastc dis classd elswhr"
      }, {
        "code": "M01X79",
        "display": "Dir infct of unsp ank/ft in infec/parastc dis classd elswhr"
      }, {
        "code": "M01X8",
        "display": "Direct infct of verteb in infec/parastc dis classd elswhr"
      }, {
        "code": "M01X9",
        "display": "Dir infct of mult joints in infec/parastc dis classd elswhr"
      } ]
    } ]
  }
}