{
  "resourceType": "ValueSet",
  "id": "W39",
  "url": "http://hl7.org/fhir/sid/icd-10-cm-1686",
  "version": "1.0",
  "name": "Discharge of firework",
  "title": "Discharge of firework",
  "status": "active",
  "compose": {
    "include": [ {
      "system": "http://hl7.org/fhir/sid/icd-10-cm",
      "concept": [ {
        "code": "W39XXXA",
        "display": "Discharge of firework, initial encounter"
      }, {
        "code": "W39XXXD",
        "display": "Discharge of firework, subsequent encounter"
      }, {
        "code": "W39XXXS",
        "display": "Discharge of firework, sequela"
      } ]
    } ]
  }
}