{
  "resourceType": "ValueSet",
  "id": "K04",
  "url": "http://hl7.org/fhir/sid/icd-10-cm-766",
  "version": "1.0",
  "name": "Diseases of pulp and periapical tissues",
  "title": "Diseases of pulp and periapical tissues",
  "status": "active",
  "compose": {
    "include": [ {
      "system": "http://hl7.org/fhir/sid/icd-10-cm",
      "concept": [ {
        "code": "K040",
        "display": "Pulpitis"
      }, {
        "code": "K0401",
        "display": "Reversible pulpitis"
      }, {
        "code": "K0402",
        "display": "Irreversible pulpitis"
      }, {
        "code": "K041",
        "display": "Necrosis of pulp"
      }, {
        "code": "K042",
        "display": "Pulp degeneration"
      }, {
        "code": "K043",
        "display": "Abnormal hard tissue formation in pulp"
      }, {
        "code": "K044",
        "display": "Acute apical periodontitis of pulpal origin"
      }, {
        "code": "K045",
        "display": "Chronic apical periodontitis"
      }, {
        "code": "K046",
        "display": "Periapical abscess with sinus"
      }, {
        "code": "K047",
        "display": "Periapical abscess without sinus"
      }, {
        "code": "K048",
        "display": "Radicular cyst"
      }, {
        "code": "K049",
        "display": "Other and unsp diseases of pulp and periapical tissues"
      }, {
        "code": "K0490",
        "display": "Unspecified diseases of pulp and periapical tissues"
      }, {
        "code": "K0499",
        "display": "Other diseases of pulp and periapical tissues"
      } ]
    } ]
  }
}