{
  "resourceType": "ValueSet",
  "id": "I78",
  "url": "http://hl7.org/fhir/sid/icd-10-cm-684",
  "version": "1.0",
  "name": "Diseases of capillaries",
  "title": "Diseases of capillaries",
  "status": "active",
  "compose": {
    "include": [ {
      "system": "http://hl7.org/fhir/sid/icd-10-cm",
      "concept": [ {
        "code": "I780",
        "display": "Hereditary hemorrhagic telangiectasia"
      }, {
        "code": "I781",
        "display": "Nevus, non-neoplastic"
      }, {
        "code": "I788",
        "display": "Other diseases of capillaries"
      }, {
        "code": "I789",
        "display": "Disease of capillaries, unspecified"
      } ]
    } ]
  }
}