{
  "resourceType": "ValueSet",
  "id": "K11",
  "url": "http://hl7.org/fhir/sid/icd-10-cm-771",
  "version": "1.0",
  "name": "Diseases of salivary glands",
  "title": "Diseases of salivary glands",
  "status": "active",
  "compose": {
    "include": [ {
      "system": "http://hl7.org/fhir/sid/icd-10-cm",
      "concept": [ {
        "code": "K110",
        "display": "Atrophy of salivary gland"
      }, {
        "code": "K111",
        "display": "Hypertrophy of salivary gland"
      }, {
        "code": "K112",
        "display": "Sialoadenitis"
      }, {
        "code": "K1120",
        "display": "Sialoadenitis, unspecified"
      }, {
        "code": "K1121",
        "display": "Acute sialoadenitis"
      }, {
        "code": "K1122",
        "display": "Acute recurrent sialoadenitis"
      }, {
        "code": "K1123",
        "display": "Chronic sialoadenitis"
      }, {
        "code": "K113",
        "display": "Abscess of salivary gland"
      }, {
        "code": "K114",
        "display": "Fistula of salivary gland"
      }, {
        "code": "K115",
        "display": "Sialolithiasis"
      }, {
        "code": "K116",
        "display": "Mucocele of salivary gland"
      }, {
        "code": "K117",
        "display": "Disturbances of salivary secretion"
      }, {
        "code": "K118",
        "display": "Other diseases of salivary glands"
      }, {
        "code": "K119",
        "display": "Disease of salivary gland, unspecified"
      } ]
    } ]
  }
}