{
  "resourceType": "ValueSet",
  "id": "J38",
  "url": "http://hl7.org/fhir/sid/icd-10-cm-727",
  "version": "1.0",
  "name": "Diseases of vocal cords and larynx, not elsewhere classified",
  "title": "Diseases of vocal cords and larynx, not elsewhere classified",
  "status": "active",
  "compose": {
    "include": [ {
      "system": "http://hl7.org/fhir/sid/icd-10-cm",
      "concept": [ {
        "code": "J380",
        "display": "Paralysis of vocal cords and larynx"
      }, {
        "code": "J3800",
        "display": "Paralysis of vocal cords and larynx, unspecified"
      }, {
        "code": "J3801",
        "display": "Paralysis of vocal cords and larynx, unilateral"
      }, {
        "code": "J3802",
        "display": "Paralysis of vocal cords and larynx, bilateral"
      }, {
        "code": "J381",
        "display": "Polyp of vocal cord and larynx"
      }, {
        "code": "J382",
        "display": "Nodules of vocal cords"
      }, {
        "code": "J383",
        "display": "Other diseases of vocal cords"
      }, {
        "code": "J384",
        "display": "Edema of larynx"
      }, {
        "code": "J385",
        "display": "Laryngeal spasm"
      }, {
        "code": "J386",
        "display": "Stenosis of larynx"
      }, {
        "code": "J387",
        "display": "Other diseases of larynx"
      } ]
    } ]
  }
}