{
  "resourceType": "ValueSet",
  "id": "K14",
  "url": "http://hl7.org/fhir/sid/icd-10-cm-774",
  "version": "1.0",
  "name": "Diseases of tongue",
  "title": "Diseases of tongue",
  "status": "active",
  "compose": {
    "include": [ {
      "system": "http://hl7.org/fhir/sid/icd-10-cm",
      "concept": [ {
        "code": "K140",
        "display": "Glossitis"
      }, {
        "code": "K141",
        "display": "Geographic tongue"
      }, {
        "code": "K142",
        "display": "Median rhomboid glossitis"
      }, {
        "code": "K143",
        "display": "Hypertrophy of tongue papillae"
      }, {
        "code": "K144",
        "display": "Atrophy of tongue papillae"
      }, {
        "code": "K145",
        "display": "Plicated tongue"
      }, {
        "code": "K146",
        "display": "Glossodynia"
      }, {
        "code": "K148",
        "display": "Other diseases of tongue"
      }, {
        "code": "K149",
        "display": "Disease of tongue, unspecified"
      } ]
    } ]
  }
}