{
  "resourceType": "ValueSet",
  "id": "D73",
  "url": "http://hl7.org/fhir/sid/icd-10-cm-331",
  "version": "1.0",
  "name": "Diseases of spleen",
  "title": "Diseases of spleen",
  "status": "active",
  "compose": {
    "include": [ {
      "system": "http://hl7.org/fhir/sid/icd-10-cm",
      "concept": [ {
        "code": "D730",
        "display": "Hyposplenism"
      }, {
        "code": "D731",
        "display": "Hypersplenism"
      }, {
        "code": "D732",
        "display": "Chronic congestive splenomegaly"
      }, {
        "code": "D733",
        "display": "Abscess of spleen"
      }, {
        "code": "D734",
        "display": "Cyst of spleen"
      }, {
        "code": "D735",
        "display": "Infarction of spleen"
      }, {
        "code": "D738",
        "display": "Other diseases of spleen"
      }, {
        "code": "D7381",
        "display": "Neutropenic splenomegaly"
      }, {
        "code": "D7389",
        "display": "Other diseases of spleen"
      }, {
        "code": "D739",
        "display": "Disease of spleen, unspecified"
      } ]
    } ]
  }
}