{
  "resourceType": "ValueSet",
  "id": "N75",
  "url": "http://hl7.org/fhir/sid/icd-10-cm-1049",
  "version": "1.0",
  "name": "Diseases of Bartholin's gland",
  "title": "Diseases of Bartholin's gland",
  "status": "active",
  "compose": {
    "include": [ {
      "system": "http://hl7.org/fhir/sid/icd-10-cm",
      "concept": [ {
        "code": "N750",
        "display": "Cyst of Bartholin's gland"
      }, {
        "code": "N751",
        "display": "Abscess of Bartholin's gland"
      }, {
        "code": "N758",
        "display": "Other diseases of Bartholin's gland"
      }, {
        "code": "N759",
        "display": "Disease of Bartholin's gland, unspecified"
      } ]
    } ]
  }
}