{
  "resourceType": "ValueSet",
  "id": "E32",
  "url": "http://hl7.org/fhir/sid/icd-10-cm-371",
  "version": "1.0",
  "name": "Diseases of thymus",
  "title": "Diseases of thymus",
  "status": "active",
  "compose": {
    "include": [ {
      "system": "http://hl7.org/fhir/sid/icd-10-cm",
      "concept": [ {
        "code": "E320",
        "display": "Persistent hyperplasia of thymus"
      }, {
        "code": "E321",
        "display": "Abscess of thymus"
      }, {
        "code": "E328",
        "display": "Other diseases of thymus"
      }, {
        "code": "E329",
        "display": "Disease of thymus, unspecified"
      } ]
    } ]
  }
}