{
  "resourceType": "ValueSet",
  "id": "S13",
  "url": "http://hl7.org/fhir/sid/icd-10-cm-1392",
  "version": "1.0",
  "name": "Dislocation and sprain of joints and ligaments at neck level",
  "title": "Dislocation and sprain of joints and ligaments at neck level",
  "status": "active",
  "compose": {
    "include": [ {
      "system": "http://hl7.org/fhir/sid/icd-10-cm",
      "concept": [ {
        "code": "S130",
        "display": "Traumatic rupture of cervical intervertebral disc"
      }, {
        "code": "S130XXA",
        "display": "Traumatic rupture of cervical intervertebral disc, init"
      }, {
        "code": "S130XXD",
        "display": "Traumatic rupture of cervical intervertebral disc, subs"
      }, {
        "code": "S130XXS",
        "display": "Traumatic rupture of cervical intervertebral disc, sequela"
      }, {
        "code": "S131",
        "display": "Subluxation and dislocation of cervical vertebrae"
      }, {
        "code": "S1310",
        "display": "Subluxation and dislocation of unsp cervical vertebrae"
      }, {
        "code": "S13100",
        "display": "Subluxation of unspecified cervical vertebrae"
      }, {
        "code": "S13100A",
        "display": "Subluxation of unspecified cervical vertebrae, init encntr"
      }, {
        "code": "S13100D",
        "display": "Subluxation of unspecified cervical vertebrae, subs encntr"
      }, {
        "code": "S13100S",
        "display": "Subluxation of unspecified cervical vertebrae, sequela"
      }, {
        "code": "S13101",
        "display": "Dislocation of unspecified cervical vertebrae"
      }, {
        "code": "S13101A",
        "display": "Dislocation of unspecified cervical vertebrae, init encntr"
      }, {
        "code": "S13101D",
        "display": "Dislocation of unspecified cervical vertebrae, subs encntr"
      }, {
        "code": "S13101S",
        "display": "Dislocation of unspecified cervical vertebrae, sequela"
      }, {
        "code": "S1311",
        "display": "Subluxation and dislocation of C0/C1 cervical vertebrae"
      }, {
        "code": "S13110",
        "display": "Subluxation of C0/C1 cervical vertebrae"
      }, {
        "code": "S13110A",
        "display": "Subluxation of C0/C1 cervical vertebrae, initial encounter"
      }, {
        "code": "S13110D",
        "display": "Subluxation of C0/C1 cervical vertebrae, subs encntr"
      }, {
        "code": "S13110S",
        "display": "Subluxation of C0/C1 cervical vertebrae, sequela"
      }, {
        "code": "S13111",
        "display": "Dislocation of C0/C1 cervical vertebrae"
      }, {
        "code": "S13111A",
        "display": "Dislocation of C0/C1 cervical vertebrae, initial encounter"
      }, {
        "code": "S13111D",
        "display": "Dislocation of C0/C1 cervical vertebrae, subs encntr"
      }, {
        "code": "S13111S",
        "display": "Dislocation of C0/C1 cervical vertebrae, sequela"
      }, {
        "code": "S1312",
        "display": "Subluxation and dislocation of C1/C2 cervical vertebrae"
      }, {
        "code": "S13120",
        "display": "Subluxation of C1/C2 cervical vertebrae"
      }, {
        "code": "S13120A",
        "display": "Subluxation of C1/C2 cervical vertebrae, initial encounter"
      }, {
        "code": "S13120D",
        "display": "Subluxation of C1/C2 cervical vertebrae, subs encntr"
      }, {
        "code": "S13120S",
        "display": "Subluxation of C1/C2 cervical vertebrae, sequela"
      }, {
        "code": "S13121",
        "display": "Dislocation of C1/C2 cervical vertebrae"
      }, {
        "code": "S13121A",
        "display": "Dislocation of C1/C2 cervical vertebrae, initial encounter"
      }, {
        "code": "S13121D",
        "display": "Dislocation of C1/C2 cervical vertebrae, subs encntr"
      }, {
        "code": "S13121S",
        "display": "Dislocation of C1/C2 cervical vertebrae, sequela"
      }, {
        "code": "S1313",
        "display": "Subluxation and dislocation of C2/C3 cervical vertebrae"
      }, {
        "code": "S13130",
        "display": "Subluxation of C2/C3 cervical vertebrae"
      }, {
        "code": "S13130A",
        "display": "Subluxation of C2/C3 cervical vertebrae, initial encounter"
      }, {
        "code": "S13130D",
        "display": "Subluxation of C2/C3 cervical vertebrae, subs encntr"
      }, {
        "code": "S13130S",
        "display": "Subluxation of C2/C3 cervical vertebrae, sequela"
      }, {
        "code": "S13131",
        "display": "Dislocation of C2/C3 cervical vertebrae"
      }, {
        "code": "S13131A",
        "display": "Dislocation of C2/C3 cervical vertebrae, initial encounter"
      }, {
        "code": "S13131D",
        "display": "Dislocation of C2/C3 cervical vertebrae, subs encntr"
      }, {
        "code": "S13131S",
        "display": "Dislocation of C2/C3 cervical vertebrae, sequela"
      }, {
        "code": "S1314",
        "display": "Subluxation and dislocation of C3/C4 cervical vertebrae"
      }, {
        "code": "S13140",
        "display": "Subluxation of C3/C4 cervical vertebrae"
      }, {
        "code": "S13140A",
        "display": "Subluxation of C3/C4 cervical vertebrae, initial encounter"
      }, {
        "code": "S13140D",
        "display": "Subluxation of C3/C4 cervical vertebrae, subs encntr"
      }, {
        "code": "S13140S",
        "display": "Subluxation of C3/C4 cervical vertebrae, sequela"
      }, {
        "code": "S13141",
        "display": "Dislocation of C3/C4 cervical vertebrae"
      }, {
        "code": "S13141A",
        "display": "Dislocation of C3/C4 cervical vertebrae, initial encounter"
      }, {
        "code": "S13141D",
        "display": "Dislocation of C3/C4 cervical vertebrae, subs encntr"
      }, {
        "code": "S13141S",
        "display": "Dislocation of C3/C4 cervical vertebrae, sequela"
      }, {
        "code": "S1315",
        "display": "Subluxation and dislocation of C4/C5 cervical vertebrae"
      }, {
        "code": "S13150",
        "display": "Subluxation of C4/C5 cervical vertebrae"
      }, {
        "code": "S13150A",
        "display": "Subluxation of C4/C5 cervical vertebrae, initial encounter"
      }, {
        "code": "S13150D",
        "display": "Subluxation of C4/C5 cervical vertebrae, subs encntr"
      }, {
        "code": "S13150S",
        "display": "Subluxation of C4/C5 cervical vertebrae, sequela"
      }, {
        "code": "S13151",
        "display": "Dislocation of C4/C5 cervical vertebrae"
      }, {
        "code": "S13151A",
        "display": "Dislocation of C4/C5 cervical vertebrae, initial encounter"
      }, {
        "code": "S13151D",
        "display": "Dislocation of C4/C5 cervical vertebrae, subs encntr"
      }, {
        "code": "S13151S",
        "display": "Dislocation of C4/C5 cervical vertebrae, sequela"
      }, {
        "code": "S1316",
        "display": "Subluxation and dislocation of C5/C6 cervical vertebrae"
      }, {
        "code": "S13160",
        "display": "Subluxation of C5/C6 cervical vertebrae"
      }, {
        "code": "S13160A",
        "display": "Subluxation of C5/C6 cervical vertebrae, initial encounter"
      }, {
        "code": "S13160D",
        "display": "Subluxation of C5/C6 cervical vertebrae, subs encntr"
      }, {
        "code": "S13160S",
        "display": "Subluxation of C5/C6 cervical vertebrae, sequela"
      }, {
        "code": "S13161",
        "display": "Dislocation of C5/C6 cervical vertebrae"
      }, {
        "code": "S13161A",
        "display": "Dislocation of C5/C6 cervical vertebrae, initial encounter"
      }, {
        "code": "S13161D",
        "display": "Dislocation of C5/C6 cervical vertebrae, subs encntr"
      }, {
        "code": "S13161S",
        "display": "Dislocation of C5/C6 cervical vertebrae, sequela"
      }, {
        "code": "S1317",
        "display": "Subluxation and dislocation of C6/C7 cervical vertebrae"
      }, {
        "code": "S13170",
        "display": "Subluxation of C6/C7 cervical vertebrae"
      }, {
        "code": "S13170A",
        "display": "Subluxation of C6/C7 cervical vertebrae, initial encounter"
      }, {
        "code": "S13170D",
        "display": "Subluxation of C6/C7 cervical vertebrae, subs encntr"
      }, {
        "code": "S13170S",
        "display": "Subluxation of C6/C7 cervical vertebrae, sequela"
      }, {
        "code": "S13171",
        "display": "Dislocation of C6/C7 cervical vertebrae"
      }, {
        "code": "S13171A",
        "display": "Dislocation of C6/C7 cervical vertebrae, initial encounter"
      }, {
        "code": "S13171D",
        "display": "Dislocation of C6/C7 cervical vertebrae, subs encntr"
      }, {
        "code": "S13171S",
        "display": "Dislocation of C6/C7 cervical vertebrae, sequela"
      }, {
        "code": "S1318",
        "display": "Subluxation and dislocation of C7/T1 cervical vertebrae"
      }, {
        "code": "S13180",
        "display": "Subluxation of C7/T1 cervical vertebrae"
      }, {
        "code": "S13180A",
        "display": "Subluxation of C7/T1 cervical vertebrae, initial encounter"
      }, {
        "code": "S13180D",
        "display": "Subluxation of C7/T1 cervical vertebrae, subs encntr"
      }, {
        "code": "S13180S",
        "display": "Subluxation of C7/T1 cervical vertebrae, sequela"
      }, {
        "code": "S13181",
        "display": "Dislocation of C7/T1 cervical vertebrae"
      }, {
        "code": "S13181A",
        "display": "Dislocation of C7/T1 cervical vertebrae, initial encounter"
      }, {
        "code": "S13181D",
        "display": "Dislocation of C7/T1 cervical vertebrae, subs encntr"
      }, {
        "code": "S13181S",
        "display": "Dislocation of C7/T1 cervical vertebrae, sequela"
      }, {
        "code": "S132",
        "display": "Dislocation of other and unspecified parts of neck"
      }, {
        "code": "S1320",
        "display": "Dislocation of unspecified parts of neck"
      }, {
        "code": "S1320XA",
        "display": "Dislocation of unspecified parts of neck, initial encounter"
      }, {
        "code": "S1320XD",
        "display": "Dislocation of unspecified parts of neck, subs encntr"
      }, {
        "code": "S1320XS",
        "display": "Dislocation of unspecified parts of neck, sequela"
      }, {
        "code": "S1329",
        "display": "Dislocation of other parts of neck"
      }, {
        "code": "S1329XA",
        "display": "Dislocation of other parts of neck, initial encounter"
      }, {
        "code": "S1329XD",
        "display": "Dislocation of other parts of neck, subsequent encounter"
      }, {
        "code": "S1329XS",
        "display": "Dislocation of other parts of neck, sequela"
      }, {
        "code": "S134",
        "display": "Sprain of ligaments of cervical spine"
      }, {
        "code": "S134XXA",
        "display": "Sprain of ligaments of cervical spine, initial encounter"
      }, {
        "code": "S134XXD",
        "display": "Sprain of ligaments of cervical spine, subsequent encounter"
      }, {
        "code": "S134XXS",
        "display": "Sprain of ligaments of cervical spine, sequela"
      }, {
        "code": "S135",
        "display": "Sprain of thyroid region"
      }, {
        "code": "S135XXA",
        "display": "Sprain of thyroid region, initial encounter"
      }, {
        "code": "S135XXD",
        "display": "Sprain of thyroid region, subsequent encounter"
      }, {
        "code": "S135XXS",
        "display": "Sprain of thyroid region, sequela"
      }, {
        "code": "S138",
        "display": "Sprain of joints and ligaments of other parts of neck"
      }, {
        "code": "S138XXA",
        "display": "Sprain of joints and ligaments of oth prt neck, init encntr"
      }, {
        "code": "S138XXD",
        "display": "Sprain of joints and ligaments of oth prt neck, subs encntr"
      }, {
        "code": "S138XXS",
        "display": "Sprain of joints and ligaments of oth parts of neck, sequela"
      }, {
        "code": "S139",
        "display": "Sprain of joints and ligaments of unspecified parts of neck"
      }, {
        "code": "S139XXA",
        "display": "Sprain of joints and ligaments of unsp parts of neck, init"
      }, {
        "code": "S139XXD",
        "display": "Sprain of joints and ligaments of unsp parts of neck, subs"
      }, {
        "code": "S139XXS",
        "display": "Sprain of joints and ligaments of unsp parts of neck, sqla"
      } ]
    } ]
  }
}