{
  "resourceType": "ValueSet",
  "id": "S43",
  "url": "http://hl7.org/fhir/sid/icd-10-cm-1421",
  "version": "1.0",
  "name": "Disloc and sprain of joints and ligaments of shoulder girdle",
  "title": "Dislocation and sprain of joints and ligaments of shoulder girdle",
  "status": "active",
  "compose": {
    "include": [ {
      "system": "http://hl7.org/fhir/sid/icd-10-cm",
      "concept": [ {
        "code": "S430",
        "display": "Subluxation and dislocation of shoulder joint"
      }, {
        "code": "S4300",
        "display": "Unspecified subluxation and dislocation of shoulder joint"
      }, {
        "code": "S43001",
        "display": "Unspecified subluxation of right shoulder joint"
      }, {
        "code": "S43001A",
        "display": "Unspecified subluxation of right shoulder joint, init encntr"
      }, {
        "code": "S43001D",
        "display": "Unspecified subluxation of right shoulder joint, subs encntr"
      }, {
        "code": "S43001S",
        "display": "Unspecified subluxation of right shoulder joint, sequela"
      }, {
        "code": "S43002",
        "display": "Unspecified subluxation of left shoulder joint"
      }, {
        "code": "S43002A",
        "display": "Unspecified subluxation of left shoulder joint, init encntr"
      }, {
        "code": "S43002D",
        "display": "Unspecified subluxation of left shoulder joint, subs encntr"
      }, {
        "code": "S43002S",
        "display": "Unspecified subluxation of left shoulder joint, sequela"
      }, {
        "code": "S43003",
        "display": "Unspecified subluxation of unspecified shoulder joint"
      }, {
        "code": "S43003A",
        "display": "Unsp subluxation of unspecified shoulder joint, init encntr"
      }, {
        "code": "S43003D",
        "display": "Unsp subluxation of unspecified shoulder joint, subs encntr"
      }, {
        "code": "S43003S",
        "display": "Unsp subluxation of unspecified shoulder joint, sequela"
      }, {
        "code": "S43004",
        "display": "Unspecified dislocation of right shoulder joint"
      }, {
        "code": "S43004A",
        "display": "Unspecified dislocation of right shoulder joint, init encntr"
      }, {
        "code": "S43004D",
        "display": "Unspecified dislocation of right shoulder joint, subs encntr"
      }, {
        "code": "S43004S",
        "display": "Unspecified dislocation of right shoulder joint, sequela"
      }, {
        "code": "S43005",
        "display": "Unspecified dislocation of left shoulder joint"
      }, {
        "code": "S43005A",
        "display": "Unspecified dislocation of left shoulder joint, init encntr"
      }, {
        "code": "S43005D",
        "display": "Unspecified dislocation of left shoulder joint, subs encntr"
      }, {
        "code": "S43005S",
        "display": "Unspecified dislocation of left shoulder joint, sequela"
      }, {
        "code": "S43006",
        "display": "Unspecified dislocation of unspecified shoulder joint"
      }, {
        "code": "S43006A",
        "display": "Unsp dislocation of unspecified shoulder joint, init encntr"
      }, {
        "code": "S43006D",
        "display": "Unsp dislocation of unspecified shoulder joint, subs encntr"
      }, {
        "code": "S43006S",
        "display": "Unsp dislocation of unspecified shoulder joint, sequela"
      }, {
        "code": "S4301",
        "display": "Anterior subluxation and dislocation of humerus"
      }, {
        "code": "S43011",
        "display": "Anterior subluxation of right humerus"
      }, {
        "code": "S43011A",
        "display": "Anterior subluxation of right humerus, initial encounter"
      }, {
        "code": "S43011D",
        "display": "Anterior subluxation of right humerus, subsequent encounter"
      }, {
        "code": "S43011S",
        "display": "Anterior subluxation of right humerus, sequela"
      }, {
        "code": "S43012",
        "display": "Anterior subluxation of left humerus"
      }, {
        "code": "S43012A",
        "display": "Anterior subluxation of left humerus, initial encounter"
      }, {
        "code": "S43012D",
        "display": "Anterior subluxation of left humerus, subsequent encounter"
      }, {
        "code": "S43012S",
        "display": "Anterior subluxation of left humerus, sequela"
      }, {
        "code": "S43013",
        "display": "Anterior subluxation of unspecified humerus"
      }, {
        "code": "S43013A",
        "display": "Anterior subluxation of unspecified humerus, init encntr"
      }, {
        "code": "S43013D",
        "display": "Anterior subluxation of unspecified humerus, subs encntr"
      }, {
        "code": "S43013S",
        "display": "Anterior subluxation of unspecified humerus, sequela"
      }, {
        "code": "S43014",
        "display": "Anterior dislocation of right humerus"
      }, {
        "code": "S43014A",
        "display": "Anterior dislocation of right humerus, initial encounter"
      }, {
        "code": "S43014D",
        "display": "Anterior dislocation of right humerus, subsequent encounter"
      }, {
        "code": "S43014S",
        "display": "Anterior dislocation of right humerus, sequela"
      }, {
        "code": "S43015",
        "display": "Anterior dislocation of left humerus"
      }, {
        "code": "S43015A",
        "display": "Anterior dislocation of left humerus, initial encounter"
      }, {
        "code": "S43015D",
        "display": "Anterior dislocation of left humerus, subsequent encounter"
      }, {
        "code": "S43015S",
        "display": "Anterior dislocation of left humerus, sequela"
      }, {
        "code": "S43016",
        "display": "Anterior dislocation of unspecified humerus"
      }, {
        "code": "S43016A",
        "display": "Anterior dislocation of unspecified humerus, init encntr"
      }, {
        "code": "S43016D",
        "display": "Anterior dislocation of unspecified humerus, subs encntr"
      }, {
        "code": "S43016S",
        "display": "Anterior dislocation of unspecified humerus, sequela"
      }, {
        "code": "S4302",
        "display": "Posterior subluxation and dislocation of humerus"
      }, {
        "code": "S43021",
        "display": "Posterior subluxation of right humerus"
      }, {
        "code": "S43021A",
        "display": "Posterior subluxation of right humerus, initial encounter"
      }, {
        "code": "S43021D",
        "display": "Posterior subluxation of right humerus, subsequent encounter"
      }, {
        "code": "S43021S",
        "display": "Posterior subluxation of right humerus, sequela"
      }, {
        "code": "S43022",
        "display": "Posterior subluxation of left humerus"
      }, {
        "code": "S43022A",
        "display": "Posterior subluxation of left humerus, initial encounter"
      }, {
        "code": "S43022D",
        "display": "Posterior subluxation of left humerus, subsequent encounter"
      }, {
        "code": "S43022S",
        "display": "Posterior subluxation of left humerus, sequela"
      }, {
        "code": "S43023",
        "display": "Posterior subluxation of unspecified humerus"
      }, {
        "code": "S43023A",
        "display": "Posterior subluxation of unspecified humerus, init encntr"
      }, {
        "code": "S43023D",
        "display": "Posterior subluxation of unspecified humerus, subs encntr"
      }, {
        "code": "S43023S",
        "display": "Posterior subluxation of unspecified humerus, sequela"
      }, {
        "code": "S43024",
        "display": "Posterior dislocation of right humerus"
      }, {
        "code": "S43024A",
        "display": "Posterior dislocation of right humerus, initial encounter"
      }, {
        "code": "S43024D",
        "display": "Posterior dislocation of right humerus, subsequent encounter"
      }, {
        "code": "S43024S",
        "display": "Posterior dislocation of right humerus, sequela"
      }, {
        "code": "S43025",
        "display": "Posterior dislocation of left humerus"
      }, {
        "code": "S43025A",
        "display": "Posterior dislocation of left humerus, initial encounter"
      }, {
        "code": "S43025D",
        "display": "Posterior dislocation of left humerus, subsequent encounter"
      }, {
        "code": "S43025S",
        "display": "Posterior dislocation of left humerus, sequela"
      }, {
        "code": "S43026",
        "display": "Posterior dislocation of unspecified humerus"
      }, {
        "code": "S43026A",
        "display": "Posterior dislocation of unspecified humerus, init encntr"
      }, {
        "code": "S43026D",
        "display": "Posterior dislocation of unspecified humerus, subs encntr"
      }, {
        "code": "S43026S",
        "display": "Posterior dislocation of unspecified humerus, sequela"
      }, {
        "code": "S4303",
        "display": "Inferior subluxation and dislocation of humerus"
      }, {
        "code": "S43031",
        "display": "Inferior subluxation of right humerus"
      }, {
        "code": "S43031A",
        "display": "Inferior subluxation of right humerus, initial encounter"
      }, {
        "code": "S43031D",
        "display": "Inferior subluxation of right humerus, subsequent encounter"
      }, {
        "code": "S43031S",
        "display": "Inferior subluxation of right humerus, sequela"
      }, {
        "code": "S43032",
        "display": "Inferior subluxation of left humerus"
      }, {
        "code": "S43032A",
        "display": "Inferior subluxation of left humerus, initial encounter"
      }, {
        "code": "S43032D",
        "display": "Inferior subluxation of left humerus, subsequent encounter"
      }, {
        "code": "S43032S",
        "display": "Inferior subluxation of left humerus, sequela"
      }, {
        "code": "S43033",
        "display": "Inferior subluxation of unspecified humerus"
      }, {
        "code": "S43033A",
        "display": "Inferior subluxation of unspecified humerus, init encntr"
      }, {
        "code": "S43033D",
        "display": "Inferior subluxation of unspecified humerus, subs encntr"
      }, {
        "code": "S43033S",
        "display": "Inferior subluxation of unspecified humerus, sequela"
      }, {
        "code": "S43034",
        "display": "Inferior dislocation of right humerus"
      }, {
        "code": "S43034A",
        "display": "Inferior dislocation of right humerus, initial encounter"
      }, {
        "code": "S43034D",
        "display": "Inferior dislocation of right humerus, subsequent encounter"
      }, {
        "code": "S43034S",
        "display": "Inferior dislocation of right humerus, sequela"
      }, {
        "code": "S43035",
        "display": "Inferior dislocation of left humerus"
      }, {
        "code": "S43035A",
        "display": "Inferior dislocation of left humerus, initial encounter"
      }, {
        "code": "S43035D",
        "display": "Inferior dislocation of left humerus, subsequent encounter"
      }, {
        "code": "S43035S",
        "display": "Inferior dislocation of left humerus, sequela"
      }, {
        "code": "S43036",
        "display": "Inferior dislocation of unspecified humerus"
      }, {
        "code": "S43036A",
        "display": "Inferior dislocation of unspecified humerus, init encntr"
      }, {
        "code": "S43036D",
        "display": "Inferior dislocation of unspecified humerus, subs encntr"
      }, {
        "code": "S43036S",
        "display": "Inferior dislocation of unspecified humerus, sequela"
      }, {
        "code": "S4308",
        "display": "Other subluxation and dislocation of shoulder joint"
      }, {
        "code": "S43081",
        "display": "Other subluxation of right shoulder joint"
      }, {
        "code": "S43081A",
        "display": "Other subluxation of right shoulder joint, initial encounter"
      }, {
        "code": "S43081D",
        "display": "Other subluxation of right shoulder joint, subs encntr"
      }, {
        "code": "S43081S",
        "display": "Other subluxation of right shoulder joint, sequela"
      }, {
        "code": "S43082",
        "display": "Other subluxation of left shoulder joint"
      }, {
        "code": "S43082A",
        "display": "Other subluxation of left shoulder joint, initial encounter"
      }, {
        "code": "S43082D",
        "display": "Other subluxation of left shoulder joint, subs encntr"
      }, {
        "code": "S43082S",
        "display": "Other subluxation of left shoulder joint, sequela"
      }, {
        "code": "S43083",
        "display": "Other subluxation of unspecified shoulder joint"
      }, {
        "code": "S43083A",
        "display": "Other subluxation of unspecified shoulder joint, init encntr"
      }, {
        "code": "S43083D",
        "display": "Other subluxation of unspecified shoulder joint, subs encntr"
      }, {
        "code": "S43083S",
        "display": "Other subluxation of unspecified shoulder joint, sequela"
      }, {
        "code": "S43084",
        "display": "Other dislocation of right shoulder joint"
      }, {
        "code": "S43084A",
        "display": "Other dislocation of right shoulder joint, initial encounter"
      }, {
        "code": "S43084D",
        "display": "Other dislocation of right shoulder joint, subs encntr"
      }, {
        "code": "S43084S",
        "display": "Other dislocation of right shoulder joint, sequela"
      }, {
        "code": "S43085",
        "display": "Other dislocation of left shoulder joint"
      }, {
        "code": "S43085A",
        "display": "Other dislocation of left shoulder joint, initial encounter"
      }, {
        "code": "S43085D",
        "display": "Other dislocation of left shoulder joint, subs encntr"
      }, {
        "code": "S43085S",
        "display": "Other dislocation of left shoulder joint, sequela"
      }, {
        "code": "S43086",
        "display": "Other dislocation of unspecified shoulder joint"
      }, {
        "code": "S43086A",
        "display": "Other dislocation of unspecified shoulder joint, init encntr"
      }, {
        "code": "S43086D",
        "display": "Other dislocation of unspecified shoulder joint, subs encntr"
      }, {
        "code": "S43086S",
        "display": "Other dislocation of unspecified shoulder joint, sequela"
      }, {
        "code": "S431",
        "display": "Subluxation and dislocation of acromioclavicular joint"
      }, {
        "code": "S4310",
        "display": "Unspecified dislocation of acromioclavicular joint"
      }, {
        "code": "S43101",
        "display": "Unspecified dislocation of right acromioclavicular joint"
      }, {
        "code": "S43101A",
        "display": "Unsp dislocation of right acromioclavicular joint, init"
      }, {
        "code": "S43101D",
        "display": "Unsp dislocation of right acromioclavicular joint, subs"
      }, {
        "code": "S43101S",
        "display": "Unsp dislocation of right acromioclavicular joint, sequela"
      }, {
        "code": "S43102",
        "display": "Unspecified dislocation of left acromioclavicular joint"
      }, {
        "code": "S43102A",
        "display": "Unsp dislocation of left acromioclavicular joint, init"
      }, {
        "code": "S43102D",
        "display": "Unsp dislocation of left acromioclavicular joint, subs"
      }, {
        "code": "S43102S",
        "display": "Unsp dislocation of left acromioclavicular joint, sequela"
      }, {
        "code": "S43109",
        "display": "Unsp dislocation of unspecified acromioclavicular joint"
      }, {
        "code": "S43109A",
        "display": "Unsp dislocation of unsp acromioclavicular joint, init"
      }, {
        "code": "S43109D",
        "display": "Unsp dislocation of unsp acromioclavicular joint, subs"
      }, {
        "code": "S43109S",
        "display": "Unsp dislocation of unsp acromioclavicular joint, sequela"
      }, {
        "code": "S4311",
        "display": "Subluxation of acromioclavicular joint"
      }, {
        "code": "S43111",
        "display": "Subluxation of right acromioclavicular joint"
      }, {
        "code": "S43111A",
        "display": "Subluxation of right acromioclavicular joint, init encntr"
      }, {
        "code": "S43111D",
        "display": "Subluxation of right acromioclavicular joint, subs encntr"
      }, {
        "code": "S43111S",
        "display": "Subluxation of right acromioclavicular joint, sequela"
      }, {
        "code": "S43112",
        "display": "Subluxation of left acromioclavicular joint"
      }, {
        "code": "S43112A",
        "display": "Subluxation of left acromioclavicular joint, init encntr"
      }, {
        "code": "S43112D",
        "display": "Subluxation of left acromioclavicular joint, subs encntr"
      }, {
        "code": "S43112S",
        "display": "Subluxation of left acromioclavicular joint, sequela"
      }, {
        "code": "S43119",
        "display": "Subluxation of unspecified acromioclavicular joint"
      }, {
        "code": "S43119A",
        "display": "Subluxation of unsp acromioclavicular joint, init encntr"
      }, {
        "code": "S43119D",
        "display": "Subluxation of unsp acromioclavicular joint, subs encntr"
      }, {
        "code": "S43119S",
        "display": "Subluxation of unspecified acromioclavicular joint, sequela"
      }, {
        "code": "S4312",
        "display": "Dislocation of acromioclav jt, 100%-200% displacement"
      }, {
        "code": "S43121",
        "display": "Dislocation of r acromioclav jt, 100%-200% displacement"
      }, {
        "code": "S43121A",
        "display": "Dislocation of r acromioclav jt, 100%-200% displacmnt, init"
      }, {
        "code": "S43121D",
        "display": "Dislocation of r acromioclav jt, 100%-200% displacmnt, subs"
      }, {
        "code": "S43121S",
        "display": "Disloc of r acromioclav jt, 100%-200% displacmnt, sequela"
      }, {
        "code": "S43122",
        "display": "Dislocation of l acromioclav jt, 100%-200% displacement"
      }, {
        "code": "S43122A",
        "display": "Dislocation of l acromioclav jt, 100%-200% displacmnt, init"
      }, {
        "code": "S43122D",
        "display": "Dislocation of l acromioclav jt, 100%-200% displacmnt, subs"
      }, {
        "code": "S43122S",
        "display": "Disloc of l acromioclav jt, 100%-200% displacmnt, sequela"
      }, {
        "code": "S43129",
        "display": "Dislocation of unsp acromioclav jt, 100%-200% displacement"
      }, {
        "code": "S43129A",
        "display": "Disloc of unsp acromioclav jt, 100%-200% displacmnt, init"
      }, {
        "code": "S43129D",
        "display": "Disloc of unsp acromioclav jt, 100%-200% displacmnt, subs"
      }, {
        "code": "S43129S",
        "display": "Disloc of unsp acromioclav jt, 100%-200% displacmnt, sequela"
      }, {
        "code": "S4313",
        "display": "Dislocation of acromioclav jt, greater than 200% displacmnt"
      }, {
        "code": "S43131",
        "display": "Dislocation of r acromioclav jt, > 200% displacmnt"
      }, {
        "code": "S43131A",
        "display": "Dislocation of r acromioclav jt, > 200% displacmnt, init"
      }, {
        "code": "S43131D",
        "display": "Dislocation of r acromioclav jt, > 200% displacmnt, subs"
      }, {
        "code": "S43131S",
        "display": "Dislocation of r acromioclav jt, > 200% displacmnt, sequela"
      }, {
        "code": "S43132",
        "display": "Dislocation of l acromioclav jt, > 200% displacmnt"
      }, {
        "code": "S43132A",
        "display": "Dislocation of l acromioclav jt, > 200% displacmnt, init"
      }, {
        "code": "S43132D",
        "display": "Dislocation of l acromioclav jt, > 200% displacmnt, subs"
      }, {
        "code": "S43132S",
        "display": "Dislocation of l acromioclav jt, > 200% displacmnt, sequela"
      }, {
        "code": "S43139",
        "display": "Dislocation of unsp acromioclav jt, > 200% displacmnt"
      }, {
        "code": "S43139A",
        "display": "Dislocation of unsp acromioclav jt, > 200% displacmnt, init"
      }, {
        "code": "S43139D",
        "display": "Dislocation of unsp acromioclav jt, > 200% displacmnt, subs"
      }, {
        "code": "S43139S",
        "display": "Disloc of unsp acromioclav jt, > 200% displacmnt, sequela"
      }, {
        "code": "S4314",
        "display": "Inferior dislocation of acromioclavicular joint"
      }, {
        "code": "S43141",
        "display": "Inferior dislocation of right acromioclavicular joint"
      }, {
        "code": "S43141A",
        "display": "Inferior dislocation of right acromioclavicular joint, init"
      }, {
        "code": "S43141D",
        "display": "Inferior dislocation of right acromioclavicular joint, subs"
      }, {
        "code": "S43141S",
        "display": "Inferior dislocation of r acromioclav jt, sequela"
      }, {
        "code": "S43142",
        "display": "Inferior dislocation of left acromioclavicular joint"
      }, {
        "code": "S43142A",
        "display": "Inferior dislocation of left acromioclavicular joint, init"
      }, {
        "code": "S43142D",
        "display": "Inferior dislocation of left acromioclavicular joint, subs"
      }, {
        "code": "S43142S",
        "display": "Inferior dislocation of l acromioclav jt, sequela"
      }, {
        "code": "S43149",
        "display": "Inferior dislocation of unspecified acromioclavicular joint"
      }, {
        "code": "S43149A",
        "display": "Inferior dislocation of unsp acromioclavicular joint, init"
      }, {
        "code": "S43149D",
        "display": "Inferior dislocation of unsp acromioclavicular joint, subs"
      }, {
        "code": "S43149S",
        "display": "Inferior dislocation of unsp acromioclav jt, sequela"
      }, {
        "code": "S4315",
        "display": "Posterior dislocation of acromioclavicular joint"
      }, {
        "code": "S43151",
        "display": "Posterior dislocation of right acromioclavicular joint"
      }, {
        "code": "S43151A",
        "display": "Posterior dislocation of right acromioclavicular joint, init"
      }, {
        "code": "S43151D",
        "display": "Posterior dislocation of right acromioclavicular joint, subs"
      }, {
        "code": "S43151S",
        "display": "Posterior dislocation of r acromioclav jt, sequela"
      }, {
        "code": "S43152",
        "display": "Posterior dislocation of left acromioclavicular joint"
      }, {
        "code": "S43152A",
        "display": "Posterior dislocation of left acromioclavicular joint, init"
      }, {
        "code": "S43152D",
        "display": "Posterior dislocation of left acromioclavicular joint, subs"
      }, {
        "code": "S43152S",
        "display": "Posterior dislocation of l acromioclav jt, sequela"
      }, {
        "code": "S43159",
        "display": "Posterior dislocation of unspecified acromioclavicular joint"
      }, {
        "code": "S43159A",
        "display": "Posterior dislocation of unsp acromioclavicular joint, init"
      }, {
        "code": "S43159D",
        "display": "Posterior dislocation of unsp acromioclavicular joint, subs"
      }, {
        "code": "S43159S",
        "display": "Posterior dislocation of unsp acromioclav jt, sequela"
      }, {
        "code": "S432",
        "display": "Subluxation and dislocation of sternoclavicular joint"
      }, {
        "code": "S4320",
        "display": "Unsp subluxation and dislocation of sternoclavicular joint"
      }, {
        "code": "S43201",
        "display": "Unspecified subluxation of right sternoclavicular joint"
      }, {
        "code": "S43201A",
        "display": "Unsp subluxation of right sternoclavicular joint, init"
      }, {
        "code": "S43201D",
        "display": "Unsp subluxation of right sternoclavicular joint, subs"
      }, {
        "code": "S43201S",
        "display": "Unsp subluxation of right sternoclavicular joint, sequela"
      }, {
        "code": "S43202",
        "display": "Unspecified subluxation of left sternoclavicular joint"
      }, {
        "code": "S43202A",
        "display": "Unsp subluxation of left sternoclavicular joint, init encntr"
      }, {
        "code": "S43202D",
        "display": "Unsp subluxation of left sternoclavicular joint, subs encntr"
      }, {
        "code": "S43202S",
        "display": "Unsp subluxation of left sternoclavicular joint, sequela"
      }, {
        "code": "S43203",
        "display": "Unsp subluxation of unspecified sternoclavicular joint"
      }, {
        "code": "S43203A",
        "display": "Unsp subluxation of unsp sternoclavicular joint, init encntr"
      }, {
        "code": "S43203D",
        "display": "Unsp subluxation of unsp sternoclavicular joint, subs encntr"
      }, {
        "code": "S43203S",
        "display": "Unsp subluxation of unsp sternoclavicular joint, sequela"
      }, {
        "code": "S43204",
        "display": "Unspecified dislocation of right sternoclavicular joint"
      }, {
        "code": "S43204A",
        "display": "Unsp dislocation of right sternoclavicular joint, init"
      }, {
        "code": "S43204D",
        "display": "Unsp dislocation of right sternoclavicular joint, subs"
      }, {
        "code": "S43204S",
        "display": "Unsp dislocation of right sternoclavicular joint, sequela"
      }, {
        "code": "S43205",
        "display": "Unspecified dislocation of left sternoclavicular joint"
      }, {
        "code": "S43205A",
        "display": "Unsp dislocation of left sternoclavicular joint, init encntr"
      }, {
        "code": "S43205D",
        "display": "Unsp dislocation of left sternoclavicular joint, subs encntr"
      }, {
        "code": "S43205S",
        "display": "Unsp dislocation of left sternoclavicular joint, sequela"
      }, {
        "code": "S43206",
        "display": "Unsp dislocation of unspecified sternoclavicular joint"
      }, {
        "code": "S43206A",
        "display": "Unsp dislocation of unsp sternoclavicular joint, init encntr"
      }, {
        "code": "S43206D",
        "display": "Unsp dislocation of unsp sternoclavicular joint, subs encntr"
      }, {
        "code": "S43206S",
        "display": "Unsp dislocation of unsp sternoclavicular joint, sequela"
      }, {
        "code": "S4321",
        "display": "Anterior subluxation and dislocation of sternoclav jt"
      }, {
        "code": "S43211",
        "display": "Anterior subluxation of right sternoclavicular joint"
      }, {
        "code": "S43211A",
        "display": "Anterior subluxation of right sternoclavicular joint, init"
      }, {
        "code": "S43211D",
        "display": "Anterior subluxation of right sternoclavicular joint, subs"
      }, {
        "code": "S43211S",
        "display": "Anterior subluxation of r sternoclav jt, sequela"
      }, {
        "code": "S43212",
        "display": "Anterior subluxation of left sternoclavicular joint"
      }, {
        "code": "S43212A",
        "display": "Anterior subluxation of left sternoclavicular joint, init"
      }, {
        "code": "S43212D",
        "display": "Anterior subluxation of left sternoclavicular joint, subs"
      }, {
        "code": "S43212S",
        "display": "Anterior subluxation of left sternoclavicular joint, sequela"
      }, {
        "code": "S43213",
        "display": "Anterior subluxation of unspecified sternoclavicular joint"
      }, {
        "code": "S43213A",
        "display": "Anterior subluxation of unsp sternoclavicular joint, init"
      }, {
        "code": "S43213D",
        "display": "Anterior subluxation of unsp sternoclavicular joint, subs"
      }, {
        "code": "S43213S",
        "display": "Anterior subluxation of unsp sternoclavicular joint, sequela"
      }, {
        "code": "S43214",
        "display": "Anterior dislocation of right sternoclavicular joint"
      }, {
        "code": "S43214A",
        "display": "Anterior dislocation of right sternoclavicular joint, init"
      }, {
        "code": "S43214D",
        "display": "Anterior dislocation of right sternoclavicular joint, subs"
      }, {
        "code": "S43214S",
        "display": "Anterior dislocation of r sternoclav jt, sequela"
      }, {
        "code": "S43215",
        "display": "Anterior dislocation of left sternoclavicular joint"
      }, {
        "code": "S43215A",
        "display": "Anterior dislocation of left sternoclavicular joint, init"
      }, {
        "code": "S43215D",
        "display": "Anterior dislocation of left sternoclavicular joint, subs"
      }, {
        "code": "S43215S",
        "display": "Anterior dislocation of left sternoclavicular joint, sequela"
      }, {
        "code": "S43216",
        "display": "Anterior dislocation of unspecified sternoclavicular joint"
      }, {
        "code": "S43216A",
        "display": "Anterior dislocation of unsp sternoclavicular joint, init"
      }, {
        "code": "S43216D",
        "display": "Anterior dislocation of unsp sternoclavicular joint, subs"
      }, {
        "code": "S43216S",
        "display": "Anterior dislocation of unsp sternoclavicular joint, sequela"
      }, {
        "code": "S4322",
        "display": "Posterior subluxation and dislocation of sternoclav jt"
      }, {
        "code": "S43221",
        "display": "Posterior subluxation of right sternoclavicular joint"
      }, {
        "code": "S43221A",
        "display": "Posterior subluxation of right sternoclavicular joint, init"
      }, {
        "code": "S43221D",
        "display": "Posterior subluxation of right sternoclavicular joint, subs"
      }, {
        "code": "S43221S",
        "display": "Posterior subluxation of r sternoclav jt, sequela"
      }, {
        "code": "S43222",
        "display": "Posterior subluxation of left sternoclavicular joint"
      }, {
        "code": "S43222A",
        "display": "Posterior subluxation of left sternoclavicular joint, init"
      }, {
        "code": "S43222D",
        "display": "Posterior subluxation of left sternoclavicular joint, subs"
      }, {
        "code": "S43222S",
        "display": "Posterior subluxation of l sternoclav jt, sequela"
      }, {
        "code": "S43223",
        "display": "Posterior subluxation of unspecified sternoclavicular joint"
      }, {
        "code": "S43223A",
        "display": "Posterior subluxation of unsp sternoclavicular joint, init"
      }, {
        "code": "S43223D",
        "display": "Posterior subluxation of unsp sternoclavicular joint, subs"
      }, {
        "code": "S43223S",
        "display": "Posterior subluxation of unsp sternoclav jt, sequela"
      }, {
        "code": "S43224",
        "display": "Posterior dislocation of right sternoclavicular joint"
      }, {
        "code": "S43224A",
        "display": "Posterior dislocation of right sternoclavicular joint, init"
      }, {
        "code": "S43224D",
        "display": "Posterior dislocation of right sternoclavicular joint, subs"
      }, {
        "code": "S43224S",
        "display": "Posterior dislocation of r sternoclav jt, sequela"
      }, {
        "code": "S43225",
        "display": "Posterior dislocation of left sternoclavicular joint"
      }, {
        "code": "S43225A",
        "display": "Posterior dislocation of left sternoclavicular joint, init"
      }, {
        "code": "S43225D",
        "display": "Posterior dislocation of left sternoclavicular joint, subs"
      }, {
        "code": "S43225S",
        "display": "Posterior dislocation of l sternoclav jt, sequela"
      }, {
        "code": "S43226",
        "display": "Posterior dislocation of unspecified sternoclavicular joint"
      }, {
        "code": "S43226A",
        "display": "Posterior dislocation of unsp sternoclavicular joint, init"
      }, {
        "code": "S43226D",
        "display": "Posterior dislocation of unsp sternoclavicular joint, subs"
      }, {
        "code": "S43226S",
        "display": "Posterior dislocation of unsp sternoclav jt, sequela"
      }, {
        "code": "S433",
        "display": "Subluxation and disloc of and unsp parts of shoulder girdle"
      }, {
        "code": "S4330",
        "display": "Subluxation and dislocation of unsp parts of shoulder girdle"
      }, {
        "code": "S43301",
        "display": "Subluxation of unspecified parts of right shoulder girdle"
      }, {
        "code": "S43301A",
        "display": "Subluxation of unsp parts of right shoulder girdle, init"
      }, {
        "code": "S43301D",
        "display": "Subluxation of unsp parts of right shoulder girdle, subs"
      }, {
        "code": "S43301S",
        "display": "Subluxation of unsp parts of right shoulder girdle, sequela"
      }, {
        "code": "S43302",
        "display": "Subluxation of unspecified parts of left shoulder girdle"
      }, {
        "code": "S43302A",
        "display": "Subluxation of unsp parts of left shoulder girdle, init"
      }, {
        "code": "S43302D",
        "display": "Subluxation of unsp parts of left shoulder girdle, subs"
      }, {
        "code": "S43302S",
        "display": "Subluxation of unsp parts of left shoulder girdle, sequela"
      }, {
        "code": "S43303",
        "display": "Subluxation of unsp parts of unspecified shoulder girdle"
      }, {
        "code": "S43303A",
        "display": "Subluxation of unsp parts of unsp shoulder girdle, init"
      }, {
        "code": "S43303D",
        "display": "Subluxation of unsp parts of unsp shoulder girdle, subs"
      }, {
        "code": "S43303S",
        "display": "Subluxation of unsp parts of unsp shoulder girdle, sequela"
      }, {
        "code": "S43304",
        "display": "Dislocation of unspecified parts of right shoulder girdle"
      }, {
        "code": "S43304A",
        "display": "Dislocation of unsp parts of right shoulder girdle, init"
      }, {
        "code": "S43304D",
        "display": "Dislocation of unsp parts of right shoulder girdle, subs"
      }, {
        "code": "S43304S",
        "display": "Dislocation of unsp parts of right shoulder girdle, sequela"
      }, {
        "code": "S43305",
        "display": "Dislocation of unspecified parts of left shoulder girdle"
      }, {
        "code": "S43305A",
        "display": "Dislocation of unsp parts of left shoulder girdle, init"
      }, {
        "code": "S43305D",
        "display": "Dislocation of unsp parts of left shoulder girdle, subs"
      }, {
        "code": "S43305S",
        "display": "Dislocation of unsp parts of left shoulder girdle, sequela"
      }, {
        "code": "S43306",
        "display": "Dislocation of unsp parts of unspecified shoulder girdle"
      }, {
        "code": "S43306A",
        "display": "Dislocation of unsp parts of unsp shoulder girdle, init"
      }, {
        "code": "S43306D",
        "display": "Dislocation of unsp parts of unsp shoulder girdle, subs"
      }, {
        "code": "S43306S",
        "display": "Dislocation of unsp parts of unsp shoulder girdle, sequela"
      }, {
        "code": "S4331",
        "display": "Subluxation and dislocation of scapula"
      }, {
        "code": "S43311",
        "display": "Subluxation of right scapula"
      }, {
        "code": "S43311A",
        "display": "Subluxation of right scapula, initial encounter"
      }, {
        "code": "S43311D",
        "display": "Subluxation of right scapula, subsequent encounter"
      }, {
        "code": "S43311S",
        "display": "Subluxation of right scapula, sequela"
      }, {
        "code": "S43312",
        "display": "Subluxation of left scapula"
      }, {
        "code": "S43312A",
        "display": "Subluxation of left scapula, initial encounter"
      }, {
        "code": "S43312D",
        "display": "Subluxation of left scapula, subsequent encounter"
      }, {
        "code": "S43312S",
        "display": "Subluxation of left scapula, sequela"
      }, {
        "code": "S43313",
        "display": "Subluxation of unspecified scapula"
      }, {
        "code": "S43313A",
        "display": "Subluxation of unspecified scapula, initial encounter"
      }, {
        "code": "S43313D",
        "display": "Subluxation of unspecified scapula, subsequent encounter"
      }, {
        "code": "S43313S",
        "display": "Subluxation of unspecified scapula, sequela"
      }, {
        "code": "S43314",
        "display": "Dislocation of right scapula"
      }, {
        "code": "S43314A",
        "display": "Dislocation of right scapula, initial encounter"
      }, {
        "code": "S43314D",
        "display": "Dislocation of right scapula, subsequent encounter"
      }, {
        "code": "S43314S",
        "display": "Dislocation of right scapula, sequela"
      }, {
        "code": "S43315",
        "display": "Dislocation of left scapula"
      }, {
        "code": "S43315A",
        "display": "Dislocation of left scapula, initial encounter"
      }, {
        "code": "S43315D",
        "display": "Dislocation of left scapula, subsequent encounter"
      }, {
        "code": "S43315S",
        "display": "Dislocation of left scapula, sequela"
      }, {
        "code": "S43316",
        "display": "Dislocation of unspecified scapula"
      }, {
        "code": "S43316A",
        "display": "Dislocation of unspecified scapula, initial encounter"
      }, {
        "code": "S43316D",
        "display": "Dislocation of unspecified scapula, subsequent encounter"
      }, {
        "code": "S43316S",
        "display": "Dislocation of unspecified scapula, sequela"
      }, {
        "code": "S4339",
        "display": "Subluxation and dislocation of oth parts of shoulder girdle"
      }, {
        "code": "S43391",
        "display": "Subluxation of other parts of right shoulder girdle"
      }, {
        "code": "S43391A",
        "display": "Subluxation of oth prt right shoulder girdle, init encntr"
      }, {
        "code": "S43391D",
        "display": "Subluxation of oth prt right shoulder girdle, subs encntr"
      }, {
        "code": "S43391S",
        "display": "Subluxation of other parts of right shoulder girdle, sequela"
      }, {
        "code": "S43392",
        "display": "Subluxation of other parts of left shoulder girdle"
      }, {
        "code": "S43392A",
        "display": "Subluxation of oth prt left shoulder girdle, init encntr"
      }, {
        "code": "S43392D",
        "display": "Subluxation of oth prt left shoulder girdle, subs encntr"
      }, {
        "code": "S43392S",
        "display": "Subluxation of other parts of left shoulder girdle, sequela"
      }, {
        "code": "S43393",
        "display": "Subluxation of other parts of unspecified shoulder girdle"
      }, {
        "code": "S43393A",
        "display": "Subluxation of oth prt unsp shoulder girdle, init encntr"
      }, {
        "code": "S43393D",
        "display": "Subluxation of oth prt unsp shoulder girdle, subs encntr"
      }, {
        "code": "S43393S",
        "display": "Subluxation of other parts of unsp shoulder girdle, sequela"
      }, {
        "code": "S43394",
        "display": "Dislocation of other parts of right shoulder girdle"
      }, {
        "code": "S43394A",
        "display": "Dislocation of oth prt right shoulder girdle, init encntr"
      }, {
        "code": "S43394D",
        "display": "Dislocation of oth prt right shoulder girdle, subs encntr"
      }, {
        "code": "S43394S",
        "display": "Dislocation of other parts of right shoulder girdle, sequela"
      }, {
        "code": "S43395",
        "display": "Dislocation of other parts of left shoulder girdle"
      }, {
        "code": "S43395A",
        "display": "Dislocation of oth prt left shoulder girdle, init encntr"
      }, {
        "code": "S43395D",
        "display": "Dislocation of oth prt left shoulder girdle, subs encntr"
      }, {
        "code": "S43395S",
        "display": "Dislocation of other parts of left shoulder girdle, sequela"
      }, {
        "code": "S43396",
        "display": "Dislocation of other parts of unspecified shoulder girdle"
      }, {
        "code": "S43396A",
        "display": "Dislocation of oth prt unsp shoulder girdle, init encntr"
      }, {
        "code": "S43396D",
        "display": "Dislocation of oth prt unsp shoulder girdle, subs encntr"
      }, {
        "code": "S43396S",
        "display": "Dislocation of other parts of unsp shoulder girdle, sequela"
      }, {
        "code": "S434",
        "display": "Sprain of shoulder joint"
      }, {
        "code": "S4340",
        "display": "Unspecified sprain of shoulder joint"
      }, {
        "code": "S43401",
        "display": "Unspecified sprain of right shoulder joint"
      }, {
        "code": "S43401A",
        "display": "Unspecified sprain of right shoulder joint, init encntr"
      }, {
        "code": "S43401D",
        "display": "Unspecified sprain of right shoulder joint, subs encntr"
      }, {
        "code": "S43401S",
        "display": "Unspecified sprain of right shoulder joint, sequela"
      }, {
        "code": "S43402",
        "display": "Unspecified sprain of left shoulder joint"
      }, {
        "code": "S43402A",
        "display": "Unspecified sprain of left shoulder joint, initial encounter"
      }, {
        "code": "S43402D",
        "display": "Unspecified sprain of left shoulder joint, subs encntr"
      }, {
        "code": "S43402S",
        "display": "Unspecified sprain of left shoulder joint, sequela"
      }, {
        "code": "S43409",
        "display": "Unspecified sprain of unspecified shoulder joint"
      }, {
        "code": "S43409A",
        "display": "Unsp sprain of unspecified shoulder joint, init encntr"
      }, {
        "code": "S43409D",
        "display": "Unsp sprain of unspecified shoulder joint, subs encntr"
      }, {
        "code": "S43409S",
        "display": "Unspecified sprain of unspecified shoulder joint, sequela"
      }, {
        "code": "S4341",
        "display": "Sprain of coracohumeral (ligament)"
      }, {
        "code": "S43411",
        "display": "Sprain of right coracohumeral (ligament)"
      }, {
        "code": "S43411A",
        "display": "Sprain of right coracohumeral (ligament), initial encounter"
      }, {
        "code": "S43411D",
        "display": "Sprain of right coracohumeral (ligament), subs encntr"
      }, {
        "code": "S43411S",
        "display": "Sprain of right coracohumeral (ligament), sequela"
      }, {
        "code": "S43412",
        "display": "Sprain of left coracohumeral (ligament)"
      }, {
        "code": "S43412A",
        "display": "Sprain of left coracohumeral (ligament), initial encounter"
      }, {
        "code": "S43412D",
        "display": "Sprain of left coracohumeral (ligament), subs encntr"
      }, {
        "code": "S43412S",
        "display": "Sprain of left coracohumeral (ligament), sequela"
      }, {
        "code": "S43419",
        "display": "Sprain of unspecified coracohumeral (ligament)"
      }, {
        "code": "S43419A",
        "display": "Sprain of unspecified coracohumeral (ligament), init encntr"
      }, {
        "code": "S43419D",
        "display": "Sprain of unspecified coracohumeral (ligament), subs encntr"
      }, {
        "code": "S43419S",
        "display": "Sprain of unspecified coracohumeral (ligament), sequela"
      }, {
        "code": "S4342",
        "display": "Sprain of rotator cuff capsule"
      }, {
        "code": "S43421",
        "display": "Sprain of right rotator cuff capsule"
      }, {
        "code": "S43421A",
        "display": "Sprain of right rotator cuff capsule, initial encounter"
      }, {
        "code": "S43421D",
        "display": "Sprain of right rotator cuff capsule, subsequent encounter"
      }, {
        "code": "S43421S",
        "display": "Sprain of right rotator cuff capsule, sequela"
      }, {
        "code": "S43422",
        "display": "Sprain of left rotator cuff capsule"
      }, {
        "code": "S43422A",
        "display": "Sprain of left rotator cuff capsule, initial encounter"
      }, {
        "code": "S43422D",
        "display": "Sprain of left rotator cuff capsule, subsequent encounter"
      }, {
        "code": "S43422S",
        "display": "Sprain of left rotator cuff capsule, sequela"
      }, {
        "code": "S43429",
        "display": "Sprain of unspecified rotator cuff capsule"
      }, {
        "code": "S43429A",
        "display": "Sprain of unspecified rotator cuff capsule, init encntr"
      }, {
        "code": "S43429D",
        "display": "Sprain of unspecified rotator cuff capsule, subs encntr"
      }, {
        "code": "S43429S",
        "display": "Sprain of unspecified rotator cuff capsule, sequela"
      }, {
        "code": "S4343",
        "display": "Superior glenoid labrum lesion"
      }, {
        "code": "S43431",
        "display": "Superior glenoid labrum lesion of right shoulder"
      }, {
        "code": "S43431A",
        "display": "Superior glenoid labrum lesion of right shoulder, init"
      }, {
        "code": "S43431D",
        "display": "Superior glenoid labrum lesion of right shoulder, subs"
      }, {
        "code": "S43431S",
        "display": "Superior glenoid labrum lesion of right shoulder, sequela"
      }, {
        "code": "S43432",
        "display": "Superior glenoid labrum lesion of left shoulder"
      }, {
        "code": "S43432A",
        "display": "Superior glenoid labrum lesion of left shoulder, init encntr"
      }, {
        "code": "S43432D",
        "display": "Superior glenoid labrum lesion of left shoulder, subs encntr"
      }, {
        "code": "S43432S",
        "display": "Superior glenoid labrum lesion of left shoulder, sequela"
      }, {
        "code": "S43439",
        "display": "Superior glenoid labrum lesion of unspecified shoulder"
      }, {
        "code": "S43439A",
        "display": "Superior glenoid labrum lesion of unsp shoulder, init encntr"
      }, {
        "code": "S43439D",
        "display": "Superior glenoid labrum lesion of unsp shoulder, subs encntr"
      }, {
        "code": "S43439S",
        "display": "Superior glenoid labrum lesion of unsp shoulder, sequela"
      }, {
        "code": "S4349",
        "display": "Other sprain of shoulder joint"
      }, {
        "code": "S43491",
        "display": "Other sprain of right shoulder joint"
      }, {
        "code": "S43491A",
        "display": "Other sprain of right shoulder joint, initial encounter"
      }, {
        "code": "S43491D",
        "display": "Other sprain of right shoulder joint, subsequent encounter"
      }, {
        "code": "S43491S",
        "display": "Other sprain of right shoulder joint, sequela"
      }, {
        "code": "S43492",
        "display": "Other sprain of left shoulder joint"
      }, {
        "code": "S43492A",
        "display": "Other sprain of left shoulder joint, initial encounter"
      }, {
        "code": "S43492D",
        "display": "Other sprain of left shoulder joint, subsequent encounter"
      }, {
        "code": "S43492S",
        "display": "Other sprain of left shoulder joint, sequela"
      }, {
        "code": "S43499",
        "display": "Other sprain of unspecified shoulder joint"
      }, {
        "code": "S43499A",
        "display": "Other sprain of unspecified shoulder joint, init encntr"
      }, {
        "code": "S43499D",
        "display": "Other sprain of unspecified shoulder joint, subs encntr"
      }, {
        "code": "S43499S",
        "display": "Other sprain of unspecified shoulder joint, sequela"
      }, {
        "code": "S435",
        "display": "Sprain of acromioclavicular joint"
      }, {
        "code": "S4350",
        "display": "Sprain of unspecified acromioclavicular joint"
      }, {
        "code": "S4350XA",
        "display": "Sprain of unspecified acromioclavicular joint, init encntr"
      }, {
        "code": "S4350XD",
        "display": "Sprain of unspecified acromioclavicular joint, subs encntr"
      }, {
        "code": "S4350XS",
        "display": "Sprain of unspecified acromioclavicular joint, sequela"
      }, {
        "code": "S4351",
        "display": "Sprain of right acromioclavicular joint"
      }, {
        "code": "S4351XA",
        "display": "Sprain of right acromioclavicular joint, initial encounter"
      }, {
        "code": "S4351XD",
        "display": "Sprain of right acromioclavicular joint, subs encntr"
      }, {
        "code": "S4351XS",
        "display": "Sprain of right acromioclavicular joint, sequela"
      }, {
        "code": "S4352",
        "display": "Sprain of left acromioclavicular joint"
      }, {
        "code": "S4352XA",
        "display": "Sprain of left acromioclavicular joint, initial encounter"
      }, {
        "code": "S4352XD",
        "display": "Sprain of left acromioclavicular joint, subsequent encounter"
      }, {
        "code": "S4352XS",
        "display": "Sprain of left acromioclavicular joint, sequela"
      }, {
        "code": "S436",
        "display": "Sprain of sternoclavicular joint"
      }, {
        "code": "S4360",
        "display": "Sprain of unspecified sternoclavicular joint"
      }, {
        "code": "S4360XA",
        "display": "Sprain of unspecified sternoclavicular joint, init encntr"
      }, {
        "code": "S4360XD",
        "display": "Sprain of unspecified sternoclavicular joint, subs encntr"
      }, {
        "code": "S4360XS",
        "display": "Sprain of unspecified sternoclavicular joint, sequela"
      }, {
        "code": "S4361",
        "display": "Sprain of right sternoclavicular joint"
      }, {
        "code": "S4361XA",
        "display": "Sprain of right sternoclavicular joint, initial encounter"
      }, {
        "code": "S4361XD",
        "display": "Sprain of right sternoclavicular joint, subsequent encounter"
      }, {
        "code": "S4361XS",
        "display": "Sprain of right sternoclavicular joint, sequela"
      }, {
        "code": "S4362",
        "display": "Sprain of left sternoclavicular joint"
      }, {
        "code": "S4362XA",
        "display": "Sprain of left sternoclavicular joint, initial encounter"
      }, {
        "code": "S4362XD",
        "display": "Sprain of left sternoclavicular joint, subsequent encounter"
      }, {
        "code": "S4362XS",
        "display": "Sprain of left sternoclavicular joint, sequela"
      }, {
        "code": "S438",
        "display": "Sprain of other specified parts of shoulder girdle"
      }, {
        "code": "S4380",
        "display": "Sprain of oth parts of unspecified shoulder girdle"
      }, {
        "code": "S4380XA",
        "display": "Sprain of oth parts of unsp shoulder girdle, init encntr"
      }, {
        "code": "S4380XD",
        "display": "Sprain of oth parts of unsp shoulder girdle, subs encntr"
      }, {
        "code": "S4380XS",
        "display": "Sprain of oth parts of unspecified shoulder girdle, sequela"
      }, {
        "code": "S4381",
        "display": "Sprain of other specified parts of right shoulder girdle"
      }, {
        "code": "S4381XA",
        "display": "Sprain of oth parts of right shoulder girdle, init encntr"
      }, {
        "code": "S4381XD",
        "display": "Sprain of oth parts of right shoulder girdle, subs encntr"
      }, {
        "code": "S4381XS",
        "display": "Sprain of oth parts of right shoulder girdle, sequela"
      }, {
        "code": "S4382",
        "display": "Sprain of other specified parts of left shoulder girdle"
      }, {
        "code": "S4382XA",
        "display": "Sprain of oth parts of left shoulder girdle, init encntr"
      }, {
        "code": "S4382XD",
        "display": "Sprain of oth parts of left shoulder girdle, subs encntr"
      }, {
        "code": "S4382XS",
        "display": "Sprain of oth parts of left shoulder girdle, sequela"
      }, {
        "code": "S439",
        "display": "Sprain of unspecified parts of shoulder girdle"
      }, {
        "code": "S4390",
        "display": "Sprain of unspecified parts of unspecified shoulder girdle"
      }, {
        "code": "S4390XA",
        "display": "Sprain of unsp parts of unsp shoulder girdle, init encntr"
      }, {
        "code": "S4390XD",
        "display": "Sprain of unsp parts of unsp shoulder girdle, subs encntr"
      }, {
        "code": "S4390XS",
        "display": "Sprain of unsp parts of unspecified shoulder girdle, sequela"
      }, {
        "code": "S4391",
        "display": "Sprain of unspecified parts of right shoulder girdle"
      }, {
        "code": "S4391XA",
        "display": "Sprain of unsp parts of right shoulder girdle, init encntr"
      }, {
        "code": "S4391XD",
        "display": "Sprain of unsp parts of right shoulder girdle, subs encntr"
      }, {
        "code": "S4391XS",
        "display": "Sprain of unsp parts of right shoulder girdle, sequela"
      }, {
        "code": "S4392",
        "display": "Sprain of unspecified parts of left shoulder girdle"
      }, {
        "code": "S4392XA",
        "display": "Sprain of unsp parts of left shoulder girdle, init encntr"
      }, {
        "code": "S4392XD",
        "display": "Sprain of unsp parts of left shoulder girdle, subs encntr"
      }, {
        "code": "S4392XS",
        "display": "Sprain of unspecified parts of left shoulder girdle, sequela"
      } ]
    } ]
  }
}