{
  "resourceType": "ValueSet",
  "id": "S23",
  "url": "http://hl7.org/fhir/sid/icd-10-cm-1401",
  "version": "1.0",
  "name": "Dislocation and sprain of joints and ligaments of thorax",
  "title": "Dislocation and sprain of joints and ligaments of thorax",
  "status": "active",
  "compose": {
    "include": [ {
      "system": "http://hl7.org/fhir/sid/icd-10-cm",
      "concept": [ {
        "code": "S230",
        "display": "Traumatic rupture of thoracic intervertebral disc"
      }, {
        "code": "S230XXA",
        "display": "Traumatic rupture of thoracic intervertebral disc, init"
      }, {
        "code": "S230XXD",
        "display": "Traumatic rupture of thoracic intervertebral disc, subs"
      }, {
        "code": "S230XXS",
        "display": "Traumatic rupture of thoracic intervertebral disc, sequela"
      }, {
        "code": "S231",
        "display": "Subluxation and dislocation of thoracic vertebra"
      }, {
        "code": "S2310",
        "display": "Subluxation and dislocation of unspecified thoracic vertebra"
      }, {
        "code": "S23100",
        "display": "Subluxation of unspecified thoracic vertebra"
      }, {
        "code": "S23100A",
        "display": "Subluxation of unspecified thoracic vertebra, init encntr"
      }, {
        "code": "S23100D",
        "display": "Subluxation of unspecified thoracic vertebra, subs encntr"
      }, {
        "code": "S23100S",
        "display": "Subluxation of unspecified thoracic vertebra, sequela"
      }, {
        "code": "S23101",
        "display": "Dislocation of unspecified thoracic vertebra"
      }, {
        "code": "S23101A",
        "display": "Dislocation of unspecified thoracic vertebra, init encntr"
      }, {
        "code": "S23101D",
        "display": "Dislocation of unspecified thoracic vertebra, subs encntr"
      }, {
        "code": "S23101S",
        "display": "Dislocation of unspecified thoracic vertebra, sequela"
      }, {
        "code": "S2311",
        "display": "Subluxation and dislocation of T1/T2 thoracic vertebra"
      }, {
        "code": "S23110",
        "display": "Subluxation of T1/T2 thoracic vertebra"
      }, {
        "code": "S23110A",
        "display": "Subluxation of T1/T2 thoracic vertebra, initial encounter"
      }, {
        "code": "S23110D",
        "display": "Subluxation of T1/T2 thoracic vertebra, subsequent encounter"
      }, {
        "code": "S23110S",
        "display": "Subluxation of T1/T2 thoracic vertebra, sequela"
      }, {
        "code": "S23111",
        "display": "Dislocation of T1/T2 thoracic vertebra"
      }, {
        "code": "S23111A",
        "display": "Dislocation of T1/T2 thoracic vertebra, initial encounter"
      }, {
        "code": "S23111D",
        "display": "Dislocation of T1/T2 thoracic vertebra, subsequent encounter"
      }, {
        "code": "S23111S",
        "display": "Dislocation of T1/T2 thoracic vertebra, sequela"
      }, {
        "code": "S2312",
        "display": "Subluxation and dislocation of T2/T3-T3/T4 thoracic vertebra"
      }, {
        "code": "S23120",
        "display": "Subluxation of T2/T3 thoracic vertebra"
      }, {
        "code": "S23120A",
        "display": "Subluxation of T2/T3 thoracic vertebra, initial encounter"
      }, {
        "code": "S23120D",
        "display": "Subluxation of T2/T3 thoracic vertebra, subsequent encounter"
      }, {
        "code": "S23120S",
        "display": "Subluxation of T2/T3 thoracic vertebra, sequela"
      }, {
        "code": "S23121",
        "display": "Dislocation of T2/T3 thoracic vertebra"
      }, {
        "code": "S23121A",
        "display": "Dislocation of T2/T3 thoracic vertebra, initial encounter"
      }, {
        "code": "S23121D",
        "display": "Dislocation of T2/T3 thoracic vertebra, subsequent encounter"
      }, {
        "code": "S23121S",
        "display": "Dislocation of T2/T3 thoracic vertebra, sequela"
      }, {
        "code": "S23122",
        "display": "Subluxation of T3/T4 thoracic vertebra"
      }, {
        "code": "S23122A",
        "display": "Subluxation of T3/T4 thoracic vertebra, initial encounter"
      }, {
        "code": "S23122D",
        "display": "Subluxation of T3/T4 thoracic vertebra, subsequent encounter"
      }, {
        "code": "S23122S",
        "display": "Subluxation of T3/T4 thoracic vertebra, sequela"
      }, {
        "code": "S23123",
        "display": "Dislocation of T3/T4 thoracic vertebra"
      }, {
        "code": "S23123A",
        "display": "Dislocation of T3/T4 thoracic vertebra, initial encounter"
      }, {
        "code": "S23123D",
        "display": "Dislocation of T3/T4 thoracic vertebra, subsequent encounter"
      }, {
        "code": "S23123S",
        "display": "Dislocation of T3/T4 thoracic vertebra, sequela"
      }, {
        "code": "S2313",
        "display": "Subluxation and dislocation of T4/T5-T5/T6 thoracic vertebra"
      }, {
        "code": "S23130",
        "display": "Subluxation of T4/T5 thoracic vertebra"
      }, {
        "code": "S23130A",
        "display": "Subluxation of T4/T5 thoracic vertebra, initial encounter"
      }, {
        "code": "S23130D",
        "display": "Subluxation of T4/T5 thoracic vertebra, subsequent encounter"
      }, {
        "code": "S23130S",
        "display": "Subluxation of T4/T5 thoracic vertebra, sequela"
      }, {
        "code": "S23131",
        "display": "Dislocation of T4/T5 thoracic vertebra"
      }, {
        "code": "S23131A",
        "display": "Dislocation of T4/T5 thoracic vertebra, initial encounter"
      }, {
        "code": "S23131D",
        "display": "Dislocation of T4/T5 thoracic vertebra, subsequent encounter"
      }, {
        "code": "S23131S",
        "display": "Dislocation of T4/T5 thoracic vertebra, sequela"
      }, {
        "code": "S23132",
        "display": "Subluxation of T5/T6 thoracic vertebra"
      }, {
        "code": "S23132A",
        "display": "Subluxation of T5/T6 thoracic vertebra, initial encounter"
      }, {
        "code": "S23132D",
        "display": "Subluxation of T5/T6 thoracic vertebra, subsequent encounter"
      }, {
        "code": "S23132S",
        "display": "Subluxation of T5/T6 thoracic vertebra, sequela"
      }, {
        "code": "S23133",
        "display": "Dislocation of T5/T6 thoracic vertebra"
      }, {
        "code": "S23133A",
        "display": "Dislocation of T5/T6 thoracic vertebra, initial encounter"
      }, {
        "code": "S23133D",
        "display": "Dislocation of T5/T6 thoracic vertebra, subsequent encounter"
      }, {
        "code": "S23133S",
        "display": "Dislocation of T5/T6 thoracic vertebra, sequela"
      }, {
        "code": "S2314",
        "display": "Subluxation and dislocation of T6/T7-T7/T8 thoracic vertebra"
      }, {
        "code": "S23140",
        "display": "Subluxation of T6/T7 thoracic vertebra"
      }, {
        "code": "S23140A",
        "display": "Subluxation of T6/T7 thoracic vertebra, initial encounter"
      }, {
        "code": "S23140D",
        "display": "Subluxation of T6/T7 thoracic vertebra, subsequent encounter"
      }, {
        "code": "S23140S",
        "display": "Subluxation of T6/T7 thoracic vertebra, sequela"
      }, {
        "code": "S23141",
        "display": "Dislocation of T6/T7 thoracic vertebra"
      }, {
        "code": "S23141A",
        "display": "Dislocation of T6/T7 thoracic vertebra, initial encounter"
      }, {
        "code": "S23141D",
        "display": "Dislocation of T6/T7 thoracic vertebra, subsequent encounter"
      }, {
        "code": "S23141S",
        "display": "Dislocation of T6/T7 thoracic vertebra, sequela"
      }, {
        "code": "S23142",
        "display": "Subluxation of T7/T8 thoracic vertebra"
      }, {
        "code": "S23142A",
        "display": "Subluxation of T7/T8 thoracic vertebra, initial encounter"
      }, {
        "code": "S23142D",
        "display": "Subluxation of T7/T8 thoracic vertebra, subsequent encounter"
      }, {
        "code": "S23142S",
        "display": "Subluxation of T7/T8 thoracic vertebra, sequela"
      }, {
        "code": "S23143",
        "display": "Dislocation of T7/T8 thoracic vertebra"
      }, {
        "code": "S23143A",
        "display": "Dislocation of T7/T8 thoracic vertebra, initial encounter"
      }, {
        "code": "S23143D",
        "display": "Dislocation of T7/T8 thoracic vertebra, subsequent encounter"
      }, {
        "code": "S23143S",
        "display": "Dislocation of T7/T8 thoracic vertebra, sequela"
      }, {
        "code": "S2315",
        "display": "Subluxation and dislocation of T8/T9-T9/T10 thor vertebra"
      }, {
        "code": "S23150",
        "display": "Subluxation of T8/T9 thoracic vertebra"
      }, {
        "code": "S23150A",
        "display": "Subluxation of T8/T9 thoracic vertebra, initial encounter"
      }, {
        "code": "S23150D",
        "display": "Subluxation of T8/T9 thoracic vertebra, subsequent encounter"
      }, {
        "code": "S23150S",
        "display": "Subluxation of T8/T9 thoracic vertebra, sequela"
      }, {
        "code": "S23151",
        "display": "Dislocation of T8/T9 thoracic vertebra"
      }, {
        "code": "S23151A",
        "display": "Dislocation of T8/T9 thoracic vertebra, initial encounter"
      }, {
        "code": "S23151D",
        "display": "Dislocation of T8/T9 thoracic vertebra, subsequent encounter"
      }, {
        "code": "S23151S",
        "display": "Dislocation of T8/T9 thoracic vertebra, sequela"
      }, {
        "code": "S23152",
        "display": "Subluxation of T9/T10 thoracic vertebra"
      }, {
        "code": "S23152A",
        "display": "Subluxation of T9/T10 thoracic vertebra, initial encounter"
      }, {
        "code": "S23152D",
        "display": "Subluxation of T9/T10 thoracic vertebra, subs encntr"
      }, {
        "code": "S23152S",
        "display": "Subluxation of T9/T10 thoracic vertebra, sequela"
      }, {
        "code": "S23153",
        "display": "Dislocation of T9/T10 thoracic vertebra"
      }, {
        "code": "S23153A",
        "display": "Dislocation of T9/T10 thoracic vertebra, initial encounter"
      }, {
        "code": "S23153D",
        "display": "Dislocation of T9/T10 thoracic vertebra, subs encntr"
      }, {
        "code": "S23153S",
        "display": "Dislocation of T9/T10 thoracic vertebra, sequela"
      }, {
        "code": "S2316",
        "display": "Subluxation and dislocation of T10/T11-T11/T12 thor vertebra"
      }, {
        "code": "S23160",
        "display": "Subluxation of T10/T11 thoracic vertebra"
      }, {
        "code": "S23160A",
        "display": "Subluxation of T10/T11 thoracic vertebra, initial encounter"
      }, {
        "code": "S23160D",
        "display": "Subluxation of T10/T11 thoracic vertebra, subs encntr"
      }, {
        "code": "S23160S",
        "display": "Subluxation of T10/T11 thoracic vertebra, sequela"
      }, {
        "code": "S23161",
        "display": "Dislocation of T10/T11 thoracic vertebra"
      }, {
        "code": "S23161A",
        "display": "Dislocation of T10/T11 thoracic vertebra, initial encounter"
      }, {
        "code": "S23161D",
        "display": "Dislocation of T10/T11 thoracic vertebra, subs encntr"
      }, {
        "code": "S23161S",
        "display": "Dislocation of T10/T11 thoracic vertebra, sequela"
      }, {
        "code": "S23162",
        "display": "Subluxation of T11/T12 thoracic vertebra"
      }, {
        "code": "S23162A",
        "display": "Subluxation of T11/T12 thoracic vertebra, initial encounter"
      }, {
        "code": "S23162D",
        "display": "Subluxation of T11/T12 thoracic vertebra, subs encntr"
      }, {
        "code": "S23162S",
        "display": "Subluxation of T11/T12 thoracic vertebra, sequela"
      }, {
        "code": "S23163",
        "display": "Dislocation of T11/T12 thoracic vertebra"
      }, {
        "code": "S23163A",
        "display": "Dislocation of T11/T12 thoracic vertebra, initial encounter"
      }, {
        "code": "S23163D",
        "display": "Dislocation of T11/T12 thoracic vertebra, subs encntr"
      }, {
        "code": "S23163S",
        "display": "Dislocation of T11/T12 thoracic vertebra, sequela"
      }, {
        "code": "S2317",
        "display": "Subluxation and dislocation of T12/L1 thoracic vertebra"
      }, {
        "code": "S23170",
        "display": "Subluxation of T12/L1 thoracic vertebra"
      }, {
        "code": "S23170A",
        "display": "Subluxation of T12/L1 thoracic vertebra, initial encounter"
      }, {
        "code": "S23170D",
        "display": "Subluxation of T12/L1 thoracic vertebra, subs encntr"
      }, {
        "code": "S23170S",
        "display": "Subluxation of T12/L1 thoracic vertebra, sequela"
      }, {
        "code": "S23171",
        "display": "Dislocation of T12/L1 thoracic vertebra"
      }, {
        "code": "S23171A",
        "display": "Dislocation of T12/L1 thoracic vertebra, initial encounter"
      }, {
        "code": "S23171D",
        "display": "Dislocation of T12/L1 thoracic vertebra, subs encntr"
      }, {
        "code": "S23171S",
        "display": "Dislocation of T12/L1 thoracic vertebra, sequela"
      }, {
        "code": "S232",
        "display": "Dislocation of other and unspecified parts of thorax"
      }, {
        "code": "S2320",
        "display": "Dislocation of unspecified part of thorax"
      }, {
        "code": "S2320XA",
        "display": "Dislocation of unspecified part of thorax, initial encounter"
      }, {
        "code": "S2320XD",
        "display": "Dislocation of unspecified part of thorax, subs encntr"
      }, {
        "code": "S2320XS",
        "display": "Dislocation of unspecified part of thorax, sequela"
      }, {
        "code": "S2329",
        "display": "Dislocation of other parts of thorax"
      }, {
        "code": "S2329XA",
        "display": "Dislocation of other parts of thorax, initial encounter"
      }, {
        "code": "S2329XD",
        "display": "Dislocation of other parts of thorax, subsequent encounter"
      }, {
        "code": "S2329XS",
        "display": "Dislocation of other parts of thorax, sequela"
      }, {
        "code": "S233",
        "display": "Sprain of ligaments of thoracic spine"
      }, {
        "code": "S233XXA",
        "display": "Sprain of ligaments of thoracic spine, initial encounter"
      }, {
        "code": "S233XXD",
        "display": "Sprain of ligaments of thoracic spine, subsequent encounter"
      }, {
        "code": "S233XXS",
        "display": "Sprain of ligaments of thoracic spine, sequela"
      }, {
        "code": "S234",
        "display": "Sprain of ribs and sternum"
      }, {
        "code": "S2341",
        "display": "Sprain of ribs"
      }, {
        "code": "S2341XA",
        "display": "Sprain of ribs, initial encounter"
      }, {
        "code": "S2341XD",
        "display": "Sprain of ribs, subsequent encounter"
      }, {
        "code": "S2341XS",
        "display": "Sprain of ribs, sequela"
      }, {
        "code": "S2342",
        "display": "Sprain of sternum"
      }, {
        "code": "S23420",
        "display": "Sprain of sternoclavicular (joint) (ligament)"
      }, {
        "code": "S23420A",
        "display": "Sprain of sternoclavicular (joint) (ligament), init encntr"
      }, {
        "code": "S23420D",
        "display": "Sprain of sternoclavicular (joint) (ligament), subs encntr"
      }, {
        "code": "S23420S",
        "display": "Sprain of sternoclavicular (joint) (ligament), sequela"
      }, {
        "code": "S23421",
        "display": "Sprain of chondrosternal joint"
      }, {
        "code": "S23421A",
        "display": "Sprain of chondrosternal joint, initial encounter"
      }, {
        "code": "S23421D",
        "display": "Sprain of chondrosternal joint, subsequent encounter"
      }, {
        "code": "S23421S",
        "display": "Sprain of chondrosternal joint, sequela"
      }, {
        "code": "S23428",
        "display": "Other sprain of sternum"
      }, {
        "code": "S23428A",
        "display": "Other sprain of sternum, initial encounter"
      }, {
        "code": "S23428D",
        "display": "Other sprain of sternum, subsequent encounter"
      }, {
        "code": "S23428S",
        "display": "Other sprain of sternum, sequela"
      }, {
        "code": "S23429",
        "display": "Unspecified sprain of sternum"
      }, {
        "code": "S23429A",
        "display": "Unspecified sprain of sternum, initial encounter"
      }, {
        "code": "S23429D",
        "display": "Unspecified sprain of sternum, subsequent encounter"
      }, {
        "code": "S23429S",
        "display": "Unspecified sprain of sternum, sequela"
      }, {
        "code": "S238",
        "display": "Sprain of other specified parts of thorax"
      }, {
        "code": "S238XXA",
        "display": "Sprain of other specified parts of thorax, initial encounter"
      }, {
        "code": "S238XXD",
        "display": "Sprain of other specified parts of thorax, subs encntr"
      }, {
        "code": "S238XXS",
        "display": "Sprain of other specified parts of thorax, sequela"
      }, {
        "code": "S239",
        "display": "Sprain of unspecified parts of thorax"
      }, {
        "code": "S239XXA",
        "display": "Sprain of unspecified parts of thorax, initial encounter"
      }, {
        "code": "S239XXD",
        "display": "Sprain of unspecified parts of thorax, subsequent encounter"
      }, {
        "code": "S239XXS",
        "display": "Sprain of unspecified parts of thorax, sequela"
      } ]
    } ]
  }
}