{
  "resourceType": "ValueSet",
  "id": "S33",
  "url": "http://hl7.org/fhir/sid/icd-10-cm-1411",
  "version": "1.0",
  "name": "Disloc & sprain of joints & ligaments of lumbar spin & pelv",
  "title": "Dislocation and sprain of joints and ligaments of lumbar spine and pelvis",
  "status": "active",
  "compose": {
    "include": [ {
      "system": "http://hl7.org/fhir/sid/icd-10-cm",
      "concept": [ {
        "code": "S330",
        "display": "Traumatic rupture of lumbar intervertebral disc"
      }, {
        "code": "S330XXA",
        "display": "Traumatic rupture of lumbar intervertebral disc, init encntr"
      }, {
        "code": "S330XXD",
        "display": "Traumatic rupture of lumbar intervertebral disc, subs encntr"
      }, {
        "code": "S330XXS",
        "display": "Traumatic rupture of lumbar intervertebral disc, sequela"
      }, {
        "code": "S331",
        "display": "Subluxation and dislocation of lumbar vertebra"
      }, {
        "code": "S3310",
        "display": "Subluxation and dislocation of unspecified lumbar vertebra"
      }, {
        "code": "S33100",
        "display": "Subluxation of unspecified lumbar vertebra"
      }, {
        "code": "S33100A",
        "display": "Subluxation of unspecified lumbar vertebra, init encntr"
      }, {
        "code": "S33100D",
        "display": "Subluxation of unspecified lumbar vertebra, subs encntr"
      }, {
        "code": "S33100S",
        "display": "Subluxation of unspecified lumbar vertebra, sequela"
      }, {
        "code": "S33101",
        "display": "Dislocation of unspecified lumbar vertebra"
      }, {
        "code": "S33101A",
        "display": "Dislocation of unspecified lumbar vertebra, init encntr"
      }, {
        "code": "S33101D",
        "display": "Dislocation of unspecified lumbar vertebra, subs encntr"
      }, {
        "code": "S33101S",
        "display": "Dislocation of unspecified lumbar vertebra, sequela"
      }, {
        "code": "S3311",
        "display": "Subluxation and dislocation of L1/L2 lumbar vertebra"
      }, {
        "code": "S33110",
        "display": "Subluxation of L1/L2 lumbar vertebra"
      }, {
        "code": "S33110A",
        "display": "Subluxation of L1/L2 lumbar vertebra, initial encounter"
      }, {
        "code": "S33110D",
        "display": "Subluxation of L1/L2 lumbar vertebra, subsequent encounter"
      }, {
        "code": "S33110S",
        "display": "Subluxation of L1/L2 lumbar vertebra, sequela"
      }, {
        "code": "S33111",
        "display": "Dislocation of L1/L2 lumbar vertebra"
      }, {
        "code": "S33111A",
        "display": "Dislocation of L1/L2 lumbar vertebra, initial encounter"
      }, {
        "code": "S33111D",
        "display": "Dislocation of L1/L2 lumbar vertebra, subsequent encounter"
      }, {
        "code": "S33111S",
        "display": "Dislocation of L1/L2 lumbar vertebra, sequela"
      }, {
        "code": "S3312",
        "display": "Subluxation and dislocation of L2/L3 lumbar vertebra"
      }, {
        "code": "S33120",
        "display": "Subluxation of L2/L3 lumbar vertebra"
      }, {
        "code": "S33120A",
        "display": "Subluxation of L2/L3 lumbar vertebra, initial encounter"
      }, {
        "code": "S33120D",
        "display": "Subluxation of L2/L3 lumbar vertebra, subsequent encounter"
      }, {
        "code": "S33120S",
        "display": "Subluxation of L2/L3 lumbar vertebra, sequela"
      }, {
        "code": "S33121",
        "display": "Dislocation of L2/L3 lumbar vertebra"
      }, {
        "code": "S33121A",
        "display": "Dislocation of L2/L3 lumbar vertebra, initial encounter"
      }, {
        "code": "S33121D",
        "display": "Dislocation of L2/L3 lumbar vertebra, subsequent encounter"
      }, {
        "code": "S33121S",
        "display": "Dislocation of L2/L3 lumbar vertebra, sequela"
      }, {
        "code": "S3313",
        "display": "Subluxation and dislocation of L3/L4 lumbar vertebra"
      }, {
        "code": "S33130",
        "display": "Subluxation of L3/L4 lumbar vertebra"
      }, {
        "code": "S33130A",
        "display": "Subluxation of L3/L4 lumbar vertebra, initial encounter"
      }, {
        "code": "S33130D",
        "display": "Subluxation of L3/L4 lumbar vertebra, subsequent encounter"
      }, {
        "code": "S33130S",
        "display": "Subluxation of L3/L4 lumbar vertebra, sequela"
      }, {
        "code": "S33131",
        "display": "Dislocation of L3/L4 lumbar vertebra"
      }, {
        "code": "S33131A",
        "display": "Dislocation of L3/L4 lumbar vertebra, initial encounter"
      }, {
        "code": "S33131D",
        "display": "Dislocation of L3/L4 lumbar vertebra, subsequent encounter"
      }, {
        "code": "S33131S",
        "display": "Dislocation of L3/L4 lumbar vertebra, sequela"
      }, {
        "code": "S3314",
        "display": "Subluxation and dislocation of L4/L5 lumbar vertebra"
      }, {
        "code": "S33140",
        "display": "Subluxation of L4/L5 lumbar vertebra"
      }, {
        "code": "S33140A",
        "display": "Subluxation of L4/L5 lumbar vertebra, initial encounter"
      }, {
        "code": "S33140D",
        "display": "Subluxation of L4/L5 lumbar vertebra, subsequent encounter"
      }, {
        "code": "S33140S",
        "display": "Subluxation of L4/L5 lumbar vertebra, sequela"
      }, {
        "code": "S33141",
        "display": "Dislocation of L4/L5 lumbar vertebra"
      }, {
        "code": "S33141A",
        "display": "Dislocation of L4/L5 lumbar vertebra, initial encounter"
      }, {
        "code": "S33141D",
        "display": "Dislocation of L4/L5 lumbar vertebra, subsequent encounter"
      }, {
        "code": "S33141S",
        "display": "Dislocation of L4/L5 lumbar vertebra, sequela"
      }, {
        "code": "S332",
        "display": "Dislocation of sacroiliac and sacrococcygeal joint"
      }, {
        "code": "S332XXA",
        "display": "Dislocation of sacroiliac and sacrococcygeal joint, init"
      }, {
        "code": "S332XXD",
        "display": "Dislocation of sacroiliac and sacrococcygeal joint, subs"
      }, {
        "code": "S332XXS",
        "display": "Dislocation of sacroiliac and sacrococcygeal joint, sequela"
      }, {
        "code": "S333",
        "display": "Dislocation of oth and unsp parts of lumbar spine and pelvis"
      }, {
        "code": "S3330",
        "display": "Dislocation of unspecified parts of lumbar spine and pelvis"
      }, {
        "code": "S3330XA",
        "display": "Dislocation of unsp parts of lumbar spine and pelvis, init"
      }, {
        "code": "S3330XD",
        "display": "Dislocation of unsp parts of lumbar spine and pelvis, subs"
      }, {
        "code": "S3330XS",
        "display": "Dislocation of unsp parts of lumbar spine & pelvis, sequela"
      }, {
        "code": "S3339",
        "display": "Dislocation of other parts of lumbar spine and pelvis"
      }, {
        "code": "S3339XA",
        "display": "Dislocation of oth prt lumbar spine and pelvis, init encntr"
      }, {
        "code": "S3339XD",
        "display": "Dislocation of oth prt lumbar spine and pelvis, subs encntr"
      }, {
        "code": "S3339XS",
        "display": "Dislocation of oth parts of lumbar spine and pelvis, sequela"
      }, {
        "code": "S334",
        "display": "Traumatic rupture of symphysis pubis"
      }, {
        "code": "S334XXA",
        "display": "Traumatic rupture of symphysis pubis, initial encounter"
      }, {
        "code": "S334XXD",
        "display": "Traumatic rupture of symphysis pubis, subsequent encounter"
      }, {
        "code": "S334XXS",
        "display": "Traumatic rupture of symphysis pubis, sequela"
      }, {
        "code": "S335",
        "display": "Sprain of ligaments of lumbar spine"
      }, {
        "code": "S335XXA",
        "display": "Sprain of ligaments of lumbar spine, initial encounter"
      }, {
        "code": "S335XXD",
        "display": "Sprain of ligaments of lumbar spine, subsequent encounter"
      }, {
        "code": "S335XXS",
        "display": "Sprain of ligaments of lumbar spine, sequela"
      }, {
        "code": "S336",
        "display": "Sprain of sacroiliac joint"
      }, {
        "code": "S336XXA",
        "display": "Sprain of sacroiliac joint, initial encounter"
      }, {
        "code": "S336XXD",
        "display": "Sprain of sacroiliac joint, subsequent encounter"
      }, {
        "code": "S336XXS",
        "display": "Sprain of sacroiliac joint, sequela"
      }, {
        "code": "S338",
        "display": "Sprain of other parts of lumbar spine and pelvis"
      }, {
        "code": "S338XXA",
        "display": "Sprain of oth parts of lumbar spine and pelvis, init encntr"
      }, {
        "code": "S338XXD",
        "display": "Sprain of oth parts of lumbar spine and pelvis, subs encntr"
      }, {
        "code": "S338XXS",
        "display": "Sprain of other parts of lumbar spine and pelvis, sequela"
      }, {
        "code": "S339",
        "display": "Sprain of unspecified parts of lumbar spine and pelvis"
      }, {
        "code": "S339XXA",
        "display": "Sprain of unsp parts of lumbar spine and pelvis, init encntr"
      }, {
        "code": "S339XXD",
        "display": "Sprain of unsp parts of lumbar spine and pelvis, subs encntr"
      }, {
        "code": "S339XXS",
        "display": "Sprain of unsp parts of lumbar spine and pelvis, sequela"
      } ]
    } ]
  }
}