{
  "resourceType": "ValueSet",
  "id": "S93",
  "url": "http://hl7.org/fhir/sid/icd-10-cm-1471",
  "version": "1.0",
  "name": "Disloc & sprain of joints & ligaments at ankl, ft & toe lev",
  "title": "Dislocation and sprain of joints and ligaments at ankle, foot and toe level",
  "status": "active",
  "compose": {
    "include": [ {
      "system": "http://hl7.org/fhir/sid/icd-10-cm",
      "concept": [ {
        "code": "S930",
        "display": "Subluxation and dislocation of ankle joint"
      }, {
        "code": "S9301",
        "display": "Subluxation of right ankle joint"
      }, {
        "code": "S9301XA",
        "display": "Subluxation of right ankle joint, initial encounter"
      }, {
        "code": "S9301XD",
        "display": "Subluxation of right ankle joint, subsequent encounter"
      }, {
        "code": "S9301XS",
        "display": "Subluxation of right ankle joint, sequela"
      }, {
        "code": "S9302",
        "display": "Subluxation of left ankle joint"
      }, {
        "code": "S9302XA",
        "display": "Subluxation of left ankle joint, initial encounter"
      }, {
        "code": "S9302XD",
        "display": "Subluxation of left ankle joint, subsequent encounter"
      }, {
        "code": "S9302XS",
        "display": "Subluxation of left ankle joint, sequela"
      }, {
        "code": "S9303",
        "display": "Subluxation of unspecified ankle joint"
      }, {
        "code": "S9303XA",
        "display": "Subluxation of unspecified ankle joint, initial encounter"
      }, {
        "code": "S9303XD",
        "display": "Subluxation of unspecified ankle joint, subsequent encounter"
      }, {
        "code": "S9303XS",
        "display": "Subluxation of unspecified ankle joint, sequela"
      }, {
        "code": "S9304",
        "display": "Dislocation of right ankle joint"
      }, {
        "code": "S9304XA",
        "display": "Dislocation of right ankle joint, initial encounter"
      }, {
        "code": "S9304XD",
        "display": "Dislocation of right ankle joint, subsequent encounter"
      }, {
        "code": "S9304XS",
        "display": "Dislocation of right ankle joint, sequela"
      }, {
        "code": "S9305",
        "display": "Dislocation of left ankle joint"
      }, {
        "code": "S9305XA",
        "display": "Dislocation of left ankle joint, initial encounter"
      }, {
        "code": "S9305XD",
        "display": "Dislocation of left ankle joint, subsequent encounter"
      }, {
        "code": "S9305XS",
        "display": "Dislocation of left ankle joint, sequela"
      }, {
        "code": "S9306",
        "display": "Dislocation of unspecified ankle joint"
      }, {
        "code": "S9306XA",
        "display": "Dislocation of unspecified ankle joint, initial encounter"
      }, {
        "code": "S9306XD",
        "display": "Dislocation of unspecified ankle joint, subsequent encounter"
      }, {
        "code": "S9306XS",
        "display": "Dislocation of unspecified ankle joint, sequela"
      }, {
        "code": "S931",
        "display": "Subluxation and dislocation of toe"
      }, {
        "code": "S9310",
        "display": "Unspecified subluxation and dislocation of toe"
      }, {
        "code": "S93101",
        "display": "Unspecified subluxation of right toe(s)"
      }, {
        "code": "S93101A",
        "display": "Unspecified subluxation of right toe(s), initial encounter"
      }, {
        "code": "S93101D",
        "display": "Unspecified subluxation of right toe(s), subs encntr"
      }, {
        "code": "S93101S",
        "display": "Unspecified subluxation of right toe(s), sequela"
      }, {
        "code": "S93102",
        "display": "Unspecified subluxation of left toe(s)"
      }, {
        "code": "S93102A",
        "display": "Unspecified subluxation of left toe(s), initial encounter"
      }, {
        "code": "S93102D",
        "display": "Unspecified subluxation of left toe(s), subsequent encounter"
      }, {
        "code": "S93102S",
        "display": "Unspecified subluxation of left toe(s), sequela"
      }, {
        "code": "S93103",
        "display": "Unspecified subluxation of unspecified toe(s)"
      }, {
        "code": "S93103A",
        "display": "Unspecified subluxation of unspecified toe(s), init encntr"
      }, {
        "code": "S93103D",
        "display": "Unspecified subluxation of unspecified toe(s), subs encntr"
      }, {
        "code": "S93103S",
        "display": "Unspecified subluxation of unspecified toe(s), sequela"
      }, {
        "code": "S93104",
        "display": "Unspecified dislocation of right toe(s)"
      }, {
        "code": "S93104A",
        "display": "Unspecified dislocation of right toe(s), initial encounter"
      }, {
        "code": "S93104D",
        "display": "Unspecified dislocation of right toe(s), subs encntr"
      }, {
        "code": "S93104S",
        "display": "Unspecified dislocation of right toe(s), sequela"
      }, {
        "code": "S93105",
        "display": "Unspecified dislocation of left toe(s)"
      }, {
        "code": "S93105A",
        "display": "Unspecified dislocation of left toe(s), initial encounter"
      }, {
        "code": "S93105D",
        "display": "Unspecified dislocation of left toe(s), subsequent encounter"
      }, {
        "code": "S93105S",
        "display": "Unspecified dislocation of left toe(s), sequela"
      }, {
        "code": "S93106",
        "display": "Unspecified dislocation of unspecified toe(s)"
      }, {
        "code": "S93106A",
        "display": "Unspecified dislocation of unspecified toe(s), init encntr"
      }, {
        "code": "S93106D",
        "display": "Unspecified dislocation of unspecified toe(s), subs encntr"
      }, {
        "code": "S93106S",
        "display": "Unspecified dislocation of unspecified toe(s), sequela"
      }, {
        "code": "S9311",
        "display": "Dislocation of interphalangeal joint"
      }, {
        "code": "S93111",
        "display": "Dislocation of interphalangeal joint of right great toe"
      }, {
        "code": "S93111A",
        "display": "Dislocation of interphaln joint of right great toe, init"
      }, {
        "code": "S93111D",
        "display": "Dislocation of interphaln joint of right great toe, subs"
      }, {
        "code": "S93111S",
        "display": "Dislocation of interphaln joint of right great toe, sequela"
      }, {
        "code": "S93112",
        "display": "Dislocation of interphalangeal joint of left great toe"
      }, {
        "code": "S93112A",
        "display": "Dislocation of interphalangeal joint of left great toe, init"
      }, {
        "code": "S93112D",
        "display": "Dislocation of interphalangeal joint of left great toe, subs"
      }, {
        "code": "S93112S",
        "display": "Dislocation of interphaln joint of left great toe, sequela"
      }, {
        "code": "S93113",
        "display": "Dislocation of interphalangeal joint of unsp great toe"
      }, {
        "code": "S93113A",
        "display": "Dislocation of interphalangeal joint of unsp great toe, init"
      }, {
        "code": "S93113D",
        "display": "Dislocation of interphalangeal joint of unsp great toe, subs"
      }, {
        "code": "S93113S",
        "display": "Dislocation of interphaln joint of unsp great toe, sequela"
      }, {
        "code": "S93114",
        "display": "Dislocation of interphalangeal joint of right lesser toe(s)"
      }, {
        "code": "S93114A",
        "display": "Dislocation of interphaln joint of right lesser toe(s), init"
      }, {
        "code": "S93114D",
        "display": "Dislocation of interphaln joint of right lesser toe(s), subs"
      }, {
        "code": "S93114S",
        "display": "Disloc of interphaln joint of right lesser toe(s), sequela"
      }, {
        "code": "S93115",
        "display": "Dislocation of interphalangeal joint of left lesser toe(s)"
      }, {
        "code": "S93115A",
        "display": "Dislocation of interphaln joint of left lesser toe(s), init"
      }, {
        "code": "S93115D",
        "display": "Dislocation of interphaln joint of left lesser toe(s), subs"
      }, {
        "code": "S93115S",
        "display": "Disloc of interphaln joint of left lesser toe(s), sequela"
      }, {
        "code": "S93116",
        "display": "Dislocation of interphalangeal joint of unsp lesser toe(s)"
      }, {
        "code": "S93116A",
        "display": "Dislocation of interphaln joint of unsp lesser toe(s), init"
      }, {
        "code": "S93116D",
        "display": "Dislocation of interphaln joint of unsp lesser toe(s), subs"
      }, {
        "code": "S93116S",
        "display": "Disloc of interphaln joint of unsp lesser toe(s), sequela"
      }, {
        "code": "S93119",
        "display": "Dislocation of interphalangeal joint of unspecified toe(s)"
      }, {
        "code": "S93119A",
        "display": "Dislocation of interphalangeal joint of unsp toe(s), init"
      }, {
        "code": "S93119D",
        "display": "Dislocation of interphalangeal joint of unsp toe(s), subs"
      }, {
        "code": "S93119S",
        "display": "Dislocation of interphalangeal joint of unsp toe(s), sequela"
      }, {
        "code": "S9312",
        "display": "Dislocation of metatarsophalangeal joint"
      }, {
        "code": "S93121",
        "display": "Dislocation of metatarsophalangeal joint of right great toe"
      }, {
        "code": "S93121A",
        "display": "Dislocation of MTP joint of right great toe, init"
      }, {
        "code": "S93121D",
        "display": "Dislocation of MTP joint of right great toe, subs"
      }, {
        "code": "S93121S",
        "display": "Dislocation of MTP joint of right great toe, sequela"
      }, {
        "code": "S93122",
        "display": "Dislocation of metatarsophalangeal joint of left great toe"
      }, {
        "code": "S93122A",
        "display": "Dislocation of MTP joint of left great toe, init"
      }, {
        "code": "S93122D",
        "display": "Dislocation of MTP joint of left great toe, subs"
      }, {
        "code": "S93122S",
        "display": "Dislocation of MTP joint of left great toe, sequela"
      }, {
        "code": "S93123",
        "display": "Dislocation of metatarsophalangeal joint of unsp great toe"
      }, {
        "code": "S93123A",
        "display": "Dislocation of MTP joint of unsp great toe, init"
      }, {
        "code": "S93123D",
        "display": "Dislocation of MTP joint of unsp great toe, subs"
      }, {
        "code": "S93123S",
        "display": "Dislocation of MTP joint of unsp great toe, sequela"
      }, {
        "code": "S93124",
        "display": "Dislocation of MTP joint of right lesser toe(s)"
      }, {
        "code": "S93124A",
        "display": "Dislocation of MTP joint of right lesser toe(s), init"
      }, {
        "code": "S93124D",
        "display": "Dislocation of MTP joint of right lesser toe(s), subs"
      }, {
        "code": "S93124S",
        "display": "Dislocation of MTP joint of right lesser toe(s), sequela"
      }, {
        "code": "S93125",
        "display": "Dislocation of MTP joint of left lesser toe(s)"
      }, {
        "code": "S93125A",
        "display": "Dislocation of MTP joint of left lesser toe(s), init"
      }, {
        "code": "S93125D",
        "display": "Dislocation of MTP joint of left lesser toe(s), subs"
      }, {
        "code": "S93125S",
        "display": "Dislocation of MTP joint of left lesser toe(s), sequela"
      }, {
        "code": "S93126",
        "display": "Dislocation of MTP joint of unsp lesser toe(s)"
      }, {
        "code": "S93126A",
        "display": "Dislocation of MTP joint of unsp lesser toe(s), init"
      }, {
        "code": "S93126D",
        "display": "Dislocation of MTP joint of unsp lesser toe(s), subs"
      }, {
        "code": "S93126S",
        "display": "Dislocation of MTP joint of unsp lesser toe(s), sequela"
      }, {
        "code": "S93129",
        "display": "Dislocation of metatarsophalangeal joint of unsp toe(s)"
      }, {
        "code": "S93129A",
        "display": "Dislocation of MTP joint of unsp toe(s), init"
      }, {
        "code": "S93129D",
        "display": "Dislocation of MTP joint of unsp toe(s), subs"
      }, {
        "code": "S93129S",
        "display": "Dislocation of MTP joint of unsp toe(s), sequela"
      }, {
        "code": "S9313",
        "display": "Subluxation of interphalangeal joint"
      }, {
        "code": "S93131",
        "display": "Subluxation of interphalangeal joint of right great toe"
      }, {
        "code": "S93131A",
        "display": "Subluxation of interphaln joint of right great toe, init"
      }, {
        "code": "S93131D",
        "display": "Subluxation of interphaln joint of right great toe, subs"
      }, {
        "code": "S93131S",
        "display": "Subluxation of interphaln joint of right great toe, sequela"
      }, {
        "code": "S93132",
        "display": "Subluxation of interphalangeal joint of left great toe"
      }, {
        "code": "S93132A",
        "display": "Subluxation of interphalangeal joint of left great toe, init"
      }, {
        "code": "S93132D",
        "display": "Subluxation of interphalangeal joint of left great toe, subs"
      }, {
        "code": "S93132S",
        "display": "Subluxation of interphaln joint of left great toe, sequela"
      }, {
        "code": "S93133",
        "display": "Subluxation of interphalangeal joint of unsp great toe"
      }, {
        "code": "S93133A",
        "display": "Subluxation of interphalangeal joint of unsp great toe, init"
      }, {
        "code": "S93133D",
        "display": "Subluxation of interphalangeal joint of unsp great toe, subs"
      }, {
        "code": "S93133S",
        "display": "Subluxation of interphaln joint of unsp great toe, sequela"
      }, {
        "code": "S93134",
        "display": "Subluxation of interphalangeal joint of right lesser toe(s)"
      }, {
        "code": "S93134A",
        "display": "Subluxation of interphaln joint of right lesser toe(s), init"
      }, {
        "code": "S93134D",
        "display": "Subluxation of interphaln joint of right lesser toe(s), subs"
      }, {
        "code": "S93134S",
        "display": "Sublux of interphaln joint of right lesser toe(s), sequela"
      }, {
        "code": "S93135",
        "display": "Subluxation of interphalangeal joint of left lesser toe(s)"
      }, {
        "code": "S93135A",
        "display": "Subluxation of interphaln joint of left lesser toe(s), init"
      }, {
        "code": "S93135D",
        "display": "Subluxation of interphaln joint of left lesser toe(s), subs"
      }, {
        "code": "S93135S",
        "display": "Sublux of interphaln joint of left lesser toe(s), sequela"
      }, {
        "code": "S93136",
        "display": "Subluxation of interphalangeal joint of unsp lesser toe(s)"
      }, {
        "code": "S93136A",
        "display": "Subluxation of interphaln joint of unsp lesser toe(s), init"
      }, {
        "code": "S93136D",
        "display": "Subluxation of interphaln joint of unsp lesser toe(s), subs"
      }, {
        "code": "S93136S",
        "display": "Sublux of interphaln joint of unsp lesser toe(s), sequela"
      }, {
        "code": "S93139",
        "display": "Subluxation of interphalangeal joint of unspecified toe(s)"
      }, {
        "code": "S93139A",
        "display": "Subluxation of interphalangeal joint of unsp toe(s), init"
      }, {
        "code": "S93139D",
        "display": "Subluxation of interphalangeal joint of unsp toe(s), subs"
      }, {
        "code": "S93139S",
        "display": "Subluxation of interphalangeal joint of unsp toe(s), sequela"
      }, {
        "code": "S9314",
        "display": "Subluxation of metatarsophalangeal joint"
      }, {
        "code": "S93141",
        "display": "Subluxation of metatarsophalangeal joint of right great toe"
      }, {
        "code": "S93141A",
        "display": "Subluxation of MTP joint of right great toe, init"
      }, {
        "code": "S93141D",
        "display": "Subluxation of MTP joint of right great toe, subs"
      }, {
        "code": "S93141S",
        "display": "Subluxation of MTP joint of right great toe, sequela"
      }, {
        "code": "S93142",
        "display": "Subluxation of metatarsophalangeal joint of left great toe"
      }, {
        "code": "S93142A",
        "display": "Subluxation of MTP joint of left great toe, init"
      }, {
        "code": "S93142D",
        "display": "Subluxation of MTP joint of left great toe, subs"
      }, {
        "code": "S93142S",
        "display": "Subluxation of MTP joint of left great toe, sequela"
      }, {
        "code": "S93143",
        "display": "Subluxation of metatarsophalangeal joint of unsp great toe"
      }, {
        "code": "S93143A",
        "display": "Subluxation of MTP joint of unsp great toe, init"
      }, {
        "code": "S93143D",
        "display": "Subluxation of MTP joint of unsp great toe, subs"
      }, {
        "code": "S93143S",
        "display": "Subluxation of MTP joint of unsp great toe, sequela"
      }, {
        "code": "S93144",
        "display": "Subluxation of MTP joint of right lesser toe(s)"
      }, {
        "code": "S93144A",
        "display": "Subluxation of MTP joint of right lesser toe(s), init"
      }, {
        "code": "S93144D",
        "display": "Subluxation of MTP joint of right lesser toe(s), subs"
      }, {
        "code": "S93144S",
        "display": "Subluxation of MTP joint of right lesser toe(s), sequela"
      }, {
        "code": "S93145",
        "display": "Subluxation of MTP joint of left lesser toe(s)"
      }, {
        "code": "S93145A",
        "display": "Subluxation of MTP joint of left lesser toe(s), init"
      }, {
        "code": "S93145D",
        "display": "Subluxation of MTP joint of left lesser toe(s), subs"
      }, {
        "code": "S93145S",
        "display": "Subluxation of MTP joint of left lesser toe(s), sequela"
      }, {
        "code": "S93146",
        "display": "Subluxation of MTP joint of unsp lesser toe(s)"
      }, {
        "code": "S93146A",
        "display": "Subluxation of MTP joint of unsp lesser toe(s), init"
      }, {
        "code": "S93146D",
        "display": "Subluxation of MTP joint of unsp lesser toe(s), subs"
      }, {
        "code": "S93146S",
        "display": "Subluxation of MTP joint of unsp lesser toe(s), sequela"
      }, {
        "code": "S93149",
        "display": "Subluxation of metatarsophalangeal joint of unsp toe(s)"
      }, {
        "code": "S93149A",
        "display": "Subluxation of MTP joint of unsp toe(s), init"
      }, {
        "code": "S93149D",
        "display": "Subluxation of MTP joint of unsp toe(s), subs"
      }, {
        "code": "S93149S",
        "display": "Subluxation of MTP joint of unsp toe(s), sequela"
      }, {
        "code": "S933",
        "display": "Subluxation and dislocation of foot"
      }, {
        "code": "S9330",
        "display": "Unspecified subluxation and dislocation of foot"
      }, {
        "code": "S93301",
        "display": "Unspecified subluxation of right foot"
      }, {
        "code": "S93301A",
        "display": "Unspecified subluxation of right foot, initial encounter"
      }, {
        "code": "S93301D",
        "display": "Unspecified subluxation of right foot, subsequent encounter"
      }, {
        "code": "S93301S",
        "display": "Unspecified subluxation of right foot, sequela"
      }, {
        "code": "S93302",
        "display": "Unspecified subluxation of left foot"
      }, {
        "code": "S93302A",
        "display": "Unspecified subluxation of left foot, initial encounter"
      }, {
        "code": "S93302D",
        "display": "Unspecified subluxation of left foot, subsequent encounter"
      }, {
        "code": "S93302S",
        "display": "Unspecified subluxation of left foot, sequela"
      }, {
        "code": "S93303",
        "display": "Unspecified subluxation of unspecified foot"
      }, {
        "code": "S93303A",
        "display": "Unspecified subluxation of unspecified foot, init encntr"
      }, {
        "code": "S93303D",
        "display": "Unspecified subluxation of unspecified foot, subs encntr"
      }, {
        "code": "S93303S",
        "display": "Unspecified subluxation of unspecified foot, sequela"
      }, {
        "code": "S93304",
        "display": "Unspecified dislocation of right foot"
      }, {
        "code": "S93304A",
        "display": "Unspecified dislocation of right foot, initial encounter"
      }, {
        "code": "S93304D",
        "display": "Unspecified dislocation of right foot, subsequent encounter"
      }, {
        "code": "S93304S",
        "display": "Unspecified dislocation of right foot, sequela"
      }, {
        "code": "S93305",
        "display": "Unspecified dislocation of left foot"
      }, {
        "code": "S93305A",
        "display": "Unspecified dislocation of left foot, initial encounter"
      }, {
        "code": "S93305D",
        "display": "Unspecified dislocation of left foot, subsequent encounter"
      }, {
        "code": "S93305S",
        "display": "Unspecified dislocation of left foot, sequela"
      }, {
        "code": "S93306",
        "display": "Unspecified dislocation of unspecified foot"
      }, {
        "code": "S93306A",
        "display": "Unspecified dislocation of unspecified foot, init encntr"
      }, {
        "code": "S93306D",
        "display": "Unspecified dislocation of unspecified foot, subs encntr"
      }, {
        "code": "S93306S",
        "display": "Unspecified dislocation of unspecified foot, sequela"
      }, {
        "code": "S9331",
        "display": "Subluxation and dislocation of tarsal joint"
      }, {
        "code": "S93311",
        "display": "Subluxation of tarsal joint of right foot"
      }, {
        "code": "S93311A",
        "display": "Subluxation of tarsal joint of right foot, initial encounter"
      }, {
        "code": "S93311D",
        "display": "Subluxation of tarsal joint of right foot, subs encntr"
      }, {
        "code": "S93311S",
        "display": "Subluxation of tarsal joint of right foot, sequela"
      }, {
        "code": "S93312",
        "display": "Subluxation of tarsal joint of left foot"
      }, {
        "code": "S93312A",
        "display": "Subluxation of tarsal joint of left foot, initial encounter"
      }, {
        "code": "S93312D",
        "display": "Subluxation of tarsal joint of left foot, subs encntr"
      }, {
        "code": "S93312S",
        "display": "Subluxation of tarsal joint of left foot, sequela"
      }, {
        "code": "S93313",
        "display": "Subluxation of tarsal joint of unspecified foot"
      }, {
        "code": "S93313A",
        "display": "Subluxation of tarsal joint of unspecified foot, init encntr"
      }, {
        "code": "S93313D",
        "display": "Subluxation of tarsal joint of unspecified foot, subs encntr"
      }, {
        "code": "S93313S",
        "display": "Subluxation of tarsal joint of unspecified foot, sequela"
      }, {
        "code": "S93314",
        "display": "Dislocation of tarsal joint of right foot"
      }, {
        "code": "S93314A",
        "display": "Dislocation of tarsal joint of right foot, initial encounter"
      }, {
        "code": "S93314D",
        "display": "Dislocation of tarsal joint of right foot, subs encntr"
      }, {
        "code": "S93314S",
        "display": "Dislocation of tarsal joint of right foot, sequela"
      }, {
        "code": "S93315",
        "display": "Dislocation of tarsal joint of left foot"
      }, {
        "code": "S93315A",
        "display": "Dislocation of tarsal joint of left foot, initial encounter"
      }, {
        "code": "S93315D",
        "display": "Dislocation of tarsal joint of left foot, subs encntr"
      }, {
        "code": "S93315S",
        "display": "Dislocation of tarsal joint of left foot, sequela"
      }, {
        "code": "S93316",
        "display": "Dislocation of tarsal joint of unspecified foot"
      }, {
        "code": "S93316A",
        "display": "Dislocation of tarsal joint of unspecified foot, init encntr"
      }, {
        "code": "S93316D",
        "display": "Dislocation of tarsal joint of unspecified foot, subs encntr"
      }, {
        "code": "S93316S",
        "display": "Dislocation of tarsal joint of unspecified foot, sequela"
      }, {
        "code": "S9332",
        "display": "Subluxation and dislocation of tarsometatarsal joint"
      }, {
        "code": "S93321",
        "display": "Subluxation of tarsometatarsal joint of right foot"
      }, {
        "code": "S93321A",
        "display": "Subluxation of tarsometatarsal joint of right foot, init"
      }, {
        "code": "S93321D",
        "display": "Subluxation of tarsometatarsal joint of right foot, subs"
      }, {
        "code": "S93321S",
        "display": "Subluxation of tarsometatarsal joint of right foot, sequela"
      }, {
        "code": "S93322",
        "display": "Subluxation of tarsometatarsal joint of left foot"
      }, {
        "code": "S93322A",
        "display": "Subluxation of tarsometatarsal joint of left foot, init"
      }, {
        "code": "S93322D",
        "display": "Subluxation of tarsometatarsal joint of left foot, subs"
      }, {
        "code": "S93322S",
        "display": "Subluxation of tarsometatarsal joint of left foot, sequela"
      }, {
        "code": "S93323",
        "display": "Subluxation of tarsometatarsal joint of unspecified foot"
      }, {
        "code": "S93323A",
        "display": "Subluxation of tarsometatarsal joint of unsp foot, init"
      }, {
        "code": "S93323D",
        "display": "Subluxation of tarsometatarsal joint of unsp foot, subs"
      }, {
        "code": "S93323S",
        "display": "Subluxation of tarsometatarsal joint of unsp foot, sequela"
      }, {
        "code": "S93324",
        "display": "Dislocation of tarsometatarsal joint of right foot"
      }, {
        "code": "S93324A",
        "display": "Dislocation of tarsometatarsal joint of right foot, init"
      }, {
        "code": "S93324D",
        "display": "Dislocation of tarsometatarsal joint of right foot, subs"
      }, {
        "code": "S93324S",
        "display": "Dislocation of tarsometatarsal joint of right foot, sequela"
      }, {
        "code": "S93325",
        "display": "Dislocation of tarsometatarsal joint of left foot"
      }, {
        "code": "S93325A",
        "display": "Dislocation of tarsometatarsal joint of left foot, init"
      }, {
        "code": "S93325D",
        "display": "Dislocation of tarsometatarsal joint of left foot, subs"
      }, {
        "code": "S93325S",
        "display": "Dislocation of tarsometatarsal joint of left foot, sequela"
      }, {
        "code": "S93326",
        "display": "Dislocation of tarsometatarsal joint of unspecified foot"
      }, {
        "code": "S93326A",
        "display": "Dislocation of tarsometatarsal joint of unsp foot, init"
      }, {
        "code": "S93326D",
        "display": "Dislocation of tarsometatarsal joint of unsp foot, subs"
      }, {
        "code": "S93326S",
        "display": "Dislocation of tarsometatarsal joint of unsp foot, sequela"
      }, {
        "code": "S9333",
        "display": "Other subluxation and dislocation of foot"
      }, {
        "code": "S93331",
        "display": "Other subluxation of right foot"
      }, {
        "code": "S93331A",
        "display": "Other subluxation of right foot, initial encounter"
      }, {
        "code": "S93331D",
        "display": "Other subluxation of right foot, subsequent encounter"
      }, {
        "code": "S93331S",
        "display": "Other subluxation of right foot, sequela"
      }, {
        "code": "S93332",
        "display": "Other subluxation of left foot"
      }, {
        "code": "S93332A",
        "display": "Other subluxation of left foot, initial encounter"
      }, {
        "code": "S93332D",
        "display": "Other subluxation of left foot, subsequent encounter"
      }, {
        "code": "S93332S",
        "display": "Other subluxation of left foot, sequela"
      }, {
        "code": "S93333",
        "display": "Other subluxation of unspecified foot"
      }, {
        "code": "S93333A",
        "display": "Other subluxation of unspecified foot, initial encounter"
      }, {
        "code": "S93333D",
        "display": "Other subluxation of unspecified foot, subsequent encounter"
      }, {
        "code": "S93333S",
        "display": "Other subluxation of unspecified foot, sequela"
      }, {
        "code": "S93334",
        "display": "Other dislocation of right foot"
      }, {
        "code": "S93334A",
        "display": "Other dislocation of right foot, initial encounter"
      }, {
        "code": "S93334D",
        "display": "Other dislocation of right foot, subsequent encounter"
      }, {
        "code": "S93334S",
        "display": "Other dislocation of right foot, sequela"
      }, {
        "code": "S93335",
        "display": "Other dislocation of left foot"
      }, {
        "code": "S93335A",
        "display": "Other dislocation of left foot, initial encounter"
      }, {
        "code": "S93335D",
        "display": "Other dislocation of left foot, subsequent encounter"
      }, {
        "code": "S93335S",
        "display": "Other dislocation of left foot, sequela"
      }, {
        "code": "S93336",
        "display": "Other dislocation of unspecified foot"
      }, {
        "code": "S93336A",
        "display": "Other dislocation of unspecified foot, initial encounter"
      }, {
        "code": "S93336D",
        "display": "Other dislocation of unspecified foot, subsequent encounter"
      }, {
        "code": "S93336S",
        "display": "Other dislocation of unspecified foot, sequela"
      }, {
        "code": "S934",
        "display": "Sprain of ankle"
      }, {
        "code": "S9340",
        "display": "Sprain of unspecified ligament of ankle"
      }, {
        "code": "S93401",
        "display": "Sprain of unspecified ligament of right ankle"
      }, {
        "code": "S93401A",
        "display": "Sprain of unspecified ligament of right ankle, init encntr"
      }, {
        "code": "S93401D",
        "display": "Sprain of unspecified ligament of right ankle, subs encntr"
      }, {
        "code": "S93401S",
        "display": "Sprain of unspecified ligament of right ankle, sequela"
      }, {
        "code": "S93402",
        "display": "Sprain of unspecified ligament of left ankle"
      }, {
        "code": "S93402A",
        "display": "Sprain of unspecified ligament of left ankle, init encntr"
      }, {
        "code": "S93402D",
        "display": "Sprain of unspecified ligament of left ankle, subs encntr"
      }, {
        "code": "S93402S",
        "display": "Sprain of unspecified ligament of left ankle, sequela"
      }, {
        "code": "S93409",
        "display": "Sprain of unspecified ligament of unspecified ankle"
      }, {
        "code": "S93409A",
        "display": "Sprain of unsp ligament of unspecified ankle, init encntr"
      }, {
        "code": "S93409D",
        "display": "Sprain of unsp ligament of unspecified ankle, subs encntr"
      }, {
        "code": "S93409S",
        "display": "Sprain of unspecified ligament of unspecified ankle, sequela"
      }, {
        "code": "S9341",
        "display": "Sprain of calcaneofibular ligament"
      }, {
        "code": "S93411",
        "display": "Sprain of calcaneofibular ligament of right ankle"
      }, {
        "code": "S93411A",
        "display": "Sprain of calcaneofibular ligament of right ankle, init"
      }, {
        "code": "S93411D",
        "display": "Sprain of calcaneofibular ligament of right ankle, subs"
      }, {
        "code": "S93411S",
        "display": "Sprain of calcaneofibular ligament of right ankle, sequela"
      }, {
        "code": "S93412",
        "display": "Sprain of calcaneofibular ligament of left ankle"
      }, {
        "code": "S93412A",
        "display": "Sprain of calcaneofibular ligament of left ankle, init"
      }, {
        "code": "S93412D",
        "display": "Sprain of calcaneofibular ligament of left ankle, subs"
      }, {
        "code": "S93412S",
        "display": "Sprain of calcaneofibular ligament of left ankle, sequela"
      }, {
        "code": "S93419",
        "display": "Sprain of calcaneofibular ligament of unspecified ankle"
      }, {
        "code": "S93419A",
        "display": "Sprain of calcaneofibular ligament of unsp ankle, init"
      }, {
        "code": "S93419D",
        "display": "Sprain of calcaneofibular ligament of unsp ankle, subs"
      }, {
        "code": "S93419S",
        "display": "Sprain of calcaneofibular ligament of unsp ankle, sequela"
      }, {
        "code": "S9342",
        "display": "Sprain of deltoid ligament"
      }, {
        "code": "S93421",
        "display": "Sprain of deltoid ligament of right ankle"
      }, {
        "code": "S93421A",
        "display": "Sprain of deltoid ligament of right ankle, initial encounter"
      }, {
        "code": "S93421D",
        "display": "Sprain of deltoid ligament of right ankle, subs encntr"
      }, {
        "code": "S93421S",
        "display": "Sprain of deltoid ligament of right ankle, sequela"
      }, {
        "code": "S93422",
        "display": "Sprain of deltoid ligament of left ankle"
      }, {
        "code": "S93422A",
        "display": "Sprain of deltoid ligament of left ankle, initial encounter"
      }, {
        "code": "S93422D",
        "display": "Sprain of deltoid ligament of left ankle, subs encntr"
      }, {
        "code": "S93422S",
        "display": "Sprain of deltoid ligament of left ankle, sequela"
      }, {
        "code": "S93429",
        "display": "Sprain of deltoid ligament of unspecified ankle"
      }, {
        "code": "S93429A",
        "display": "Sprain of deltoid ligament of unspecified ankle, init encntr"
      }, {
        "code": "S93429D",
        "display": "Sprain of deltoid ligament of unspecified ankle, subs encntr"
      }, {
        "code": "S93429S",
        "display": "Sprain of deltoid ligament of unspecified ankle, sequela"
      }, {
        "code": "S9343",
        "display": "Sprain of tibiofibular ligament"
      }, {
        "code": "S93431",
        "display": "Sprain of tibiofibular ligament of right ankle"
      }, {
        "code": "S93431A",
        "display": "Sprain of tibiofibular ligament of right ankle, init encntr"
      }, {
        "code": "S93431D",
        "display": "Sprain of tibiofibular ligament of right ankle, subs encntr"
      }, {
        "code": "S93431S",
        "display": "Sprain of tibiofibular ligament of right ankle, sequela"
      }, {
        "code": "S93432",
        "display": "Sprain of tibiofibular ligament of left ankle"
      }, {
        "code": "S93432A",
        "display": "Sprain of tibiofibular ligament of left ankle, init encntr"
      }, {
        "code": "S93432D",
        "display": "Sprain of tibiofibular ligament of left ankle, subs encntr"
      }, {
        "code": "S93432S",
        "display": "Sprain of tibiofibular ligament of left ankle, sequela"
      }, {
        "code": "S93439",
        "display": "Sprain of tibiofibular ligament of unspecified ankle"
      }, {
        "code": "S93439A",
        "display": "Sprain of tibiofibular ligament of unsp ankle, init encntr"
      }, {
        "code": "S93439D",
        "display": "Sprain of tibiofibular ligament of unsp ankle, subs encntr"
      }, {
        "code": "S93439S",
        "display": "Sprain of tibiofibular ligament of unsp ankle, sequela"
      }, {
        "code": "S9349",
        "display": "Sprain of other ligament of ankle"
      }, {
        "code": "S93491",
        "display": "Sprain of other ligament of right ankle"
      }, {
        "code": "S93491A",
        "display": "Sprain of other ligament of right ankle, initial encounter"
      }, {
        "code": "S93491D",
        "display": "Sprain of other ligament of right ankle, subs encntr"
      }, {
        "code": "S93491S",
        "display": "Sprain of other ligament of right ankle, sequela"
      }, {
        "code": "S93492",
        "display": "Sprain of other ligament of left ankle"
      }, {
        "code": "S93492A",
        "display": "Sprain of other ligament of left ankle, initial encounter"
      }, {
        "code": "S93492D",
        "display": "Sprain of other ligament of left ankle, subsequent encounter"
      }, {
        "code": "S93492S",
        "display": "Sprain of other ligament of left ankle, sequela"
      }, {
        "code": "S93499",
        "display": "Sprain of other ligament of unspecified ankle"
      }, {
        "code": "S93499A",
        "display": "Sprain of other ligament of unspecified ankle, init encntr"
      }, {
        "code": "S93499D",
        "display": "Sprain of other ligament of unspecified ankle, subs encntr"
      }, {
        "code": "S93499S",
        "display": "Sprain of other ligament of unspecified ankle, sequela"
      }, {
        "code": "S935",
        "display": "Sprain of toe"
      }, {
        "code": "S9350",
        "display": "Unspecified sprain of toe"
      }, {
        "code": "S93501",
        "display": "Unspecified sprain of right great toe"
      }, {
        "code": "S93501A",
        "display": "Unspecified sprain of right great toe, initial encounter"
      }, {
        "code": "S93501D",
        "display": "Unspecified sprain of right great toe, subsequent encounter"
      }, {
        "code": "S93501S",
        "display": "Unspecified sprain of right great toe, sequela"
      }, {
        "code": "S93502",
        "display": "Unspecified sprain of left great toe"
      }, {
        "code": "S93502A",
        "display": "Unspecified sprain of left great toe, initial encounter"
      }, {
        "code": "S93502D",
        "display": "Unspecified sprain of left great toe, subsequent encounter"
      }, {
        "code": "S93502S",
        "display": "Unspecified sprain of left great toe, sequela"
      }, {
        "code": "S93503",
        "display": "Unspecified sprain of unspecified great toe"
      }, {
        "code": "S93503A",
        "display": "Unspecified sprain of unspecified great toe, init encntr"
      }, {
        "code": "S93503D",
        "display": "Unspecified sprain of unspecified great toe, subs encntr"
      }, {
        "code": "S93503S",
        "display": "Unspecified sprain of unspecified great toe, sequela"
      }, {
        "code": "S93504",
        "display": "Unspecified sprain of right lesser toe(s)"
      }, {
        "code": "S93504A",
        "display": "Unspecified sprain of right lesser toe(s), initial encounter"
      }, {
        "code": "S93504D",
        "display": "Unspecified sprain of right lesser toe(s), subs encntr"
      }, {
        "code": "S93504S",
        "display": "Unspecified sprain of right lesser toe(s), sequela"
      }, {
        "code": "S93505",
        "display": "Unspecified sprain of left lesser toe(s)"
      }, {
        "code": "S93505A",
        "display": "Unspecified sprain of left lesser toe(s), initial encounter"
      }, {
        "code": "S93505D",
        "display": "Unspecified sprain of left lesser toe(s), subs encntr"
      }, {
        "code": "S93505S",
        "display": "Unspecified sprain of left lesser toe(s), sequela"
      }, {
        "code": "S93506",
        "display": "Unspecified sprain of unspecified lesser toe(s)"
      }, {
        "code": "S93506A",
        "display": "Unspecified sprain of unspecified lesser toe(s), init encntr"
      }, {
        "code": "S93506D",
        "display": "Unspecified sprain of unspecified lesser toe(s), subs encntr"
      }, {
        "code": "S93506S",
        "display": "Unspecified sprain of unspecified lesser toe(s), sequela"
      }, {
        "code": "S93509",
        "display": "Unspecified sprain of unspecified toe(s)"
      }, {
        "code": "S93509A",
        "display": "Unspecified sprain of unspecified toe(s), initial encounter"
      }, {
        "code": "S93509D",
        "display": "Unspecified sprain of unspecified toe(s), subs encntr"
      }, {
        "code": "S93509S",
        "display": "Unspecified sprain of unspecified toe(s), sequela"
      }, {
        "code": "S9351",
        "display": "Sprain of interphalangeal joint of toe"
      }, {
        "code": "S93511",
        "display": "Sprain of interphalangeal joint of right great toe"
      }, {
        "code": "S93511A",
        "display": "Sprain of interphalangeal joint of right great toe, init"
      }, {
        "code": "S93511D",
        "display": "Sprain of interphalangeal joint of right great toe, subs"
      }, {
        "code": "S93511S",
        "display": "Sprain of interphalangeal joint of right great toe, sequela"
      }, {
        "code": "S93512",
        "display": "Sprain of interphalangeal joint of left great toe"
      }, {
        "code": "S93512A",
        "display": "Sprain of interphalangeal joint of left great toe, init"
      }, {
        "code": "S93512D",
        "display": "Sprain of interphalangeal joint of left great toe, subs"
      }, {
        "code": "S93512S",
        "display": "Sprain of interphalangeal joint of left great toe, sequela"
      }, {
        "code": "S93513",
        "display": "Sprain of interphalangeal joint of unspecified great toe"
      }, {
        "code": "S93513A",
        "display": "Sprain of interphalangeal joint of unsp great toe, init"
      }, {
        "code": "S93513D",
        "display": "Sprain of interphalangeal joint of unsp great toe, subs"
      }, {
        "code": "S93513S",
        "display": "Sprain of interphalangeal joint of unsp great toe, sequela"
      }, {
        "code": "S93514",
        "display": "Sprain of interphalangeal joint of right lesser toe(s)"
      }, {
        "code": "S93514A",
        "display": "Sprain of interphalangeal joint of right lesser toe(s), init"
      }, {
        "code": "S93514D",
        "display": "Sprain of interphalangeal joint of right lesser toe(s), subs"
      }, {
        "code": "S93514S",
        "display": "Sprain of interphaln joint of right lesser toe(s), sequela"
      }, {
        "code": "S93515",
        "display": "Sprain of interphalangeal joint of left lesser toe(s)"
      }, {
        "code": "S93515A",
        "display": "Sprain of interphalangeal joint of left lesser toe(s), init"
      }, {
        "code": "S93515D",
        "display": "Sprain of interphalangeal joint of left lesser toe(s), subs"
      }, {
        "code": "S93515S",
        "display": "Sprain of interphaln joint of left lesser toe(s), sequela"
      }, {
        "code": "S93516",
        "display": "Sprain of interphalangeal joint of unspecified lesser toe(s)"
      }, {
        "code": "S93516A",
        "display": "Sprain of interphalangeal joint of unsp lesser toe(s), init"
      }, {
        "code": "S93516D",
        "display": "Sprain of interphalangeal joint of unsp lesser toe(s), subs"
      }, {
        "code": "S93516S",
        "display": "Sprain of interphaln joint of unsp lesser toe(s), sequela"
      }, {
        "code": "S93519",
        "display": "Sprain of interphalangeal joint of unspecified toe(s)"
      }, {
        "code": "S93519A",
        "display": "Sprain of interphalangeal joint of unsp toe(s), init encntr"
      }, {
        "code": "S93519D",
        "display": "Sprain of interphalangeal joint of unsp toe(s), subs encntr"
      }, {
        "code": "S93519S",
        "display": "Sprain of interphalangeal joint of unsp toe(s), sequela"
      }, {
        "code": "S9352",
        "display": "Sprain of metatarsophalangeal joint of toe"
      }, {
        "code": "S93521",
        "display": "Sprain of metatarsophalangeal joint of right great toe"
      }, {
        "code": "S93521A",
        "display": "Sprain of metatarsophalangeal joint of right great toe, init"
      }, {
        "code": "S93521D",
        "display": "Sprain of metatarsophalangeal joint of right great toe, subs"
      }, {
        "code": "S93521S",
        "display": "Sprain of MTP joint of right great toe, sequela"
      }, {
        "code": "S93522",
        "display": "Sprain of metatarsophalangeal joint of left great toe"
      }, {
        "code": "S93522A",
        "display": "Sprain of metatarsophalangeal joint of left great toe, init"
      }, {
        "code": "S93522D",
        "display": "Sprain of metatarsophalangeal joint of left great toe, subs"
      }, {
        "code": "S93522S",
        "display": "Sprain of MTP joint of left great toe, sequela"
      }, {
        "code": "S93523",
        "display": "Sprain of metatarsophalangeal joint of unspecified great toe"
      }, {
        "code": "S93523A",
        "display": "Sprain of metatarsophalangeal joint of unsp great toe, init"
      }, {
        "code": "S93523D",
        "display": "Sprain of metatarsophalangeal joint of unsp great toe, subs"
      }, {
        "code": "S93523S",
        "display": "Sprain of MTP joint of unsp great toe, sequela"
      }, {
        "code": "S93524",
        "display": "Sprain of metatarsophalangeal joint of right lesser toe(s)"
      }, {
        "code": "S93524A",
        "display": "Sprain of MTP joint of right lesser toe(s), init"
      }, {
        "code": "S93524D",
        "display": "Sprain of MTP joint of right lesser toe(s), subs"
      }, {
        "code": "S93524S",
        "display": "Sprain of MTP joint of right lesser toe(s), sequela"
      }, {
        "code": "S93525",
        "display": "Sprain of metatarsophalangeal joint of left lesser toe(s)"
      }, {
        "code": "S93525A",
        "display": "Sprain of MTP joint of left lesser toe(s), init"
      }, {
        "code": "S93525D",
        "display": "Sprain of MTP joint of left lesser toe(s), subs"
      }, {
        "code": "S93525S",
        "display": "Sprain of MTP joint of left lesser toe(s), sequela"
      }, {
        "code": "S93526",
        "display": "Sprain of metatarsophalangeal joint of unsp lesser toe(s)"
      }, {
        "code": "S93526A",
        "display": "Sprain of MTP joint of unsp lesser toe(s), init"
      }, {
        "code": "S93526D",
        "display": "Sprain of MTP joint of unsp lesser toe(s), subs"
      }, {
        "code": "S93526S",
        "display": "Sprain of MTP joint of unsp lesser toe(s), sequela"
      }, {
        "code": "S93529",
        "display": "Sprain of metatarsophalangeal joint of unspecified toe(s)"
      }, {
        "code": "S93529A",
        "display": "Sprain of metatarsophalangeal joint of unsp toe(s), init"
      }, {
        "code": "S93529D",
        "display": "Sprain of metatarsophalangeal joint of unsp toe(s), subs"
      }, {
        "code": "S93529S",
        "display": "Sprain of metatarsophalangeal joint of unsp toe(s), sequela"
      }, {
        "code": "S936",
        "display": "Sprain of foot"
      }, {
        "code": "S9360",
        "display": "Unspecified sprain of foot"
      }, {
        "code": "S93601",
        "display": "Unspecified sprain of right foot"
      }, {
        "code": "S93601A",
        "display": "Unspecified sprain of right foot, initial encounter"
      }, {
        "code": "S93601D",
        "display": "Unspecified sprain of right foot, subsequent encounter"
      }, {
        "code": "S93601S",
        "display": "Unspecified sprain of right foot, sequela"
      }, {
        "code": "S93602",
        "display": "Unspecified sprain of left foot"
      }, {
        "code": "S93602A",
        "display": "Unspecified sprain of left foot, initial encounter"
      }, {
        "code": "S93602D",
        "display": "Unspecified sprain of left foot, subsequent encounter"
      }, {
        "code": "S93602S",
        "display": "Unspecified sprain of left foot, sequela"
      }, {
        "code": "S93609",
        "display": "Unspecified sprain of unspecified foot"
      }, {
        "code": "S93609A",
        "display": "Unspecified sprain of unspecified foot, initial encounter"
      }, {
        "code": "S93609D",
        "display": "Unspecified sprain of unspecified foot, subsequent encounter"
      }, {
        "code": "S93609S",
        "display": "Unspecified sprain of unspecified foot, sequela"
      }, {
        "code": "S9361",
        "display": "Sprain of tarsal ligament of foot"
      }, {
        "code": "S93611",
        "display": "Sprain of tarsal ligament of right foot"
      }, {
        "code": "S93611A",
        "display": "Sprain of tarsal ligament of right foot, initial encounter"
      }, {
        "code": "S93611D",
        "display": "Sprain of tarsal ligament of right foot, subs encntr"
      }, {
        "code": "S93611S",
        "display": "Sprain of tarsal ligament of right foot, sequela"
      }, {
        "code": "S93612",
        "display": "Sprain of tarsal ligament of left foot"
      }, {
        "code": "S93612A",
        "display": "Sprain of tarsal ligament of left foot, initial encounter"
      }, {
        "code": "S93612D",
        "display": "Sprain of tarsal ligament of left foot, subsequent encounter"
      }, {
        "code": "S93612S",
        "display": "Sprain of tarsal ligament of left foot, sequela"
      }, {
        "code": "S93619",
        "display": "Sprain of tarsal ligament of unspecified foot"
      }, {
        "code": "S93619A",
        "display": "Sprain of tarsal ligament of unspecified foot, init encntr"
      }, {
        "code": "S93619D",
        "display": "Sprain of tarsal ligament of unspecified foot, subs encntr"
      }, {
        "code": "S93619S",
        "display": "Sprain of tarsal ligament of unspecified foot, sequela"
      }, {
        "code": "S9362",
        "display": "Sprain of tarsometatarsal ligament of foot"
      }, {
        "code": "S93621",
        "display": "Sprain of tarsometatarsal ligament of right foot"
      }, {
        "code": "S93621A",
        "display": "Sprain of tarsometatarsal ligament of right foot, init"
      }, {
        "code": "S93621D",
        "display": "Sprain of tarsometatarsal ligament of right foot, subs"
      }, {
        "code": "S93621S",
        "display": "Sprain of tarsometatarsal ligament of right foot, sequela"
      }, {
        "code": "S93622",
        "display": "Sprain of tarsometatarsal ligament of left foot"
      }, {
        "code": "S93622A",
        "display": "Sprain of tarsometatarsal ligament of left foot, init encntr"
      }, {
        "code": "S93622D",
        "display": "Sprain of tarsometatarsal ligament of left foot, subs encntr"
      }, {
        "code": "S93622S",
        "display": "Sprain of tarsometatarsal ligament of left foot, sequela"
      }, {
        "code": "S93629",
        "display": "Sprain of tarsometatarsal ligament of unspecified foot"
      }, {
        "code": "S93629A",
        "display": "Sprain of tarsometatarsal ligament of unsp foot, init encntr"
      }, {
        "code": "S93629D",
        "display": "Sprain of tarsometatarsal ligament of unsp foot, subs encntr"
      }, {
        "code": "S93629S",
        "display": "Sprain of tarsometatarsal ligament of unsp foot, sequela"
      }, {
        "code": "S9369",
        "display": "Other sprain of foot"
      }, {
        "code": "S93691",
        "display": "Other sprain of right foot"
      }, {
        "code": "S93691A",
        "display": "Other sprain of right foot, initial encounter"
      }, {
        "code": "S93691D",
        "display": "Other sprain of right foot, subsequent encounter"
      }, {
        "code": "S93691S",
        "display": "Other sprain of right foot, sequela"
      }, {
        "code": "S93692",
        "display": "Other sprain of left foot"
      }, {
        "code": "S93692A",
        "display": "Other sprain of left foot, initial encounter"
      }, {
        "code": "S93692D",
        "display": "Other sprain of left foot, subsequent encounter"
      }, {
        "code": "S93692S",
        "display": "Other sprain of left foot, sequela"
      }, {
        "code": "S93699",
        "display": "Other sprain of unspecified foot"
      }, {
        "code": "S93699A",
        "display": "Other sprain of unspecified foot, initial encounter"
      }, {
        "code": "S93699D",
        "display": "Other sprain of unspecified foot, subsequent encounter"
      }, {
        "code": "S93699S",
        "display": "Other sprain of unspecified foot, sequela"
      } ]
    } ]
  }
}