{
  "resourceType": "ValueSet",
  "id": "S03",
  "url": "http://hl7.org/fhir/sid/icd-10-cm-1382",
  "version": "1.0",
  "name": "Dislocation and sprain of joints and ligaments of head",
  "title": "Dislocation and sprain of joints and ligaments of head",
  "status": "active",
  "compose": {
    "include": [ {
      "system": "http://hl7.org/fhir/sid/icd-10-cm",
      "concept": [ {
        "code": "S030",
        "display": "Dislocation of jaw"
      }, {
        "code": "S0300",
        "display": "Dislocation of jaw, unspecified side"
      }, {
        "code": "S0300XA",
        "display": "Dislocation of jaw, unspecified side, initial encounter"
      }, {
        "code": "S0300XD",
        "display": "Dislocation of jaw, unspecified side, subsequent encounter"
      }, {
        "code": "S0300XS",
        "display": "Dislocation of jaw, unspecified side, sequela"
      }, {
        "code": "S0301",
        "display": "Dislocation of jaw, right side"
      }, {
        "code": "S0301XA",
        "display": "Dislocation of jaw, right side, initial encounter"
      }, {
        "code": "S0301XD",
        "display": "Dislocation of jaw, right side, subsequent encounter"
      }, {
        "code": "S0301XS",
        "display": "Dislocation of jaw, right side, sequela"
      }, {
        "code": "S0302",
        "display": "Dislocation of jaw, left side"
      }, {
        "code": "S0302XA",
        "display": "Dislocation of jaw, left side, initial encounter"
      }, {
        "code": "S0302XD",
        "display": "Dislocation of jaw, left side, subsequent encounter"
      }, {
        "code": "S0302XS",
        "display": "Dislocation of jaw, left side, sequela"
      }, {
        "code": "S0303",
        "display": "Dislocation of jaw, bilateral"
      }, {
        "code": "S0303XA",
        "display": "Dislocation of jaw, bilateral, initial encounter"
      }, {
        "code": "S0303XD",
        "display": "Dislocation of jaw, bilateral, subsequent encounter"
      }, {
        "code": "S0303XS",
        "display": "Dislocation of jaw, bilateral, sequela"
      }, {
        "code": "S031",
        "display": "Dislocation of septal cartilage of nose"
      }, {
        "code": "S031XXA",
        "display": "Dislocation of septal cartilage of nose, initial encounter"
      }, {
        "code": "S031XXD",
        "display": "Dislocation of septal cartilage of nose, subs encntr"
      }, {
        "code": "S031XXS",
        "display": "Dislocation of septal cartilage of nose, sequela"
      }, {
        "code": "S032",
        "display": "Dislocation of tooth"
      }, {
        "code": "S032XXA",
        "display": "Dislocation of tooth, initial encounter"
      }, {
        "code": "S032XXD",
        "display": "Dislocation of tooth, subsequent encounter"
      }, {
        "code": "S032XXS",
        "display": "Dislocation of tooth, sequela"
      }, {
        "code": "S034",
        "display": "Sprain of jaw"
      }, {
        "code": "S0340",
        "display": "Sprain of jaw, unspecified side"
      }, {
        "code": "S0340XA",
        "display": "Sprain of jaw, unspecified side, initial encounter"
      }, {
        "code": "S0340XD",
        "display": "Sprain of jaw, unspecified side, subsequent encounter"
      }, {
        "code": "S0340XS",
        "display": "Sprain of jaw, unspecified side, sequela"
      }, {
        "code": "S0341",
        "display": "Sprain of jaw, right side"
      }, {
        "code": "S0341XA",
        "display": "Sprain of jaw, right side, initial encounter"
      }, {
        "code": "S0341XD",
        "display": "Sprain of jaw, right side, subsequent encounter"
      }, {
        "code": "S0341XS",
        "display": "Sprain of jaw, right side, sequela"
      }, {
        "code": "S0342",
        "display": "Sprain of jaw, left side"
      }, {
        "code": "S0342XA",
        "display": "Sprain of jaw, left side, initial encounter"
      }, {
        "code": "S0342XD",
        "display": "Sprain of jaw, left side, subsequent encounter"
      }, {
        "code": "S0342XS",
        "display": "Sprain of jaw, left side, sequela"
      }, {
        "code": "S0343",
        "display": "Sprain of jaw, bilateral"
      }, {
        "code": "S0343XA",
        "display": "Sprain of jaw, bilateral, initial encounter"
      }, {
        "code": "S0343XD",
        "display": "Sprain of jaw, bilateral, subsequent encounter"
      }, {
        "code": "S0343XS",
        "display": "Sprain of jaw, bilateral, sequela"
      }, {
        "code": "S038",
        "display": "Sprain of joints and ligaments of other parts of head"
      }, {
        "code": "S038XXA",
        "display": "Sprain of joints and ligaments of oth prt head, init encntr"
      }, {
        "code": "S038XXD",
        "display": "Sprain of joints and ligaments of oth prt head, subs encntr"
      }, {
        "code": "S038XXS",
        "display": "Sprain of joints and ligaments of oth parts of head, sequela"
      }, {
        "code": "S039",
        "display": "Sprain of joints and ligaments of unspecified parts of head"
      }, {
        "code": "S039XXA",
        "display": "Sprain of joints and ligaments of unsp parts of head, init"
      }, {
        "code": "S039XXD",
        "display": "Sprain of joints and ligaments of unsp parts of head, subs"
      }, {
        "code": "S039XXS",
        "display": "Sprain of joints and ligaments of unsp parts of head, sqla"
      } ]
    } ]
  }
}