{
  "resourceType": "ValueSet",
  "id": "S83",
  "url": "http://hl7.org/fhir/sid/icd-10-cm-1461",
  "version": "1.0",
  "name": "Dislocation and sprain of joints and ligaments of knee",
  "title": "Dislocation and sprain of joints and ligaments of knee",
  "status": "active",
  "compose": {
    "include": [ {
      "system": "http://hl7.org/fhir/sid/icd-10-cm",
      "concept": [ {
        "code": "S830",
        "display": "Subluxation and dislocation of patella"
      }, {
        "code": "S8300",
        "display": "Unspecified subluxation and dislocation of patella"
      }, {
        "code": "S83001",
        "display": "Unspecified subluxation of right patella"
      }, {
        "code": "S83001A",
        "display": "Unspecified subluxation of right patella, initial encounter"
      }, {
        "code": "S83001D",
        "display": "Unspecified subluxation of right patella, subs encntr"
      }, {
        "code": "S83001S",
        "display": "Unspecified subluxation of right patella, sequela"
      }, {
        "code": "S83002",
        "display": "Unspecified subluxation of left patella"
      }, {
        "code": "S83002A",
        "display": "Unspecified subluxation of left patella, initial encounter"
      }, {
        "code": "S83002D",
        "display": "Unspecified subluxation of left patella, subs encntr"
      }, {
        "code": "S83002S",
        "display": "Unspecified subluxation of left patella, sequela"
      }, {
        "code": "S83003",
        "display": "Unspecified subluxation of unspecified patella"
      }, {
        "code": "S83003A",
        "display": "Unspecified subluxation of unspecified patella, init encntr"
      }, {
        "code": "S83003D",
        "display": "Unspecified subluxation of unspecified patella, subs encntr"
      }, {
        "code": "S83003S",
        "display": "Unspecified subluxation of unspecified patella, sequela"
      }, {
        "code": "S83004",
        "display": "Unspecified dislocation of right patella"
      }, {
        "code": "S83004A",
        "display": "Unspecified dislocation of right patella, initial encounter"
      }, {
        "code": "S83004D",
        "display": "Unspecified dislocation of right patella, subs encntr"
      }, {
        "code": "S83004S",
        "display": "Unspecified dislocation of right patella, sequela"
      }, {
        "code": "S83005",
        "display": "Unspecified dislocation of left patella"
      }, {
        "code": "S83005A",
        "display": "Unspecified dislocation of left patella, initial encounter"
      }, {
        "code": "S83005D",
        "display": "Unspecified dislocation of left patella, subs encntr"
      }, {
        "code": "S83005S",
        "display": "Unspecified dislocation of left patella, sequela"
      }, {
        "code": "S83006",
        "display": "Unspecified dislocation of unspecified patella"
      }, {
        "code": "S83006A",
        "display": "Unspecified dislocation of unspecified patella, init encntr"
      }, {
        "code": "S83006D",
        "display": "Unspecified dislocation of unspecified patella, subs encntr"
      }, {
        "code": "S83006S",
        "display": "Unspecified dislocation of unspecified patella, sequela"
      }, {
        "code": "S8301",
        "display": "Lateral subluxation and dislocation of patella"
      }, {
        "code": "S83011",
        "display": "Lateral subluxation of right patella"
      }, {
        "code": "S83011A",
        "display": "Lateral subluxation of right patella, initial encounter"
      }, {
        "code": "S83011D",
        "display": "Lateral subluxation of right patella, subsequent encounter"
      }, {
        "code": "S83011S",
        "display": "Lateral subluxation of right patella, sequela"
      }, {
        "code": "S83012",
        "display": "Lateral subluxation of left patella"
      }, {
        "code": "S83012A",
        "display": "Lateral subluxation of left patella, initial encounter"
      }, {
        "code": "S83012D",
        "display": "Lateral subluxation of left patella, subsequent encounter"
      }, {
        "code": "S83012S",
        "display": "Lateral subluxation of left patella, sequela"
      }, {
        "code": "S83013",
        "display": "Lateral subluxation of unspecified patella"
      }, {
        "code": "S83013A",
        "display": "Lateral subluxation of unspecified patella, init encntr"
      }, {
        "code": "S83013D",
        "display": "Lateral subluxation of unspecified patella, subs encntr"
      }, {
        "code": "S83013S",
        "display": "Lateral subluxation of unspecified patella, sequela"
      }, {
        "code": "S83014",
        "display": "Lateral dislocation of right patella"
      }, {
        "code": "S83014A",
        "display": "Lateral dislocation of right patella, initial encounter"
      }, {
        "code": "S83014D",
        "display": "Lateral dislocation of right patella, subsequent encounter"
      }, {
        "code": "S83014S",
        "display": "Lateral dislocation of right patella, sequela"
      }, {
        "code": "S83015",
        "display": "Lateral dislocation of left patella"
      }, {
        "code": "S83015A",
        "display": "Lateral dislocation of left patella, initial encounter"
      }, {
        "code": "S83015D",
        "display": "Lateral dislocation of left patella, subsequent encounter"
      }, {
        "code": "S83015S",
        "display": "Lateral dislocation of left patella, sequela"
      }, {
        "code": "S83016",
        "display": "Lateral dislocation of unspecified patella"
      }, {
        "code": "S83016A",
        "display": "Lateral dislocation of unspecified patella, init encntr"
      }, {
        "code": "S83016D",
        "display": "Lateral dislocation of unspecified patella, subs encntr"
      }, {
        "code": "S83016S",
        "display": "Lateral dislocation of unspecified patella, sequela"
      }, {
        "code": "S8309",
        "display": "Other subluxation and dislocation of patella"
      }, {
        "code": "S83091",
        "display": "Other subluxation of right patella"
      }, {
        "code": "S83091A",
        "display": "Other subluxation of right patella, initial encounter"
      }, {
        "code": "S83091D",
        "display": "Other subluxation of right patella, subsequent encounter"
      }, {
        "code": "S83091S",
        "display": "Other subluxation of right patella, sequela"
      }, {
        "code": "S83092",
        "display": "Other subluxation of left patella"
      }, {
        "code": "S83092A",
        "display": "Other subluxation of left patella, initial encounter"
      }, {
        "code": "S83092D",
        "display": "Other subluxation of left patella, subsequent encounter"
      }, {
        "code": "S83092S",
        "display": "Other subluxation of left patella, sequela"
      }, {
        "code": "S83093",
        "display": "Other subluxation of unspecified patella"
      }, {
        "code": "S83093A",
        "display": "Other subluxation of unspecified patella, initial encounter"
      }, {
        "code": "S83093D",
        "display": "Other subluxation of unspecified patella, subs encntr"
      }, {
        "code": "S83093S",
        "display": "Other subluxation of unspecified patella, sequela"
      }, {
        "code": "S83094",
        "display": "Other dislocation of right patella"
      }, {
        "code": "S83094A",
        "display": "Other dislocation of right patella, initial encounter"
      }, {
        "code": "S83094D",
        "display": "Other dislocation of right patella, subsequent encounter"
      }, {
        "code": "S83094S",
        "display": "Other dislocation of right patella, sequela"
      }, {
        "code": "S83095",
        "display": "Other dislocation of left patella"
      }, {
        "code": "S83095A",
        "display": "Other dislocation of left patella, initial encounter"
      }, {
        "code": "S83095D",
        "display": "Other dislocation of left patella, subsequent encounter"
      }, {
        "code": "S83095S",
        "display": "Other dislocation of left patella, sequela"
      }, {
        "code": "S83096",
        "display": "Other dislocation of unspecified patella"
      }, {
        "code": "S83096A",
        "display": "Other dislocation of unspecified patella, initial encounter"
      }, {
        "code": "S83096D",
        "display": "Other dislocation of unspecified patella, subs encntr"
      }, {
        "code": "S83096S",
        "display": "Other dislocation of unspecified patella, sequela"
      }, {
        "code": "S831",
        "display": "Subluxation and dislocation of knee"
      }, {
        "code": "S8310",
        "display": "Unspecified subluxation and dislocation of knee"
      }, {
        "code": "S83101",
        "display": "Unspecified subluxation of right knee"
      }, {
        "code": "S83101A",
        "display": "Unspecified subluxation of right knee, initial encounter"
      }, {
        "code": "S83101D",
        "display": "Unspecified subluxation of right knee, subsequent encounter"
      }, {
        "code": "S83101S",
        "display": "Unspecified subluxation of right knee, sequela"
      }, {
        "code": "S83102",
        "display": "Unspecified subluxation of left knee"
      }, {
        "code": "S83102A",
        "display": "Unspecified subluxation of left knee, initial encounter"
      }, {
        "code": "S83102D",
        "display": "Unspecified subluxation of left knee, subsequent encounter"
      }, {
        "code": "S83102S",
        "display": "Unspecified subluxation of left knee, sequela"
      }, {
        "code": "S83103",
        "display": "Unspecified subluxation of unspecified knee"
      }, {
        "code": "S83103A",
        "display": "Unspecified subluxation of unspecified knee, init encntr"
      }, {
        "code": "S83103D",
        "display": "Unspecified subluxation of unspecified knee, subs encntr"
      }, {
        "code": "S83103S",
        "display": "Unspecified subluxation of unspecified knee, sequela"
      }, {
        "code": "S83104",
        "display": "Unspecified dislocation of right knee"
      }, {
        "code": "S83104A",
        "display": "Unspecified dislocation of right knee, initial encounter"
      }, {
        "code": "S83104D",
        "display": "Unspecified dislocation of right knee, subsequent encounter"
      }, {
        "code": "S83104S",
        "display": "Unspecified dislocation of right knee, sequela"
      }, {
        "code": "S83105",
        "display": "Unspecified dislocation of left knee"
      }, {
        "code": "S83105A",
        "display": "Unspecified dislocation of left knee, initial encounter"
      }, {
        "code": "S83105D",
        "display": "Unspecified dislocation of left knee, subsequent encounter"
      }, {
        "code": "S83105S",
        "display": "Unspecified dislocation of left knee, sequela"
      }, {
        "code": "S83106",
        "display": "Unspecified dislocation of unspecified knee"
      }, {
        "code": "S83106A",
        "display": "Unspecified dislocation of unspecified knee, init encntr"
      }, {
        "code": "S83106D",
        "display": "Unspecified dislocation of unspecified knee, subs encntr"
      }, {
        "code": "S83106S",
        "display": "Unspecified dislocation of unspecified knee, sequela"
      }, {
        "code": "S8311",
        "display": "Anterior subluxation and disloc of proximal end of tibia"
      }, {
        "code": "S83111",
        "display": "Anterior subluxation of proximal end of tibia, right knee"
      }, {
        "code": "S83111A",
        "display": "Anterior sublux of proximal end of tibia, right knee, init"
      }, {
        "code": "S83111D",
        "display": "Anterior sublux of proximal end of tibia, right knee, subs"
      }, {
        "code": "S83111S",
        "display": "Anterior sublux of proximal end of tibia, r knee, sequela"
      }, {
        "code": "S83112",
        "display": "Anterior subluxation of proximal end of tibia, left knee"
      }, {
        "code": "S83112A",
        "display": "Anterior sublux of proximal end of tibia, left knee, init"
      }, {
        "code": "S83112D",
        "display": "Anterior sublux of proximal end of tibia, left knee, subs"
      }, {
        "code": "S83112S",
        "display": "Anterior sublux of proximal end of tibia, left knee, sequela"
      }, {
        "code": "S83113",
        "display": "Anterior subluxation of proximal end of tibia, unsp knee"
      }, {
        "code": "S83113A",
        "display": "Anterior sublux of proximal end of tibia, unsp knee, init"
      }, {
        "code": "S83113D",
        "display": "Anterior sublux of proximal end of tibia, unsp knee, subs"
      }, {
        "code": "S83113S",
        "display": "Anterior sublux of proximal end of tibia, unsp knee, sequela"
      }, {
        "code": "S83114",
        "display": "Anterior dislocation of proximal end of tibia, right knee"
      }, {
        "code": "S83114A",
        "display": "Anterior disloc of proximal end of tibia, right knee, init"
      }, {
        "code": "S83114D",
        "display": "Anterior disloc of proximal end of tibia, right knee, subs"
      }, {
        "code": "S83114S",
        "display": "Anterior disloc of proximal end of tibia, r knee, sequela"
      }, {
        "code": "S83115",
        "display": "Anterior dislocation of proximal end of tibia, left knee"
      }, {
        "code": "S83115A",
        "display": "Anterior disloc of proximal end of tibia, left knee, init"
      }, {
        "code": "S83115D",
        "display": "Anterior disloc of proximal end of tibia, left knee, subs"
      }, {
        "code": "S83115S",
        "display": "Anterior disloc of proximal end of tibia, left knee, sequela"
      }, {
        "code": "S83116",
        "display": "Anterior dislocation of proximal end of tibia, unsp knee"
      }, {
        "code": "S83116A",
        "display": "Anterior disloc of proximal end of tibia, unsp knee, init"
      }, {
        "code": "S83116D",
        "display": "Anterior disloc of proximal end of tibia, unsp knee, subs"
      }, {
        "code": "S83116S",
        "display": "Anterior disloc of proximal end of tibia, unsp knee, sequela"
      }, {
        "code": "S8312",
        "display": "Posterior subluxation and disloc of proximal end of tibia"
      }, {
        "code": "S83121",
        "display": "Posterior subluxation of proximal end of tibia, right knee"
      }, {
        "code": "S83121A",
        "display": "Posterior sublux of proximal end of tibia, right knee, init"
      }, {
        "code": "S83121D",
        "display": "Posterior sublux of proximal end of tibia, right knee, subs"
      }, {
        "code": "S83121S",
        "display": "Posterior sublux of proximal end of tibia, r knee, sequela"
      }, {
        "code": "S83122",
        "display": "Posterior subluxation of proximal end of tibia, left knee"
      }, {
        "code": "S83122A",
        "display": "Posterior sublux of proximal end of tibia, left knee, init"
      }, {
        "code": "S83122D",
        "display": "Posterior sublux of proximal end of tibia, left knee, subs"
      }, {
        "code": "S83122S",
        "display": "Posterior sublux of proximal end of tibia, l knee, sequela"
      }, {
        "code": "S83123",
        "display": "Posterior subluxation of proximal end of tibia, unsp knee"
      }, {
        "code": "S83123A",
        "display": "Posterior sublux of proximal end of tibia, unsp knee, init"
      }, {
        "code": "S83123D",
        "display": "Posterior sublux of proximal end of tibia, unsp knee, subs"
      }, {
        "code": "S83123S",
        "display": "Post sublux of proximal end of tibia, unsp knee, sequela"
      }, {
        "code": "S83124",
        "display": "Posterior dislocation of proximal end of tibia, right knee"
      }, {
        "code": "S83124A",
        "display": "Posterior disloc of proximal end of tibia, right knee, init"
      }, {
        "code": "S83124D",
        "display": "Posterior disloc of proximal end of tibia, right knee, subs"
      }, {
        "code": "S83124S",
        "display": "Posterior disloc of proximal end of tibia, r knee, sequela"
      }, {
        "code": "S83125",
        "display": "Posterior dislocation of proximal end of tibia, left knee"
      }, {
        "code": "S83125A",
        "display": "Posterior disloc of proximal end of tibia, left knee, init"
      }, {
        "code": "S83125D",
        "display": "Posterior disloc of proximal end of tibia, left knee, subs"
      }, {
        "code": "S83125S",
        "display": "Posterior disloc of proximal end of tibia, l knee, sequela"
      }, {
        "code": "S83126",
        "display": "Posterior dislocation of proximal end of tibia, unsp knee"
      }, {
        "code": "S83126A",
        "display": "Posterior disloc of proximal end of tibia, unsp knee, init"
      }, {
        "code": "S83126D",
        "display": "Posterior disloc of proximal end of tibia, unsp knee, subs"
      }, {
        "code": "S83126S",
        "display": "Post disloc of proximal end of tibia, unsp knee, sequela"
      }, {
        "code": "S8313",
        "display": "Medial subluxation and dislocation of proximal end of tibia"
      }, {
        "code": "S83131",
        "display": "Medial subluxation of proximal end of tibia, right knee"
      }, {
        "code": "S83131A",
        "display": "Medial sublux of proximal end of tibia, right knee, init"
      }, {
        "code": "S83131D",
        "display": "Medial sublux of proximal end of tibia, right knee, subs"
      }, {
        "code": "S83131S",
        "display": "Medial sublux of proximal end of tibia, right knee, sequela"
      }, {
        "code": "S83132",
        "display": "Medial subluxation of proximal end of tibia, left knee"
      }, {
        "code": "S83132A",
        "display": "Medial subluxation of proximal end of tibia, left knee, init"
      }, {
        "code": "S83132D",
        "display": "Medial subluxation of proximal end of tibia, left knee, subs"
      }, {
        "code": "S83132S",
        "display": "Medial sublux of proximal end of tibia, left knee, sequela"
      }, {
        "code": "S83133",
        "display": "Medial subluxation of proximal end of tibia, unsp knee"
      }, {
        "code": "S83133A",
        "display": "Medial subluxation of proximal end of tibia, unsp knee, init"
      }, {
        "code": "S83133D",
        "display": "Medial subluxation of proximal end of tibia, unsp knee, subs"
      }, {
        "code": "S83133S",
        "display": "Medial sublux of proximal end of tibia, unsp knee, sequela"
      }, {
        "code": "S83134",
        "display": "Medial dislocation of proximal end of tibia, right knee"
      }, {
        "code": "S83134A",
        "display": "Medial disloc of proximal end of tibia, right knee, init"
      }, {
        "code": "S83134D",
        "display": "Medial disloc of proximal end of tibia, right knee, subs"
      }, {
        "code": "S83134S",
        "display": "Medial disloc of proximal end of tibia, right knee, sequela"
      }, {
        "code": "S83135",
        "display": "Medial dislocation of proximal end of tibia, left knee"
      }, {
        "code": "S83135A",
        "display": "Medial dislocation of proximal end of tibia, left knee, init"
      }, {
        "code": "S83135D",
        "display": "Medial dislocation of proximal end of tibia, left knee, subs"
      }, {
        "code": "S83135S",
        "display": "Medial disloc of proximal end of tibia, left knee, sequela"
      }, {
        "code": "S83136",
        "display": "Medial dislocation of proximal end of tibia, unsp knee"
      }, {
        "code": "S83136A",
        "display": "Medial dislocation of proximal end of tibia, unsp knee, init"
      }, {
        "code": "S83136D",
        "display": "Medial dislocation of proximal end of tibia, unsp knee, subs"
      }, {
        "code": "S83136S",
        "display": "Medial disloc of proximal end of tibia, unsp knee, sequela"
      }, {
        "code": "S8314",
        "display": "Lateral subluxation and dislocation of proximal end of tibia"
      }, {
        "code": "S83141",
        "display": "Lateral subluxation of proximal end of tibia, right knee"
      }, {
        "code": "S83141A",
        "display": "Lateral sublux of proximal end of tibia, right knee, init"
      }, {
        "code": "S83141D",
        "display": "Lateral sublux of proximal end of tibia, right knee, subs"
      }, {
        "code": "S83141S",
        "display": "Lateral sublux of proximal end of tibia, right knee, sequela"
      }, {
        "code": "S83142",
        "display": "Lateral subluxation of proximal end of tibia, left knee"
      }, {
        "code": "S83142A",
        "display": "Lateral sublux of proximal end of tibia, left knee, init"
      }, {
        "code": "S83142D",
        "display": "Lateral sublux of proximal end of tibia, left knee, subs"
      }, {
        "code": "S83142S",
        "display": "Lateral sublux of proximal end of tibia, left knee, sequela"
      }, {
        "code": "S83143",
        "display": "Lateral subluxation of proximal end of tibia, unsp knee"
      }, {
        "code": "S83143A",
        "display": "Lateral sublux of proximal end of tibia, unsp knee, init"
      }, {
        "code": "S83143D",
        "display": "Lateral sublux of proximal end of tibia, unsp knee, subs"
      }, {
        "code": "S83143S",
        "display": "Lateral sublux of proximal end of tibia, unsp knee, sequela"
      }, {
        "code": "S83144",
        "display": "Lateral dislocation of proximal end of tibia, right knee"
      }, {
        "code": "S83144A",
        "display": "Lateral disloc of proximal end of tibia, right knee, init"
      }, {
        "code": "S83144D",
        "display": "Lateral disloc of proximal end of tibia, right knee, subs"
      }, {
        "code": "S83144S",
        "display": "Lateral disloc of proximal end of tibia, right knee, sequela"
      }, {
        "code": "S83145",
        "display": "Lateral dislocation of proximal end of tibia, left knee"
      }, {
        "code": "S83145A",
        "display": "Lateral disloc of proximal end of tibia, left knee, init"
      }, {
        "code": "S83145D",
        "display": "Lateral disloc of proximal end of tibia, left knee, subs"
      }, {
        "code": "S83145S",
        "display": "Lateral disloc of proximal end of tibia, left knee, sequela"
      }, {
        "code": "S83146",
        "display": "Lateral dislocation of proximal end of tibia, unsp knee"
      }, {
        "code": "S83146A",
        "display": "Lateral disloc of proximal end of tibia, unsp knee, init"
      }, {
        "code": "S83146D",
        "display": "Lateral disloc of proximal end of tibia, unsp knee, subs"
      }, {
        "code": "S83146S",
        "display": "Lateral disloc of proximal end of tibia, unsp knee, sequela"
      }, {
        "code": "S8319",
        "display": "Other subluxation and dislocation of knee"
      }, {
        "code": "S83191",
        "display": "Other subluxation of right knee"
      }, {
        "code": "S83191A",
        "display": "Other subluxation of right knee, initial encounter"
      }, {
        "code": "S83191D",
        "display": "Other subluxation of right knee, subsequent encounter"
      }, {
        "code": "S83191S",
        "display": "Other subluxation of right knee, sequela"
      }, {
        "code": "S83192",
        "display": "Other subluxation of left knee"
      }, {
        "code": "S83192A",
        "display": "Other subluxation of left knee, initial encounter"
      }, {
        "code": "S83192D",
        "display": "Other subluxation of left knee, subsequent encounter"
      }, {
        "code": "S83192S",
        "display": "Other subluxation of left knee, sequela"
      }, {
        "code": "S83193",
        "display": "Other subluxation of unspecified knee"
      }, {
        "code": "S83193A",
        "display": "Other subluxation of unspecified knee, initial encounter"
      }, {
        "code": "S83193D",
        "display": "Other subluxation of unspecified knee, subsequent encounter"
      }, {
        "code": "S83193S",
        "display": "Other subluxation of unspecified knee, sequela"
      }, {
        "code": "S83194",
        "display": "Other dislocation of right knee"
      }, {
        "code": "S83194A",
        "display": "Other dislocation of right knee, initial encounter"
      }, {
        "code": "S83194D",
        "display": "Other dislocation of right knee, subsequent encounter"
      }, {
        "code": "S83194S",
        "display": "Other dislocation of right knee, sequela"
      }, {
        "code": "S83195",
        "display": "Other dislocation of left knee"
      }, {
        "code": "S83195A",
        "display": "Other dislocation of left knee, initial encounter"
      }, {
        "code": "S83195D",
        "display": "Other dislocation of left knee, subsequent encounter"
      }, {
        "code": "S83195S",
        "display": "Other dislocation of left knee, sequela"
      }, {
        "code": "S83196",
        "display": "Other dislocation of unspecified knee"
      }, {
        "code": "S83196A",
        "display": "Other dislocation of unspecified knee, initial encounter"
      }, {
        "code": "S83196D",
        "display": "Other dislocation of unspecified knee, subsequent encounter"
      }, {
        "code": "S83196S",
        "display": "Other dislocation of unspecified knee, sequela"
      }, {
        "code": "S832",
        "display": "Tear of meniscus, current injury"
      }, {
        "code": "S8320",
        "display": "Tear of unspecified meniscus, current injury"
      }, {
        "code": "S83200",
        "display": "Bucket-hndl tear of unsp meniscus, current injury, r knee"
      }, {
        "code": "S83200A",
        "display": "Bucket-hndl tear of unsp mensc, current injury, r knee, init"
      }, {
        "code": "S83200D",
        "display": "Bucket-hndl tear of unsp mensc, current injury, r knee, subs"
      }, {
        "code": "S83200S",
        "display": "Bucket-hndl tear of unsp mensc, crnt injury, r knee, sequela"
      }, {
        "code": "S83201",
        "display": "Bucket-hndl tear of unsp meniscus, current injury, left knee"
      }, {
        "code": "S83201A",
        "display": "Bucket-hndl tear of unsp mensc, current injury, l knee, init"
      }, {
        "code": "S83201D",
        "display": "Bucket-hndl tear of unsp mensc, current injury, l knee, subs"
      }, {
        "code": "S83201S",
        "display": "Bucket-hndl tear of unsp mensc, crnt injury, l knee, sequela"
      }, {
        "code": "S83202",
        "display": "Bucket-hndl tear of unsp meniscus, current injury, unsp knee"
      }, {
        "code": "S83202A",
        "display": "Bucket-hndl tear of unsp mensc, crnt injury, unsp knee, init"
      }, {
        "code": "S83202D",
        "display": "Bucket-hndl tear of unsp mensc, crnt injury, unsp knee, subs"
      }, {
        "code": "S83202S",
        "display": "Bucket-hndl tear of unsp mensc, crnt injury, unsp knee, sqla"
      }, {
        "code": "S83203",
        "display": "Other tear of unsp meniscus, current injury, right knee"
      }, {
        "code": "S83203A",
        "display": "Oth tear of unsp meniscus, current injury, right knee, init"
      }, {
        "code": "S83203D",
        "display": "Oth tear of unsp meniscus, current injury, right knee, subs"
      }, {
        "code": "S83203S",
        "display": "Oth tear of unsp meniscus, current injury, r knee, sequela"
      }, {
        "code": "S83204",
        "display": "Other tear of unsp meniscus, current injury, left knee"
      }, {
        "code": "S83204A",
        "display": "Oth tear of unsp meniscus, current injury, left knee, init"
      }, {
        "code": "S83204D",
        "display": "Oth tear of unsp meniscus, current injury, left knee, subs"
      }, {
        "code": "S83204S",
        "display": "Oth tear of unsp meniscus, current injury, l knee, sequela"
      }, {
        "code": "S83205",
        "display": "Other tear of unsp meniscus, current injury, unsp knee"
      }, {
        "code": "S83205A",
        "display": "Oth tear of unsp meniscus, current injury, unsp knee, init"
      }, {
        "code": "S83205D",
        "display": "Oth tear of unsp meniscus, current injury, unsp knee, subs"
      }, {
        "code": "S83205S",
        "display": "Oth tear of unsp mensc, current injury, unsp knee, sequela"
      }, {
        "code": "S83206",
        "display": "Unsp tear of unsp meniscus, current injury, right knee"
      }, {
        "code": "S83206A",
        "display": "Unsp tear of unsp meniscus, current injury, right knee, init"
      }, {
        "code": "S83206D",
        "display": "Unsp tear of unsp meniscus, current injury, right knee, subs"
      }, {
        "code": "S83206S",
        "display": "Unsp tear of unsp meniscus, current injury, r knee, sequela"
      }, {
        "code": "S83207",
        "display": "Unsp tear of unspecified meniscus, current injury, left knee"
      }, {
        "code": "S83207A",
        "display": "Unsp tear of unsp meniscus, current injury, left knee, init"
      }, {
        "code": "S83207D",
        "display": "Unsp tear of unsp meniscus, current injury, left knee, subs"
      }, {
        "code": "S83207S",
        "display": "Unsp tear of unsp meniscus, current injury, l knee, sequela"
      }, {
        "code": "S83209",
        "display": "Unsp tear of unsp meniscus, current injury, unspecified knee"
      }, {
        "code": "S83209A",
        "display": "Unsp tear of unsp meniscus, current injury, unsp knee, init"
      }, {
        "code": "S83209D",
        "display": "Unsp tear of unsp meniscus, current injury, unsp knee, subs"
      }, {
        "code": "S83209S",
        "display": "Unsp tear of unsp mensc, current injury, unsp knee, sequela"
      }, {
        "code": "S8321",
        "display": "Bucket-handle tear of medial meniscus, current injury"
      }, {
        "code": "S83211",
        "display": "Bucket-hndl tear of medial meniscus, current injury, r knee"
      }, {
        "code": "S83211A",
        "display": "Bucket-hndl tear of medial mensc, crnt injury, r knee, init"
      }, {
        "code": "S83211D",
        "display": "Bucket-hndl tear of medial mensc, crnt injury, r knee, subs"
      }, {
        "code": "S83211S",
        "display": "Bucket-hndl tear of medial mensc, crnt injury, r knee, sqla"
      }, {
        "code": "S83212",
        "display": "Bucket-hndl tear of medial meniscus, current injury, l knee"
      }, {
        "code": "S83212A",
        "display": "Bucket-hndl tear of medial mensc, crnt injury, l knee, init"
      }, {
        "code": "S83212D",
        "display": "Bucket-hndl tear of medial mensc, crnt injury, l knee, subs"
      }, {
        "code": "S83212S",
        "display": "Bucket-hndl tear of medial mensc, crnt injury, l knee, sqla"
      }, {
        "code": "S83219",
        "display": "Bucket-hndl tear of medial mensc, current injury, unsp knee"
      }, {
        "code": "S83219A",
        "display": "Bucket-hndl tear of medial mensc, crnt inj, unsp knee, init"
      }, {
        "code": "S83219D",
        "display": "Bucket-hndl tear of medial mensc, crnt inj, unsp knee, subs"
      }, {
        "code": "S83219S",
        "display": "Bucket-hndl tear of medial mensc, crnt inj, unsp knee, sqla"
      }, {
        "code": "S8322",
        "display": "Peripheral tear of medial meniscus, current injury"
      }, {
        "code": "S83221",
        "display": "Prph tear of medial meniscus, current injury, right knee"
      }, {
        "code": "S83221A",
        "display": "Prph tear of medial meniscus, current injury, r knee, init"
      }, {
        "code": "S83221D",
        "display": "Prph tear of medial meniscus, current injury, r knee, subs"
      }, {
        "code": "S83221S",
        "display": "Prph tear of medial mensc, current injury, r knee, sequela"
      }, {
        "code": "S83222",
        "display": "Prph tear of medial meniscus, current injury, left knee"
      }, {
        "code": "S83222A",
        "display": "Prph tear of medial meniscus, current injury, l knee, init"
      }, {
        "code": "S83222D",
        "display": "Prph tear of medial meniscus, current injury, l knee, subs"
      }, {
        "code": "S83222S",
        "display": "Prph tear of medial mensc, current injury, l knee, sequela"
      }, {
        "code": "S83229",
        "display": "Prph tear of medial meniscus, current injury, unsp knee"
      }, {
        "code": "S83229A",
        "display": "Prph tear of medial mensc, current injury, unsp knee, init"
      }, {
        "code": "S83229D",
        "display": "Prph tear of medial mensc, current injury, unsp knee, subs"
      }, {
        "code": "S83229S",
        "display": "Prph tear of medial mensc, crnt injury, unsp knee, sequela"
      }, {
        "code": "S8323",
        "display": "Complex tear of medial meniscus, current injury"
      }, {
        "code": "S83231",
        "display": "Complex tear of medial meniscus, current injury, right knee"
      }, {
        "code": "S83231A",
        "display": "Complex tear of medial mensc, current injury, r knee, init"
      }, {
        "code": "S83231D",
        "display": "Complex tear of medial mensc, current injury, r knee, subs"
      }, {
        "code": "S83231S",
        "display": "Cmplx tear of medial mensc, current injury, r knee, sequela"
      }, {
        "code": "S83232",
        "display": "Complex tear of medial meniscus, current injury, left knee"
      }, {
        "code": "S83232A",
        "display": "Complex tear of medial mensc, current injury, l knee, init"
      }, {
        "code": "S83232D",
        "display": "Complex tear of medial mensc, current injury, l knee, subs"
      }, {
        "code": "S83232S",
        "display": "Cmplx tear of medial mensc, current injury, l knee, sequela"
      }, {
        "code": "S83239",
        "display": "Complex tear of medial meniscus, current injury, unsp knee"
      }, {
        "code": "S83239A",
        "display": "Cmplx tear of medial mensc, current injury, unsp knee, init"
      }, {
        "code": "S83239D",
        "display": "Cmplx tear of medial mensc, current injury, unsp knee, subs"
      }, {
        "code": "S83239S",
        "display": "Cmplx tear of medial mensc, crnt injury, unsp knee, sequela"
      }, {
        "code": "S8324",
        "display": "Other tear of medial meniscus, current injury"
      }, {
        "code": "S83241",
        "display": "Other tear of medial meniscus, current injury, right knee"
      }, {
        "code": "S83241A",
        "display": "Oth tear of medial meniscus, current injury, r knee, init"
      }, {
        "code": "S83241D",
        "display": "Oth tear of medial meniscus, current injury, r knee, subs"
      }, {
        "code": "S83241S",
        "display": "Oth tear of medial meniscus, current injury, r knee, sequela"
      }, {
        "code": "S83242",
        "display": "Other tear of medial meniscus, current injury, left knee"
      }, {
        "code": "S83242A",
        "display": "Oth tear of medial meniscus, current injury, left knee, init"
      }, {
        "code": "S83242D",
        "display": "Oth tear of medial meniscus, current injury, left knee, subs"
      }, {
        "code": "S83242S",
        "display": "Oth tear of medial meniscus, current injury, l knee, sequela"
      }, {
        "code": "S83249",
        "display": "Other tear of medial meniscus, current injury, unsp knee"
      }, {
        "code": "S83249A",
        "display": "Oth tear of medial meniscus, current injury, unsp knee, init"
      }, {
        "code": "S83249D",
        "display": "Oth tear of medial meniscus, current injury, unsp knee, subs"
      }, {
        "code": "S83249S",
        "display": "Oth tear of medial mensc, current injury, unsp knee, sequela"
      }, {
        "code": "S8325",
        "display": "Bucket-handle tear of lateral meniscus, current injury"
      }, {
        "code": "S83251",
        "display": "Bucket-handle tear of lat mensc, current injury, right knee"
      }, {
        "code": "S83251A",
        "display": "Bucket-hndl tear of lat mensc, current injury, r knee, init"
      }, {
        "code": "S83251D",
        "display": "Bucket-hndl tear of lat mensc, current injury, r knee, subs"
      }, {
        "code": "S83251S",
        "display": "Bucket-hndl tear of lat mensc, crnt injury, r knee, sequela"
      }, {
        "code": "S83252",
        "display": "Bucket-handle tear of lat mensc, current injury, left knee"
      }, {
        "code": "S83252A",
        "display": "Bucket-hndl tear of lat mensc, current injury, l knee, init"
      }, {
        "code": "S83252D",
        "display": "Bucket-hndl tear of lat mensc, current injury, l knee, subs"
      }, {
        "code": "S83252S",
        "display": "Bucket-hndl tear of lat mensc, crnt injury, l knee, sequela"
      }, {
        "code": "S83259",
        "display": "Bucket-handle tear of lat mensc, current injury, unsp knee"
      }, {
        "code": "S83259A",
        "display": "Bucket-hndl tear of lat mensc, crnt injury, unsp knee, init"
      }, {
        "code": "S83259D",
        "display": "Bucket-hndl tear of lat mensc, crnt injury, unsp knee, subs"
      }, {
        "code": "S83259S",
        "display": "Bucket-hndl tear of lat mensc, crnt injury, unsp knee, sqla"
      }, {
        "code": "S8326",
        "display": "Peripheral tear of lateral meniscus, current injury"
      }, {
        "code": "S83261",
        "display": "Peripheral tear of lat mensc, current injury, right knee"
      }, {
        "code": "S83261A",
        "display": "Prph tear of lat mensc, current injury, right knee, init"
      }, {
        "code": "S83261D",
        "display": "Prph tear of lat mensc, current injury, right knee, subs"
      }, {
        "code": "S83261S",
        "display": "Prph tear of lat mensc, current injury, right knee, sequela"
      }, {
        "code": "S83262",
        "display": "Peripheral tear of lat mensc, current injury, left knee"
      }, {
        "code": "S83262A",
        "display": "Prph tear of lat mensc, current injury, left knee, init"
      }, {
        "code": "S83262D",
        "display": "Prph tear of lat mensc, current injury, left knee, subs"
      }, {
        "code": "S83262S",
        "display": "Prph tear of lat mensc, current injury, left knee, sequela"
      }, {
        "code": "S83269",
        "display": "Peripheral tear of lat mensc, current injury, unsp knee"
      }, {
        "code": "S83269A",
        "display": "Prph tear of lat mensc, current injury, unsp knee, init"
      }, {
        "code": "S83269D",
        "display": "Prph tear of lat mensc, current injury, unsp knee, subs"
      }, {
        "code": "S83269S",
        "display": "Prph tear of lat mensc, current injury, unsp knee, sequela"
      }, {
        "code": "S8327",
        "display": "Complex tear of lateral meniscus, current injury"
      }, {
        "code": "S83271",
        "display": "Complex tear of lateral meniscus, current injury, right knee"
      }, {
        "code": "S83271A",
        "display": "Complex tear of lat mensc, current injury, right knee, init"
      }, {
        "code": "S83271D",
        "display": "Complex tear of lat mensc, current injury, right knee, subs"
      }, {
        "code": "S83271S",
        "display": "Complex tear of lat mensc, current injury, r knee, sequela"
      }, {
        "code": "S83272",
        "display": "Complex tear of lateral meniscus, current injury, left knee"
      }, {
        "code": "S83272A",
        "display": "Complex tear of lat mensc, current injury, left knee, init"
      }, {
        "code": "S83272D",
        "display": "Complex tear of lat mensc, current injury, left knee, subs"
      }, {
        "code": "S83272S",
        "display": "Complex tear of lat mensc, current injury, l knee, sequela"
      }, {
        "code": "S83279",
        "display": "Complex tear of lateral meniscus, current injury, unsp knee"
      }, {
        "code": "S83279A",
        "display": "Complex tear of lat mensc, current injury, unsp knee, init"
      }, {
        "code": "S83279D",
        "display": "Complex tear of lat mensc, current injury, unsp knee, subs"
      }, {
        "code": "S83279S",
        "display": "Cmplx tear of lat mensc, current injury, unsp knee, sequela"
      }, {
        "code": "S8328",
        "display": "Other tear of lateral meniscus, current injury"
      }, {
        "code": "S83281",
        "display": "Other tear of lateral meniscus, current injury, right knee"
      }, {
        "code": "S83281A",
        "display": "Oth tear of lat mensc, current injury, right knee, init"
      }, {
        "code": "S83281D",
        "display": "Oth tear of lat mensc, current injury, right knee, subs"
      }, {
        "code": "S83281S",
        "display": "Oth tear of lat mensc, current injury, right knee, sequela"
      }, {
        "code": "S83282",
        "display": "Other tear of lateral meniscus, current injury, left knee"
      }, {
        "code": "S83282A",
        "display": "Oth tear of lat mensc, current injury, left knee, init"
      }, {
        "code": "S83282D",
        "display": "Oth tear of lat mensc, current injury, left knee, subs"
      }, {
        "code": "S83282S",
        "display": "Oth tear of lat mensc, current injury, left knee, sequela"
      }, {
        "code": "S83289",
        "display": "Other tear of lateral meniscus, current injury, unsp knee"
      }, {
        "code": "S83289A",
        "display": "Oth tear of lat mensc, current injury, unsp knee, init"
      }, {
        "code": "S83289D",
        "display": "Oth tear of lat mensc, current injury, unsp knee, subs"
      }, {
        "code": "S83289S",
        "display": "Oth tear of lat mensc, current injury, unsp knee, sequela"
      }, {
        "code": "S833",
        "display": "Tear of articular cartilage of knee, current"
      }, {
        "code": "S8330",
        "display": "Tear of articular cartilage of unspecified knee, current"
      }, {
        "code": "S8330XA",
        "display": "Tear of articular cartilage of unsp knee, current, init"
      }, {
        "code": "S8330XD",
        "display": "Tear of articular cartilage of unsp knee, current, subs"
      }, {
        "code": "S8330XS",
        "display": "Tear of articular cartilage of unsp knee, current, sequela"
      }, {
        "code": "S8331",
        "display": "Tear of articular cartilage of right knee, current"
      }, {
        "code": "S8331XA",
        "display": "Tear of articular cartilage of right knee, current, init"
      }, {
        "code": "S8331XD",
        "display": "Tear of articular cartilage of right knee, current, subs"
      }, {
        "code": "S8331XS",
        "display": "Tear of articular cartilage of right knee, current, sequela"
      }, {
        "code": "S8332",
        "display": "Tear of articular cartilage of left knee, current"
      }, {
        "code": "S8332XA",
        "display": "Tear of articular cartilage of left knee, current, init"
      }, {
        "code": "S8332XD",
        "display": "Tear of articular cartilage of left knee, current, subs"
      }, {
        "code": "S8332XS",
        "display": "Tear of articular cartilage of left knee, current, sequela"
      }, {
        "code": "S834",
        "display": "Sprain of collateral ligament of knee"
      }, {
        "code": "S8340",
        "display": "Sprain of unspecified collateral ligament of knee"
      }, {
        "code": "S83401",
        "display": "Sprain of unspecified collateral ligament of right knee"
      }, {
        "code": "S83401A",
        "display": "Sprain of unsp collateral ligament of right knee, init"
      }, {
        "code": "S83401D",
        "display": "Sprain of unsp collateral ligament of right knee, subs"
      }, {
        "code": "S83401S",
        "display": "Sprain of unsp collateral ligament of right knee, sequela"
      }, {
        "code": "S83402",
        "display": "Sprain of unspecified collateral ligament of left knee"
      }, {
        "code": "S83402A",
        "display": "Sprain of unsp collateral ligament of left knee, init encntr"
      }, {
        "code": "S83402D",
        "display": "Sprain of unsp collateral ligament of left knee, subs encntr"
      }, {
        "code": "S83402S",
        "display": "Sprain of unsp collateral ligament of left knee, sequela"
      }, {
        "code": "S83409",
        "display": "Sprain of unsp collateral ligament of unspecified knee"
      }, {
        "code": "S83409A",
        "display": "Sprain of unsp collateral ligament of unsp knee, init encntr"
      }, {
        "code": "S83409D",
        "display": "Sprain of unsp collateral ligament of unsp knee, subs encntr"
      }, {
        "code": "S83409S",
        "display": "Sprain of unsp collateral ligament of unsp knee, sequela"
      }, {
        "code": "S8341",
        "display": "Sprain of medial collateral ligament of knee"
      }, {
        "code": "S83411",
        "display": "Sprain of medial collateral ligament of right knee"
      }, {
        "code": "S83411A",
        "display": "Sprain of medial collateral ligament of right knee, init"
      }, {
        "code": "S83411D",
        "display": "Sprain of medial collateral ligament of right knee, subs"
      }, {
        "code": "S83411S",
        "display": "Sprain of medial collateral ligament of right knee, sequela"
      }, {
        "code": "S83412",
        "display": "Sprain of medial collateral ligament of left knee"
      }, {
        "code": "S83412A",
        "display": "Sprain of medial collateral ligament of left knee, init"
      }, {
        "code": "S83412D",
        "display": "Sprain of medial collateral ligament of left knee, subs"
      }, {
        "code": "S83412S",
        "display": "Sprain of medial collateral ligament of left knee, sequela"
      }, {
        "code": "S83419",
        "display": "Sprain of medial collateral ligament of unspecified knee"
      }, {
        "code": "S83419A",
        "display": "Sprain of medial collateral ligament of unsp knee, init"
      }, {
        "code": "S83419D",
        "display": "Sprain of medial collateral ligament of unsp knee, subs"
      }, {
        "code": "S83419S",
        "display": "Sprain of medial collateral ligament of unsp knee, sequela"
      }, {
        "code": "S8342",
        "display": "Sprain of lateral collateral ligament of knee"
      }, {
        "code": "S83421",
        "display": "Sprain of lateral collateral ligament of right knee"
      }, {
        "code": "S83421A",
        "display": "Sprain of lateral collateral ligament of right knee, init"
      }, {
        "code": "S83421D",
        "display": "Sprain of lateral collateral ligament of right knee, subs"
      }, {
        "code": "S83421S",
        "display": "Sprain of lateral collateral ligament of right knee, sequela"
      }, {
        "code": "S83422",
        "display": "Sprain of lateral collateral ligament of left knee"
      }, {
        "code": "S83422A",
        "display": "Sprain of lateral collateral ligament of left knee, init"
      }, {
        "code": "S83422D",
        "display": "Sprain of lateral collateral ligament of left knee, subs"
      }, {
        "code": "S83422S",
        "display": "Sprain of lateral collateral ligament of left knee, sequela"
      }, {
        "code": "S83429",
        "display": "Sprain of lateral collateral ligament of unspecified knee"
      }, {
        "code": "S83429A",
        "display": "Sprain of lateral collateral ligament of unsp knee, init"
      }, {
        "code": "S83429D",
        "display": "Sprain of lateral collateral ligament of unsp knee, subs"
      }, {
        "code": "S83429S",
        "display": "Sprain of lateral collateral ligament of unsp knee, sequela"
      }, {
        "code": "S835",
        "display": "Sprain of cruciate ligament of knee"
      }, {
        "code": "S8350",
        "display": "Sprain of unspecified cruciate ligament of knee"
      }, {
        "code": "S83501",
        "display": "Sprain of unspecified cruciate ligament of right knee"
      }, {
        "code": "S83501A",
        "display": "Sprain of unsp cruciate ligament of right knee, init encntr"
      }, {
        "code": "S83501D",
        "display": "Sprain of unsp cruciate ligament of right knee, subs encntr"
      }, {
        "code": "S83501S",
        "display": "Sprain of unsp cruciate ligament of right knee, sequela"
      }, {
        "code": "S83502",
        "display": "Sprain of unspecified cruciate ligament of left knee"
      }, {
        "code": "S83502A",
        "display": "Sprain of unsp cruciate ligament of left knee, init encntr"
      }, {
        "code": "S83502D",
        "display": "Sprain of unsp cruciate ligament of left knee, subs encntr"
      }, {
        "code": "S83502S",
        "display": "Sprain of unsp cruciate ligament of left knee, sequela"
      }, {
        "code": "S83509",
        "display": "Sprain of unspecified cruciate ligament of unspecified knee"
      }, {
        "code": "S83509A",
        "display": "Sprain of unsp cruciate ligament of unsp knee, init encntr"
      }, {
        "code": "S83509D",
        "display": "Sprain of unsp cruciate ligament of unsp knee, subs encntr"
      }, {
        "code": "S83509S",
        "display": "Sprain of unsp cruciate ligament of unsp knee, sequela"
      }, {
        "code": "S8351",
        "display": "Sprain of anterior cruciate ligament of knee"
      }, {
        "code": "S83511",
        "display": "Sprain of anterior cruciate ligament of right knee"
      }, {
        "code": "S83511A",
        "display": "Sprain of anterior cruciate ligament of right knee, init"
      }, {
        "code": "S83511D",
        "display": "Sprain of anterior cruciate ligament of right knee, subs"
      }, {
        "code": "S83511S",
        "display": "Sprain of anterior cruciate ligament of right knee, sequela"
      }, {
        "code": "S83512",
        "display": "Sprain of anterior cruciate ligament of left knee"
      }, {
        "code": "S83512A",
        "display": "Sprain of anterior cruciate ligament of left knee, init"
      }, {
        "code": "S83512D",
        "display": "Sprain of anterior cruciate ligament of left knee, subs"
      }, {
        "code": "S83512S",
        "display": "Sprain of anterior cruciate ligament of left knee, sequela"
      }, {
        "code": "S83519",
        "display": "Sprain of anterior cruciate ligament of unspecified knee"
      }, {
        "code": "S83519A",
        "display": "Sprain of anterior cruciate ligament of unsp knee, init"
      }, {
        "code": "S83519D",
        "display": "Sprain of anterior cruciate ligament of unsp knee, subs"
      }, {
        "code": "S83519S",
        "display": "Sprain of anterior cruciate ligament of unsp knee, sequela"
      }, {
        "code": "S8352",
        "display": "Sprain of posterior cruciate ligament of knee"
      }, {
        "code": "S83521",
        "display": "Sprain of posterior cruciate ligament of right knee"
      }, {
        "code": "S83521A",
        "display": "Sprain of posterior cruciate ligament of right knee, init"
      }, {
        "code": "S83521D",
        "display": "Sprain of posterior cruciate ligament of right knee, subs"
      }, {
        "code": "S83521S",
        "display": "Sprain of posterior cruciate ligament of right knee, sequela"
      }, {
        "code": "S83522",
        "display": "Sprain of posterior cruciate ligament of left knee"
      }, {
        "code": "S83522A",
        "display": "Sprain of posterior cruciate ligament of left knee, init"
      }, {
        "code": "S83522D",
        "display": "Sprain of posterior cruciate ligament of left knee, subs"
      }, {
        "code": "S83522S",
        "display": "Sprain of posterior cruciate ligament of left knee, sequela"
      }, {
        "code": "S83529",
        "display": "Sprain of posterior cruciate ligament of unspecified knee"
      }, {
        "code": "S83529A",
        "display": "Sprain of posterior cruciate ligament of unsp knee, init"
      }, {
        "code": "S83529D",
        "display": "Sprain of posterior cruciate ligament of unsp knee, subs"
      }, {
        "code": "S83529S",
        "display": "Sprain of posterior cruciate ligament of unsp knee, sequela"
      }, {
        "code": "S836",
        "display": "Sprain of the superior tibiofibular joint and ligament"
      }, {
        "code": "S8360",
        "display": "Sprain of the superior tibiofibul joint and ligmt, unsp knee"
      }, {
        "code": "S8360XA",
        "display": "Sprain of super tibiofibul joint and ligmt, unsp knee, init"
      }, {
        "code": "S8360XD",
        "display": "Sprain of super tibiofibul joint and ligmt, unsp knee, subs"
      }, {
        "code": "S8360XS",
        "display": "Sprain of super tibiofibul joint and ligmt, unsp knee, sqla"
      }, {
        "code": "S8361",
        "display": "Sprain of the superior tibiofibul joint and ligament, r knee"
      }, {
        "code": "S8361XA",
        "display": "Sprain of the super tibiofibul joint and ligmt, r knee, init"
      }, {
        "code": "S8361XD",
        "display": "Sprain of the super tibiofibul joint and ligmt, r knee, subs"
      }, {
        "code": "S8361XS",
        "display": "Sprain of the super tibiofibul joint and ligmt, r knee, sqla"
      }, {
        "code": "S8362",
        "display": "Sprain of the superior tibiofibul joint and ligament, l knee"
      }, {
        "code": "S8362XA",
        "display": "Sprain of the super tibiofibul joint and ligmt, l knee, init"
      }, {
        "code": "S8362XD",
        "display": "Sprain of the super tibiofibul joint and ligmt, l knee, subs"
      }, {
        "code": "S8362XS",
        "display": "Sprain of the super tibiofibul joint and ligmt, l knee, sqla"
      }, {
        "code": "S838",
        "display": "Sprain of other specified parts of knee"
      }, {
        "code": "S838X",
        "display": "Sprain of other specified parts of knee"
      }, {
        "code": "S838X1",
        "display": "Sprain of other specified parts of right knee"
      }, {
        "code": "S838X1A",
        "display": "Sprain of other specified parts of right knee, init encntr"
      }, {
        "code": "S838X1D",
        "display": "Sprain of other specified parts of right knee, subs encntr"
      }, {
        "code": "S838X1S",
        "display": "Sprain of other specified parts of right knee, sequela"
      }, {
        "code": "S838X2",
        "display": "Sprain of other specified parts of left knee"
      }, {
        "code": "S838X2A",
        "display": "Sprain of other specified parts of left knee, init encntr"
      }, {
        "code": "S838X2D",
        "display": "Sprain of other specified parts of left knee, subs encntr"
      }, {
        "code": "S838X2S",
        "display": "Sprain of other specified parts of left knee, sequela"
      }, {
        "code": "S838X9",
        "display": "Sprain of other specified parts of unspecified knee"
      }, {
        "code": "S838X9A",
        "display": "Sprain of oth parts of unspecified knee, init encntr"
      }, {
        "code": "S838X9D",
        "display": "Sprain of oth parts of unspecified knee, subs encntr"
      }, {
        "code": "S838X9S",
        "display": "Sprain of other specified parts of unspecified knee, sequela"
      }, {
        "code": "S839",
        "display": "Sprain of unspecified site of knee"
      }, {
        "code": "S8390",
        "display": "Sprain of unspecified site of unspecified knee"
      }, {
        "code": "S8390XA",
        "display": "Sprain of unspecified site of unspecified knee, init encntr"
      }, {
        "code": "S8390XD",
        "display": "Sprain of unspecified site of unspecified knee, subs encntr"
      }, {
        "code": "S8390XS",
        "display": "Sprain of unspecified site of unspecified knee, sequela"
      }, {
        "code": "S8391",
        "display": "Sprain of unspecified site of right knee"
      }, {
        "code": "S8391XA",
        "display": "Sprain of unspecified site of right knee, initial encounter"
      }, {
        "code": "S8391XD",
        "display": "Sprain of unspecified site of right knee, subs encntr"
      }, {
        "code": "S8391XS",
        "display": "Sprain of unspecified site of right knee, sequela"
      }, {
        "code": "S8392",
        "display": "Sprain of unspecified site of left knee"
      }, {
        "code": "S8392XA",
        "display": "Sprain of unspecified site of left knee, initial encounter"
      }, {
        "code": "S8392XD",
        "display": "Sprain of unspecified site of left knee, subs encntr"
      }, {
        "code": "S8392XS",
        "display": "Sprain of unspecified site of left knee, sequela"
      } ]
    } ]
  }
}