{
  "resourceType": "ValueSet",
  "id": "S53",
  "url": "http://hl7.org/fhir/sid/icd-10-cm-1431",
  "version": "1.0",
  "name": "Dislocation and sprain of joints and ligaments of elbow",
  "title": "Dislocation and sprain of joints and ligaments of elbow",
  "status": "active",
  "compose": {
    "include": [ {
      "system": "http://hl7.org/fhir/sid/icd-10-cm",
      "concept": [ {
        "code": "S530",
        "display": "Subluxation and dislocation of radial head"
      }, {
        "code": "S5300",
        "display": "Unspecified subluxation and dislocation of radial head"
      }, {
        "code": "S53001",
        "display": "Unspecified subluxation of right radial head"
      }, {
        "code": "S53001A",
        "display": "Unspecified subluxation of right radial head, init encntr"
      }, {
        "code": "S53001D",
        "display": "Unspecified subluxation of right radial head, subs encntr"
      }, {
        "code": "S53001S",
        "display": "Unspecified subluxation of right radial head, sequela"
      }, {
        "code": "S53002",
        "display": "Unspecified subluxation of left radial head"
      }, {
        "code": "S53002A",
        "display": "Unspecified subluxation of left radial head, init encntr"
      }, {
        "code": "S53002D",
        "display": "Unspecified subluxation of left radial head, subs encntr"
      }, {
        "code": "S53002S",
        "display": "Unspecified subluxation of left radial head, sequela"
      }, {
        "code": "S53003",
        "display": "Unspecified subluxation of unspecified radial head"
      }, {
        "code": "S53003A",
        "display": "Unsp subluxation of unspecified radial head, init encntr"
      }, {
        "code": "S53003D",
        "display": "Unsp subluxation of unspecified radial head, subs encntr"
      }, {
        "code": "S53003S",
        "display": "Unspecified subluxation of unspecified radial head, sequela"
      }, {
        "code": "S53004",
        "display": "Unspecified dislocation of right radial head"
      }, {
        "code": "S53004A",
        "display": "Unspecified dislocation of right radial head, init encntr"
      }, {
        "code": "S53004D",
        "display": "Unspecified dislocation of right radial head, subs encntr"
      }, {
        "code": "S53004S",
        "display": "Unspecified dislocation of right radial head, sequela"
      }, {
        "code": "S53005",
        "display": "Unspecified dislocation of left radial head"
      }, {
        "code": "S53005A",
        "display": "Unspecified dislocation of left radial head, init encntr"
      }, {
        "code": "S53005D",
        "display": "Unspecified dislocation of left radial head, subs encntr"
      }, {
        "code": "S53005S",
        "display": "Unspecified dislocation of left radial head, sequela"
      }, {
        "code": "S53006",
        "display": "Unspecified dislocation of unspecified radial head"
      }, {
        "code": "S53006A",
        "display": "Unsp dislocation of unspecified radial head, init encntr"
      }, {
        "code": "S53006D",
        "display": "Unsp dislocation of unspecified radial head, subs encntr"
      }, {
        "code": "S53006S",
        "display": "Unspecified dislocation of unspecified radial head, sequela"
      }, {
        "code": "S5301",
        "display": "Anterior subluxation and dislocation of radial head"
      }, {
        "code": "S53011",
        "display": "Anterior subluxation of right radial head"
      }, {
        "code": "S53011A",
        "display": "Anterior subluxation of right radial head, initial encounter"
      }, {
        "code": "S53011D",
        "display": "Anterior subluxation of right radial head, subs encntr"
      }, {
        "code": "S53011S",
        "display": "Anterior subluxation of right radial head, sequela"
      }, {
        "code": "S53012",
        "display": "Anterior subluxation of left radial head"
      }, {
        "code": "S53012A",
        "display": "Anterior subluxation of left radial head, initial encounter"
      }, {
        "code": "S53012D",
        "display": "Anterior subluxation of left radial head, subs encntr"
      }, {
        "code": "S53012S",
        "display": "Anterior subluxation of left radial head, sequela"
      }, {
        "code": "S53013",
        "display": "Anterior subluxation of unspecified radial head"
      }, {
        "code": "S53013A",
        "display": "Anterior subluxation of unspecified radial head, init encntr"
      }, {
        "code": "S53013D",
        "display": "Anterior subluxation of unspecified radial head, subs encntr"
      }, {
        "code": "S53013S",
        "display": "Anterior subluxation of unspecified radial head, sequela"
      }, {
        "code": "S53014",
        "display": "Anterior dislocation of right radial head"
      }, {
        "code": "S53014A",
        "display": "Anterior dislocation of right radial head, initial encounter"
      }, {
        "code": "S53014D",
        "display": "Anterior dislocation of right radial head, subs encntr"
      }, {
        "code": "S53014S",
        "display": "Anterior dislocation of right radial head, sequela"
      }, {
        "code": "S53015",
        "display": "Anterior dislocation of left radial head"
      }, {
        "code": "S53015A",
        "display": "Anterior dislocation of left radial head, initial encounter"
      }, {
        "code": "S53015D",
        "display": "Anterior dislocation of left radial head, subs encntr"
      }, {
        "code": "S53015S",
        "display": "Anterior dislocation of left radial head, sequela"
      }, {
        "code": "S53016",
        "display": "Anterior dislocation of unspecified radial head"
      }, {
        "code": "S53016A",
        "display": "Anterior dislocation of unspecified radial head, init encntr"
      }, {
        "code": "S53016D",
        "display": "Anterior dislocation of unspecified radial head, subs encntr"
      }, {
        "code": "S53016S",
        "display": "Anterior dislocation of unspecified radial head, sequela"
      }, {
        "code": "S5302",
        "display": "Posterior subluxation and dislocation of radial head"
      }, {
        "code": "S53021",
        "display": "Posterior subluxation of right radial head"
      }, {
        "code": "S53021A",
        "display": "Posterior subluxation of right radial head, init encntr"
      }, {
        "code": "S53021D",
        "display": "Posterior subluxation of right radial head, subs encntr"
      }, {
        "code": "S53021S",
        "display": "Posterior subluxation of right radial head, sequela"
      }, {
        "code": "S53022",
        "display": "Posterior subluxation of left radial head"
      }, {
        "code": "S53022A",
        "display": "Posterior subluxation of left radial head, initial encounter"
      }, {
        "code": "S53022D",
        "display": "Posterior subluxation of left radial head, subs encntr"
      }, {
        "code": "S53022S",
        "display": "Posterior subluxation of left radial head, sequela"
      }, {
        "code": "S53023",
        "display": "Posterior subluxation of unspecified radial head"
      }, {
        "code": "S53023A",
        "display": "Posterior subluxation of unsp radial head, init encntr"
      }, {
        "code": "S53023D",
        "display": "Posterior subluxation of unsp radial head, subs encntr"
      }, {
        "code": "S53023S",
        "display": "Posterior subluxation of unspecified radial head, sequela"
      }, {
        "code": "S53024",
        "display": "Posterior dislocation of right radial head"
      }, {
        "code": "S53024A",
        "display": "Posterior dislocation of right radial head, init encntr"
      }, {
        "code": "S53024D",
        "display": "Posterior dislocation of right radial head, subs encntr"
      }, {
        "code": "S53024S",
        "display": "Posterior dislocation of right radial head, sequela"
      }, {
        "code": "S53025",
        "display": "Posterior dislocation of left radial head"
      }, {
        "code": "S53025A",
        "display": "Posterior dislocation of left radial head, initial encounter"
      }, {
        "code": "S53025D",
        "display": "Posterior dislocation of left radial head, subs encntr"
      }, {
        "code": "S53025S",
        "display": "Posterior dislocation of left radial head, sequela"
      }, {
        "code": "S53026",
        "display": "Posterior dislocation of unspecified radial head"
      }, {
        "code": "S53026A",
        "display": "Posterior dislocation of unsp radial head, init encntr"
      }, {
        "code": "S53026D",
        "display": "Posterior dislocation of unsp radial head, subs encntr"
      }, {
        "code": "S53026S",
        "display": "Posterior dislocation of unspecified radial head, sequela"
      }, {
        "code": "S5303",
        "display": "Nursemaid's elbow"
      }, {
        "code": "S53031",
        "display": "Nursemaid's elbow, right elbow"
      }, {
        "code": "S53031A",
        "display": "Nursemaid's elbow, right elbow, initial encounter"
      }, {
        "code": "S53031D",
        "display": "Nursemaid's elbow, right elbow, subsequent encounter"
      }, {
        "code": "S53031S",
        "display": "Nursemaid's elbow, right elbow, sequela"
      }, {
        "code": "S53032",
        "display": "Nursemaid's elbow, left elbow"
      }, {
        "code": "S53032A",
        "display": "Nursemaid's elbow, left elbow, initial encounter"
      }, {
        "code": "S53032D",
        "display": "Nursemaid's elbow, left elbow, subsequent encounter"
      }, {
        "code": "S53032S",
        "display": "Nursemaid's elbow, left elbow, sequela"
      }, {
        "code": "S53033",
        "display": "Nursemaid's elbow, unspecified elbow"
      }, {
        "code": "S53033A",
        "display": "Nursemaid's elbow, unspecified elbow, initial encounter"
      }, {
        "code": "S53033D",
        "display": "Nursemaid's elbow, unspecified elbow, subsequent encounter"
      }, {
        "code": "S53033S",
        "display": "Nursemaid's elbow, unspecified elbow, sequela"
      }, {
        "code": "S5309",
        "display": "Other subluxation and dislocation of radial head"
      }, {
        "code": "S53091",
        "display": "Other subluxation of right radial head"
      }, {
        "code": "S53091A",
        "display": "Other subluxation of right radial head, initial encounter"
      }, {
        "code": "S53091D",
        "display": "Other subluxation of right radial head, subsequent encounter"
      }, {
        "code": "S53091S",
        "display": "Other subluxation of right radial head, sequela"
      }, {
        "code": "S53092",
        "display": "Other subluxation of left radial head"
      }, {
        "code": "S53092A",
        "display": "Other subluxation of left radial head, initial encounter"
      }, {
        "code": "S53092D",
        "display": "Other subluxation of left radial head, subsequent encounter"
      }, {
        "code": "S53092S",
        "display": "Other subluxation of left radial head, sequela"
      }, {
        "code": "S53093",
        "display": "Other subluxation of unspecified radial head"
      }, {
        "code": "S53093A",
        "display": "Other subluxation of unspecified radial head, init encntr"
      }, {
        "code": "S53093D",
        "display": "Other subluxation of unspecified radial head, subs encntr"
      }, {
        "code": "S53093S",
        "display": "Other subluxation of unspecified radial head, sequela"
      }, {
        "code": "S53094",
        "display": "Other dislocation of right radial head"
      }, {
        "code": "S53094A",
        "display": "Other dislocation of right radial head, initial encounter"
      }, {
        "code": "S53094D",
        "display": "Other dislocation of right radial head, subsequent encounter"
      }, {
        "code": "S53094S",
        "display": "Other dislocation of right radial head, sequela"
      }, {
        "code": "S53095",
        "display": "Other dislocation of left radial head"
      }, {
        "code": "S53095A",
        "display": "Other dislocation of left radial head, initial encounter"
      }, {
        "code": "S53095D",
        "display": "Other dislocation of left radial head, subsequent encounter"
      }, {
        "code": "S53095S",
        "display": "Other dislocation of left radial head, sequela"
      }, {
        "code": "S53096",
        "display": "Other dislocation of unspecified radial head"
      }, {
        "code": "S53096A",
        "display": "Other dislocation of unspecified radial head, init encntr"
      }, {
        "code": "S53096D",
        "display": "Other dislocation of unspecified radial head, subs encntr"
      }, {
        "code": "S53096S",
        "display": "Other dislocation of unspecified radial head, sequela"
      }, {
        "code": "S531",
        "display": "Subluxation and dislocation of ulnohumeral joint"
      }, {
        "code": "S5310",
        "display": "Unspecified subluxation and dislocation of ulnohumeral joint"
      }, {
        "code": "S53101",
        "display": "Unspecified subluxation of right ulnohumeral joint"
      }, {
        "code": "S53101A",
        "display": "Unsp subluxation of right ulnohumeral joint, init encntr"
      }, {
        "code": "S53101D",
        "display": "Unsp subluxation of right ulnohumeral joint, subs encntr"
      }, {
        "code": "S53101S",
        "display": "Unspecified subluxation of right ulnohumeral joint, sequela"
      }, {
        "code": "S53102",
        "display": "Unspecified subluxation of left ulnohumeral joint"
      }, {
        "code": "S53102A",
        "display": "Unsp subluxation of left ulnohumeral joint, init encntr"
      }, {
        "code": "S53102D",
        "display": "Unsp subluxation of left ulnohumeral joint, subs encntr"
      }, {
        "code": "S53102S",
        "display": "Unspecified subluxation of left ulnohumeral joint, sequela"
      }, {
        "code": "S53103",
        "display": "Unspecified subluxation of unspecified ulnohumeral joint"
      }, {
        "code": "S53103A",
        "display": "Unsp subluxation of unsp ulnohumeral joint, init encntr"
      }, {
        "code": "S53103D",
        "display": "Unsp subluxation of unsp ulnohumeral joint, subs encntr"
      }, {
        "code": "S53103S",
        "display": "Unsp subluxation of unspecified ulnohumeral joint, sequela"
      }, {
        "code": "S53104",
        "display": "Unspecified dislocation of right ulnohumeral joint"
      }, {
        "code": "S53104A",
        "display": "Unsp dislocation of right ulnohumeral joint, init encntr"
      }, {
        "code": "S53104D",
        "display": "Unsp dislocation of right ulnohumeral joint, subs encntr"
      }, {
        "code": "S53104S",
        "display": "Unspecified dislocation of right ulnohumeral joint, sequela"
      }, {
        "code": "S53105",
        "display": "Unspecified dislocation of left ulnohumeral joint"
      }, {
        "code": "S53105A",
        "display": "Unsp dislocation of left ulnohumeral joint, init encntr"
      }, {
        "code": "S53105D",
        "display": "Unsp dislocation of left ulnohumeral joint, subs encntr"
      }, {
        "code": "S53105S",
        "display": "Unspecified dislocation of left ulnohumeral joint, sequela"
      }, {
        "code": "S53106",
        "display": "Unspecified dislocation of unspecified ulnohumeral joint"
      }, {
        "code": "S53106A",
        "display": "Unsp dislocation of unsp ulnohumeral joint, init encntr"
      }, {
        "code": "S53106D",
        "display": "Unsp dislocation of unsp ulnohumeral joint, subs encntr"
      }, {
        "code": "S53106S",
        "display": "Unsp dislocation of unspecified ulnohumeral joint, sequela"
      }, {
        "code": "S5311",
        "display": "Anterior subluxation and dislocation of ulnohumeral joint"
      }, {
        "code": "S53111",
        "display": "Anterior subluxation of right ulnohumeral joint"
      }, {
        "code": "S53111A",
        "display": "Anterior subluxation of right ulnohumeral joint, init encntr"
      }, {
        "code": "S53111D",
        "display": "Anterior subluxation of right ulnohumeral joint, subs encntr"
      }, {
        "code": "S53111S",
        "display": "Anterior subluxation of right ulnohumeral joint, sequela"
      }, {
        "code": "S53112",
        "display": "Anterior subluxation of left ulnohumeral joint"
      }, {
        "code": "S53112A",
        "display": "Anterior subluxation of left ulnohumeral joint, init encntr"
      }, {
        "code": "S53112D",
        "display": "Anterior subluxation of left ulnohumeral joint, subs encntr"
      }, {
        "code": "S53112S",
        "display": "Anterior subluxation of left ulnohumeral joint, sequela"
      }, {
        "code": "S53113",
        "display": "Anterior subluxation of unspecified ulnohumeral joint"
      }, {
        "code": "S53113A",
        "display": "Anterior subluxation of unsp ulnohumeral joint, init encntr"
      }, {
        "code": "S53113D",
        "display": "Anterior subluxation of unsp ulnohumeral joint, subs encntr"
      }, {
        "code": "S53113S",
        "display": "Anterior subluxation of unsp ulnohumeral joint, sequela"
      }, {
        "code": "S53114",
        "display": "Anterior dislocation of right ulnohumeral joint"
      }, {
        "code": "S53114A",
        "display": "Anterior dislocation of right ulnohumeral joint, init encntr"
      }, {
        "code": "S53114D",
        "display": "Anterior dislocation of right ulnohumeral joint, subs encntr"
      }, {
        "code": "S53114S",
        "display": "Anterior dislocation of right ulnohumeral joint, sequela"
      }, {
        "code": "S53115",
        "display": "Anterior dislocation of left ulnohumeral joint"
      }, {
        "code": "S53115A",
        "display": "Anterior dislocation of left ulnohumeral joint, init encntr"
      }, {
        "code": "S53115D",
        "display": "Anterior dislocation of left ulnohumeral joint, subs encntr"
      }, {
        "code": "S53115S",
        "display": "Anterior dislocation of left ulnohumeral joint, sequela"
      }, {
        "code": "S53116",
        "display": "Anterior dislocation of unspecified ulnohumeral joint"
      }, {
        "code": "S53116A",
        "display": "Anterior dislocation of unsp ulnohumeral joint, init encntr"
      }, {
        "code": "S53116D",
        "display": "Anterior dislocation of unsp ulnohumeral joint, subs encntr"
      }, {
        "code": "S53116S",
        "display": "Anterior dislocation of unsp ulnohumeral joint, sequela"
      }, {
        "code": "S5312",
        "display": "Posterior subluxation and dislocation of ulnohumeral joint"
      }, {
        "code": "S53121",
        "display": "Posterior subluxation of right ulnohumeral joint"
      }, {
        "code": "S53121A",
        "display": "Posterior subluxation of right ulnohumeral joint, init"
      }, {
        "code": "S53121D",
        "display": "Posterior subluxation of right ulnohumeral joint, subs"
      }, {
        "code": "S53121S",
        "display": "Posterior subluxation of right ulnohumeral joint, sequela"
      }, {
        "code": "S53122",
        "display": "Posterior subluxation of left ulnohumeral joint"
      }, {
        "code": "S53122A",
        "display": "Posterior subluxation of left ulnohumeral joint, init encntr"
      }, {
        "code": "S53122D",
        "display": "Posterior subluxation of left ulnohumeral joint, subs encntr"
      }, {
        "code": "S53122S",
        "display": "Posterior subluxation of left ulnohumeral joint, sequela"
      }, {
        "code": "S53123",
        "display": "Posterior subluxation of unspecified ulnohumeral joint"
      }, {
        "code": "S53123A",
        "display": "Posterior subluxation of unsp ulnohumeral joint, init encntr"
      }, {
        "code": "S53123D",
        "display": "Posterior subluxation of unsp ulnohumeral joint, subs encntr"
      }, {
        "code": "S53123S",
        "display": "Posterior subluxation of unsp ulnohumeral joint, sequela"
      }, {
        "code": "S53124",
        "display": "Posterior dislocation of right ulnohumeral joint"
      }, {
        "code": "S53124A",
        "display": "Posterior dislocation of right ulnohumeral joint, init"
      }, {
        "code": "S53124D",
        "display": "Posterior dislocation of right ulnohumeral joint, subs"
      }, {
        "code": "S53124S",
        "display": "Posterior dislocation of right ulnohumeral joint, sequela"
      }, {
        "code": "S53125",
        "display": "Posterior dislocation of left ulnohumeral joint"
      }, {
        "code": "S53125A",
        "display": "Posterior dislocation of left ulnohumeral joint, init encntr"
      }, {
        "code": "S53125D",
        "display": "Posterior dislocation of left ulnohumeral joint, subs encntr"
      }, {
        "code": "S53125S",
        "display": "Posterior dislocation of left ulnohumeral joint, sequela"
      }, {
        "code": "S53126",
        "display": "Posterior dislocation of unspecified ulnohumeral joint"
      }, {
        "code": "S53126A",
        "display": "Posterior dislocation of unsp ulnohumeral joint, init encntr"
      }, {
        "code": "S53126D",
        "display": "Posterior dislocation of unsp ulnohumeral joint, subs encntr"
      }, {
        "code": "S53126S",
        "display": "Posterior dislocation of unsp ulnohumeral joint, sequela"
      }, {
        "code": "S5313",
        "display": "Medial subluxation and dislocation of ulnohumeral joint"
      }, {
        "code": "S53131",
        "display": "Medial subluxation of right ulnohumeral joint"
      }, {
        "code": "S53131A",
        "display": "Medial subluxation of right ulnohumeral joint, init encntr"
      }, {
        "code": "S53131D",
        "display": "Medial subluxation of right ulnohumeral joint, subs encntr"
      }, {
        "code": "S53131S",
        "display": "Medial subluxation of right ulnohumeral joint, sequela"
      }, {
        "code": "S53132",
        "display": "Medial subluxation of left ulnohumeral joint"
      }, {
        "code": "S53132A",
        "display": "Medial subluxation of left ulnohumeral joint, init encntr"
      }, {
        "code": "S53132D",
        "display": "Medial subluxation of left ulnohumeral joint, subs encntr"
      }, {
        "code": "S53132S",
        "display": "Medial subluxation of left ulnohumeral joint, sequela"
      }, {
        "code": "S53133",
        "display": "Medial subluxation of unspecified ulnohumeral joint"
      }, {
        "code": "S53133A",
        "display": "Medial subluxation of unsp ulnohumeral joint, init encntr"
      }, {
        "code": "S53133D",
        "display": "Medial subluxation of unsp ulnohumeral joint, subs encntr"
      }, {
        "code": "S53133S",
        "display": "Medial subluxation of unspecified ulnohumeral joint, sequela"
      }, {
        "code": "S53134",
        "display": "Medial dislocation of right ulnohumeral joint"
      }, {
        "code": "S53134A",
        "display": "Medial dislocation of right ulnohumeral joint, init encntr"
      }, {
        "code": "S53134D",
        "display": "Medial dislocation of right ulnohumeral joint, subs encntr"
      }, {
        "code": "S53134S",
        "display": "Medial dislocation of right ulnohumeral joint, sequela"
      }, {
        "code": "S53135",
        "display": "Medial dislocation of left ulnohumeral joint"
      }, {
        "code": "S53135A",
        "display": "Medial dislocation of left ulnohumeral joint, init encntr"
      }, {
        "code": "S53135D",
        "display": "Medial dislocation of left ulnohumeral joint, subs encntr"
      }, {
        "code": "S53135S",
        "display": "Medial dislocation of left ulnohumeral joint, sequela"
      }, {
        "code": "S53136",
        "display": "Medial dislocation of unspecified ulnohumeral joint"
      }, {
        "code": "S53136A",
        "display": "Medial dislocation of unsp ulnohumeral joint, init encntr"
      }, {
        "code": "S53136D",
        "display": "Medial dislocation of unsp ulnohumeral joint, subs encntr"
      }, {
        "code": "S53136S",
        "display": "Medial dislocation of unspecified ulnohumeral joint, sequela"
      }, {
        "code": "S5314",
        "display": "Lateral subluxation and dislocation of ulnohumeral joint"
      }, {
        "code": "S53141",
        "display": "Lateral subluxation of right ulnohumeral joint"
      }, {
        "code": "S53141A",
        "display": "Lateral subluxation of right ulnohumeral joint, init encntr"
      }, {
        "code": "S53141D",
        "display": "Lateral subluxation of right ulnohumeral joint, subs encntr"
      }, {
        "code": "S53141S",
        "display": "Lateral subluxation of right ulnohumeral joint, sequela"
      }, {
        "code": "S53142",
        "display": "Lateral subluxation of left ulnohumeral joint"
      }, {
        "code": "S53142A",
        "display": "Lateral subluxation of left ulnohumeral joint, init encntr"
      }, {
        "code": "S53142D",
        "display": "Lateral subluxation of left ulnohumeral joint, subs encntr"
      }, {
        "code": "S53142S",
        "display": "Lateral subluxation of left ulnohumeral joint, sequela"
      }, {
        "code": "S53143",
        "display": "Lateral subluxation of unspecified ulnohumeral joint"
      }, {
        "code": "S53143A",
        "display": "Lateral subluxation of unsp ulnohumeral joint, init encntr"
      }, {
        "code": "S53143D",
        "display": "Lateral subluxation of unsp ulnohumeral joint, subs encntr"
      }, {
        "code": "S53143S",
        "display": "Lateral subluxation of unsp ulnohumeral joint, sequela"
      }, {
        "code": "S53144",
        "display": "Lateral dislocation of right ulnohumeral joint"
      }, {
        "code": "S53144A",
        "display": "Lateral dislocation of right ulnohumeral joint, init encntr"
      }, {
        "code": "S53144D",
        "display": "Lateral dislocation of right ulnohumeral joint, subs encntr"
      }, {
        "code": "S53144S",
        "display": "Lateral dislocation of right ulnohumeral joint, sequela"
      }, {
        "code": "S53145",
        "display": "Lateral dislocation of left ulnohumeral joint"
      }, {
        "code": "S53145A",
        "display": "Lateral dislocation of left ulnohumeral joint, init encntr"
      }, {
        "code": "S53145D",
        "display": "Lateral dislocation of left ulnohumeral joint, subs encntr"
      }, {
        "code": "S53145S",
        "display": "Lateral dislocation of left ulnohumeral joint, sequela"
      }, {
        "code": "S53146",
        "display": "Lateral dislocation of unspecified ulnohumeral joint"
      }, {
        "code": "S53146A",
        "display": "Lateral dislocation of unsp ulnohumeral joint, init encntr"
      }, {
        "code": "S53146D",
        "display": "Lateral dislocation of unsp ulnohumeral joint, subs encntr"
      }, {
        "code": "S53146S",
        "display": "Lateral dislocation of unsp ulnohumeral joint, sequela"
      }, {
        "code": "S5319",
        "display": "Other subluxation and dislocation of ulnohumeral joint"
      }, {
        "code": "S53191",
        "display": "Other subluxation of right ulnohumeral joint"
      }, {
        "code": "S53191A",
        "display": "Other subluxation of right ulnohumeral joint, init encntr"
      }, {
        "code": "S53191D",
        "display": "Other subluxation of right ulnohumeral joint, subs encntr"
      }, {
        "code": "S53191S",
        "display": "Other subluxation of right ulnohumeral joint, sequela"
      }, {
        "code": "S53192",
        "display": "Other subluxation of left ulnohumeral joint"
      }, {
        "code": "S53192A",
        "display": "Other subluxation of left ulnohumeral joint, init encntr"
      }, {
        "code": "S53192D",
        "display": "Other subluxation of left ulnohumeral joint, subs encntr"
      }, {
        "code": "S53192S",
        "display": "Other subluxation of left ulnohumeral joint, sequela"
      }, {
        "code": "S53193",
        "display": "Other subluxation of unspecified ulnohumeral joint"
      }, {
        "code": "S53193A",
        "display": "Other subluxation of unsp ulnohumeral joint, init encntr"
      }, {
        "code": "S53193D",
        "display": "Other subluxation of unsp ulnohumeral joint, subs encntr"
      }, {
        "code": "S53193S",
        "display": "Other subluxation of unspecified ulnohumeral joint, sequela"
      }, {
        "code": "S53194",
        "display": "Other dislocation of right ulnohumeral joint"
      }, {
        "code": "S53194A",
        "display": "Other dislocation of right ulnohumeral joint, init encntr"
      }, {
        "code": "S53194D",
        "display": "Other dislocation of right ulnohumeral joint, subs encntr"
      }, {
        "code": "S53194S",
        "display": "Other dislocation of right ulnohumeral joint, sequela"
      }, {
        "code": "S53195",
        "display": "Other dislocation of left ulnohumeral joint"
      }, {
        "code": "S53195A",
        "display": "Other dislocation of left ulnohumeral joint, init encntr"
      }, {
        "code": "S53195D",
        "display": "Other dislocation of left ulnohumeral joint, subs encntr"
      }, {
        "code": "S53195S",
        "display": "Other dislocation of left ulnohumeral joint, sequela"
      }, {
        "code": "S53196",
        "display": "Other dislocation of unspecified ulnohumeral joint"
      }, {
        "code": "S53196A",
        "display": "Other dislocation of unsp ulnohumeral joint, init encntr"
      }, {
        "code": "S53196D",
        "display": "Other dislocation of unsp ulnohumeral joint, subs encntr"
      }, {
        "code": "S53196S",
        "display": "Other dislocation of unspecified ulnohumeral joint, sequela"
      }, {
        "code": "S532",
        "display": "Traumatic rupture of radial collateral ligament"
      }, {
        "code": "S5320",
        "display": "Traumatic rupture of unspecified radial collateral ligament"
      }, {
        "code": "S5320XA",
        "display": "Traumatic rupture of unsp radial collateral ligament, init"
      }, {
        "code": "S5320XD",
        "display": "Traumatic rupture of unsp radial collateral ligament, subs"
      }, {
        "code": "S5320XS",
        "display": "Traumatic rupture of unsp radial collat ligament, sequela"
      }, {
        "code": "S5321",
        "display": "Traumatic rupture of right radial collateral ligament"
      }, {
        "code": "S5321XA",
        "display": "Traumatic rupture of right radial collateral ligament, init"
      }, {
        "code": "S5321XD",
        "display": "Traumatic rupture of right radial collateral ligament, subs"
      }, {
        "code": "S5321XS",
        "display": "Traumatic rupture of right radial collat ligament, sequela"
      }, {
        "code": "S5322",
        "display": "Traumatic rupture of left radial collateral ligament"
      }, {
        "code": "S5322XA",
        "display": "Traumatic rupture of left radial collateral ligament, init"
      }, {
        "code": "S5322XD",
        "display": "Traumatic rupture of left radial collateral ligament, subs"
      }, {
        "code": "S5322XS",
        "display": "Traumatic rupture of left radial collat ligament, sequela"
      }, {
        "code": "S533",
        "display": "Traumatic rupture of ulnar collateral ligament"
      }, {
        "code": "S5330",
        "display": "Traumatic rupture of unspecified ulnar collateral ligament"
      }, {
        "code": "S5330XA",
        "display": "Traumatic rupture of unsp ulnar collateral ligament, init"
      }, {
        "code": "S5330XD",
        "display": "Traumatic rupture of unsp ulnar collateral ligament, subs"
      }, {
        "code": "S5330XS",
        "display": "Traumatic rupture of unsp ulnar collateral ligament, sequela"
      }, {
        "code": "S5331",
        "display": "Traumatic rupture of right ulnar collateral ligament"
      }, {
        "code": "S5331XA",
        "display": "Traumatic rupture of right ulnar collateral ligament, init"
      }, {
        "code": "S5331XD",
        "display": "Traumatic rupture of right ulnar collateral ligament, subs"
      }, {
        "code": "S5331XS",
        "display": "Traumatic rupture of right ulnar collat ligament, sequela"
      }, {
        "code": "S5332",
        "display": "Traumatic rupture of left ulnar collateral ligament"
      }, {
        "code": "S5332XA",
        "display": "Traumatic rupture of left ulnar collateral ligament, init"
      }, {
        "code": "S5332XD",
        "display": "Traumatic rupture of left ulnar collateral ligament, subs"
      }, {
        "code": "S5332XS",
        "display": "Traumatic rupture of left ulnar collateral ligament, sequela"
      }, {
        "code": "S534",
        "display": "Sprain of elbow"
      }, {
        "code": "S5340",
        "display": "Unspecified sprain of elbow"
      }, {
        "code": "S53401",
        "display": "Unspecified sprain of right elbow"
      }, {
        "code": "S53401A",
        "display": "Unspecified sprain of right elbow, initial encounter"
      }, {
        "code": "S53401D",
        "display": "Unspecified sprain of right elbow, subsequent encounter"
      }, {
        "code": "S53401S",
        "display": "Unspecified sprain of right elbow, sequela"
      }, {
        "code": "S53402",
        "display": "Unspecified sprain of left elbow"
      }, {
        "code": "S53402A",
        "display": "Unspecified sprain of left elbow, initial encounter"
      }, {
        "code": "S53402D",
        "display": "Unspecified sprain of left elbow, subsequent encounter"
      }, {
        "code": "S53402S",
        "display": "Unspecified sprain of left elbow, sequela"
      }, {
        "code": "S53409",
        "display": "Unspecified sprain of unspecified elbow"
      }, {
        "code": "S53409A",
        "display": "Unspecified sprain of unspecified elbow, initial encounter"
      }, {
        "code": "S53409D",
        "display": "Unspecified sprain of unspecified elbow, subs encntr"
      }, {
        "code": "S53409S",
        "display": "Unspecified sprain of unspecified elbow, sequela"
      }, {
        "code": "S5341",
        "display": "Radiohumeral (joint) sprain"
      }, {
        "code": "S53411",
        "display": "Radiohumeral (joint) sprain of right elbow"
      }, {
        "code": "S53411A",
        "display": "Radiohumeral (joint) sprain of right elbow, init encntr"
      }, {
        "code": "S53411D",
        "display": "Radiohumeral (joint) sprain of right elbow, subs encntr"
      }, {
        "code": "S53411S",
        "display": "Radiohumeral (joint) sprain of right elbow, sequela"
      }, {
        "code": "S53412",
        "display": "Radiohumeral (joint) sprain of left elbow"
      }, {
        "code": "S53412A",
        "display": "Radiohumeral (joint) sprain of left elbow, initial encounter"
      }, {
        "code": "S53412D",
        "display": "Radiohumeral (joint) sprain of left elbow, subs encntr"
      }, {
        "code": "S53412S",
        "display": "Radiohumeral (joint) sprain of left elbow, sequela"
      }, {
        "code": "S53419",
        "display": "Radiohumeral (joint) sprain of unspecified elbow"
      }, {
        "code": "S53419A",
        "display": "Radiohumeral (joint) sprain of unsp elbow, init encntr"
      }, {
        "code": "S53419D",
        "display": "Radiohumeral (joint) sprain of unsp elbow, subs encntr"
      }, {
        "code": "S53419S",
        "display": "Radiohumeral (joint) sprain of unspecified elbow, sequela"
      }, {
        "code": "S5342",
        "display": "Ulnohumeral (joint) sprain"
      }, {
        "code": "S53421",
        "display": "Ulnohumeral (joint) sprain of right elbow"
      }, {
        "code": "S53421A",
        "display": "Ulnohumeral (joint) sprain of right elbow, initial encounter"
      }, {
        "code": "S53421D",
        "display": "Ulnohumeral (joint) sprain of right elbow, subs encntr"
      }, {
        "code": "S53421S",
        "display": "Ulnohumeral (joint) sprain of right elbow, sequela"
      }, {
        "code": "S53422",
        "display": "Ulnohumeral (joint) sprain of left elbow"
      }, {
        "code": "S53422A",
        "display": "Ulnohumeral (joint) sprain of left elbow, initial encounter"
      }, {
        "code": "S53422D",
        "display": "Ulnohumeral (joint) sprain of left elbow, subs encntr"
      }, {
        "code": "S53422S",
        "display": "Ulnohumeral (joint) sprain of left elbow, sequela"
      }, {
        "code": "S53429",
        "display": "Ulnohumeral (joint) sprain of unspecified elbow"
      }, {
        "code": "S53429A",
        "display": "Ulnohumeral (joint) sprain of unspecified elbow, init encntr"
      }, {
        "code": "S53429D",
        "display": "Ulnohumeral (joint) sprain of unspecified elbow, subs encntr"
      }, {
        "code": "S53429S",
        "display": "Ulnohumeral (joint) sprain of unspecified elbow, sequela"
      }, {
        "code": "S5343",
        "display": "Radial collateral ligament sprain"
      }, {
        "code": "S53431",
        "display": "Radial collateral ligament sprain of right elbow"
      }, {
        "code": "S53431A",
        "display": "Radial collateral ligament sprain of right elbow, init"
      }, {
        "code": "S53431D",
        "display": "Radial collateral ligament sprain of right elbow, subs"
      }, {
        "code": "S53431S",
        "display": "Radial collateral ligament sprain of right elbow, sequela"
      }, {
        "code": "S53432",
        "display": "Radial collateral ligament sprain of left elbow"
      }, {
        "code": "S53432A",
        "display": "Radial collateral ligament sprain of left elbow, init encntr"
      }, {
        "code": "S53432D",
        "display": "Radial collateral ligament sprain of left elbow, subs encntr"
      }, {
        "code": "S53432S",
        "display": "Radial collateral ligament sprain of left elbow, sequela"
      }, {
        "code": "S53439",
        "display": "Radial collateral ligament sprain of unspecified elbow"
      }, {
        "code": "S53439A",
        "display": "Radial collateral ligament sprain of unsp elbow, init encntr"
      }, {
        "code": "S53439D",
        "display": "Radial collateral ligament sprain of unsp elbow, subs encntr"
      }, {
        "code": "S53439S",
        "display": "Radial collateral ligament sprain of unsp elbow, sequela"
      }, {
        "code": "S5344",
        "display": "Ulnar collateral ligament sprain"
      }, {
        "code": "S53441",
        "display": "Ulnar collateral ligament sprain of right elbow"
      }, {
        "code": "S53441A",
        "display": "Ulnar collateral ligament sprain of right elbow, init encntr"
      }, {
        "code": "S53441D",
        "display": "Ulnar collateral ligament sprain of right elbow, subs encntr"
      }, {
        "code": "S53441S",
        "display": "Ulnar collateral ligament sprain of right elbow, sequela"
      }, {
        "code": "S53442",
        "display": "Ulnar collateral ligament sprain of left elbow"
      }, {
        "code": "S53442A",
        "display": "Ulnar collateral ligament sprain of left elbow, init encntr"
      }, {
        "code": "S53442D",
        "display": "Ulnar collateral ligament sprain of left elbow, subs encntr"
      }, {
        "code": "S53442S",
        "display": "Ulnar collateral ligament sprain of left elbow, sequela"
      }, {
        "code": "S53449",
        "display": "Ulnar collateral ligament sprain of unspecified elbow"
      }, {
        "code": "S53449A",
        "display": "Ulnar collateral ligament sprain of unsp elbow, init encntr"
      }, {
        "code": "S53449D",
        "display": "Ulnar collateral ligament sprain of unsp elbow, subs encntr"
      }, {
        "code": "S53449S",
        "display": "Ulnar collateral ligament sprain of unsp elbow, sequela"
      }, {
        "code": "S5349",
        "display": "Other sprain of elbow"
      }, {
        "code": "S53491",
        "display": "Other sprain of right elbow"
      }, {
        "code": "S53491A",
        "display": "Other sprain of right elbow, initial encounter"
      }, {
        "code": "S53491D",
        "display": "Other sprain of right elbow, subsequent encounter"
      }, {
        "code": "S53491S",
        "display": "Other sprain of right elbow, sequela"
      }, {
        "code": "S53492",
        "display": "Other sprain of left elbow"
      }, {
        "code": "S53492A",
        "display": "Other sprain of left elbow, initial encounter"
      }, {
        "code": "S53492D",
        "display": "Other sprain of left elbow, subsequent encounter"
      }, {
        "code": "S53492S",
        "display": "Other sprain of left elbow, sequela"
      }, {
        "code": "S53499",
        "display": "Other sprain of unspecified elbow"
      }, {
        "code": "S53499A",
        "display": "Other sprain of unspecified elbow, initial encounter"
      }, {
        "code": "S53499D",
        "display": "Other sprain of unspecified elbow, subsequent encounter"
      }, {
        "code": "S53499S",
        "display": "Other sprain of unspecified elbow, sequela"
      } ]
    } ]
  }
}