{
  "resourceType": "ValueSet",
  "id": "S73",
  "url": "http://hl7.org/fhir/sid/icd-10-cm-1451",
  "version": "1.0",
  "name": "Dislocation and sprain of joint and ligaments of hip",
  "title": "Dislocation and sprain of joint and ligaments of hip",
  "status": "active",
  "compose": {
    "include": [ {
      "system": "http://hl7.org/fhir/sid/icd-10-cm",
      "concept": [ {
        "code": "S730",
        "display": "Subluxation and dislocation of hip"
      }, {
        "code": "S7300",
        "display": "Unspecified subluxation and dislocation of hip"
      }, {
        "code": "S73001",
        "display": "Unspecified subluxation of right hip"
      }, {
        "code": "S73001A",
        "display": "Unspecified subluxation of right hip, initial encounter"
      }, {
        "code": "S73001D",
        "display": "Unspecified subluxation of right hip, subsequent encounter"
      }, {
        "code": "S73001S",
        "display": "Unspecified subluxation of right hip, sequela"
      }, {
        "code": "S73002",
        "display": "Unspecified subluxation of left hip"
      }, {
        "code": "S73002A",
        "display": "Unspecified subluxation of left hip, initial encounter"
      }, {
        "code": "S73002D",
        "display": "Unspecified subluxation of left hip, subsequent encounter"
      }, {
        "code": "S73002S",
        "display": "Unspecified subluxation of left hip, sequela"
      }, {
        "code": "S73003",
        "display": "Unspecified subluxation of unspecified hip"
      }, {
        "code": "S73003A",
        "display": "Unspecified subluxation of unspecified hip, init encntr"
      }, {
        "code": "S73003D",
        "display": "Unspecified subluxation of unspecified hip, subs encntr"
      }, {
        "code": "S73003S",
        "display": "Unspecified subluxation of unspecified hip, sequela"
      }, {
        "code": "S73004",
        "display": "Unspecified dislocation of right hip"
      }, {
        "code": "S73004A",
        "display": "Unspecified dislocation of right hip, initial encounter"
      }, {
        "code": "S73004D",
        "display": "Unspecified dislocation of right hip, subsequent encounter"
      }, {
        "code": "S73004S",
        "display": "Unspecified dislocation of right hip, sequela"
      }, {
        "code": "S73005",
        "display": "Unspecified dislocation of left hip"
      }, {
        "code": "S73005A",
        "display": "Unspecified dislocation of left hip, initial encounter"
      }, {
        "code": "S73005D",
        "display": "Unspecified dislocation of left hip, subsequent encounter"
      }, {
        "code": "S73005S",
        "display": "Unspecified dislocation of left hip, sequela"
      }, {
        "code": "S73006",
        "display": "Unspecified dislocation of unspecified hip"
      }, {
        "code": "S73006A",
        "display": "Unspecified dislocation of unspecified hip, init encntr"
      }, {
        "code": "S73006D",
        "display": "Unspecified dislocation of unspecified hip, subs encntr"
      }, {
        "code": "S73006S",
        "display": "Unspecified dislocation of unspecified hip, sequela"
      }, {
        "code": "S7301",
        "display": "Posterior subluxation and dislocation of hip"
      }, {
        "code": "S73011",
        "display": "Posterior subluxation of right hip"
      }, {
        "code": "S73011A",
        "display": "Posterior subluxation of right hip, initial encounter"
      }, {
        "code": "S73011D",
        "display": "Posterior subluxation of right hip, subsequent encounter"
      }, {
        "code": "S73011S",
        "display": "Posterior subluxation of right hip, sequela"
      }, {
        "code": "S73012",
        "display": "Posterior subluxation of left hip"
      }, {
        "code": "S73012A",
        "display": "Posterior subluxation of left hip, initial encounter"
      }, {
        "code": "S73012D",
        "display": "Posterior subluxation of left hip, subsequent encounter"
      }, {
        "code": "S73012S",
        "display": "Posterior subluxation of left hip, sequela"
      }, {
        "code": "S73013",
        "display": "Posterior subluxation of unspecified hip"
      }, {
        "code": "S73013A",
        "display": "Posterior subluxation of unspecified hip, initial encounter"
      }, {
        "code": "S73013D",
        "display": "Posterior subluxation of unspecified hip, subs encntr"
      }, {
        "code": "S73013S",
        "display": "Posterior subluxation of unspecified hip, sequela"
      }, {
        "code": "S73014",
        "display": "Posterior dislocation of right hip"
      }, {
        "code": "S73014A",
        "display": "Posterior dislocation of right hip, initial encounter"
      }, {
        "code": "S73014D",
        "display": "Posterior dislocation of right hip, subsequent encounter"
      }, {
        "code": "S73014S",
        "display": "Posterior dislocation of right hip, sequela"
      }, {
        "code": "S73015",
        "display": "Posterior dislocation of left hip"
      }, {
        "code": "S73015A",
        "display": "Posterior dislocation of left hip, initial encounter"
      }, {
        "code": "S73015D",
        "display": "Posterior dislocation of left hip, subsequent encounter"
      }, {
        "code": "S73015S",
        "display": "Posterior dislocation of left hip, sequela"
      }, {
        "code": "S73016",
        "display": "Posterior dislocation of unspecified hip"
      }, {
        "code": "S73016A",
        "display": "Posterior dislocation of unspecified hip, initial encounter"
      }, {
        "code": "S73016D",
        "display": "Posterior dislocation of unspecified hip, subs encntr"
      }, {
        "code": "S73016S",
        "display": "Posterior dislocation of unspecified hip, sequela"
      }, {
        "code": "S7302",
        "display": "Obturator subluxation and dislocation of hip"
      }, {
        "code": "S73021",
        "display": "Obturator subluxation of right hip"
      }, {
        "code": "S73021A",
        "display": "Obturator subluxation of right hip, initial encounter"
      }, {
        "code": "S73021D",
        "display": "Obturator subluxation of right hip, subsequent encounter"
      }, {
        "code": "S73021S",
        "display": "Obturator subluxation of right hip, sequela"
      }, {
        "code": "S73022",
        "display": "Obturator subluxation of left hip"
      }, {
        "code": "S73022A",
        "display": "Obturator subluxation of left hip, initial encounter"
      }, {
        "code": "S73022D",
        "display": "Obturator subluxation of left hip, subsequent encounter"
      }, {
        "code": "S73022S",
        "display": "Obturator subluxation of left hip, sequela"
      }, {
        "code": "S73023",
        "display": "Obturator subluxation of unspecified hip"
      }, {
        "code": "S73023A",
        "display": "Obturator subluxation of unspecified hip, initial encounter"
      }, {
        "code": "S73023D",
        "display": "Obturator subluxation of unspecified hip, subs encntr"
      }, {
        "code": "S73023S",
        "display": "Obturator subluxation of unspecified hip, sequela"
      }, {
        "code": "S73024",
        "display": "Obturator dislocation of right hip"
      }, {
        "code": "S73024A",
        "display": "Obturator dislocation of right hip, initial encounter"
      }, {
        "code": "S73024D",
        "display": "Obturator dislocation of right hip, subsequent encounter"
      }, {
        "code": "S73024S",
        "display": "Obturator dislocation of right hip, sequela"
      }, {
        "code": "S73025",
        "display": "Obturator dislocation of left hip"
      }, {
        "code": "S73025A",
        "display": "Obturator dislocation of left hip, initial encounter"
      }, {
        "code": "S73025D",
        "display": "Obturator dislocation of left hip, subsequent encounter"
      }, {
        "code": "S73025S",
        "display": "Obturator dislocation of left hip, sequela"
      }, {
        "code": "S73026",
        "display": "Obturator dislocation of unspecified hip"
      }, {
        "code": "S73026A",
        "display": "Obturator dislocation of unspecified hip, initial encounter"
      }, {
        "code": "S73026D",
        "display": "Obturator dislocation of unspecified hip, subs encntr"
      }, {
        "code": "S73026S",
        "display": "Obturator dislocation of unspecified hip, sequela"
      }, {
        "code": "S7303",
        "display": "Other anterior subluxation and dislocation of hip"
      }, {
        "code": "S73031",
        "display": "Other anterior subluxation of right hip"
      }, {
        "code": "S73031A",
        "display": "Other anterior subluxation of right hip, initial encounter"
      }, {
        "code": "S73031D",
        "display": "Other anterior subluxation of right hip, subs encntr"
      }, {
        "code": "S73031S",
        "display": "Other anterior subluxation of right hip, sequela"
      }, {
        "code": "S73032",
        "display": "Other anterior subluxation of left hip"
      }, {
        "code": "S73032A",
        "display": "Other anterior subluxation of left hip, initial encounter"
      }, {
        "code": "S73032D",
        "display": "Other anterior subluxation of left hip, subsequent encounter"
      }, {
        "code": "S73032S",
        "display": "Other anterior subluxation of left hip, sequela"
      }, {
        "code": "S73033",
        "display": "Other anterior subluxation of unspecified hip"
      }, {
        "code": "S73033A",
        "display": "Other anterior subluxation of unspecified hip, init encntr"
      }, {
        "code": "S73033D",
        "display": "Other anterior subluxation of unspecified hip, subs encntr"
      }, {
        "code": "S73033S",
        "display": "Other anterior subluxation of unspecified hip, sequela"
      }, {
        "code": "S73034",
        "display": "Other anterior dislocation of right hip"
      }, {
        "code": "S73034A",
        "display": "Other anterior dislocation of right hip, initial encounter"
      }, {
        "code": "S73034D",
        "display": "Other anterior dislocation of right hip, subs encntr"
      }, {
        "code": "S73034S",
        "display": "Other anterior dislocation of right hip, sequela"
      }, {
        "code": "S73035",
        "display": "Other anterior dislocation of left hip"
      }, {
        "code": "S73035A",
        "display": "Other anterior dislocation of left hip, initial encounter"
      }, {
        "code": "S73035D",
        "display": "Other anterior dislocation of left hip, subsequent encounter"
      }, {
        "code": "S73035S",
        "display": "Other anterior dislocation of left hip, sequela"
      }, {
        "code": "S73036",
        "display": "Other anterior dislocation of unspecified hip"
      }, {
        "code": "S73036A",
        "display": "Other anterior dislocation of unspecified hip, init encntr"
      }, {
        "code": "S73036D",
        "display": "Other anterior dislocation of unspecified hip, subs encntr"
      }, {
        "code": "S73036S",
        "display": "Other anterior dislocation of unspecified hip, sequela"
      }, {
        "code": "S7304",
        "display": "Central subluxation and dislocation of hip"
      }, {
        "code": "S73041",
        "display": "Central subluxation of right hip"
      }, {
        "code": "S73041A",
        "display": "Central subluxation of right hip, initial encounter"
      }, {
        "code": "S73041D",
        "display": "Central subluxation of right hip, subsequent encounter"
      }, {
        "code": "S73041S",
        "display": "Central subluxation of right hip, sequela"
      }, {
        "code": "S73042",
        "display": "Central subluxation of left hip"
      }, {
        "code": "S73042A",
        "display": "Central subluxation of left hip, initial encounter"
      }, {
        "code": "S73042D",
        "display": "Central subluxation of left hip, subsequent encounter"
      }, {
        "code": "S73042S",
        "display": "Central subluxation of left hip, sequela"
      }, {
        "code": "S73043",
        "display": "Central subluxation of unspecified hip"
      }, {
        "code": "S73043A",
        "display": "Central subluxation of unspecified hip, initial encounter"
      }, {
        "code": "S73043D",
        "display": "Central subluxation of unspecified hip, subsequent encounter"
      }, {
        "code": "S73043S",
        "display": "Central subluxation of unspecified hip, sequela"
      }, {
        "code": "S73044",
        "display": "Central dislocation of right hip"
      }, {
        "code": "S73044A",
        "display": "Central dislocation of right hip, initial encounter"
      }, {
        "code": "S73044D",
        "display": "Central dislocation of right hip, subsequent encounter"
      }, {
        "code": "S73044S",
        "display": "Central dislocation of right hip, sequela"
      }, {
        "code": "S73045",
        "display": "Central dislocation of left hip"
      }, {
        "code": "S73045A",
        "display": "Central dislocation of left hip, initial encounter"
      }, {
        "code": "S73045D",
        "display": "Central dislocation of left hip, subsequent encounter"
      }, {
        "code": "S73045S",
        "display": "Central dislocation of left hip, sequela"
      }, {
        "code": "S73046",
        "display": "Central dislocation of unspecified hip"
      }, {
        "code": "S73046A",
        "display": "Central dislocation of unspecified hip, initial encounter"
      }, {
        "code": "S73046D",
        "display": "Central dislocation of unspecified hip, subsequent encounter"
      }, {
        "code": "S73046S",
        "display": "Central dislocation of unspecified hip, sequela"
      }, {
        "code": "S731",
        "display": "Sprain of hip"
      }, {
        "code": "S7310",
        "display": "Unspecified sprain of hip"
      }, {
        "code": "S73101",
        "display": "Unspecified sprain of right hip"
      }, {
        "code": "S73101A",
        "display": "Unspecified sprain of right hip, initial encounter"
      }, {
        "code": "S73101D",
        "display": "Unspecified sprain of right hip, subsequent encounter"
      }, {
        "code": "S73101S",
        "display": "Unspecified sprain of right hip, sequela"
      }, {
        "code": "S73102",
        "display": "Unspecified sprain of left hip"
      }, {
        "code": "S73102A",
        "display": "Unspecified sprain of left hip, initial encounter"
      }, {
        "code": "S73102D",
        "display": "Unspecified sprain of left hip, subsequent encounter"
      }, {
        "code": "S73102S",
        "display": "Unspecified sprain of left hip, sequela"
      }, {
        "code": "S73109",
        "display": "Unspecified sprain of unspecified hip"
      }, {
        "code": "S73109A",
        "display": "Unspecified sprain of unspecified hip, initial encounter"
      }, {
        "code": "S73109D",
        "display": "Unspecified sprain of unspecified hip, subsequent encounter"
      }, {
        "code": "S73109S",
        "display": "Unspecified sprain of unspecified hip, sequela"
      }, {
        "code": "S7311",
        "display": "Iliofemoral ligament sprain of hip"
      }, {
        "code": "S73111",
        "display": "Iliofemoral ligament sprain of right hip"
      }, {
        "code": "S73111A",
        "display": "Iliofemoral ligament sprain of right hip, initial encounter"
      }, {
        "code": "S73111D",
        "display": "Iliofemoral ligament sprain of right hip, subs encntr"
      }, {
        "code": "S73111S",
        "display": "Iliofemoral ligament sprain of right hip, sequela"
      }, {
        "code": "S73112",
        "display": "Iliofemoral ligament sprain of left hip"
      }, {
        "code": "S73112A",
        "display": "Iliofemoral ligament sprain of left hip, initial encounter"
      }, {
        "code": "S73112D",
        "display": "Iliofemoral ligament sprain of left hip, subs encntr"
      }, {
        "code": "S73112S",
        "display": "Iliofemoral ligament sprain of left hip, sequela"
      }, {
        "code": "S73119",
        "display": "Iliofemoral ligament sprain of unspecified hip"
      }, {
        "code": "S73119A",
        "display": "Iliofemoral ligament sprain of unspecified hip, init encntr"
      }, {
        "code": "S73119D",
        "display": "Iliofemoral ligament sprain of unspecified hip, subs encntr"
      }, {
        "code": "S73119S",
        "display": "Iliofemoral ligament sprain of unspecified hip, sequela"
      }, {
        "code": "S7312",
        "display": "Ischiocapsular (ligament) sprain of hip"
      }, {
        "code": "S73121",
        "display": "Ischiocapsular ligament sprain of right hip"
      }, {
        "code": "S73121A",
        "display": "Ischiocapsular ligament sprain of right hip, init encntr"
      }, {
        "code": "S73121D",
        "display": "Ischiocapsular ligament sprain of right hip, subs encntr"
      }, {
        "code": "S73121S",
        "display": "Ischiocapsular ligament sprain of right hip, sequela"
      }, {
        "code": "S73122",
        "display": "Ischiocapsular ligament sprain of left hip"
      }, {
        "code": "S73122A",
        "display": "Ischiocapsular ligament sprain of left hip, init encntr"
      }, {
        "code": "S73122D",
        "display": "Ischiocapsular ligament sprain of left hip, subs encntr"
      }, {
        "code": "S73122S",
        "display": "Ischiocapsular ligament sprain of left hip, sequela"
      }, {
        "code": "S73129",
        "display": "Ischiocapsular ligament sprain of unspecified hip"
      }, {
        "code": "S73129A",
        "display": "Ischiocapsular ligament sprain of unsp hip, init encntr"
      }, {
        "code": "S73129D",
        "display": "Ischiocapsular ligament sprain of unsp hip, subs encntr"
      }, {
        "code": "S73129S",
        "display": "Ischiocapsular ligament sprain of unspecified hip, sequela"
      }, {
        "code": "S7319",
        "display": "Other sprain of hip"
      }, {
        "code": "S73191",
        "display": "Other sprain of right hip"
      }, {
        "code": "S73191A",
        "display": "Other sprain of right hip, initial encounter"
      }, {
        "code": "S73191D",
        "display": "Other sprain of right hip, subsequent encounter"
      }, {
        "code": "S73191S",
        "display": "Other sprain of right hip, sequela"
      }, {
        "code": "S73192",
        "display": "Other sprain of left hip"
      }, {
        "code": "S73192A",
        "display": "Other sprain of left hip, initial encounter"
      }, {
        "code": "S73192D",
        "display": "Other sprain of left hip, subsequent encounter"
      }, {
        "code": "S73192S",
        "display": "Other sprain of left hip, sequela"
      }, {
        "code": "S73199",
        "display": "Other sprain of unspecified hip"
      }, {
        "code": "S73199A",
        "display": "Other sprain of unspecified hip, initial encounter"
      }, {
        "code": "S73199D",
        "display": "Other sprain of unspecified hip, subsequent encounter"
      }, {
        "code": "S73199S",
        "display": "Other sprain of unspecified hip, sequela"
      } ]
    } ]
  }
}