{
  "resourceType": "ValueSet",
  "id": "H81",
  "url": "http://hl7.org/fhir/sid/icd-10-cm-612",
  "version": "1.0",
  "name": "Disorders of vestibular function",
  "title": "Disorders of vestibular function",
  "status": "active",
  "compose": {
    "include": [ {
      "system": "http://hl7.org/fhir/sid/icd-10-cm",
      "concept": [ {
        "code": "H810",
        "display": "Meniere's disease"
      }, {
        "code": "H8101",
        "display": "Meniere's disease, right ear"
      }, {
        "code": "H8102",
        "display": "Meniere's disease, left ear"
      }, {
        "code": "H8103",
        "display": "Meniere's disease, bilateral"
      }, {
        "code": "H8109",
        "display": "Meniere's disease, unspecified ear"
      }, {
        "code": "H811",
        "display": "Benign paroxysmal vertigo"
      }, {
        "code": "H8110",
        "display": "Benign paroxysmal vertigo, unspecified ear"
      }, {
        "code": "H8111",
        "display": "Benign paroxysmal vertigo, right ear"
      }, {
        "code": "H8112",
        "display": "Benign paroxysmal vertigo, left ear"
      }, {
        "code": "H8113",
        "display": "Benign paroxysmal vertigo, bilateral"
      }, {
        "code": "H812",
        "display": "Vestibular neuronitis"
      }, {
        "code": "H8120",
        "display": "Vestibular neuronitis, unspecified ear"
      }, {
        "code": "H8121",
        "display": "Vestibular neuronitis, right ear"
      }, {
        "code": "H8122",
        "display": "Vestibular neuronitis, left ear"
      }, {
        "code": "H8123",
        "display": "Vestibular neuronitis, bilateral"
      }, {
        "code": "H813",
        "display": "Other peripheral vertigo"
      }, {
        "code": "H8131",
        "display": "Aural vertigo"
      }, {
        "code": "H81311",
        "display": "Aural vertigo, right ear"
      }, {
        "code": "H81312",
        "display": "Aural vertigo, left ear"
      }, {
        "code": "H81313",
        "display": "Aural vertigo, bilateral"
      }, {
        "code": "H81319",
        "display": "Aural vertigo, unspecified ear"
      }, {
        "code": "H8139",
        "display": "Other peripheral vertigo"
      }, {
        "code": "H81391",
        "display": "Other peripheral vertigo, right ear"
      }, {
        "code": "H81392",
        "display": "Other peripheral vertigo, left ear"
      }, {
        "code": "H81393",
        "display": "Other peripheral vertigo, bilateral"
      }, {
        "code": "H81399",
        "display": "Other peripheral vertigo, unspecified ear"
      }, {
        "code": "H814",
        "display": "Vertigo of central origin"
      }, {
        "code": "H818",
        "display": "Other disorders of vestibular function"
      }, {
        "code": "H818X",
        "display": "Other disorders of vestibular function"
      }, {
        "code": "H818X1",
        "display": "Other disorders of vestibular function, right ear"
      }, {
        "code": "H818X2",
        "display": "Other disorders of vestibular function, left ear"
      }, {
        "code": "H818X3",
        "display": "Other disorders of vestibular function, bilateral"
      }, {
        "code": "H818X9",
        "display": "Other disorders of vestibular function, unspecified ear"
      }, {
        "code": "H819",
        "display": "Unspecified disorder of vestibular function"
      }, {
        "code": "H8190",
        "display": "Unspecified disorder of vestibular function, unspecified ear"
      }, {
        "code": "H8191",
        "display": "Unspecified disorder of vestibular function, right ear"
      }, {
        "code": "H8192",
        "display": "Unspecified disorder of vestibular function, left ear"
      }, {
        "code": "H8193",
        "display": "Unspecified disorder of vestibular function, bilateral"
      } ]
    } ]
  }
}