{
  "resourceType": "ValueSet",
  "id": "F94",
  "url": "http://hl7.org/fhir/sid/icd-10-cm-485",
  "version": "1.0",
  "name": "Disord social w onset specific to childhood and adolescence",
  "title": "Disorders of social functioning with onset specific to childhood and adolescence",
  "status": "active",
  "compose": {
    "include": [ {
      "system": "http://hl7.org/fhir/sid/icd-10-cm",
      "concept": [ {
        "code": "F940",
        "display": "Selective mutism"
      }, {
        "code": "F941",
        "display": "Reactive attachment disorder of childhood"
      }, {
        "code": "F942",
        "display": "Disinhibited attachment disorder of childhood"
      }, {
        "code": "F948",
        "display": "Other childhood disorders of social functioning"
      }, {
        "code": "F949",
        "display": "Childhood disorder of social functioning, unspecified"
      } ]
    } ]
  }
}