{
  "resourceType": "ValueSet",
  "id": "E78",
  "url": "http://hl7.org/fhir/sid/icd-10-cm-407",
  "version": "1.0",
  "name": "Disorders of lipoprotein metabolism and other lipidemias",
  "title": "Disorders of lipoprotein metabolism and other lipidemias",
  "status": "active",
  "compose": {
    "include": [ {
      "system": "http://hl7.org/fhir/sid/icd-10-cm",
      "concept": [ {
        "code": "E780",
        "display": "Pure hypercholesterolemia"
      }, {
        "code": "E7800",
        "display": "Pure hypercholesterolemia, unspecified"
      }, {
        "code": "E7801",
        "display": "Familial hypercholesterolemia"
      }, {
        "code": "E781",
        "display": "Pure hyperglyceridemia"
      }, {
        "code": "E782",
        "display": "Mixed hyperlipidemia"
      }, {
        "code": "E783",
        "display": "Hyperchylomicronemia"
      }, {
        "code": "E784",
        "display": "Other hyperlipidemia"
      }, {
        "code": "E7841",
        "display": "Elevated Lipoprotein(a)"
      }, {
        "code": "E7849",
        "display": "Other hyperlipidemia"
      }, {
        "code": "E785",
        "display": "Hyperlipidemia, unspecified"
      }, {
        "code": "E786",
        "display": "Lipoprotein deficiency"
      }, {
        "code": "E787",
        "display": "Disorders of bile acid and cholesterol metabolism"
      }, {
        "code": "E7870",
        "display": "Disorder of bile acid and cholesterol metabolism, unsp"
      }, {
        "code": "E7871",
        "display": "Barth syndrome"
      }, {
        "code": "E7872",
        "display": "Smith-Lemli-Opitz syndrome"
      }, {
        "code": "E7879",
        "display": "Other disorders of bile acid and cholesterol metabolism"
      }, {
        "code": "E788",
        "display": "Other disorders of lipoprotein metabolism"
      }, {
        "code": "E7881",
        "display": "Lipoid dermatoarthritis"
      }, {
        "code": "E7889",
        "display": "Other lipoprotein metabolism disorders"
      }, {
        "code": "E789",
        "display": "Disorder of lipoprotein metabolism, unspecified"
      } ]
    } ]
  }
}