{
  "resourceType": "ValueSet",
  "id": "H04",
  "url": "http://hl7.org/fhir/sid/icd-10-cm-560",
  "version": "1.0",
  "name": "Disorders of lacrimal system",
  "title": "Disorders of lacrimal system",
  "status": "active",
  "compose": {
    "include": [ {
      "system": "http://hl7.org/fhir/sid/icd-10-cm",
      "concept": [ {
        "code": "H040",
        "display": "Dacryoadenitis"
      }, {
        "code": "H0400",
        "display": "Unspecified dacryoadenitis"
      }, {
        "code": "H04001",
        "display": "Unspecified dacryoadenitis, right lacrimal gland"
      }, {
        "code": "H04002",
        "display": "Unspecified dacryoadenitis, left lacrimal gland"
      }, {
        "code": "H04003",
        "display": "Unspecified dacryoadenitis, bilateral lacrimal glands"
      }, {
        "code": "H04009",
        "display": "Unspecified dacryoadenitis, unspecified lacrimal gland"
      }, {
        "code": "H0401",
        "display": "Acute dacryoadenitis"
      }, {
        "code": "H04011",
        "display": "Acute dacryoadenitis, right lacrimal gland"
      }, {
        "code": "H04012",
        "display": "Acute dacryoadenitis, left lacrimal gland"
      }, {
        "code": "H04013",
        "display": "Acute dacryoadenitis, bilateral lacrimal glands"
      }, {
        "code": "H04019",
        "display": "Acute dacryoadenitis, unspecified lacrimal gland"
      }, {
        "code": "H0402",
        "display": "Chronic dacryoadenitis"
      }, {
        "code": "H04021",
        "display": "Chronic dacryoadenitis, right lacrimal gland"
      }, {
        "code": "H04022",
        "display": "Chronic dacryoadenitis, left lacrimal gland"
      }, {
        "code": "H04023",
        "display": "Chronic dacryoadenitis, bilateral lacrimal gland"
      }, {
        "code": "H04029",
        "display": "Chronic dacryoadenitis, unspecified lacrimal gland"
      }, {
        "code": "H0403",
        "display": "Chronic enlargement of lacrimal gland"
      }, {
        "code": "H04031",
        "display": "Chronic enlargement of right lacrimal gland"
      }, {
        "code": "H04032",
        "display": "Chronic enlargement of left lacrimal gland"
      }, {
        "code": "H04033",
        "display": "Chronic enlargement of bilateral lacrimal glands"
      }, {
        "code": "H04039",
        "display": "Chronic enlargement of unspecified lacrimal gland"
      }, {
        "code": "H041",
        "display": "Other disorders of lacrimal gland"
      }, {
        "code": "H0411",
        "display": "Dacryops"
      }, {
        "code": "H04111",
        "display": "Dacryops of right lacrimal gland"
      }, {
        "code": "H04112",
        "display": "Dacryops of left lacrimal gland"
      }, {
        "code": "H04113",
        "display": "Dacryops of bilateral lacrimal glands"
      }, {
        "code": "H04119",
        "display": "Dacryops of unspecified lacrimal gland"
      }, {
        "code": "H0412",
        "display": "Dry eye syndrome"
      }, {
        "code": "H04121",
        "display": "Dry eye syndrome of right lacrimal gland"
      }, {
        "code": "H04122",
        "display": "Dry eye syndrome of left lacrimal gland"
      }, {
        "code": "H04123",
        "display": "Dry eye syndrome of bilateral lacrimal glands"
      }, {
        "code": "H04129",
        "display": "Dry eye syndrome of unspecified lacrimal gland"
      }, {
        "code": "H0413",
        "display": "Lacrimal cyst"
      }, {
        "code": "H04131",
        "display": "Lacrimal cyst, right lacrimal gland"
      }, {
        "code": "H04132",
        "display": "Lacrimal cyst, left lacrimal gland"
      }, {
        "code": "H04133",
        "display": "Lacrimal cyst, bilateral lacrimal glands"
      }, {
        "code": "H04139",
        "display": "Lacrimal cyst, unspecified lacrimal gland"
      }, {
        "code": "H0414",
        "display": "Primary lacrimal gland atrophy"
      }, {
        "code": "H04141",
        "display": "Primary lacrimal gland atrophy, right lacrimal gland"
      }, {
        "code": "H04142",
        "display": "Primary lacrimal gland atrophy, left lacrimal gland"
      }, {
        "code": "H04143",
        "display": "Primary lacrimal gland atrophy, bilateral lacrimal glands"
      }, {
        "code": "H04149",
        "display": "Primary lacrimal gland atrophy, unspecified lacrimal gland"
      }, {
        "code": "H0415",
        "display": "Secondary lacrimal gland atrophy"
      }, {
        "code": "H04151",
        "display": "Secondary lacrimal gland atrophy, right lacrimal gland"
      }, {
        "code": "H04152",
        "display": "Secondary lacrimal gland atrophy, left lacrimal gland"
      }, {
        "code": "H04153",
        "display": "Secondary lacrimal gland atrophy, bilateral lacrimal glands"
      }, {
        "code": "H04159",
        "display": "Secondary lacrimal gland atrophy, unspecified lacrimal gland"
      }, {
        "code": "H0416",
        "display": "Lacrimal gland dislocation"
      }, {
        "code": "H04161",
        "display": "Lacrimal gland dislocation, right lacrimal gland"
      }, {
        "code": "H04162",
        "display": "Lacrimal gland dislocation, left lacrimal gland"
      }, {
        "code": "H04163",
        "display": "Lacrimal gland dislocation, bilateral lacrimal glands"
      }, {
        "code": "H04169",
        "display": "Lacrimal gland dislocation, unspecified lacrimal gland"
      }, {
        "code": "H0419",
        "display": "Other specified disorders of lacrimal gland"
      }, {
        "code": "H042",
        "display": "Epiphora"
      }, {
        "code": "H0420",
        "display": "Unspecified epiphora"
      }, {
        "code": "H04201",
        "display": "Unspecified epiphora, right side"
      }, {
        "code": "H04202",
        "display": "Unspecified epiphora, left side"
      }, {
        "code": "H04203",
        "display": "Unspecified epiphora, bilateral"
      }, {
        "code": "H04209",
        "display": "Unspecified epiphora, unspecified side"
      }, {
        "code": "H0421",
        "display": "Epiphora due to excess lacrimation"
      }, {
        "code": "H04211",
        "display": "Epiphora due to excess lacrimation, right lacrimal gland"
      }, {
        "code": "H04212",
        "display": "Epiphora due to excess lacrimation, left lacrimal gland"
      }, {
        "code": "H04213",
        "display": "Epiphora due to excess lacrimation, bi lacrimal glands"
      }, {
        "code": "H04219",
        "display": "Epiphora due to excess lacrimation, unsp lacrimal gland"
      }, {
        "code": "H0422",
        "display": "Epiphora due to insufficient drainage"
      }, {
        "code": "H04221",
        "display": "Epiphora due to insufficient drainage, right side"
      }, {
        "code": "H04222",
        "display": "Epiphora due to insufficient drainage, left side"
      }, {
        "code": "H04223",
        "display": "Epiphora due to insufficient drainage, bilateral"
      }, {
        "code": "H04229",
        "display": "Epiphora due to insufficient drainage, unspecified side"
      }, {
        "code": "H043",
        "display": "Acute and unspecified inflammation of lacrimal passages"
      }, {
        "code": "H0430",
        "display": "Unspecified dacryocystitis"
      }, {
        "code": "H04301",
        "display": "Unspecified dacryocystitis of right lacrimal passage"
      }, {
        "code": "H04302",
        "display": "Unspecified dacryocystitis of left lacrimal passage"
      }, {
        "code": "H04303",
        "display": "Unspecified dacryocystitis of bilateral lacrimal passages"
      }, {
        "code": "H04309",
        "display": "Unspecified dacryocystitis of unspecified lacrimal passage"
      }, {
        "code": "H0431",
        "display": "Phlegmonous dacryocystitis"
      }, {
        "code": "H04311",
        "display": "Phlegmonous dacryocystitis of right lacrimal passage"
      }, {
        "code": "H04312",
        "display": "Phlegmonous dacryocystitis of left lacrimal passage"
      }, {
        "code": "H04313",
        "display": "Phlegmonous dacryocystitis of bilateral lacrimal passages"
      }, {
        "code": "H04319",
        "display": "Phlegmonous dacryocystitis of unspecified lacrimal passage"
      }, {
        "code": "H0432",
        "display": "Acute dacryocystitis"
      }, {
        "code": "H04321",
        "display": "Acute dacryocystitis of right lacrimal passage"
      }, {
        "code": "H04322",
        "display": "Acute dacryocystitis of left lacrimal passage"
      }, {
        "code": "H04323",
        "display": "Acute dacryocystitis of bilateral lacrimal passages"
      }, {
        "code": "H04329",
        "display": "Acute dacryocystitis of unspecified lacrimal passage"
      }, {
        "code": "H0433",
        "display": "Acute lacrimal canaliculitis"
      }, {
        "code": "H04331",
        "display": "Acute lacrimal canaliculitis of right lacrimal passage"
      }, {
        "code": "H04332",
        "display": "Acute lacrimal canaliculitis of left lacrimal passage"
      }, {
        "code": "H04333",
        "display": "Acute lacrimal canaliculitis of bilateral lacrimal passages"
      }, {
        "code": "H04339",
        "display": "Acute lacrimal canaliculitis of unspecified lacrimal passage"
      }, {
        "code": "H044",
        "display": "Chronic inflammation of lacrimal passages"
      }, {
        "code": "H0441",
        "display": "Chronic dacryocystitis"
      }, {
        "code": "H04411",
        "display": "Chronic dacryocystitis of right lacrimal passage"
      }, {
        "code": "H04412",
        "display": "Chronic dacryocystitis of left lacrimal passage"
      }, {
        "code": "H04413",
        "display": "Chronic dacryocystitis of bilateral lacrimal passages"
      }, {
        "code": "H04419",
        "display": "Chronic dacryocystitis of unspecified lacrimal passage"
      }, {
        "code": "H0442",
        "display": "Chronic lacrimal canaliculitis"
      }, {
        "code": "H04421",
        "display": "Chronic lacrimal canaliculitis of right lacrimal passage"
      }, {
        "code": "H04422",
        "display": "Chronic lacrimal canaliculitis of left lacrimal passage"
      }, {
        "code": "H04423",
        "display": "Chronic lacrimal canaliculitis of bi lacrimal passages"
      }, {
        "code": "H04429",
        "display": "Chronic lacrimal canaliculitis of unsp lacrimal passage"
      }, {
        "code": "H0443",
        "display": "Chronic lacrimal mucocele"
      }, {
        "code": "H04431",
        "display": "Chronic lacrimal mucocele of right lacrimal passage"
      }, {
        "code": "H04432",
        "display": "Chronic lacrimal mucocele of left lacrimal passage"
      }, {
        "code": "H04433",
        "display": "Chronic lacrimal mucocele of bilateral lacrimal passages"
      }, {
        "code": "H04439",
        "display": "Chronic lacrimal mucocele of unspecified lacrimal passage"
      }, {
        "code": "H045",
        "display": "Stenosis and insufficiency of lacrimal passages"
      }, {
        "code": "H0451",
        "display": "Dacryolith"
      }, {
        "code": "H04511",
        "display": "Dacryolith of right lacrimal passage"
      }, {
        "code": "H04512",
        "display": "Dacryolith of left lacrimal passage"
      }, {
        "code": "H04513",
        "display": "Dacryolith of bilateral lacrimal passages"
      }, {
        "code": "H04519",
        "display": "Dacryolith of unspecified lacrimal passage"
      }, {
        "code": "H0452",
        "display": "Eversion of lacrimal punctum"
      }, {
        "code": "H04521",
        "display": "Eversion of right lacrimal punctum"
      }, {
        "code": "H04522",
        "display": "Eversion of left lacrimal punctum"
      }, {
        "code": "H04523",
        "display": "Eversion of bilateral lacrimal punctum"
      }, {
        "code": "H04529",
        "display": "Eversion of unspecified lacrimal punctum"
      }, {
        "code": "H0453",
        "display": "Neonatal obstruction of nasolacrimal duct"
      }, {
        "code": "H04531",
        "display": "Neonatal obstruction of right nasolacrimal duct"
      }, {
        "code": "H04532",
        "display": "Neonatal obstruction of left nasolacrimal duct"
      }, {
        "code": "H04533",
        "display": "Neonatal obstruction of bilateral nasolacrimal duct"
      }, {
        "code": "H04539",
        "display": "Neonatal obstruction of unspecified nasolacrimal duct"
      }, {
        "code": "H0454",
        "display": "Stenosis of lacrimal canaliculi"
      }, {
        "code": "H04541",
        "display": "Stenosis of right lacrimal canaliculi"
      }, {
        "code": "H04542",
        "display": "Stenosis of left lacrimal canaliculi"
      }, {
        "code": "H04543",
        "display": "Stenosis of bilateral lacrimal canaliculi"
      }, {
        "code": "H04549",
        "display": "Stenosis of unspecified lacrimal canaliculi"
      }, {
        "code": "H0455",
        "display": "Acquired stenosis of nasolacrimal duct"
      }, {
        "code": "H04551",
        "display": "Acquired stenosis of right nasolacrimal duct"
      }, {
        "code": "H04552",
        "display": "Acquired stenosis of left nasolacrimal duct"
      }, {
        "code": "H04553",
        "display": "Acquired stenosis of bilateral nasolacrimal duct"
      }, {
        "code": "H04559",
        "display": "Acquired stenosis of unspecified nasolacrimal duct"
      }, {
        "code": "H0456",
        "display": "Stenosis of lacrimal punctum"
      }, {
        "code": "H04561",
        "display": "Stenosis of right lacrimal punctum"
      }, {
        "code": "H04562",
        "display": "Stenosis of left lacrimal punctum"
      }, {
        "code": "H04563",
        "display": "Stenosis of bilateral lacrimal punctum"
      }, {
        "code": "H04569",
        "display": "Stenosis of unspecified lacrimal punctum"
      }, {
        "code": "H0457",
        "display": "Stenosis of lacrimal sac"
      }, {
        "code": "H04571",
        "display": "Stenosis of right lacrimal sac"
      }, {
        "code": "H04572",
        "display": "Stenosis of left lacrimal sac"
      }, {
        "code": "H04573",
        "display": "Stenosis of bilateral lacrimal sac"
      }, {
        "code": "H04579",
        "display": "Stenosis of unspecified lacrimal sac"
      }, {
        "code": "H046",
        "display": "Other changes of lacrimal passages"
      }, {
        "code": "H0461",
        "display": "Lacrimal fistula"
      }, {
        "code": "H04611",
        "display": "Lacrimal fistula right lacrimal passage"
      }, {
        "code": "H04612",
        "display": "Lacrimal fistula left lacrimal passage"
      }, {
        "code": "H04613",
        "display": "Lacrimal fistula bilateral lacrimal passages"
      }, {
        "code": "H04619",
        "display": "Lacrimal fistula unspecified lacrimal passage"
      }, {
        "code": "H0469",
        "display": "Other changes of lacrimal passages"
      }, {
        "code": "H048",
        "display": "Other disorders of lacrimal system"
      }, {
        "code": "H0481",
        "display": "Granuloma of lacrimal passages"
      }, {
        "code": "H04811",
        "display": "Granuloma of right lacrimal passage"
      }, {
        "code": "H04812",
        "display": "Granuloma of left lacrimal passage"
      }, {
        "code": "H04813",
        "display": "Granuloma of bilateral lacrimal passages"
      }, {
        "code": "H04819",
        "display": "Granuloma of unspecified lacrimal passage"
      }, {
        "code": "H0489",
        "display": "Other disorders of lacrimal system"
      }, {
        "code": "H049",
        "display": "Disorder of lacrimal system, unspecified"
      } ]
    } ]
  }
}