{
  "resourceType": "ValueSet",
  "id": "E80",
  "url": "http://hl7.org/fhir/sid/icd-10-cm-409",
  "version": "1.0",
  "name": "Disorders of porphyrin and bilirubin metabolism",
  "title": "Disorders of porphyrin and bilirubin metabolism",
  "status": "active",
  "compose": {
    "include": [ {
      "system": "http://hl7.org/fhir/sid/icd-10-cm",
      "concept": [ {
        "code": "E800",
        "display": "Hereditary erythropoietic porphyria"
      }, {
        "code": "E801",
        "display": "Porphyria cutanea tarda"
      }, {
        "code": "E802",
        "display": "Other and unspecified porphyria"
      }, {
        "code": "E8020",
        "display": "Unspecified porphyria"
      }, {
        "code": "E8021",
        "display": "Acute intermittent (hepatic) porphyria"
      }, {
        "code": "E8029",
        "display": "Other porphyria"
      }, {
        "code": "E803",
        "display": "Defects of catalase and peroxidase"
      }, {
        "code": "E804",
        "display": "Gilbert syndrome"
      }, {
        "code": "E805",
        "display": "Crigler-Najjar syndrome"
      }, {
        "code": "E806",
        "display": "Other disorders of bilirubin metabolism"
      }, {
        "code": "E807",
        "display": "Disorder of bilirubin metabolism, unspecified"
      } ]
    } ]
  }
}