{
  "resourceType": "ValueSet",
  "id": "E70",
  "url": "http://hl7.org/fhir/sid/icd-10-cm-399",
  "version": "1.0",
  "name": "Disorders of aromatic amino-acid metabolism",
  "title": "Disorders of aromatic amino-acid metabolism",
  "status": "active",
  "compose": {
    "include": [ {
      "system": "http://hl7.org/fhir/sid/icd-10-cm",
      "concept": [ {
        "code": "E700",
        "display": "Classical phenylketonuria"
      }, {
        "code": "E701",
        "display": "Other hyperphenylalaninemias"
      }, {
        "code": "E702",
        "display": "Disorders of tyrosine metabolism"
      }, {
        "code": "E7020",
        "display": "Disorder of tyrosine metabolism, unspecified"
      }, {
        "code": "E7021",
        "display": "Tyrosinemia"
      }, {
        "code": "E7029",
        "display": "Other disorders of tyrosine metabolism"
      }, {
        "code": "E703",
        "display": "Albinism"
      }, {
        "code": "E7030",
        "display": "Albinism, unspecified"
      }, {
        "code": "E7031",
        "display": "Ocular albinism"
      }, {
        "code": "E70310",
        "display": "X-linked ocular albinism"
      }, {
        "code": "E70311",
        "display": "Autosomal recessive ocular albinism"
      }, {
        "code": "E70318",
        "display": "Other ocular albinism"
      }, {
        "code": "E70319",
        "display": "Ocular albinism, unspecified"
      }, {
        "code": "E7032",
        "display": "Oculocutaneous albinism"
      }, {
        "code": "E70320",
        "display": "Tyrosinase negative oculocutaneous albinism"
      }, {
        "code": "E70321",
        "display": "Tyrosinase positive oculocutaneous albinism"
      }, {
        "code": "E70328",
        "display": "Other oculocutaneous albinism"
      }, {
        "code": "E70329",
        "display": "Oculocutaneous albinism, unspecified"
      }, {
        "code": "E7033",
        "display": "Albinism with hematologic abnormality"
      }, {
        "code": "E70330",
        "display": "Chediak-Higashi syndrome"
      }, {
        "code": "E70331",
        "display": "Hermansky-Pudlak syndrome"
      }, {
        "code": "E70338",
        "display": "Other albinism with hematologic abnormality"
      }, {
        "code": "E70339",
        "display": "Albinism with hematologic abnormality, unspecified"
      }, {
        "code": "E7039",
        "display": "Other specified albinism"
      }, {
        "code": "E704",
        "display": "Disorders of histidine metabolism"
      }, {
        "code": "E7040",
        "display": "Disorders of histidine metabolism, unspecified"
      }, {
        "code": "E7041",
        "display": "Histidinemia"
      }, {
        "code": "E7049",
        "display": "Other disorders of histidine metabolism"
      }, {
        "code": "E705",
        "display": "Disorders of tryptophan metabolism"
      }, {
        "code": "E708",
        "display": "Other disorders of aromatic amino-acid metabolism"
      }, {
        "code": "E709",
        "display": "Disorder of aromatic amino-acid metabolism, unspecified"
      } ]
    } ]
  }
}