{
  "resourceType": "ValueSet",
  "id": "I79",
  "url": "http://hl7.org/fhir/sid/icd-10-cm-685",
  "version": "1.0",
  "name": "Disord of art, arterioles and capilare in dis classd elswhr",
  "title": "Disorders of arteries, arterioles and capillaries in diseases classified elsewhere",
  "status": "active",
  "compose": {
    "include": [ {
      "system": "http://hl7.org/fhir/sid/icd-10-cm",
      "concept": [ {
        "code": "I790",
        "display": "Aneurysm of aorta in diseases classified elsewhere"
      }, {
        "code": "I791",
        "display": "Aortitis in diseases classified elsewhere"
      }, {
        "code": "I798",
        "display": "Oth disord of art,arterioles & capilare in dis classd elswhr"
      } ]
    } ]
  }
}