{
  "resourceType": "ValueSet",
  "id": "K00",
  "url": "http://hl7.org/fhir/sid/icd-10-cm-762",
  "version": "1.0",
  "name": "Disorders of tooth development and eruption",
  "title": "Disorders of tooth development and eruption",
  "status": "active",
  "compose": {
    "include": [ {
      "system": "http://hl7.org/fhir/sid/icd-10-cm",
      "concept": [ {
        "code": "K000",
        "display": "Anodontia"
      }, {
        "code": "K001",
        "display": "Supernumerary teeth"
      }, {
        "code": "K002",
        "display": "Abnormalities of size and form of teeth"
      }, {
        "code": "K003",
        "display": "Mottled teeth"
      }, {
        "code": "K004",
        "display": "Disturbances in tooth formation"
      }, {
        "code": "K005",
        "display": "Hereditary disturbances in tooth structure, NEC"
      }, {
        "code": "K006",
        "display": "Disturbances in tooth eruption"
      }, {
        "code": "K007",
        "display": "Teething syndrome"
      }, {
        "code": "K008",
        "display": "Other disorders of tooth development"
      }, {
        "code": "K009",
        "display": "Disorder of tooth development, unspecified"
      } ]
    } ]
  }
}