{
  "resourceType": "ValueSet",
  "id": "P07",
  "url": "http://hl7.org/fhir/sid/icd-10-cm-1150",
  "version": "1.0",
  "name": "Disord of NB related to short gest and low birth weight, NEC",
  "title": "Disorders of newborn related to short gestation and low birth weight, not elsewhere classified",
  "status": "active",
  "compose": {
    "include": [ {
      "system": "http://hl7.org/fhir/sid/icd-10-cm",
      "concept": [ {
        "code": "P070",
        "display": "Extremely low birth weight newborn"
      }, {
        "code": "P0700",
        "display": "Extremely low birth weight newborn, unspecified weight"
      }, {
        "code": "P0701",
        "display": "Extremely low birth weight newborn, less than 500 grams"
      }, {
        "code": "P0702",
        "display": "Extremely low birth weight newborn, 500-749 grams"
      }, {
        "code": "P0703",
        "display": "Extremely low birth weight newborn, 750-999 grams"
      }, {
        "code": "P071",
        "display": "Other low birth weight newborn"
      }, {
        "code": "P0710",
        "display": "Other low birth weight newborn, unspecified weight"
      }, {
        "code": "P0714",
        "display": "Other low birth weight newborn, 1000-1249 grams"
      }, {
        "code": "P0715",
        "display": "Other low birth weight newborn, 1250-1499 grams"
      }, {
        "code": "P0716",
        "display": "Other low birth weight newborn, 1500-1749 grams"
      }, {
        "code": "P0717",
        "display": "Other low birth weight newborn, 1750-1999 grams"
      }, {
        "code": "P0718",
        "display": "Other low birth weight newborn, 2000-2499 grams"
      }, {
        "code": "P072",
        "display": "Extreme immaturity of newborn"
      }, {
        "code": "P0720",
        "display": "Extreme immaturity of newborn, unsp weeks of gestation"
      }, {
        "code": "P0721",
        "display": "Extreme immaturity of NB, gestatnl age < 23 completed weeks"
      }, {
        "code": "P0722",
        "display": "Extreme immaturity of NB, gestatnl age 23 completed weeks"
      }, {
        "code": "P0723",
        "display": "Extreme immaturity of NB, gestatnl age 24 completed weeks"
      }, {
        "code": "P0724",
        "display": "Extreme immaturity of NB, gestatnl age 25 completed weeks"
      }, {
        "code": "P0725",
        "display": "Extreme immaturity of NB, gestatnl age 26 completed weeks"
      }, {
        "code": "P0726",
        "display": "Extreme immaturity of NB, gestatnl age 27 completed weeks"
      }, {
        "code": "P073",
        "display": "Preterm [premature] newborn [other]"
      }, {
        "code": "P0730",
        "display": "Preterm newborn, unspecified weeks of gestation"
      }, {
        "code": "P0731",
        "display": "Preterm newborn, gestational age 28 completed weeks"
      }, {
        "code": "P0732",
        "display": "Preterm newborn, gestational age 29 completed weeks"
      }, {
        "code": "P0733",
        "display": "Preterm newborn, gestational age 30 completed weeks"
      }, {
        "code": "P0734",
        "display": "Preterm newborn, gestational age 31 completed weeks"
      }, {
        "code": "P0735",
        "display": "Preterm newborn, gestational age 32 completed weeks"
      }, {
        "code": "P0736",
        "display": "Preterm newborn, gestational age 33 completed weeks"
      }, {
        "code": "P0737",
        "display": "Preterm newborn, gestational age 34 completed weeks"
      }, {
        "code": "P0738",
        "display": "Preterm newborn, gestational age 35 completed weeks"
      }, {
        "code": "P0739",
        "display": "Preterm newborn, gestational age 36 completed weeks"
      } ]
    } ]
  }
}