{
  "resourceType": "ValueSet",
  "id": "N25",
  "url": "http://hl7.org/fhir/sid/icd-10-cm-1010",
  "version": "1.0",
  "name": "Disorders resulting from impaired renal tubular function",
  "title": "Disorders resulting from impaired renal tubular function",
  "status": "active",
  "compose": {
    "include": [ {
      "system": "http://hl7.org/fhir/sid/icd-10-cm",
      "concept": [ {
        "code": "N250",
        "display": "Renal osteodystrophy"
      }, {
        "code": "N251",
        "display": "Nephrogenic diabetes insipidus"
      }, {
        "code": "N258",
        "display": "Oth disorders resulting from impaired renal tubular function"
      }, {
        "code": "N2581",
        "display": "Secondary hyperparathyroidism of renal origin"
      }, {
        "code": "N2589",
        "display": "Oth disorders resulting from impaired renal tubular function"
      }, {
        "code": "N259",
        "display": "Disorder rslt from impaired renal tubular function, unsp"
      } ]
    } ]
  }
}