{
  "resourceType": "ValueSet",
  "id": "H52",
  "url": "http://hl7.org/fhir/sid/icd-10-cm-591",
  "version": "1.0",
  "name": "Disorders of refraction and accommodation",
  "title": "Disorders of refraction and accommodation",
  "status": "active",
  "compose": {
    "include": [ {
      "system": "http://hl7.org/fhir/sid/icd-10-cm",
      "concept": [ {
        "code": "H520",
        "display": "Hypermetropia"
      }, {
        "code": "H5200",
        "display": "Hypermetropia, unspecified eye"
      }, {
        "code": "H5201",
        "display": "Hypermetropia, right eye"
      }, {
        "code": "H5202",
        "display": "Hypermetropia, left eye"
      }, {
        "code": "H5203",
        "display": "Hypermetropia, bilateral"
      }, {
        "code": "H521",
        "display": "Myopia"
      }, {
        "code": "H5210",
        "display": "Myopia, unspecified eye"
      }, {
        "code": "H5211",
        "display": "Myopia, right eye"
      }, {
        "code": "H5212",
        "display": "Myopia, left eye"
      }, {
        "code": "H5213",
        "display": "Myopia, bilateral"
      }, {
        "code": "H522",
        "display": "Astigmatism"
      }, {
        "code": "H5220",
        "display": "Unspecified astigmatism"
      }, {
        "code": "H52201",
        "display": "Unspecified astigmatism, right eye"
      }, {
        "code": "H52202",
        "display": "Unspecified astigmatism, left eye"
      }, {
        "code": "H52203",
        "display": "Unspecified astigmatism, bilateral"
      }, {
        "code": "H52209",
        "display": "Unspecified astigmatism, unspecified eye"
      }, {
        "code": "H5221",
        "display": "Irregular astigmatism"
      }, {
        "code": "H52211",
        "display": "Irregular astigmatism, right eye"
      }, {
        "code": "H52212",
        "display": "Irregular astigmatism, left eye"
      }, {
        "code": "H52213",
        "display": "Irregular astigmatism, bilateral"
      }, {
        "code": "H52219",
        "display": "Irregular astigmatism, unspecified eye"
      }, {
        "code": "H5222",
        "display": "Regular astigmatism"
      }, {
        "code": "H52221",
        "display": "Regular astigmatism, right eye"
      }, {
        "code": "H52222",
        "display": "Regular astigmatism, left eye"
      }, {
        "code": "H52223",
        "display": "Regular astigmatism, bilateral"
      }, {
        "code": "H52229",
        "display": "Regular astigmatism, unspecified eye"
      }, {
        "code": "H523",
        "display": "Anisometropia and aniseikonia"
      }, {
        "code": "H5231",
        "display": "Anisometropia"
      }, {
        "code": "H5232",
        "display": "Aniseikonia"
      }, {
        "code": "H524",
        "display": "Presbyopia"
      }, {
        "code": "H525",
        "display": "Disorders of accommodation"
      }, {
        "code": "H5251",
        "display": "Internal ophthalmoplegia (complete) (total)"
      }, {
        "code": "H52511",
        "display": "Internal ophthalmoplegia (complete) (total), right eye"
      }, {
        "code": "H52512",
        "display": "Internal ophthalmoplegia (complete) (total), left eye"
      }, {
        "code": "H52513",
        "display": "Internal ophthalmoplegia (complete) (total), bilateral"
      }, {
        "code": "H52519",
        "display": "Internal ophthalmoplegia (complete) (total), unspecified eye"
      }, {
        "code": "H5252",
        "display": "Paresis of accommodation"
      }, {
        "code": "H52521",
        "display": "Paresis of accommodation, right eye"
      }, {
        "code": "H52522",
        "display": "Paresis of accommodation, left eye"
      }, {
        "code": "H52523",
        "display": "Paresis of accommodation, bilateral"
      }, {
        "code": "H52529",
        "display": "Paresis of accommodation, unspecified eye"
      }, {
        "code": "H5253",
        "display": "Spasm of accommodation"
      }, {
        "code": "H52531",
        "display": "Spasm of accommodation, right eye"
      }, {
        "code": "H52532",
        "display": "Spasm of accommodation, left eye"
      }, {
        "code": "H52533",
        "display": "Spasm of accommodation, bilateral"
      }, {
        "code": "H52539",
        "display": "Spasm of accommodation, unspecified eye"
      }, {
        "code": "H526",
        "display": "Other disorders of refraction"
      }, {
        "code": "H527",
        "display": "Unspecified disorder of refraction"
      } ]
    } ]
  }
}