{
  "resourceType": "ValueSet",
  "id": "E75",
  "url": "http://hl7.org/fhir/sid/icd-10-cm-404",
  "version": "1.0",
  "name": "Disord of sphingolipid metab and oth lipid storage disorders",
  "title": "Disorders of sphingolipid metabolism and other lipid storage disorders",
  "status": "active",
  "compose": {
    "include": [ {
      "system": "http://hl7.org/fhir/sid/icd-10-cm",
      "concept": [ {
        "code": "E750",
        "display": "GM2 gangliosidosis"
      }, {
        "code": "E7500",
        "display": "GM2 gangliosidosis, unspecified"
      }, {
        "code": "E7501",
        "display": "Sandhoff disease"
      }, {
        "code": "E7502",
        "display": "Tay-Sachs disease"
      }, {
        "code": "E7509",
        "display": "Other GM2 gangliosidosis"
      }, {
        "code": "E751",
        "display": "Other and unspecified gangliosidosis"
      }, {
        "code": "E7510",
        "display": "Unspecified gangliosidosis"
      }, {
        "code": "E7511",
        "display": "Mucolipidosis IV"
      }, {
        "code": "E7519",
        "display": "Other gangliosidosis"
      }, {
        "code": "E752",
        "display": "Other sphingolipidosis"
      }, {
        "code": "E7521",
        "display": "Fabry (-Anderson) disease"
      }, {
        "code": "E7522",
        "display": "Gaucher disease"
      }, {
        "code": "E7523",
        "display": "Krabbe disease"
      }, {
        "code": "E7524",
        "display": "Niemann-Pick disease"
      }, {
        "code": "E75240",
        "display": "Niemann-Pick disease type A"
      }, {
        "code": "E75241",
        "display": "Niemann-Pick disease type B"
      }, {
        "code": "E75242",
        "display": "Niemann-Pick disease type C"
      }, {
        "code": "E75243",
        "display": "Niemann-Pick disease type D"
      }, {
        "code": "E75248",
        "display": "Other Niemann-Pick disease"
      }, {
        "code": "E75249",
        "display": "Niemann-Pick disease, unspecified"
      }, {
        "code": "E7525",
        "display": "Metachromatic leukodystrophy"
      }, {
        "code": "E7526",
        "display": "Sulfatase deficiency"
      }, {
        "code": "E7529",
        "display": "Other sphingolipidosis"
      }, {
        "code": "E753",
        "display": "Sphingolipidosis, unspecified"
      }, {
        "code": "E754",
        "display": "Neuronal ceroid lipofuscinosis"
      }, {
        "code": "E755",
        "display": "Other lipid storage disorders"
      }, {
        "code": "E756",
        "display": "Lipid storage disorder, unspecified"
      } ]
    } ]
  }
}