{
  "resourceType": "ValueSet",
  "id": "E79",
  "url": "http://hl7.org/fhir/sid/icd-10-cm-408",
  "version": "1.0",
  "name": "Disorders of purine and pyrimidine metabolism",
  "title": "Disorders of purine and pyrimidine metabolism",
  "status": "active",
  "compose": {
    "include": [ {
      "system": "http://hl7.org/fhir/sid/icd-10-cm",
      "concept": [ {
        "code": "E790",
        "display": "Hyperuricemia w/o signs of inflam arthrit and tophaceous dis"
      }, {
        "code": "E791",
        "display": "Lesch-Nyhan syndrome"
      }, {
        "code": "E792",
        "display": "Myoadenylate deaminase deficiency"
      }, {
        "code": "E798",
        "display": "Other disorders of purine and pyrimidine metabolism"
      }, {
        "code": "E799",
        "display": "Disorder of purine and pyrimidine metabolism, unspecified"
      } ]
    } ]
  }
}