{
  "resourceType": "ValueSet",
  "id": "P94",
  "url": "http://hl7.org/fhir/sid/icd-10-cm-1200",
  "version": "1.0",
  "name": "Disorders of muscle tone of newborn",
  "title": "Disorders of muscle tone of newborn",
  "status": "active",
  "compose": {
    "include": [ {
      "system": "http://hl7.org/fhir/sid/icd-10-cm",
      "concept": [ {
        "code": "P940",
        "display": "Transient neonatal myasthenia gravis"
      }, {
        "code": "P941",
        "display": "Congenital hypertonia"
      }, {
        "code": "P942",
        "display": "Congenital hypotonia"
      }, {
        "code": "P948",
        "display": "Other disorders of muscle tone of newborn"
      }, {
        "code": "P949",
        "display": "Disorder of muscle tone of newborn, unspecified"
      } ]
    } ]
  }
}