{
  "resourceType": "ValueSet",
  "id": "H05",
  "url": "http://hl7.org/fhir/sid/icd-10-cm-561",
  "version": "1.0",
  "name": "Disorders of orbit",
  "title": "Disorders of orbit",
  "status": "active",
  "compose": {
    "include": [ {
      "system": "http://hl7.org/fhir/sid/icd-10-cm",
      "concept": [ {
        "code": "H050",
        "display": "Acute inflammation of orbit"
      }, {
        "code": "H0500",
        "display": "Unspecified acute inflammation of orbit"
      }, {
        "code": "H0501",
        "display": "Cellulitis of orbit"
      }, {
        "code": "H05011",
        "display": "Cellulitis of right orbit"
      }, {
        "code": "H05012",
        "display": "Cellulitis of left orbit"
      }, {
        "code": "H05013",
        "display": "Cellulitis of bilateral orbits"
      }, {
        "code": "H05019",
        "display": "Cellulitis of unspecified orbit"
      }, {
        "code": "H0502",
        "display": "Osteomyelitis of orbit"
      }, {
        "code": "H05021",
        "display": "Osteomyelitis of right orbit"
      }, {
        "code": "H05022",
        "display": "Osteomyelitis of left orbit"
      }, {
        "code": "H05023",
        "display": "Osteomyelitis of bilateral orbits"
      }, {
        "code": "H05029",
        "display": "Osteomyelitis of unspecified orbit"
      }, {
        "code": "H0503",
        "display": "Periostitis of orbit"
      }, {
        "code": "H05031",
        "display": "Periostitis of right orbit"
      }, {
        "code": "H05032",
        "display": "Periostitis of left orbit"
      }, {
        "code": "H05033",
        "display": "Periostitis of bilateral orbits"
      }, {
        "code": "H05039",
        "display": "Periostitis of unspecified orbit"
      }, {
        "code": "H0504",
        "display": "Tenonitis of orbit"
      }, {
        "code": "H05041",
        "display": "Tenonitis of right orbit"
      }, {
        "code": "H05042",
        "display": "Tenonitis of left orbit"
      }, {
        "code": "H05043",
        "display": "Tenonitis of bilateral orbits"
      }, {
        "code": "H05049",
        "display": "Tenonitis of unspecified orbit"
      }, {
        "code": "H051",
        "display": "Chronic inflammatory disorders of orbit"
      }, {
        "code": "H0510",
        "display": "Unspecified chronic inflammatory disorders of orbit"
      }, {
        "code": "H0511",
        "display": "Granuloma of orbit"
      }, {
        "code": "H05111",
        "display": "Granuloma of right orbit"
      }, {
        "code": "H05112",
        "display": "Granuloma of left orbit"
      }, {
        "code": "H05113",
        "display": "Granuloma of bilateral orbits"
      }, {
        "code": "H05119",
        "display": "Granuloma of unspecified orbit"
      }, {
        "code": "H0512",
        "display": "Orbital myositis"
      }, {
        "code": "H05121",
        "display": "Orbital myositis, right orbit"
      }, {
        "code": "H05122",
        "display": "Orbital myositis, left orbit"
      }, {
        "code": "H05123",
        "display": "Orbital myositis, bilateral"
      }, {
        "code": "H05129",
        "display": "Orbital myositis, unspecified orbit"
      }, {
        "code": "H052",
        "display": "Exophthalmic conditions"
      }, {
        "code": "H0520",
        "display": "Unspecified exophthalmos"
      }, {
        "code": "H0521",
        "display": "Displacement (lateral) of globe"
      }, {
        "code": "H05211",
        "display": "Displacement (lateral) of globe, right eye"
      }, {
        "code": "H05212",
        "display": "Displacement (lateral) of globe, left eye"
      }, {
        "code": "H05213",
        "display": "Displacement (lateral) of globe, bilateral"
      }, {
        "code": "H05219",
        "display": "Displacement (lateral) of globe, unspecified eye"
      }, {
        "code": "H0522",
        "display": "Edema of orbit"
      }, {
        "code": "H05221",
        "display": "Edema of right orbit"
      }, {
        "code": "H05222",
        "display": "Edema of left orbit"
      }, {
        "code": "H05223",
        "display": "Edema of bilateral orbit"
      }, {
        "code": "H05229",
        "display": "Edema of unspecified orbit"
      }, {
        "code": "H0523",
        "display": "Hemorrhage of orbit"
      }, {
        "code": "H05231",
        "display": "Hemorrhage of right orbit"
      }, {
        "code": "H05232",
        "display": "Hemorrhage of left orbit"
      }, {
        "code": "H05233",
        "display": "Hemorrhage of bilateral orbit"
      }, {
        "code": "H05239",
        "display": "Hemorrhage of unspecified orbit"
      }, {
        "code": "H0524",
        "display": "Constant exophthalmos"
      }, {
        "code": "H05241",
        "display": "Constant exophthalmos, right eye"
      }, {
        "code": "H05242",
        "display": "Constant exophthalmos, left eye"
      }, {
        "code": "H05243",
        "display": "Constant exophthalmos, bilateral"
      }, {
        "code": "H05249",
        "display": "Constant exophthalmos, unspecified eye"
      }, {
        "code": "H0525",
        "display": "Intermittent exophthalmos"
      }, {
        "code": "H05251",
        "display": "Intermittent exophthalmos, right eye"
      }, {
        "code": "H05252",
        "display": "Intermittent exophthalmos, left eye"
      }, {
        "code": "H05253",
        "display": "Intermittent exophthalmos, bilateral"
      }, {
        "code": "H05259",
        "display": "Intermittent exophthalmos, unspecified eye"
      }, {
        "code": "H0526",
        "display": "Pulsating exophthalmos"
      }, {
        "code": "H05261",
        "display": "Pulsating exophthalmos, right eye"
      }, {
        "code": "H05262",
        "display": "Pulsating exophthalmos, left eye"
      }, {
        "code": "H05263",
        "display": "Pulsating exophthalmos, bilateral"
      }, {
        "code": "H05269",
        "display": "Pulsating exophthalmos, unspecified eye"
      }, {
        "code": "H053",
        "display": "Deformity of orbit"
      }, {
        "code": "H0530",
        "display": "Unspecified deformity of orbit"
      }, {
        "code": "H0531",
        "display": "Atrophy of orbit"
      }, {
        "code": "H05311",
        "display": "Atrophy of right orbit"
      }, {
        "code": "H05312",
        "display": "Atrophy of left orbit"
      }, {
        "code": "H05313",
        "display": "Atrophy of bilateral orbit"
      }, {
        "code": "H05319",
        "display": "Atrophy of unspecified orbit"
      }, {
        "code": "H0532",
        "display": "Deformity of orbit due to bone disease"
      }, {
        "code": "H05321",
        "display": "Deformity of right orbit due to bone disease"
      }, {
        "code": "H05322",
        "display": "Deformity of left orbit due to bone disease"
      }, {
        "code": "H05323",
        "display": "Deformity of bilateral orbits due to bone disease"
      }, {
        "code": "H05329",
        "display": "Deformity of unspecified orbit due to bone disease"
      }, {
        "code": "H0533",
        "display": "Deformity of orbit due to trauma or surgery"
      }, {
        "code": "H05331",
        "display": "Deformity of right orbit due to trauma or surgery"
      }, {
        "code": "H05332",
        "display": "Deformity of left orbit due to trauma or surgery"
      }, {
        "code": "H05333",
        "display": "Deformity of bilateral orbits due to trauma or surgery"
      }, {
        "code": "H05339",
        "display": "Deformity of unspecified orbit due to trauma or surgery"
      }, {
        "code": "H0534",
        "display": "Enlargement of orbit"
      }, {
        "code": "H05341",
        "display": "Enlargement of right orbit"
      }, {
        "code": "H05342",
        "display": "Enlargement of left orbit"
      }, {
        "code": "H05343",
        "display": "Enlargement of bilateral orbits"
      }, {
        "code": "H05349",
        "display": "Enlargement of unspecified orbit"
      }, {
        "code": "H0535",
        "display": "Exostosis of orbit"
      }, {
        "code": "H05351",
        "display": "Exostosis of right orbit"
      }, {
        "code": "H05352",
        "display": "Exostosis of left orbit"
      }, {
        "code": "H05353",
        "display": "Exostosis of bilateral orbits"
      }, {
        "code": "H05359",
        "display": "Exostosis of unspecified orbit"
      }, {
        "code": "H054",
        "display": "Enophthalmos"
      }, {
        "code": "H0540",
        "display": "Unspecified enophthalmos"
      }, {
        "code": "H05401",
        "display": "Unspecified enophthalmos, right eye"
      }, {
        "code": "H05402",
        "display": "Unspecified enophthalmos, left eye"
      }, {
        "code": "H05403",
        "display": "Unspecified enophthalmos, bilateral"
      }, {
        "code": "H05409",
        "display": "Unspecified enophthalmos, unspecified eye"
      }, {
        "code": "H0541",
        "display": "Enophthalmos due to atrophy of orbital tissue"
      }, {
        "code": "H05411",
        "display": "Enophthalmos due to atrophy of orbital tissue, right eye"
      }, {
        "code": "H05412",
        "display": "Enophthalmos due to atrophy of orbital tissue, left eye"
      }, {
        "code": "H05413",
        "display": "Enophthalmos due to atrophy of orbital tissue, bilateral"
      }, {
        "code": "H05419",
        "display": "Enophthalmos due to atrophy of orbital tissue, unsp eye"
      }, {
        "code": "H0542",
        "display": "Enophthalmos due to trauma or surgery"
      }, {
        "code": "H05421",
        "display": "Enophthalmos due to trauma or surgery, right eye"
      }, {
        "code": "H05422",
        "display": "Enophthalmos due to trauma or surgery, left eye"
      }, {
        "code": "H05423",
        "display": "Enophthalmos due to trauma or surgery, bilateral"
      }, {
        "code": "H05429",
        "display": "Enophthalmos due to trauma or surgery, unspecified eye"
      }, {
        "code": "H055",
        "display": "Retained (old) fb following penetrating wound of orbit"
      }, {
        "code": "H0550",
        "display": "Retained (old) fb following penetrating wound of unsp orbit"
      }, {
        "code": "H0551",
        "display": "Retained (old) fb following penetrating wound of right orbit"
      }, {
        "code": "H0552",
        "display": "Retained (old) fb following penetrating wound of left orbit"
      }, {
        "code": "H0553",
        "display": "Retained (old) fb following penetrating wound of bi orbit"
      }, {
        "code": "H058",
        "display": "Other disorders of orbit"
      }, {
        "code": "H0581",
        "display": "Cyst of orbit"
      }, {
        "code": "H05811",
        "display": "Cyst of right orbit"
      }, {
        "code": "H05812",
        "display": "Cyst of left orbit"
      }, {
        "code": "H05813",
        "display": "Cyst of bilateral orbits"
      }, {
        "code": "H05819",
        "display": "Cyst of unspecified orbit"
      }, {
        "code": "H0582",
        "display": "Myopathy of extraocular muscles"
      }, {
        "code": "H05821",
        "display": "Myopathy of extraocular muscles, right orbit"
      }, {
        "code": "H05822",
        "display": "Myopathy of extraocular muscles, left orbit"
      }, {
        "code": "H05823",
        "display": "Myopathy of extraocular muscles, bilateral"
      }, {
        "code": "H05829",
        "display": "Myopathy of extraocular muscles, unspecified orbit"
      }, {
        "code": "H0589",
        "display": "Other disorders of orbit"
      }, {
        "code": "H059",
        "display": "Unspecified disorder of orbit"
      } ]
    } ]
  }
}