{
  "resourceType": "ValueSet",
  "id": "E71",
  "url": "http://hl7.org/fhir/sid/icd-10-cm-400",
  "version": "1.0",
  "name": "Disord of branched-chain amino-acid metab & fatty-acid metab",
  "title": "Disorders of branched-chain amino-acid metabolism and fatty-acid metabolism",
  "status": "active",
  "compose": {
    "include": [ {
      "system": "http://hl7.org/fhir/sid/icd-10-cm",
      "concept": [ {
        "code": "E710",
        "display": "Maple-syrup-urine disease"
      }, {
        "code": "E711",
        "display": "Other disorders of branched-chain amino-acid metabolism"
      }, {
        "code": "E7111",
        "display": "Branched-chain organic acidurias"
      }, {
        "code": "E71110",
        "display": "Isovaleric acidemia"
      }, {
        "code": "E71111",
        "display": "3-methylglutaconic aciduria"
      }, {
        "code": "E71118",
        "display": "Other branched-chain organic acidurias"
      }, {
        "code": "E7112",
        "display": "Disorders of propionate metabolism"
      }, {
        "code": "E71120",
        "display": "Methylmalonic acidemia"
      }, {
        "code": "E71121",
        "display": "Propionic acidemia"
      }, {
        "code": "E71128",
        "display": "Other disorders of propionate metabolism"
      }, {
        "code": "E7119",
        "display": "Other disorders of branched-chain amino-acid metabolism"
      }, {
        "code": "E712",
        "display": "Disorder of branched-chain amino-acid metabolism, unsp"
      }, {
        "code": "E713",
        "display": "Disorders of fatty-acid metabolism"
      }, {
        "code": "E7130",
        "display": "Disorder of fatty-acid metabolism, unspecified"
      }, {
        "code": "E7131",
        "display": "Disorders of fatty-acid oxidation"
      }, {
        "code": "E71310",
        "display": "Long chain/very long chain acyl CoA dehydrogenase deficiency"
      }, {
        "code": "E71311",
        "display": "Medium chain acyl CoA dehydrogenase deficiency"
      }, {
        "code": "E71312",
        "display": "Short chain acyl CoA dehydrogenase deficiency"
      }, {
        "code": "E71313",
        "display": "Glutaric aciduria type II"
      }, {
        "code": "E71314",
        "display": "Muscle carnitine palmitoyltransferase deficiency"
      }, {
        "code": "E71318",
        "display": "Other disorders of fatty-acid oxidation"
      }, {
        "code": "E7132",
        "display": "Disorders of ketone metabolism"
      }, {
        "code": "E7139",
        "display": "Other disorders of fatty-acid metabolism"
      }, {
        "code": "E714",
        "display": "Disorders of carnitine metabolism"
      }, {
        "code": "E7140",
        "display": "Disorder of carnitine metabolism, unspecified"
      }, {
        "code": "E7141",
        "display": "Primary carnitine deficiency"
      }, {
        "code": "E7142",
        "display": "Carnitine deficiency due to inborn errors of metabolism"
      }, {
        "code": "E7143",
        "display": "Iatrogenic carnitine deficiency"
      }, {
        "code": "E7144",
        "display": "Other secondary carnitine deficiency"
      }, {
        "code": "E71440",
        "display": "Ruvalcaba-Myhre-Smith syndrome"
      }, {
        "code": "E71448",
        "display": "Other secondary carnitine deficiency"
      }, {
        "code": "E715",
        "display": "Peroxisomal disorders"
      }, {
        "code": "E7150",
        "display": "Peroxisomal disorder, unspecified"
      }, {
        "code": "E7151",
        "display": "Disorders of peroxisome biogenesis"
      }, {
        "code": "E71510",
        "display": "Zellweger syndrome"
      }, {
        "code": "E71511",
        "display": "Neonatal adrenoleukodystrophy"
      }, {
        "code": "E71518",
        "display": "Other disorders of peroxisome biogenesis"
      }, {
        "code": "E7152",
        "display": "X-linked adrenoleukodystrophy"
      }, {
        "code": "E71520",
        "display": "Childhood cerebral X-linked adrenoleukodystrophy"
      }, {
        "code": "E71521",
        "display": "Adolescent X-linked adrenoleukodystrophy"
      }, {
        "code": "E71522",
        "display": "Adrenomyeloneuropathy"
      }, {
        "code": "E71528",
        "display": "Other X-linked adrenoleukodystrophy"
      }, {
        "code": "E71529",
        "display": "X-linked adrenoleukodystrophy, unspecified type"
      }, {
        "code": "E7153",
        "display": "Other group 2 peroxisomal disorders"
      }, {
        "code": "E7154",
        "display": "Other peroxisomal disorders"
      }, {
        "code": "E71540",
        "display": "Rhizomelic chondrodysplasia punctata"
      }, {
        "code": "E71541",
        "display": "Zellweger-like syndrome"
      }, {
        "code": "E71542",
        "display": "Other group 3 peroxisomal disorders"
      }, {
        "code": "E71548",
        "display": "Other peroxisomal disorders"
      } ]
    } ]
  }
}