{
  "resourceType": "ValueSet",
  "id": "E83",
  "url": "http://hl7.org/fhir/sid/icd-10-cm-410",
  "version": "1.0",
  "name": "Disorders of mineral metabolism",
  "title": "Disorders of mineral metabolism",
  "status": "active",
  "compose": {
    "include": [ {
      "system": "http://hl7.org/fhir/sid/icd-10-cm",
      "concept": [ {
        "code": "E830",
        "display": "Disorders of copper metabolism"
      }, {
        "code": "E8300",
        "display": "Disorder of copper metabolism, unspecified"
      }, {
        "code": "E8301",
        "display": "Wilson's disease"
      }, {
        "code": "E8309",
        "display": "Other disorders of copper metabolism"
      }, {
        "code": "E831",
        "display": "Disorders of iron metabolism"
      }, {
        "code": "E8310",
        "display": "Disorder of iron metabolism, unspecified"
      }, {
        "code": "E8311",
        "display": "Hemochromatosis"
      }, {
        "code": "E83110",
        "display": "Hereditary hemochromatosis"
      }, {
        "code": "E83111",
        "display": "Hemochromatosis due to repeated red blood cell transfusions"
      }, {
        "code": "E83118",
        "display": "Other hemochromatosis"
      }, {
        "code": "E83119",
        "display": "Hemochromatosis, unspecified"
      }, {
        "code": "E8319",
        "display": "Other disorders of iron metabolism"
      }, {
        "code": "E832",
        "display": "Disorders of zinc metabolism"
      }, {
        "code": "E833",
        "display": "Disorders of phosphorus metabolism and phosphatases"
      }, {
        "code": "E8330",
        "display": "Disorder of phosphorus metabolism, unspecified"
      }, {
        "code": "E8331",
        "display": "Familial hypophosphatemia"
      }, {
        "code": "E8332",
        "display": "Hereditary vitamin D-dependent rickets (type 1) (type 2)"
      }, {
        "code": "E8339",
        "display": "Other disorders of phosphorus metabolism"
      }, {
        "code": "E834",
        "display": "Disorders of magnesium metabolism"
      }, {
        "code": "E8340",
        "display": "Disorders of magnesium metabolism, unspecified"
      }, {
        "code": "E8341",
        "display": "Hypermagnesemia"
      }, {
        "code": "E8342",
        "display": "Hypomagnesemia"
      }, {
        "code": "E8349",
        "display": "Other disorders of magnesium metabolism"
      }, {
        "code": "E835",
        "display": "Disorders of calcium metabolism"
      }, {
        "code": "E8350",
        "display": "Unspecified disorder of calcium metabolism"
      }, {
        "code": "E8351",
        "display": "Hypocalcemia"
      }, {
        "code": "E8352",
        "display": "Hypercalcemia"
      }, {
        "code": "E8359",
        "display": "Other disorders of calcium metabolism"
      }, {
        "code": "E838",
        "display": "Other disorders of mineral metabolism"
      }, {
        "code": "E8381",
        "display": "Hungry bone syndrome"
      }, {
        "code": "E8389",
        "display": "Other disorders of mineral metabolism"
      }, {
        "code": "E839",
        "display": "Disorder of mineral metabolism, unspecified"
      } ]
    } ]
  }
}