{
  "resourceType": "ValueSet",
  "id": "N47",
  "url": "http://hl7.org/fhir/sid/icd-10-cm-1031",
  "version": "1.0",
  "name": "Disorders of prepuce",
  "title": "Disorders of prepuce",
  "status": "active",
  "compose": {
    "include": [ {
      "system": "http://hl7.org/fhir/sid/icd-10-cm",
      "concept": [ {
        "code": "N470",
        "display": "Adherent prepuce, newborn"
      }, {
        "code": "N471",
        "display": "Phimosis"
      }, {
        "code": "N472",
        "display": "Paraphimosis"
      }, {
        "code": "N473",
        "display": "Deficient foreskin"
      }, {
        "code": "N474",
        "display": "Benign cyst of prepuce"
      }, {
        "code": "N475",
        "display": "Adhesions of prepuce and glans penis"
      }, {
        "code": "N476",
        "display": "Balanoposthitis"
      }, {
        "code": "N477",
        "display": "Other inflammatory diseases of prepuce"
      }, {
        "code": "N478",
        "display": "Other disorders of prepuce"
      } ]
    } ]
  }
}