{
  "resourceType": "ValueSet",
  "id": "E30",
  "url": "http://hl7.org/fhir/sid/icd-10-cm-369",
  "version": "1.0",
  "name": "Disorders of puberty, not elsewhere classified",
  "title": "Disorders of puberty, not elsewhere classified",
  "status": "active",
  "compose": {
    "include": [ {
      "system": "http://hl7.org/fhir/sid/icd-10-cm",
      "concept": [ {
        "code": "E300",
        "display": "Delayed puberty"
      }, {
        "code": "E301",
        "display": "Precocious puberty"
      }, {
        "code": "E308",
        "display": "Other disorders of puberty"
      }, {
        "code": "E309",
        "display": "Disorder of puberty, unspecified"
      } ]
    } ]
  }
}