{
  "resourceType": "ValueSet",
  "id": "M22",
  "url": "http://hl7.org/fhir/sid/icd-10-cm-929",
  "version": "1.0",
  "name": "Disorder of patella",
  "title": "Disorder of patella",
  "status": "active",
  "compose": {
    "include": [ {
      "system": "http://hl7.org/fhir/sid/icd-10-cm",
      "concept": [ {
        "code": "M220",
        "display": "Recurrent dislocation of patella"
      }, {
        "code": "M2200",
        "display": "Recurrent dislocation of patella, unspecified knee"
      }, {
        "code": "M2201",
        "display": "Recurrent dislocation of patella, right knee"
      }, {
        "code": "M2202",
        "display": "Recurrent dislocation of patella, left knee"
      }, {
        "code": "M221",
        "display": "Recurrent subluxation of patella"
      }, {
        "code": "M2210",
        "display": "Recurrent subluxation of patella, unspecified knee"
      }, {
        "code": "M2211",
        "display": "Recurrent subluxation of patella, right knee"
      }, {
        "code": "M2212",
        "display": "Recurrent subluxation of patella, left knee"
      }, {
        "code": "M222",
        "display": "Patellofemoral disorders"
      }, {
        "code": "M222X",
        "display": "Patellofemoral disorders"
      }, {
        "code": "M222X1",
        "display": "Patellofemoral disorders, right knee"
      }, {
        "code": "M222X2",
        "display": "Patellofemoral disorders, left knee"
      }, {
        "code": "M222X9",
        "display": "Patellofemoral disorders, unspecified knee"
      }, {
        "code": "M223",
        "display": "Other derangements of patella"
      }, {
        "code": "M223X",
        "display": "Other derangements of patella"
      }, {
        "code": "M223X1",
        "display": "Other derangements of patella, right knee"
      }, {
        "code": "M223X2",
        "display": "Other derangements of patella, left knee"
      }, {
        "code": "M223X9",
        "display": "Other derangements of patella, unspecified knee"
      }, {
        "code": "M224",
        "display": "Chondromalacia patellae"
      }, {
        "code": "M2240",
        "display": "Chondromalacia patellae, unspecified knee"
      }, {
        "code": "M2241",
        "display": "Chondromalacia patellae, right knee"
      }, {
        "code": "M2242",
        "display": "Chondromalacia patellae, left knee"
      }, {
        "code": "M228",
        "display": "Other disorders of patella"
      }, {
        "code": "M228X",
        "display": "Other disorders of patella"
      }, {
        "code": "M228X1",
        "display": "Other disorders of patella, right knee"
      }, {
        "code": "M228X2",
        "display": "Other disorders of patella, left knee"
      }, {
        "code": "M228X9",
        "display": "Other disorders of patella, unspecified knee"
      }, {
        "code": "M229",
        "display": "Unspecified disorder of patella"
      }, {
        "code": "M2290",
        "display": "Unspecified disorder of patella, unspecified knee"
      }, {
        "code": "M2291",
        "display": "Unspecified disorder of patella, right knee"
      }, {
        "code": "M2292",
        "display": "Unspecified disorder of patella, left knee"
      } ]
    } ]
  }
}