{
  "resourceType": "ValueSet",
  "id": "H15",
  "url": "http://hl7.org/fhir/sid/icd-10-cm-564",
  "version": "1.0",
  "name": "Disorders of sclera",
  "title": "Disorders of sclera",
  "status": "active",
  "compose": {
    "include": [ {
      "system": "http://hl7.org/fhir/sid/icd-10-cm",
      "concept": [ {
        "code": "H150",
        "display": "Scleritis"
      }, {
        "code": "H1500",
        "display": "Unspecified scleritis"
      }, {
        "code": "H15001",
        "display": "Unspecified scleritis, right eye"
      }, {
        "code": "H15002",
        "display": "Unspecified scleritis, left eye"
      }, {
        "code": "H15003",
        "display": "Unspecified scleritis, bilateral"
      }, {
        "code": "H15009",
        "display": "Unspecified scleritis, unspecified eye"
      }, {
        "code": "H1501",
        "display": "Anterior scleritis"
      }, {
        "code": "H15011",
        "display": "Anterior scleritis, right eye"
      }, {
        "code": "H15012",
        "display": "Anterior scleritis, left eye"
      }, {
        "code": "H15013",
        "display": "Anterior scleritis, bilateral"
      }, {
        "code": "H15019",
        "display": "Anterior scleritis, unspecified eye"
      }, {
        "code": "H1502",
        "display": "Brawny scleritis"
      }, {
        "code": "H15021",
        "display": "Brawny scleritis, right eye"
      }, {
        "code": "H15022",
        "display": "Brawny scleritis, left eye"
      }, {
        "code": "H15023",
        "display": "Brawny scleritis, bilateral"
      }, {
        "code": "H15029",
        "display": "Brawny scleritis, unspecified eye"
      }, {
        "code": "H1503",
        "display": "Posterior scleritis"
      }, {
        "code": "H15031",
        "display": "Posterior scleritis, right eye"
      }, {
        "code": "H15032",
        "display": "Posterior scleritis, left eye"
      }, {
        "code": "H15033",
        "display": "Posterior scleritis, bilateral"
      }, {
        "code": "H15039",
        "display": "Posterior scleritis, unspecified eye"
      }, {
        "code": "H1504",
        "display": "Scleritis with corneal involvement"
      }, {
        "code": "H15041",
        "display": "Scleritis with corneal involvement, right eye"
      }, {
        "code": "H15042",
        "display": "Scleritis with corneal involvement, left eye"
      }, {
        "code": "H15043",
        "display": "Scleritis with corneal involvement, bilateral"
      }, {
        "code": "H15049",
        "display": "Scleritis with corneal involvement, unspecified eye"
      }, {
        "code": "H1505",
        "display": "Scleromalacia perforans"
      }, {
        "code": "H15051",
        "display": "Scleromalacia perforans, right eye"
      }, {
        "code": "H15052",
        "display": "Scleromalacia perforans, left eye"
      }, {
        "code": "H15053",
        "display": "Scleromalacia perforans, bilateral"
      }, {
        "code": "H15059",
        "display": "Scleromalacia perforans, unspecified eye"
      }, {
        "code": "H1509",
        "display": "Other scleritis"
      }, {
        "code": "H15091",
        "display": "Other scleritis, right eye"
      }, {
        "code": "H15092",
        "display": "Other scleritis, left eye"
      }, {
        "code": "H15093",
        "display": "Other scleritis, bilateral"
      }, {
        "code": "H15099",
        "display": "Other scleritis, unspecified eye"
      }, {
        "code": "H151",
        "display": "Episcleritis"
      }, {
        "code": "H1510",
        "display": "Unspecified episcleritis"
      }, {
        "code": "H15101",
        "display": "Unspecified episcleritis, right eye"
      }, {
        "code": "H15102",
        "display": "Unspecified episcleritis, left eye"
      }, {
        "code": "H15103",
        "display": "Unspecified episcleritis, bilateral"
      }, {
        "code": "H15109",
        "display": "Unspecified episcleritis, unspecified eye"
      }, {
        "code": "H1511",
        "display": "Episcleritis periodica fugax"
      }, {
        "code": "H15111",
        "display": "Episcleritis periodica fugax, right eye"
      }, {
        "code": "H15112",
        "display": "Episcleritis periodica fugax, left eye"
      }, {
        "code": "H15113",
        "display": "Episcleritis periodica fugax, bilateral"
      }, {
        "code": "H15119",
        "display": "Episcleritis periodica fugax, unspecified eye"
      }, {
        "code": "H1512",
        "display": "Nodular episcleritis"
      }, {
        "code": "H15121",
        "display": "Nodular episcleritis, right eye"
      }, {
        "code": "H15122",
        "display": "Nodular episcleritis, left eye"
      }, {
        "code": "H15123",
        "display": "Nodular episcleritis, bilateral"
      }, {
        "code": "H15129",
        "display": "Nodular episcleritis, unspecified eye"
      }, {
        "code": "H158",
        "display": "Other disorders of sclera"
      }, {
        "code": "H1581",
        "display": "Equatorial staphyloma"
      }, {
        "code": "H15811",
        "display": "Equatorial staphyloma, right eye"
      }, {
        "code": "H15812",
        "display": "Equatorial staphyloma, left eye"
      }, {
        "code": "H15813",
        "display": "Equatorial staphyloma, bilateral"
      }, {
        "code": "H15819",
        "display": "Equatorial staphyloma, unspecified eye"
      }, {
        "code": "H1582",
        "display": "Localized anterior staphyloma"
      }, {
        "code": "H15821",
        "display": "Localized anterior staphyloma, right eye"
      }, {
        "code": "H15822",
        "display": "Localized anterior staphyloma, left eye"
      }, {
        "code": "H15823",
        "display": "Localized anterior staphyloma, bilateral"
      }, {
        "code": "H15829",
        "display": "Localized anterior staphyloma, unspecified eye"
      }, {
        "code": "H1583",
        "display": "Staphyloma posticum"
      }, {
        "code": "H15831",
        "display": "Staphyloma posticum, right eye"
      }, {
        "code": "H15832",
        "display": "Staphyloma posticum, left eye"
      }, {
        "code": "H15833",
        "display": "Staphyloma posticum, bilateral"
      }, {
        "code": "H15839",
        "display": "Staphyloma posticum, unspecified eye"
      }, {
        "code": "H1584",
        "display": "Scleral ectasia"
      }, {
        "code": "H15841",
        "display": "Scleral ectasia, right eye"
      }, {
        "code": "H15842",
        "display": "Scleral ectasia, left eye"
      }, {
        "code": "H15843",
        "display": "Scleral ectasia, bilateral"
      }, {
        "code": "H15849",
        "display": "Scleral ectasia, unspecified eye"
      }, {
        "code": "H1585",
        "display": "Ring staphyloma"
      }, {
        "code": "H15851",
        "display": "Ring staphyloma, right eye"
      }, {
        "code": "H15852",
        "display": "Ring staphyloma, left eye"
      }, {
        "code": "H15853",
        "display": "Ring staphyloma, bilateral"
      }, {
        "code": "H15859",
        "display": "Ring staphyloma, unspecified eye"
      }, {
        "code": "H1589",
        "display": "Other disorders of sclera"
      }, {
        "code": "H159",
        "display": "Unspecified disorder of sclera"
      } ]
    } ]
  }
}