{
  "resourceType": "ValueSet",
  "id": "E77",
  "url": "http://hl7.org/fhir/sid/icd-10-cm-406",
  "version": "1.0",
  "name": "Disorders of glycoprotein metabolism",
  "title": "Disorders of glycoprotein metabolism",
  "status": "active",
  "compose": {
    "include": [ {
      "system": "http://hl7.org/fhir/sid/icd-10-cm",
      "concept": [ {
        "code": "E770",
        "display": "Defects in post-translational mod of lysosomal enzymes"
      }, {
        "code": "E771",
        "display": "Defects in glycoprotein degradation"
      }, {
        "code": "E778",
        "display": "Other disorders of glycoprotein metabolism"
      }, {
        "code": "E779",
        "display": "Disorder of glycoprotein metabolism, unspecified"
      } ]
    } ]
  }
}