{
  "resourceType": "ValueSet",
  "id": "E76",
  "url": "http://hl7.org/fhir/sid/icd-10-cm-405",
  "version": "1.0",
  "name": "Disorders of glycosaminoglycan metabolism",
  "title": "Disorders of glycosaminoglycan metabolism",
  "status": "active",
  "compose": {
    "include": [ {
      "system": "http://hl7.org/fhir/sid/icd-10-cm",
      "concept": [ {
        "code": "E760",
        "display": "Mucopolysaccharidosis, type I"
      }, {
        "code": "E7601",
        "display": "Hurler's syndrome"
      }, {
        "code": "E7602",
        "display": "Hurler-Scheie syndrome"
      }, {
        "code": "E7603",
        "display": "Scheie's syndrome"
      }, {
        "code": "E761",
        "display": "Mucopolysaccharidosis, type II"
      }, {
        "code": "E762",
        "display": "Other mucopolysaccharidoses"
      }, {
        "code": "E7621",
        "display": "Morquio mucopolysaccharidoses"
      }, {
        "code": "E76210",
        "display": "Morquio A mucopolysaccharidoses"
      }, {
        "code": "E76211",
        "display": "Morquio B mucopolysaccharidoses"
      }, {
        "code": "E76219",
        "display": "Morquio mucopolysaccharidoses, unspecified"
      }, {
        "code": "E7622",
        "display": "Sanfilippo mucopolysaccharidoses"
      }, {
        "code": "E7629",
        "display": "Other mucopolysaccharidoses"
      }, {
        "code": "E763",
        "display": "Mucopolysaccharidosis, unspecified"
      }, {
        "code": "E768",
        "display": "Other disorders of glucosaminoglycan metabolism"
      }, {
        "code": "E769",
        "display": "Glucosaminoglycan metabolism disorder, unspecified"
      } ]
    } ]
  }
}