{
  "resourceType": "ValueSet",
  "id": "H62",
  "url": "http://hl7.org/fhir/sid/icd-10-cm-599",
  "version": "1.0",
  "name": "Disorders of external ear in diseases classified elsewhere",
  "title": "Disorders of external ear in diseases classified elsewhere",
  "status": "active",
  "compose": {
    "include": [ {
      "system": "http://hl7.org/fhir/sid/icd-10-cm",
      "concept": [ {
        "code": "H624",
        "display": "Otitis externa in other diseases classified elsewhere"
      }, {
        "code": "H6240",
        "display": "Otitis externa in oth diseases classd elswhr, unsp ear"
      }, {
        "code": "H6241",
        "display": "Otitis externa in oth diseases classd elswhr, right ear"
      }, {
        "code": "H6242",
        "display": "Otitis externa in oth diseases classd elswhr, left ear"
      }, {
        "code": "H6243",
        "display": "Otitis externa in oth diseases classd elswhr, bilateral"
      }, {
        "code": "H628",
        "display": "Oth disorders of external ear in diseases classd elswhr"
      }, {
        "code": "H628X",
        "display": "Oth disorders of external ear in diseases classd elswhr"
      }, {
        "code": "H628X1",
        "display": "Oth disorders of r ext ear in diseases classd elswhr"
      }, {
        "code": "H628X2",
        "display": "Oth disorders of left external ear in diseases classd elswhr"
      }, {
        "code": "H628X3",
        "display": "Oth disorders of ext ear in diseases classd elswhr, bi"
      }, {
        "code": "H628X9",
        "display": "Oth disorders of ext ear in diseases classd elswhr, unsp ear"
      } ]
    } ]
  }
}