{
  "resourceType": "ValueSet",
  "id": "G90",
  "url": "http://hl7.org/fhir/sid/icd-10-cm-547",
  "version": "1.0",
  "name": "Disorders of autonomic nervous system",
  "title": "Disorders of autonomic nervous system",
  "status": "active",
  "compose": {
    "include": [ {
      "system": "http://hl7.org/fhir/sid/icd-10-cm",
      "concept": [ {
        "code": "G900",
        "display": "Idiopathic peripheral autonomic neuropathy"
      }, {
        "code": "G9001",
        "display": "Carotid sinus syncope"
      }, {
        "code": "G9009",
        "display": "Other idiopathic peripheral autonomic neuropathy"
      }, {
        "code": "G901",
        "display": "Familial dysautonomia [Riley-Day]"
      }, {
        "code": "G902",
        "display": "Horner's syndrome"
      }, {
        "code": "G903",
        "display": "Multi-system degeneration of the autonomic nervous system"
      }, {
        "code": "G904",
        "display": "Autonomic dysreflexia"
      }, {
        "code": "G905",
        "display": "Complex regional pain syndrome I (CRPS I)"
      }, {
        "code": "G9050",
        "display": "Complex regional pain syndrome I, unspecified"
      }, {
        "code": "G9051",
        "display": "Complex regional pain syndrome I of upper limb"
      }, {
        "code": "G90511",
        "display": "Complex regional pain syndrome I of right upper limb"
      }, {
        "code": "G90512",
        "display": "Complex regional pain syndrome I of left upper limb"
      }, {
        "code": "G90513",
        "display": "Complex regional pain syndrome I of upper limb, bilateral"
      }, {
        "code": "G90519",
        "display": "Complex regional pain syndrome I of unspecified upper limb"
      }, {
        "code": "G9052",
        "display": "Complex regional pain syndrome I of lower limb"
      }, {
        "code": "G90521",
        "display": "Complex regional pain syndrome I of right lower limb"
      }, {
        "code": "G90522",
        "display": "Complex regional pain syndrome I of left lower limb"
      }, {
        "code": "G90523",
        "display": "Complex regional pain syndrome I of lower limb, bilateral"
      }, {
        "code": "G90529",
        "display": "Complex regional pain syndrome I of unspecified lower limb"
      }, {
        "code": "G9059",
        "display": "Complex regional pain syndrome I of other specified site"
      }, {
        "code": "G908",
        "display": "Other disorders of autonomic nervous system"
      }, {
        "code": "G909",
        "display": "Disorder of the autonomic nervous system, unspecified"
      } ]
    } ]
  }
}