{
  "resourceType": "ValueSet",
  "id": "P08",
  "url": "http://hl7.org/fhir/sid/icd-10-cm-1151",
  "version": "1.0",
  "name": "Disord of newborn related to long gest and high birth weight",
  "title": "Disorders of newborn related to long gestation and high birth weight",
  "status": "active",
  "compose": {
    "include": [ {
      "system": "http://hl7.org/fhir/sid/icd-10-cm",
      "concept": [ {
        "code": "P080",
        "display": "Exceptionally large newborn baby"
      }, {
        "code": "P081",
        "display": "Other heavy for gestational age newborn"
      }, {
        "code": "P082",
        "display": "Late newborn, not heavy for gestational age"
      }, {
        "code": "P0821",
        "display": "Post-term newborn"
      }, {
        "code": "P0822",
        "display": "Prolonged gestation of newborn"
      } ]
    } ]
  }
}