{
  "resourceType": "ValueSet",
  "id": "G52",
  "url": "http://hl7.org/fhir/sid/icd-10-cm-524",
  "version": "1.0",
  "name": "Disorders of other cranial nerves",
  "title": "Disorders of other cranial nerves",
  "status": "active",
  "compose": {
    "include": [ {
      "system": "http://hl7.org/fhir/sid/icd-10-cm",
      "concept": [ {
        "code": "G520",
        "display": "Disorders of olfactory nerve"
      }, {
        "code": "G521",
        "display": "Disorders of glossopharyngeal nerve"
      }, {
        "code": "G522",
        "display": "Disorders of vagus nerve"
      }, {
        "code": "G523",
        "display": "Disorders of hypoglossal nerve"
      }, {
        "code": "G527",
        "display": "Disorders of multiple cranial nerves"
      }, {
        "code": "G528",
        "display": "Disorders of other specified cranial nerves"
      }, {
        "code": "G529",
        "display": "Cranial nerve disorder, unspecified"
      } ]
    } ]
  }
}