{
  "resourceType": "ValueSet",
  "id": "H44",
  "url": "http://hl7.org/fhir/sid/icd-10-cm-585",
  "version": "1.0",
  "name": "Disorders of globe",
  "title": "Disorders of globe",
  "status": "active",
  "compose": {
    "include": [ {
      "system": "http://hl7.org/fhir/sid/icd-10-cm",
      "concept": [ {
        "code": "H440",
        "display": "Purulent endophthalmitis"
      }, {
        "code": "H4400",
        "display": "Unspecified purulent endophthalmitis"
      }, {
        "code": "H44001",
        "display": "Unspecified purulent endophthalmitis, right eye"
      }, {
        "code": "H44002",
        "display": "Unspecified purulent endophthalmitis, left eye"
      }, {
        "code": "H44003",
        "display": "Unspecified purulent endophthalmitis, bilateral"
      }, {
        "code": "H44009",
        "display": "Unspecified purulent endophthalmitis, unspecified eye"
      }, {
        "code": "H4401",
        "display": "Panophthalmitis (acute)"
      }, {
        "code": "H44011",
        "display": "Panophthalmitis (acute), right eye"
      }, {
        "code": "H44012",
        "display": "Panophthalmitis (acute), left eye"
      }, {
        "code": "H44013",
        "display": "Panophthalmitis (acute), bilateral"
      }, {
        "code": "H44019",
        "display": "Panophthalmitis (acute), unspecified eye"
      }, {
        "code": "H4402",
        "display": "Vitreous abscess (chronic)"
      }, {
        "code": "H44021",
        "display": "Vitreous abscess (chronic), right eye"
      }, {
        "code": "H44022",
        "display": "Vitreous abscess (chronic), left eye"
      }, {
        "code": "H44023",
        "display": "Vitreous abscess (chronic), bilateral"
      }, {
        "code": "H44029",
        "display": "Vitreous abscess (chronic), unspecified eye"
      }, {
        "code": "H441",
        "display": "Other endophthalmitis"
      }, {
        "code": "H4411",
        "display": "Panuveitis"
      }, {
        "code": "H44111",
        "display": "Panuveitis, right eye"
      }, {
        "code": "H44112",
        "display": "Panuveitis, left eye"
      }, {
        "code": "H44113",
        "display": "Panuveitis, bilateral"
      }, {
        "code": "H44119",
        "display": "Panuveitis, unspecified eye"
      }, {
        "code": "H4412",
        "display": "Parasitic endophthalmitis, unspecified"
      }, {
        "code": "H44121",
        "display": "Parasitic endophthalmitis, unspecified, right eye"
      }, {
        "code": "H44122",
        "display": "Parasitic endophthalmitis, unspecified, left eye"
      }, {
        "code": "H44123",
        "display": "Parasitic endophthalmitis, unspecified, bilateral"
      }, {
        "code": "H44129",
        "display": "Parasitic endophthalmitis, unspecified, unspecified eye"
      }, {
        "code": "H4413",
        "display": "Sympathetic uveitis"
      }, {
        "code": "H44131",
        "display": "Sympathetic uveitis, right eye"
      }, {
        "code": "H44132",
        "display": "Sympathetic uveitis, left eye"
      }, {
        "code": "H44133",
        "display": "Sympathetic uveitis, bilateral"
      }, {
        "code": "H44139",
        "display": "Sympathetic uveitis, unspecified eye"
      }, {
        "code": "H4419",
        "display": "Other endophthalmitis"
      }, {
        "code": "H442",
        "display": "Degenerative myopia"
      }, {
        "code": "H4420",
        "display": "Degenerative myopia, unspecified eye"
      }, {
        "code": "H4421",
        "display": "Degenerative myopia, right eye"
      }, {
        "code": "H4422",
        "display": "Degenerative myopia, left eye"
      }, {
        "code": "H4423",
        "display": "Degenerative myopia, bilateral"
      }, {
        "code": "H442A",
        "display": "Degenerative myopia with choroidal neovascularization"
      }, {
        "code": "H442A1",
        "display": "Degeneratv myopia with choroidal neovascularization, r eye"
      }, {
        "code": "H442A2",
        "display": "Degeneratv myopia with choroidal neovascularization, l eye"
      }, {
        "code": "H442A3",
        "display": "Degeneratv myopia with choroidal neovascularization, bi eye"
      }, {
        "code": "H442A9",
        "display": "Degenerative myopia with choroidal neovascularization, unsp"
      }, {
        "code": "H442B",
        "display": "Degenerative myopia with macular hole"
      }, {
        "code": "H442B1",
        "display": "Degenerative myopia with macular hole, right eye"
      }, {
        "code": "H442B2",
        "display": "Degenerative myopia with macular hole, left eye"
      }, {
        "code": "H442B3",
        "display": "Degenerative myopia with macular hole, bilateral eye"
      }, {
        "code": "H442B9",
        "display": "Degenerative myopia with macular hole, unspecified eye"
      }, {
        "code": "H442C",
        "display": "Degenerative myopia with retinal detachment"
      }, {
        "code": "H442C1",
        "display": "Degenerative myopia with retinal detachment, right eye"
      }, {
        "code": "H442C2",
        "display": "Degenerative myopia with retinal detachment, left eye"
      }, {
        "code": "H442C3",
        "display": "Degenerative myopia with retinal detachment, bilateral eye"
      }, {
        "code": "H442C9",
        "display": "Degenerative myopia with retinal detachment, unspecified eye"
      }, {
        "code": "H442D",
        "display": "Degenerative myopia with foveoschisis"
      }, {
        "code": "H442D1",
        "display": "Degenerative myopia with foveoschisis, right eye"
      }, {
        "code": "H442D2",
        "display": "Degenerative myopia with foveoschisis, left eye"
      }, {
        "code": "H442D3",
        "display": "Degenerative myopia with foveoschisis, bilateral eye"
      }, {
        "code": "H442D9",
        "display": "Degenerative myopia with foveoschisis, unspecified eye"
      }, {
        "code": "H442E",
        "display": "Degenerative myopia with other maculopathy"
      }, {
        "code": "H442E1",
        "display": "Degenerative myopia with other maculopathy, right eye"
      }, {
        "code": "H442E2",
        "display": "Degenerative myopia with other maculopathy, left eye"
      }, {
        "code": "H442E3",
        "display": "Degenerative myopia with other maculopathy, bilateral eye"
      }, {
        "code": "H442E9",
        "display": "Degenerative myopia with other maculopathy, unspecified eye"
      }, {
        "code": "H443",
        "display": "Other and unspecified degenerative disorders of globe"
      }, {
        "code": "H4430",
        "display": "Unspecified degenerative disorder of globe"
      }, {
        "code": "H4431",
        "display": "Chalcosis"
      }, {
        "code": "H44311",
        "display": "Chalcosis, right eye"
      }, {
        "code": "H44312",
        "display": "Chalcosis, left eye"
      }, {
        "code": "H44313",
        "display": "Chalcosis, bilateral"
      }, {
        "code": "H44319",
        "display": "Chalcosis, unspecified eye"
      }, {
        "code": "H4432",
        "display": "Siderosis of eye"
      }, {
        "code": "H44321",
        "display": "Siderosis of eye, right eye"
      }, {
        "code": "H44322",
        "display": "Siderosis of eye, left eye"
      }, {
        "code": "H44323",
        "display": "Siderosis of eye, bilateral"
      }, {
        "code": "H44329",
        "display": "Siderosis of eye, unspecified eye"
      }, {
        "code": "H4439",
        "display": "Other degenerative disorders of globe"
      }, {
        "code": "H44391",
        "display": "Other degenerative disorders of globe, right eye"
      }, {
        "code": "H44392",
        "display": "Other degenerative disorders of globe, left eye"
      }, {
        "code": "H44393",
        "display": "Other degenerative disorders of globe, bilateral"
      }, {
        "code": "H44399",
        "display": "Other degenerative disorders of globe, unspecified eye"
      }, {
        "code": "H444",
        "display": "Hypotony of eye"
      }, {
        "code": "H4440",
        "display": "Unspecified hypotony of eye"
      }, {
        "code": "H4441",
        "display": "Flat anterior chamber hypotony of eye"
      }, {
        "code": "H44411",
        "display": "Flat anterior chamber hypotony of right eye"
      }, {
        "code": "H44412",
        "display": "Flat anterior chamber hypotony of left eye"
      }, {
        "code": "H44413",
        "display": "Flat anterior chamber hypotony of eye, bilateral"
      }, {
        "code": "H44419",
        "display": "Flat anterior chamber hypotony of unspecified eye"
      }, {
        "code": "H4442",
        "display": "Hypotony of eye due to ocular fistula"
      }, {
        "code": "H44421",
        "display": "Hypotony of right eye due to ocular fistula"
      }, {
        "code": "H44422",
        "display": "Hypotony of left eye due to ocular fistula"
      }, {
        "code": "H44423",
        "display": "Hypotony of eye due to ocular fistula, bilateral"
      }, {
        "code": "H44429",
        "display": "Hypotony of unspecified eye due to ocular fistula"
      }, {
        "code": "H4443",
        "display": "Hypotony of eye due to other ocular disorders"
      }, {
        "code": "H44431",
        "display": "Hypotony of eye due to other ocular disorders, right eye"
      }, {
        "code": "H44432",
        "display": "Hypotony of eye due to other ocular disorders, left eye"
      }, {
        "code": "H44433",
        "display": "Hypotony of eye due to other ocular disorders, bilateral"
      }, {
        "code": "H44439",
        "display": "Hypotony of eye due to other ocular disorders, unsp eye"
      }, {
        "code": "H4444",
        "display": "Primary hypotony of eye"
      }, {
        "code": "H44441",
        "display": "Primary hypotony of right eye"
      }, {
        "code": "H44442",
        "display": "Primary hypotony of left eye"
      }, {
        "code": "H44443",
        "display": "Primary hypotony of eye, bilateral"
      }, {
        "code": "H44449",
        "display": "Primary hypotony of unspecified eye"
      }, {
        "code": "H445",
        "display": "Degenerated conditions of globe"
      }, {
        "code": "H4450",
        "display": "Unspecified degenerated conditions of globe"
      }, {
        "code": "H4451",
        "display": "Absolute glaucoma"
      }, {
        "code": "H44511",
        "display": "Absolute glaucoma, right eye"
      }, {
        "code": "H44512",
        "display": "Absolute glaucoma, left eye"
      }, {
        "code": "H44513",
        "display": "Absolute glaucoma, bilateral"
      }, {
        "code": "H44519",
        "display": "Absolute glaucoma, unspecified eye"
      }, {
        "code": "H4452",
        "display": "Atrophy of globe"
      }, {
        "code": "H44521",
        "display": "Atrophy of globe, right eye"
      }, {
        "code": "H44522",
        "display": "Atrophy of globe, left eye"
      }, {
        "code": "H44523",
        "display": "Atrophy of globe, bilateral"
      }, {
        "code": "H44529",
        "display": "Atrophy of globe, unspecified eye"
      }, {
        "code": "H4453",
        "display": "Leucocoria"
      }, {
        "code": "H44531",
        "display": "Leucocoria, right eye"
      }, {
        "code": "H44532",
        "display": "Leucocoria, left eye"
      }, {
        "code": "H44533",
        "display": "Leucocoria, bilateral"
      }, {
        "code": "H44539",
        "display": "Leucocoria, unspecified eye"
      }, {
        "code": "H446",
        "display": "Retained (old) intraocular foreign body, magnetic"
      }, {
        "code": "H4460",
        "display": "Unsp retained (old) intraocular foreign body, magnetic"
      }, {
        "code": "H44601",
        "display": "Unsp retained (old) intraocular fb, magnetic, right eye"
      }, {
        "code": "H44602",
        "display": "Unsp retained (old) intraocular fb, magnetic, left eye"
      }, {
        "code": "H44603",
        "display": "Unsp retained (old) intraocular fb, magnetic, bilateral"
      }, {
        "code": "H44609",
        "display": "Unsp retained (old) intraocular fb, magnetic, unsp eye"
      }, {
        "code": "H4461",
        "display": "Retained (old) magnetic foreign body in anterior chamber"
      }, {
        "code": "H44611",
        "display": "Retained (old) magnetic fb in ant chamber, right eye"
      }, {
        "code": "H44612",
        "display": "Retained (old) magnetic fb in ant chamber, left eye"
      }, {
        "code": "H44613",
        "display": "Retained (old) magnetic fb in ant chamber, bilateral"
      }, {
        "code": "H44619",
        "display": "Retained (old) magnetic fb in ant chamber, unsp eye"
      }, {
        "code": "H4462",
        "display": "Retained (old) magnetic foreign body in iris or ciliary body"
      }, {
        "code": "H44621",
        "display": "Retained (old) magnetic fb in iris or ciliary body, r eye"
      }, {
        "code": "H44622",
        "display": "Retained (old) magnetic fb in iris or ciliary body, left eye"
      }, {
        "code": "H44623",
        "display": "Retained (old) magnetic fb in iris or ciliary body, bi"
      }, {
        "code": "H44629",
        "display": "Retained (old) magnetic fb in iris or ciliary body, unsp eye"
      }, {
        "code": "H4463",
        "display": "Retained (old) magnetic foreign body in lens"
      }, {
        "code": "H44631",
        "display": "Retained (old) magnetic foreign body in lens, right eye"
      }, {
        "code": "H44632",
        "display": "Retained (old) magnetic foreign body in lens, left eye"
      }, {
        "code": "H44633",
        "display": "Retained (old) magnetic foreign body in lens, bilateral"
      }, {
        "code": "H44639",
        "display": "Retained (old) magnetic foreign body in lens, unsp eye"
      }, {
        "code": "H4464",
        "display": "Retained (old) magnetic fb in posterior wall of globe"
      }, {
        "code": "H44641",
        "display": "Retained (old) magnetic fb in post wall of globe, right eye"
      }, {
        "code": "H44642",
        "display": "Retained (old) magnetic fb in post wall of globe, left eye"
      }, {
        "code": "H44643",
        "display": "Retained (old) magnetic fb in posterior wall of globe, bi"
      }, {
        "code": "H44649",
        "display": "Retained (old) magnetic fb in post wall of globe, unsp eye"
      }, {
        "code": "H4465",
        "display": "Retained (old) magnetic foreign body in vitreous body"
      }, {
        "code": "H44651",
        "display": "Retained (old) magnetic fb in vitreous body, right eye"
      }, {
        "code": "H44652",
        "display": "Retained (old) magnetic fb in vitreous body, left eye"
      }, {
        "code": "H44653",
        "display": "Retained (old) magnetic fb in vitreous body, bilateral"
      }, {
        "code": "H44659",
        "display": "Retained (old) magnetic fb in vitreous body, unsp eye"
      }, {
        "code": "H4469",
        "display": "Retained (old) intraoc fb, magnet, in oth or multiple sites"
      }, {
        "code": "H44691",
        "display": "Retain (old) intraoc fb, magnet, in oth or mult sites, r eye"
      }, {
        "code": "H44692",
        "display": "Retain (old) intraoc fb, magnet, in oth or mult sites, l eye"
      }, {
        "code": "H44693",
        "display": "Retained (old) intraoc fb, magnet, in oth or mult sites, bi"
      }, {
        "code": "H44699",
        "display": "Retain intraoc fb, magnet, in oth or mult sites, unsp eye"
      }, {
        "code": "H447",
        "display": "Retained (old) intraocular foreign body, nonmagnetic"
      }, {
        "code": "H4470",
        "display": "Unsp retained (old) intraocular foreign body, nonmagnetic"
      }, {
        "code": "H44701",
        "display": "Unsp retained (old) intraocular fb, nonmagnetic, right eye"
      }, {
        "code": "H44702",
        "display": "Unsp retained (old) intraocular fb, nonmagnetic, left eye"
      }, {
        "code": "H44703",
        "display": "Unsp retained (old) intraocular fb, nonmagnetic, bilateral"
      }, {
        "code": "H44709",
        "display": "Unsp retained (old) intraocular fb, nonmagnetic, unsp eye"
      }, {
        "code": "H4471",
        "display": "Retained (nonmagnetic) (old) foreign body in ant chamber"
      }, {
        "code": "H44711",
        "display": "Retained (old) foreign body in ant chamber, right eye"
      }, {
        "code": "H44712",
        "display": "Retained (old) foreign body in ant chamber, left eye"
      }, {
        "code": "H44713",
        "display": "Retained (old) foreign body in ant chamber, bilateral"
      }, {
        "code": "H44719",
        "display": "Retained (old) foreign body in ant chamber, unsp eye"
      }, {
        "code": "H4472",
        "display": "Retained (old) foreign body in iris or ciliary body"
      }, {
        "code": "H44721",
        "display": "Retained (old) fb in iris or ciliary body, right eye"
      }, {
        "code": "H44722",
        "display": "Retained (old) fb in iris or ciliary body, left eye"
      }, {
        "code": "H44723",
        "display": "Retained (old) fb in iris or ciliary body, bilateral"
      }, {
        "code": "H44729",
        "display": "Retained (old) fb in iris or ciliary body, unsp eye"
      }, {
        "code": "H4473",
        "display": "Retained (nonmagnetic) (old) foreign body in lens"
      }, {
        "code": "H44731",
        "display": "Retained (nonmagnetic) (old) foreign body in lens, right eye"
      }, {
        "code": "H44732",
        "display": "Retained (nonmagnetic) (old) foreign body in lens, left eye"
      }, {
        "code": "H44733",
        "display": "Retained (nonmagnetic) (old) foreign body in lens, bilateral"
      }, {
        "code": "H44739",
        "display": "Retained (nonmagnetic) (old) foreign body in lens, unsp eye"
      }, {
        "code": "H4474",
        "display": "Retained (old) foreign body in posterior wall of globe"
      }, {
        "code": "H44741",
        "display": "Retained (old) fb in posterior wall of globe, right eye"
      }, {
        "code": "H44742",
        "display": "Retained (old) fb in posterior wall of globe, left eye"
      }, {
        "code": "H44743",
        "display": "Retained (old) fb in posterior wall of globe, bilateral"
      }, {
        "code": "H44749",
        "display": "Retained (old) fb in posterior wall of globe, unsp eye"
      }, {
        "code": "H4475",
        "display": "Retained (nonmagnetic) (old) foreign body in vitreous body"
      }, {
        "code": "H44751",
        "display": "Retained (old) foreign body in vitreous body, right eye"
      }, {
        "code": "H44752",
        "display": "Retained (old) foreign body in vitreous body, left eye"
      }, {
        "code": "H44753",
        "display": "Retained (old) foreign body in vitreous body, bilateral"
      }, {
        "code": "H44759",
        "display": "Retained (old) foreign body in vitreous body, unsp eye"
      }, {
        "code": "H4479",
        "display": "Retained (old) intraoc fb, nonmag, in oth or multiple sites"
      }, {
        "code": "H44791",
        "display": "Retain (old) intraoc fb, nonmag, in oth or mult sites, r eye"
      }, {
        "code": "H44792",
        "display": "Retain (old) intraoc fb, nonmag, in oth or mult sites, l eye"
      }, {
        "code": "H44793",
        "display": "Retained (old) intraoc fb, nonmag, in oth or mult sites, bi"
      }, {
        "code": "H44799",
        "display": "Retain intraoc fb, nonmag, in oth or mult sites, unsp eye"
      }, {
        "code": "H448",
        "display": "Other disorders of globe"
      }, {
        "code": "H4481",
        "display": "Hemophthalmos"
      }, {
        "code": "H44811",
        "display": "Hemophthalmos, right eye"
      }, {
        "code": "H44812",
        "display": "Hemophthalmos, left eye"
      }, {
        "code": "H44813",
        "display": "Hemophthalmos, bilateral"
      }, {
        "code": "H44819",
        "display": "Hemophthalmos, unspecified eye"
      }, {
        "code": "H4482",
        "display": "Luxation of globe"
      }, {
        "code": "H44821",
        "display": "Luxation of globe, right eye"
      }, {
        "code": "H44822",
        "display": "Luxation of globe, left eye"
      }, {
        "code": "H44823",
        "display": "Luxation of globe, bilateral"
      }, {
        "code": "H44829",
        "display": "Luxation of globe, unspecified eye"
      }, {
        "code": "H4489",
        "display": "Other disorders of globe"
      }, {
        "code": "H449",
        "display": "Unspecified disorder of globe"
      } ]
    } ]
  }
}