{
  "resourceType": "ValueSet",
  "id": "H43",
  "url": "http://hl7.org/fhir/sid/icd-10-cm-584",
  "version": "1.0",
  "name": "Disorders of vitreous body",
  "title": "Disorders of vitreous body",
  "status": "active",
  "compose": {
    "include": [ {
      "system": "http://hl7.org/fhir/sid/icd-10-cm",
      "concept": [ {
        "code": "H430",
        "display": "Vitreous prolapse"
      }, {
        "code": "H4300",
        "display": "Vitreous prolapse, unspecified eye"
      }, {
        "code": "H4301",
        "display": "Vitreous prolapse, right eye"
      }, {
        "code": "H4302",
        "display": "Vitreous prolapse, left eye"
      }, {
        "code": "H4303",
        "display": "Vitreous prolapse, bilateral"
      }, {
        "code": "H431",
        "display": "Vitreous hemorrhage"
      }, {
        "code": "H4310",
        "display": "Vitreous hemorrhage, unspecified eye"
      }, {
        "code": "H4311",
        "display": "Vitreous hemorrhage, right eye"
      }, {
        "code": "H4312",
        "display": "Vitreous hemorrhage, left eye"
      }, {
        "code": "H4313",
        "display": "Vitreous hemorrhage, bilateral"
      }, {
        "code": "H432",
        "display": "Crystalline deposits in vitreous body"
      }, {
        "code": "H4320",
        "display": "Crystalline deposits in vitreous body, unspecified eye"
      }, {
        "code": "H4321",
        "display": "Crystalline deposits in vitreous body, right eye"
      }, {
        "code": "H4322",
        "display": "Crystalline deposits in vitreous body, left eye"
      }, {
        "code": "H4323",
        "display": "Crystalline deposits in vitreous body, bilateral"
      }, {
        "code": "H433",
        "display": "Other vitreous opacities"
      }, {
        "code": "H4331",
        "display": "Vitreous membranes and strands"
      }, {
        "code": "H43311",
        "display": "Vitreous membranes and strands, right eye"
      }, {
        "code": "H43312",
        "display": "Vitreous membranes and strands, left eye"
      }, {
        "code": "H43313",
        "display": "Vitreous membranes and strands, bilateral"
      }, {
        "code": "H43319",
        "display": "Vitreous membranes and strands, unspecified eye"
      }, {
        "code": "H4339",
        "display": "Other vitreous opacities"
      }, {
        "code": "H43391",
        "display": "Other vitreous opacities, right eye"
      }, {
        "code": "H43392",
        "display": "Other vitreous opacities, left eye"
      }, {
        "code": "H43393",
        "display": "Other vitreous opacities, bilateral"
      }, {
        "code": "H43399",
        "display": "Other vitreous opacities, unspecified eye"
      }, {
        "code": "H438",
        "display": "Other disorders of vitreous body"
      }, {
        "code": "H4381",
        "display": "Vitreous degeneration"
      }, {
        "code": "H43811",
        "display": "Vitreous degeneration, right eye"
      }, {
        "code": "H43812",
        "display": "Vitreous degeneration, left eye"
      }, {
        "code": "H43813",
        "display": "Vitreous degeneration, bilateral"
      }, {
        "code": "H43819",
        "display": "Vitreous degeneration, unspecified eye"
      }, {
        "code": "H4382",
        "display": "Vitreomacular adhesion"
      }, {
        "code": "H43821",
        "display": "Vitreomacular adhesion, right eye"
      }, {
        "code": "H43822",
        "display": "Vitreomacular adhesion, left eye"
      }, {
        "code": "H43823",
        "display": "Vitreomacular adhesion, bilateral"
      }, {
        "code": "H43829",
        "display": "Vitreomacular adhesion, unspecified eye"
      }, {
        "code": "H4389",
        "display": "Other disorders of vitreous body"
      }, {
        "code": "H439",
        "display": "Unspecified disorder of vitreous body"
      } ]
    } ]
  }
}