{
  "resourceType": "ValueSet",
  "id": "G50",
  "url": "http://hl7.org/fhir/sid/icd-10-cm-522",
  "version": "1.0",
  "name": "Disorders of trigeminal nerve",
  "title": "Disorders of trigeminal nerve",
  "status": "active",
  "compose": {
    "include": [ {
      "system": "http://hl7.org/fhir/sid/icd-10-cm",
      "concept": [ {
        "code": "G500",
        "display": "Trigeminal neuralgia"
      }, {
        "code": "G501",
        "display": "Atypical facial pain"
      }, {
        "code": "G508",
        "display": "Other disorders of trigeminal nerve"
      }, {
        "code": "G509",
        "display": "Disorder of trigeminal nerve, unspecified"
      } ]
    } ]
  }
}