{
  "resourceType": "ValueSet",
  "id": "G73",
  "url": "http://hl7.org/fhir/sid/icd-10-cm-541",
  "version": "1.0",
  "name": "Disord of myoneural junction and muscle in dis classd elswhr",
  "title": "Disorders of myoneural junction and muscle in diseases classified elsewhere",
  "status": "active",
  "compose": {
    "include": [ {
      "system": "http://hl7.org/fhir/sid/icd-10-cm",
      "concept": [ {
        "code": "G731",
        "display": "Lambert-Eaton syndrome in neoplastic disease"
      }, {
        "code": "G733",
        "display": "Myasthenic syndromes in other diseases classified elsewhere"
      }, {
        "code": "G737",
        "display": "Myopathy in diseases classified elsewhere"
      } ]
    } ]
  }
}