{
  "resourceType": "ValueSet",
  "id": "K68",
  "url": "http://hl7.org/fhir/sid/icd-10-cm-813",
  "version": "1.0",
  "name": "Disorders of retroperitoneum",
  "title": "Disorders of retroperitoneum",
  "status": "active",
  "compose": {
    "include": [ {
      "system": "http://hl7.org/fhir/sid/icd-10-cm",
      "concept": [ {
        "code": "K681",
        "display": "Retroperitoneal abscess"
      }, {
        "code": "K6811",
        "display": "Postprocedural retroperitoneal abscess"
      }, {
        "code": "K6812",
        "display": "Psoas muscle abscess"
      }, {
        "code": "K6819",
        "display": "Other retroperitoneal abscess"
      }, {
        "code": "K689",
        "display": "Other disorders of retroperitoneum"
      } ]
    } ]
  }
}