{
  "resourceType": "ValueSet",
  "id": "P05",
  "url": "http://hl7.org/fhir/sid/icd-10-cm-1149",
  "version": "1.0",
  "name": "Disord of NB related to slow fetal growth and fetal malnut",
  "title": "Disorders of newborn related to slow fetal growth and fetal malnutrition",
  "status": "active",
  "compose": {
    "include": [ {
      "system": "http://hl7.org/fhir/sid/icd-10-cm",
      "concept": [ {
        "code": "P050",
        "display": "Newborn light for gestational age"
      }, {
        "code": "P0500",
        "display": "Newborn light for gestational age, unspecified weight"
      }, {
        "code": "P0501",
        "display": "Newborn light for gestational age, less than 500 grams"
      }, {
        "code": "P0502",
        "display": "Newborn light for gestational age, 500-749 grams"
      }, {
        "code": "P0503",
        "display": "Newborn light for gestational age, 750-999 grams"
      }, {
        "code": "P0504",
        "display": "Newborn light for gestational age, 1000-1249 grams"
      }, {
        "code": "P0505",
        "display": "Newborn light for gestational age, 1250-1499 grams"
      }, {
        "code": "P0506",
        "display": "Newborn light for gestational age, 1500-1749 grams"
      }, {
        "code": "P0507",
        "display": "Newborn light for gestational age, 1750-1999 grams"
      }, {
        "code": "P0508",
        "display": "Newborn light for gestational age, 2000-2499 grams"
      }, {
        "code": "P0509",
        "display": "Newborn light for gestational age, 2500 grams and over"
      }, {
        "code": "P051",
        "display": "Newborn small for gestational age"
      }, {
        "code": "P0510",
        "display": "Newborn small for gestational age, unspecified weight"
      }, {
        "code": "P0511",
        "display": "Newborn small for gestational age, less than 500 grams"
      }, {
        "code": "P0512",
        "display": "Newborn small for gestational age, 500-749 grams"
      }, {
        "code": "P0513",
        "display": "Newborn small for gestational age, 750-999 grams"
      }, {
        "code": "P0514",
        "display": "Newborn small for gestational age, 1000-1249 grams"
      }, {
        "code": "P0515",
        "display": "Newborn small for gestational age, 1250-1499 grams"
      }, {
        "code": "P0516",
        "display": "Newborn small for gestational age, 1500-1749 grams"
      }, {
        "code": "P0517",
        "display": "Newborn small for gestational age, 1750-1999 grams"
      }, {
        "code": "P0518",
        "display": "Newborn small for gestational age, 2000-2499 grams"
      }, {
        "code": "P0519",
        "display": "Newborn small for gestational age, other"
      }, {
        "code": "P052",
        "display": "NB aff by fetal malnut not light or small for gestatnl age"
      }, {
        "code": "P059",
        "display": "Newborn affected by slow intrauterine growth, unspecified"
      } ]
    } ]
  }
}