{
  "resourceType": "ValueSet",
  "id": "M63",
  "url": "http://hl7.org/fhir/sid/icd-10-cm-958",
  "version": "1.0",
  "name": "Disorders of muscle in diseases classified elsewhere",
  "title": "Disorders of muscle in diseases classified elsewhere",
  "status": "active",
  "compose": {
    "include": [ {
      "system": "http://hl7.org/fhir/sid/icd-10-cm",
      "concept": [ {
        "code": "M638",
        "display": "Disorders of muscle in diseases classified elsewhere"
      }, {
        "code": "M6380",
        "display": "Disorders of muscle in diseases classd elswhr, unsp site"
      }, {
        "code": "M6381",
        "display": "Disorders of muscle in diseases classd elswhr, shoulder"
      }, {
        "code": "M63811",
        "display": "Disorders of muscle in diseases classd elswhr, r shoulder"
      }, {
        "code": "M63812",
        "display": "Disorders of muscle in diseases classd elswhr, left shoulder"
      }, {
        "code": "M63819",
        "display": "Disorders of muscle in diseases classd elswhr, unsp shoulder"
      }, {
        "code": "M6382",
        "display": "Disorders of muscle in diseases classd elswhr, upper arm"
      }, {
        "code": "M63821",
        "display": "Disorders of muscle in diseases classd elswhr, r up arm"
      }, {
        "code": "M63822",
        "display": "Disorders of muscle in diseases classd elswhr, l up arm"
      }, {
        "code": "M63829",
        "display": "Disord of muscle in diseases classd elswhr, unsp upper arm"
      }, {
        "code": "M6383",
        "display": "Disorders of muscle in diseases classd elswhr, forearm"
      }, {
        "code": "M63831",
        "display": "Disorders of muscle in diseases classd elswhr, right forearm"
      }, {
        "code": "M63832",
        "display": "Disorders of muscle in diseases classd elswhr, left forearm"
      }, {
        "code": "M63839",
        "display": "Disorders of muscle in diseases classd elswhr, unsp forearm"
      }, {
        "code": "M6384",
        "display": "Disorders of muscle in diseases classified elsewhere, hand"
      }, {
        "code": "M63841",
        "display": "Disorders of muscle in diseases classd elswhr, right hand"
      }, {
        "code": "M63842",
        "display": "Disorders of muscle in diseases classd elswhr, left hand"
      }, {
        "code": "M63849",
        "display": "Disorders of muscle in diseases classd elswhr, unsp hand"
      }, {
        "code": "M6385",
        "display": "Disorders of muscle in diseases classified elsewhere, thigh"
      }, {
        "code": "M63851",
        "display": "Disorders of muscle in diseases classd elswhr, right thigh"
      }, {
        "code": "M63852",
        "display": "Disorders of muscle in diseases classd elswhr, left thigh"
      }, {
        "code": "M63859",
        "display": "Disorders of muscle in diseases classd elswhr, unsp thigh"
      }, {
        "code": "M6386",
        "display": "Disorders of muscle in diseases classd elswhr, lower leg"
      }, {
        "code": "M63861",
        "display": "Disorders of muscle in diseases classd elswhr, r low leg"
      }, {
        "code": "M63862",
        "display": "Disorders of muscle in diseases classd elswhr, l low leg"
      }, {
        "code": "M63869",
        "display": "Disord of muscle in diseases classd elswhr, unsp lower leg"
      }, {
        "code": "M6387",
        "display": "Disorders of muscle in diseases classd elswhr, ank/ft"
      }, {
        "code": "M63871",
        "display": "Disorders of muscle in diseases classd elswhr, right ank/ft"
      }, {
        "code": "M63872",
        "display": "Disorders of muscle in diseases classd elswhr, left ank/ft"
      }, {
        "code": "M63879",
        "display": "Disorders of muscle in diseases classd elswhr, unsp ank/ft"
      }, {
        "code": "M6388",
        "display": "Disorders of muscle in diseases classd elswhr, oth site"
      }, {
        "code": "M6389",
        "display": "Disord of muscle in diseases classd elswhr, multiple sites"
      } ]
    } ]
  }
}