{
  "resourceType": "ValueSet",
  "id": "F44",
  "url": "http://hl7.org/fhir/sid/icd-10-cm-453",
  "version": "1.0",
  "name": "Dissociative and conversion disorders",
  "title": "Dissociative and conversion disorders",
  "status": "active",
  "compose": {
    "include": [ {
      "system": "http://hl7.org/fhir/sid/icd-10-cm",
      "concept": [ {
        "code": "F440",
        "display": "Dissociative amnesia"
      }, {
        "code": "F441",
        "display": "Dissociative fugue"
      }, {
        "code": "F442",
        "display": "Dissociative stupor"
      }, {
        "code": "F444",
        "display": "Conversion disorder with motor symptom or deficit"
      }, {
        "code": "F445",
        "display": "Conversion disorder with seizures or convulsions"
      }, {
        "code": "F446",
        "display": "Conversion disorder with sensory symptom or deficit"
      }, {
        "code": "F447",
        "display": "Conversion disorder with mixed symptom presentation"
      }, {
        "code": "F448",
        "display": "Other dissociative and conversion disorders"
      }, {
        "code": "F4481",
        "display": "Dissociative identity disorder"
      }, {
        "code": "F4489",
        "display": "Other dissociative and conversion disorders"
      }, {
        "code": "F449",
        "display": "Dissociative and conversion disorder, unspecified"
      } ]
    } ]
  }
}