{
  "resourceType": "ValueSet",
  "id": "R43",
  "url": "http://hl7.org/fhir/sid/icd-10-cm-1328",
  "version": "1.0",
  "name": "Disturbances of smell and taste",
  "title": "Disturbances of smell and taste",
  "status": "active",
  "compose": {
    "include": [ {
      "system": "http://hl7.org/fhir/sid/icd-10-cm",
      "concept": [ {
        "code": "R430",
        "display": "Anosmia"
      }, {
        "code": "R431",
        "display": "Parosmia"
      }, {
        "code": "R432",
        "display": "Parageusia"
      }, {
        "code": "R438",
        "display": "Other disturbances of smell and taste"
      }, {
        "code": "R439",
        "display": "Unspecified disturbances of smell and taste"
      } ]
    } ]
  }
}