{
  "resourceType": "ValueSet",
  "id": "R20",
  "url": "http://hl7.org/fhir/sid/icd-10-cm-1308",
  "version": "1.0",
  "name": "Disturbances of skin sensation",
  "title": "Disturbances of skin sensation",
  "status": "active",
  "compose": {
    "include": [ {
      "system": "http://hl7.org/fhir/sid/icd-10-cm",
      "concept": [ {
        "code": "R200",
        "display": "Anesthesia of skin"
      }, {
        "code": "R201",
        "display": "Hypoesthesia of skin"
      }, {
        "code": "R202",
        "display": "Paresthesia of skin"
      }, {
        "code": "R203",
        "display": "Hyperesthesia"
      }, {
        "code": "R208",
        "display": "Other disturbances of skin sensation"
      }, {
        "code": "R209",
        "display": "Unspecified disturbances of skin sensation"
      } ]
    } ]
  }
}