{
  "resourceType": "ValueSet",
  "id": "K57",
  "url": "http://hl7.org/fhir/sid/icd-10-cm-802",
  "version": "1.0",
  "name": "Diverticular disease of intestine",
  "title": "Diverticular disease of intestine",
  "status": "active",
  "compose": {
    "include": [ {
      "system": "http://hl7.org/fhir/sid/icd-10-cm",
      "concept": [ {
        "code": "K570",
        "display": "Diverticulitis of small intestine w perforation and abscess"
      }, {
        "code": "K5700",
        "display": "Dvtrcli of sm int w perforation and abscess w/o bleeding"
      }, {
        "code": "K5701",
        "display": "Dvtrcli of sm int w perforation and abscess w bleeding"
      }, {
        "code": "K571",
        "display": "Diverticular disease of sm int w/o perforation or abscess"
      }, {
        "code": "K5710",
        "display": "Dvrtclos of sm int w/o perforation or abscess w/o bleeding"
      }, {
        "code": "K5711",
        "display": "Dvrtclos of sm int w/o perforation or abscess w bleeding"
      }, {
        "code": "K5712",
        "display": "Dvtrcli of sm int w/o perforation or abscess w/o bleeding"
      }, {
        "code": "K5713",
        "display": "Dvtrcli of sm int w/o perforation or abscess w bleeding"
      }, {
        "code": "K572",
        "display": "Diverticulitis of large intestine w perforation and abscess"
      }, {
        "code": "K5720",
        "display": "Dvtrcli of lg int w perforation and abscess w/o bleeding"
      }, {
        "code": "K5721",
        "display": "Dvtrcli of lg int w perforation and abscess w bleeding"
      }, {
        "code": "K573",
        "display": "Diverticular disease of lg int w/o perforation or abscess"
      }, {
        "code": "K5730",
        "display": "Dvrtclos of lg int w/o perforation or abscess w/o bleeding"
      }, {
        "code": "K5731",
        "display": "Dvrtclos of lg int w/o perforation or abscess w bleeding"
      }, {
        "code": "K5732",
        "display": "Dvtrcli of lg int w/o perforation or abscess w/o bleeding"
      }, {
        "code": "K5733",
        "display": "Dvtrcli of lg int w/o perforation or abscess w bleeding"
      }, {
        "code": "K574",
        "display": "Dvtrcli of both small and lg int w perforation and abscess"
      }, {
        "code": "K5740",
        "display": "Dvtrcli of both small and lg int w perf and abscs w/o bleed"
      }, {
        "code": "K5741",
        "display": "Dvtrcli of both small and lg int w perf and abscess w bleed"
      }, {
        "code": "K575",
        "display": "Diverticular dis of both small and lg int w/o perf or abscs"
      }, {
        "code": "K5750",
        "display": "Dvrtclos of both sm and lg int w/o perf or abscs w/o bleed"
      }, {
        "code": "K5751",
        "display": "Dvrtclos of both small and lg int w/o perf or abscs w bleed"
      }, {
        "code": "K5752",
        "display": "Dvtrcli of both small and lg int w/o perf or abscs w/o bleed"
      }, {
        "code": "K5753",
        "display": "Dvtrcli of both small and lg int w/o perf or abscess w bleed"
      }, {
        "code": "K578",
        "display": "Dvtrcli of intestine, part unsp, w perforation and abscess"
      }, {
        "code": "K5780",
        "display": "Dvtrcli of intest, part unsp, w perf and abscess w/o bleed"
      }, {
        "code": "K5781",
        "display": "Dvtrcli of intest, part unsp, w perf and abscess w bleeding"
      }, {
        "code": "K579",
        "display": "Diverticular disease of intest, part unsp, w/o perf or abscs"
      }, {
        "code": "K5790",
        "display": "Dvrtclos of intest, part unsp, w/o perf or abscess w/o bleed"
      }, {
        "code": "K5791",
        "display": "Dvrtclos of intest, part unsp, w/o perf or abscess w bleed"
      }, {
        "code": "K5792",
        "display": "Dvtrcli of intest, part unsp, w/o perf or abscess w/o bleed"
      }, {
        "code": "K5793",
        "display": "Dvtrcli of intest, part unsp, w/o perf or abscess w bleeding"
      } ]
    } ]
  }
}