{
  "resourceType": "ValueSet",
  "id": "Z52",
  "url": "http://hl7.org/fhir/sid/icd-10-cm-1866",
  "version": "1.0",
  "name": "Donors of organs and tissues",
  "title": "Donors of organs and tissues",
  "status": "active",
  "compose": {
    "include": [ {
      "system": "http://hl7.org/fhir/sid/icd-10-cm",
      "concept": [ {
        "code": "Z520",
        "display": "Blood donor"
      }, {
        "code": "Z5200",
        "display": "Unspecified blood donor"
      }, {
        "code": "Z52000",
        "display": "Unspecified donor, whole blood"
      }, {
        "code": "Z52001",
        "display": "Unspecified donor, stem cells"
      }, {
        "code": "Z52008",
        "display": "Unspecified donor, other blood"
      }, {
        "code": "Z5201",
        "display": "Autologous blood donor"
      }, {
        "code": "Z52010",
        "display": "Autologous donor, whole blood"
      }, {
        "code": "Z52011",
        "display": "Autologous donor, stem cells"
      }, {
        "code": "Z52018",
        "display": "Autologous donor, other blood"
      }, {
        "code": "Z5209",
        "display": "Other blood donor"
      }, {
        "code": "Z52090",
        "display": "Other blood donor, whole blood"
      }, {
        "code": "Z52091",
        "display": "Other blood donor, stem cells"
      }, {
        "code": "Z52098",
        "display": "Other blood donor, other blood"
      }, {
        "code": "Z521",
        "display": "Skin donor"
      }, {
        "code": "Z5210",
        "display": "Skin donor, unspecified"
      }, {
        "code": "Z5211",
        "display": "Skin donor, autologous"
      }, {
        "code": "Z5219",
        "display": "Skin donor, other"
      }, {
        "code": "Z522",
        "display": "Bone donor"
      }, {
        "code": "Z5220",
        "display": "Bone donor, unspecified"
      }, {
        "code": "Z5221",
        "display": "Bone donor, autologous"
      }, {
        "code": "Z5229",
        "display": "Bone donor, other"
      }, {
        "code": "Z523",
        "display": "Bone marrow donor"
      }, {
        "code": "Z524",
        "display": "Kidney donor"
      }, {
        "code": "Z525",
        "display": "Cornea donor"
      }, {
        "code": "Z526",
        "display": "Liver donor"
      }, {
        "code": "Z528",
        "display": "Donor of other specified organs or tissues"
      }, {
        "code": "Z5281",
        "display": "Egg (Oocyte) donor"
      }, {
        "code": "Z52810",
        "display": "Egg (Oocyte) donor under age 35, anonymous recipient"
      }, {
        "code": "Z52811",
        "display": "Egg (Oocyte) donor under age 35, designated recipient"
      }, {
        "code": "Z52812",
        "display": "Egg (Oocyte) donor age 35 and over, anonymous recipient"
      }, {
        "code": "Z52813",
        "display": "Egg (Oocyte) donor age 35 and over, designated recipient"
      }, {
        "code": "Z52819",
        "display": "Egg (Oocyte) donor, unspecified"
      }, {
        "code": "Z5289",
        "display": "Donor of other specified organs or tissues"
      }, {
        "code": "Z529",
        "display": "Donor of unspecified organ or tissue"
      } ]
    } ]
  }
}