{
  "resourceType": "ValueSet",
  "id": "M54",
  "url": "http://hl7.org/fhir/sid/icd-10-cm-954",
  "version": "1.0",
  "name": "Dorsalgia",
  "title": "Dorsalgia",
  "status": "active",
  "compose": {
    "include": [ {
      "system": "http://hl7.org/fhir/sid/icd-10-cm",
      "concept": [ {
        "code": "M540",
        "display": "Panniculitis affecting regions of neck and back"
      }, {
        "code": "M5400",
        "display": "Panniculitis affecting regions of neck and back, site unsp"
      }, {
        "code": "M5401",
        "display": "Panniculitis aff regions of neck/bk, occipt-atlan-ax region"
      }, {
        "code": "M5402",
        "display": "Panniculitis affecting regions of neck/bk, cervical region"
      }, {
        "code": "M5403",
        "display": "Panniculitis aff regions of neck/bk, cervicothor region"
      }, {
        "code": "M5404",
        "display": "Panniculitis affecting regions of neck/bk, thoracic region"
      }, {
        "code": "M5405",
        "display": "Panniculitis affecting regions of neck/bk, thoracolum region"
      }, {
        "code": "M5406",
        "display": "Panniculitis affecting regions of neck/bk, lumbar region"
      }, {
        "code": "M5407",
        "display": "Panniculitis affecting regions of neck/bk, lumbosacr region"
      }, {
        "code": "M5408",
        "display": "Panniculitis aff regions of neck/bk, sacr/sacrocygl region"
      }, {
        "code": "M5409",
        "display": "Panniculitis aff regions, neck/bk, multiple sites in spine"
      }, {
        "code": "M541",
        "display": "Radiculopathy"
      }, {
        "code": "M5410",
        "display": "Radiculopathy, site unspecified"
      }, {
        "code": "M5411",
        "display": "Radiculopathy, occipito-atlanto-axial region"
      }, {
        "code": "M5412",
        "display": "Radiculopathy, cervical region"
      }, {
        "code": "M5413",
        "display": "Radiculopathy, cervicothoracic region"
      }, {
        "code": "M5414",
        "display": "Radiculopathy, thoracic region"
      }, {
        "code": "M5415",
        "display": "Radiculopathy, thoracolumbar region"
      }, {
        "code": "M5416",
        "display": "Radiculopathy, lumbar region"
      }, {
        "code": "M5417",
        "display": "Radiculopathy, lumbosacral region"
      }, {
        "code": "M5418",
        "display": "Radiculopathy, sacral and sacrococcygeal region"
      }, {
        "code": "M542",
        "display": "Cervicalgia"
      }, {
        "code": "M543",
        "display": "Sciatica"
      }, {
        "code": "M5430",
        "display": "Sciatica, unspecified side"
      }, {
        "code": "M5431",
        "display": "Sciatica, right side"
      }, {
        "code": "M5432",
        "display": "Sciatica, left side"
      }, {
        "code": "M544",
        "display": "Lumbago with sciatica"
      }, {
        "code": "M5440",
        "display": "Lumbago with sciatica, unspecified side"
      }, {
        "code": "M5441",
        "display": "Lumbago with sciatica, right side"
      }, {
        "code": "M5442",
        "display": "Lumbago with sciatica, left side"
      }, {
        "code": "M545",
        "display": "Low back pain"
      }, {
        "code": "M546",
        "display": "Pain in thoracic spine"
      }, {
        "code": "M548",
        "display": "Other dorsalgia"
      }, {
        "code": "M5481",
        "display": "Occipital neuralgia"
      }, {
        "code": "M5489",
        "display": "Other dorsalgia"
      }, {
        "code": "M549",
        "display": "Dorsalgia, unspecified"
      } ]
    } ]
  }
}