{
  "resourceType": "ValueSet",
  "id": "Q90",
  "url": "http://hl7.org/fhir/sid/icd-10-cm-1281",
  "version": "1.0",
  "name": "Down syndrome",
  "title": "Down syndrome",
  "status": "active",
  "compose": {
    "include": [ {
      "system": "http://hl7.org/fhir/sid/icd-10-cm",
      "concept": [ {
        "code": "Q900",
        "display": "Trisomy 21, nonmosaicism (meiotic nondisjunction)"
      }, {
        "code": "Q901",
        "display": "Trisomy 21, mosaicism (mitotic nondisjunction)"
      }, {
        "code": "Q902",
        "display": "Trisomy 21, translocation"
      }, {
        "code": "Q909",
        "display": "Down syndrome, unspecified"
      } ]
    } ]
  }
}