{
  "resourceType": "ValueSet",
  "id": "Y21",
  "url": "http://hl7.org/fhir/sid/icd-10-cm-1779",
  "version": "1.0",
  "name": "Drowning and submersion, undetermined intent",
  "title": "Drowning and submersion, undetermined intent",
  "status": "active",
  "compose": {
    "include": [ {
      "system": "http://hl7.org/fhir/sid/icd-10-cm",
      "concept": [ {
        "code": "Y210",
        "display": "Drown while in bathtub, undetermined intent"
      }, {
        "code": "Y210XXA",
        "display": "Drown while in bathtub, undetermined intent, init"
      }, {
        "code": "Y210XXD",
        "display": "Drown while in bathtub, undetermined intent, subs"
      }, {
        "code": "Y210XXS",
        "display": "Drown while in bathtub, undetermined intent, sequela"
      }, {
        "code": "Y211",
        "display": "Drown after fall into bathtub, undetermined intent"
      }, {
        "code": "Y211XXA",
        "display": "Drown after fall into bathtub, undetermined intent, init"
      }, {
        "code": "Y211XXD",
        "display": "Drown after fall into bathtub, undetermined intent, subs"
      }, {
        "code": "Y211XXS",
        "display": "Drown after fall into bathtub, undetermined intent, sequela"
      }, {
        "code": "Y212",
        "display": "Drown while in swimming pool, undetermined intent"
      }, {
        "code": "Y212XXA",
        "display": "Drown while in swimming pool, undetermined intent, init"
      }, {
        "code": "Y212XXD",
        "display": "Drown while in swimming pool, undetermined intent, subs"
      }, {
        "code": "Y212XXS",
        "display": "Drown while in swimming pool, undetermined intent, sequela"
      }, {
        "code": "Y213",
        "display": "Drown after fall into swimming pool, undetermined intent"
      }, {
        "code": "Y213XXA",
        "display": "Drown after fall into swimming pool, undet intent, init"
      }, {
        "code": "Y213XXD",
        "display": "Drown after fall into swimming pool, undet intent, subs"
      }, {
        "code": "Y213XXS",
        "display": "Drown after fall into swimming pool, undet intent, sequela"
      }, {
        "code": "Y214",
        "display": "Drown in natural water, undetermined intent"
      }, {
        "code": "Y214XXA",
        "display": "Drown in natural water, undetermined intent, init"
      }, {
        "code": "Y214XXD",
        "display": "Drown in natural water, undetermined intent, subs"
      }, {
        "code": "Y214XXS",
        "display": "Drown in natural water, undetermined intent, sequela"
      }, {
        "code": "Y218",
        "display": "Other drowning and submersion, undetermined intent"
      }, {
        "code": "Y218XXA",
        "display": "Oth drowning and submersion, undetermined intent, init"
      }, {
        "code": "Y218XXD",
        "display": "Oth drowning and submersion, undetermined intent, subs"
      }, {
        "code": "Y218XXS",
        "display": "Other drowning and submersion, undetermined intent, sequela"
      }, {
        "code": "Y219",
        "display": "Unspecified drowning and submersion, undetermined intent"
      }, {
        "code": "Y219XXA",
        "display": "Unsp drowning and submersion, undetermined intent, init"
      }, {
        "code": "Y219XXD",
        "display": "Unsp drowning and submersion, undetermined intent, subs"
      }, {
        "code": "Y219XXS",
        "display": "Unsp drowning and submersion, undetermined intent, sequela"
      } ]
    } ]
  }
}