{
  "resourceType": "ValueSet",
  "id": "V90",
  "url": "http://hl7.org/fhir/sid/icd-10-cm-1638",
  "version": "1.0",
  "name": "Drowning and submersion due to accident to watercraft",
  "title": "Drowning and submersion due to accident to watercraft",
  "status": "active",
  "compose": {
    "include": [ {
      "system": "http://hl7.org/fhir/sid/icd-10-cm",
      "concept": [ {
        "code": "V900",
        "display": "Drowning and submersion due to watercraft overturning"
      }, {
        "code": "V9000",
        "display": "Drowning and submersion due to merchant ship overturning"
      }, {
        "code": "V9000XA",
        "display": "Drown due to merchant ship overturning, init"
      }, {
        "code": "V9000XD",
        "display": "Drown due to merchant ship overturning, subs"
      }, {
        "code": "V9000XS",
        "display": "Drown due to merchant ship overturning, sequela"
      }, {
        "code": "V9001",
        "display": "Drowning and submersion due to passenger ship overturning"
      }, {
        "code": "V9001XA",
        "display": "Drown due to passenger ship overturning, init"
      }, {
        "code": "V9001XD",
        "display": "Drown due to passenger ship overturning, subs"
      }, {
        "code": "V9001XS",
        "display": "Drown due to passenger ship overturning, sequela"
      }, {
        "code": "V9002",
        "display": "Drowning and submersion due to fishing boat overturning"
      }, {
        "code": "V9002XA",
        "display": "Drown due to fishing boat overturning, init"
      }, {
        "code": "V9002XD",
        "display": "Drown due to fishing boat overturning, subs"
      }, {
        "code": "V9002XS",
        "display": "Drown due to fishing boat overturning, sequela"
      }, {
        "code": "V9003",
        "display": "Drown due to oth powered watercraft overturning"
      }, {
        "code": "V9003XA",
        "display": "Drown due to oth powered watercraft overturning, init"
      }, {
        "code": "V9003XD",
        "display": "Drown due to oth powered watercraft overturning, subs"
      }, {
        "code": "V9003XS",
        "display": "Drown due to oth powered watercraft overturning, sequela"
      }, {
        "code": "V9004",
        "display": "Drowning and submersion due to sailboat overturning"
      }, {
        "code": "V9004XA",
        "display": "Drowning and submersion due to sailboat overturning, init"
      }, {
        "code": "V9004XD",
        "display": "Drowning and submersion due to sailboat overturning, subs"
      }, {
        "code": "V9004XS",
        "display": "Drowning and submersion due to sailboat overturning, sequela"
      }, {
        "code": "V9005",
        "display": "Drowning and submersion due to canoe or kayak overturning"
      }, {
        "code": "V9005XA",
        "display": "Drown due to canoe or kayak overturning, init"
      }, {
        "code": "V9005XD",
        "display": "Drown due to canoe or kayak overturning, subs"
      }, {
        "code": "V9005XS",
        "display": "Drown due to canoe or kayak overturning, sequela"
      }, {
        "code": "V9006",
        "display": "Drown due to (nonpowered) inflatable craft overturning"
      }, {
        "code": "V9006XA",
        "display": "Drown due to (nonpowered) inflatable craft overturning, init"
      }, {
        "code": "V9006XD",
        "display": "Drown due to (nonpowered) inflatable craft overturning, subs"
      }, {
        "code": "V9006XS",
        "display": "Drown due to (nonpowered) inflatbl crft overturning, sequela"
      }, {
        "code": "V9008",
        "display": "Drowning and submersion due to unpowr wtrcrft overturning"
      }, {
        "code": "V9008XA",
        "display": "Drown due to unpowr wtrcrft overturning, init"
      }, {
        "code": "V9008XD",
        "display": "Drown due to unpowr wtrcrft overturning, subs"
      }, {
        "code": "V9008XS",
        "display": "Drown due to unpowr wtrcrft overturning, sequela"
      }, {
        "code": "V9009",
        "display": "Drowning and submersion due to unsp watercraft overturning"
      }, {
        "code": "V9009XA",
        "display": "Drown due to unsp watercraft overturning, init"
      }, {
        "code": "V9009XD",
        "display": "Drown due to unsp watercraft overturning, subs"
      }, {
        "code": "V9009XS",
        "display": "Drown due to unsp watercraft overturning, sequela"
      }, {
        "code": "V901",
        "display": "Drowning and submersion due to watercraft sinking"
      }, {
        "code": "V9010",
        "display": "Drowning and submersion due to merchant ship sinking"
      }, {
        "code": "V9010XA",
        "display": "Drowning and submersion due to merchant ship sinking, init"
      }, {
        "code": "V9010XD",
        "display": "Drowning and submersion due to merchant ship sinking, subs"
      }, {
        "code": "V9010XS",
        "display": "Drown due to merchant ship sinking, sequela"
      }, {
        "code": "V9011",
        "display": "Drowning and submersion due to passenger ship sinking"
      }, {
        "code": "V9011XA",
        "display": "Drowning and submersion due to passenger ship sinking, init"
      }, {
        "code": "V9011XD",
        "display": "Drowning and submersion due to passenger ship sinking, subs"
      }, {
        "code": "V9011XS",
        "display": "Drown due to passenger ship sinking, sequela"
      }, {
        "code": "V9012",
        "display": "Drowning and submersion due to fishing boat sinking"
      }, {
        "code": "V9012XA",
        "display": "Drowning and submersion due to fishing boat sinking, init"
      }, {
        "code": "V9012XD",
        "display": "Drowning and submersion due to fishing boat sinking, subs"
      }, {
        "code": "V9012XS",
        "display": "Drowning and submersion due to fishing boat sinking, sequela"
      }, {
        "code": "V9013",
        "display": "Drown due to oth powered watercraft sinking"
      }, {
        "code": "V9013XA",
        "display": "Drown due to oth powered watercraft sinking, init"
      }, {
        "code": "V9013XD",
        "display": "Drown due to oth powered watercraft sinking, subs"
      }, {
        "code": "V9013XS",
        "display": "Drown due to oth powered watercraft sinking, sequela"
      }, {
        "code": "V9014",
        "display": "Drowning and submersion due to sailboat sinking"
      }, {
        "code": "V9014XA",
        "display": "Drowning and submersion due to sailboat sinking, init encntr"
      }, {
        "code": "V9014XD",
        "display": "Drowning and submersion due to sailboat sinking, subs encntr"
      }, {
        "code": "V9014XS",
        "display": "Drowning and submersion due to sailboat sinking, sequela"
      }, {
        "code": "V9015",
        "display": "Drowning and submersion due to canoe or kayak sinking"
      }, {
        "code": "V9015XA",
        "display": "Drowning and submersion due to canoe or kayak sinking, init"
      }, {
        "code": "V9015XD",
        "display": "Drowning and submersion due to canoe or kayak sinking, subs"
      }, {
        "code": "V9015XS",
        "display": "Drown due to canoe or kayak sinking, sequela"
      }, {
        "code": "V9016",
        "display": "Drown due to (nonpowered) inflatable craft sinking"
      }, {
        "code": "V9016XA",
        "display": "Drown due to (nonpowered) inflatable craft sinking, init"
      }, {
        "code": "V9016XD",
        "display": "Drown due to (nonpowered) inflatable craft sinking, subs"
      }, {
        "code": "V9016XS",
        "display": "Drown due to (nonpowered) inflatable craft sinking, sequela"
      }, {
        "code": "V9018",
        "display": "Drowning and submersion due to unpowr wtrcrft sinking"
      }, {
        "code": "V9018XA",
        "display": "Drowning and submersion due to unpowr wtrcrft sinking, init"
      }, {
        "code": "V9018XD",
        "display": "Drowning and submersion due to unpowr wtrcrft sinking, subs"
      }, {
        "code": "V9018XS",
        "display": "Drown due to unpowr wtrcrft sinking, sequela"
      }, {
        "code": "V9019",
        "display": "Drowning and submersion due to unsp watercraft sinking"
      }, {
        "code": "V9019XA",
        "display": "Drowning and submersion due to unsp watercraft sinking, init"
      }, {
        "code": "V9019XD",
        "display": "Drowning and submersion due to unsp watercraft sinking, subs"
      }, {
        "code": "V9019XS",
        "display": "Drown due to unsp watercraft sinking, sequela"
      }, {
        "code": "V902",
        "display": "Drown due to falling or jumping from burning watercraft"
      }, {
        "code": "V9020",
        "display": "Drown due to falling or jumping from burning merchant ship"
      }, {
        "code": "V9020XA",
        "display": "Drown due to fall/jump fr burning merchant ship, init"
      }, {
        "code": "V9020XD",
        "display": "Drown due to fall/jump fr burning merchant ship, subs"
      }, {
        "code": "V9020XS",
        "display": "Drown due to fall/jump fr burning merchant ship, sequela"
      }, {
        "code": "V9021",
        "display": "Drown due to falling or jumping from burning passenger ship"
      }, {
        "code": "V9021XA",
        "display": "Drown due to fall/jump fr burning passenger ship, init"
      }, {
        "code": "V9021XD",
        "display": "Drown due to fall/jump fr burning passenger ship, subs"
      }, {
        "code": "V9021XS",
        "display": "Drown due to fall/jump fr burning passenger ship, sequela"
      }, {
        "code": "V9022",
        "display": "Drown due to falling or jumping from burning fishing boat"
      }, {
        "code": "V9022XA",
        "display": "Drown due to fall/jump fr burning fishing boat, init"
      }, {
        "code": "V9022XD",
        "display": "Drown due to fall/jump fr burning fishing boat, subs"
      }, {
        "code": "V9022XS",
        "display": "Drown due to fall/jump fr burning fishing boat, sequela"
      }, {
        "code": "V9023",
        "display": "Drown due to fall/jump fr oth burning powered watercraft"
      }, {
        "code": "V9023XA",
        "display": "Drown due to fall/jump fr oth burning powered wtrcrft, init"
      }, {
        "code": "V9023XD",
        "display": "Drown due to fall/jump fr oth burning powered wtrcrft, subs"
      }, {
        "code": "V9023XS",
        "display": "Drown due to fall/jump fr oth burn powered wtrcrft, sequela"
      }, {
        "code": "V9024",
        "display": "Drown due to falling or jumping from burning sailboat"
      }, {
        "code": "V9024XA",
        "display": "Drown due to falling or jumping from burning sailboat, init"
      }, {
        "code": "V9024XD",
        "display": "Drown due to falling or jumping from burning sailboat, subs"
      }, {
        "code": "V9024XS",
        "display": "Drown due to fall/jump fr burning sailboat, sequela"
      }, {
        "code": "V9025",
        "display": "Drown due to falling or jumping from burning canoe or kayak"
      }, {
        "code": "V9025XA",
        "display": "Drown due to fall/jump fr burning canoe or kayak, init"
      }, {
        "code": "V9025XD",
        "display": "Drown due to fall/jump fr burning canoe or kayak, subs"
      }, {
        "code": "V9025XS",
        "display": "Drown due to fall/jump fr burning canoe or kayak, sequela"
      }, {
        "code": "V9026",
        "display": "Drown due to fall/jump fr burning (nonpowered) inflatbl crft"
      }, {
        "code": "V9026XA",
        "display": "Drown due to fall/jump fr burning inflatbl crft, init"
      }, {
        "code": "V9026XD",
        "display": "Drown due to fall/jump fr burning inflatbl crft, subs"
      }, {
        "code": "V9026XS",
        "display": "Drown due to fall/jump fr burning inflatbl crft, sequela"
      }, {
        "code": "V9027",
        "display": "Drown due to falling or jumping from burning water-skis"
      }, {
        "code": "V9027XA",
        "display": "Drown due to fall/jump fr burning water-skis, init"
      }, {
        "code": "V9027XD",
        "display": "Drown due to fall/jump fr burning water-skis, subs"
      }, {
        "code": "V9027XS",
        "display": "Drown due to fall/jump fr burning water-skis, sequela"
      }, {
        "code": "V9028",
        "display": "Drown due to fall/jump fr oth burning unpowered watercraft"
      }, {
        "code": "V9028XA",
        "display": "Drown due to fall/jump fr oth burning unpowr wtrcrft, init"
      }, {
        "code": "V9028XD",
        "display": "Drown due to fall/jump fr oth burning unpowr wtrcrft, subs"
      }, {
        "code": "V9028XS",
        "display": "Drown due to fall/jump fr oth burn unpowr wtrcrft, sequela"
      }, {
        "code": "V9029",
        "display": "Drown due to falling or jumping from unsp burning watercraft"
      }, {
        "code": "V9029XA",
        "display": "Drown due to fall/jump fr unsp burning watercraft, init"
      }, {
        "code": "V9029XD",
        "display": "Drown due to fall/jump fr unsp burning watercraft, subs"
      }, {
        "code": "V9029XS",
        "display": "Drown due to fall/jump fr unsp burning watercraft, sequela"
      }, {
        "code": "V903",
        "display": "Drown due to falling or jumping from crushed watercraft"
      }, {
        "code": "V9030",
        "display": "Drown due to falling or jumping from crushed merchant ship"
      }, {
        "code": "V9030XA",
        "display": "Drown due to fall/jump fr crushed merchant ship, init"
      }, {
        "code": "V9030XD",
        "display": "Drown due to fall/jump fr crushed merchant ship, subs"
      }, {
        "code": "V9030XS",
        "display": "Drown due to fall/jump fr crushed merchant ship, sequela"
      }, {
        "code": "V9031",
        "display": "Drown due to falling or jumping from crushed passenger ship"
      }, {
        "code": "V9031XA",
        "display": "Drown due to fall/jump fr crushed passenger ship, init"
      }, {
        "code": "V9031XD",
        "display": "Drown due to fall/jump fr crushed passenger ship, subs"
      }, {
        "code": "V9031XS",
        "display": "Drown due to fall/jump fr crushed passenger ship, sequela"
      }, {
        "code": "V9032",
        "display": "Drown due to falling or jumping from crushed fishing boat"
      }, {
        "code": "V9032XA",
        "display": "Drown due to fall/jump fr crushed fishing boat, init"
      }, {
        "code": "V9032XD",
        "display": "Drown due to fall/jump fr crushed fishing boat, subs"
      }, {
        "code": "V9032XS",
        "display": "Drown due to fall/jump fr crushed fishing boat, sequela"
      }, {
        "code": "V9033",
        "display": "Drown due to fall/jump fr oth crushed powered watercraft"
      }, {
        "code": "V9033XA",
        "display": "Drown due to fall/jump fr oth crushed powered wtrcrft, init"
      }, {
        "code": "V9033XD",
        "display": "Drown due to fall/jump fr oth crushed powered wtrcrft, subs"
      }, {
        "code": "V9033XS",
        "display": "Drown due to fall/jump fr oth crush powered wtrcrft, sequela"
      }, {
        "code": "V9034",
        "display": "Drown due to falling or jumping from crushed sailboat"
      }, {
        "code": "V9034XA",
        "display": "Drown due to falling or jumping from crushed sailboat, init"
      }, {
        "code": "V9034XD",
        "display": "Drown due to falling or jumping from crushed sailboat, subs"
      }, {
        "code": "V9034XS",
        "display": "Drown due to fall/jump fr crushed sailboat, sequela"
      }, {
        "code": "V9035",
        "display": "Drown due to falling or jumping from crushed canoe or kayak"
      }, {
        "code": "V9035XA",
        "display": "Drown due to fall/jump fr crushed canoe or kayak, init"
      }, {
        "code": "V9035XD",
        "display": "Drown due to fall/jump fr crushed canoe or kayak, subs"
      }, {
        "code": "V9035XS",
        "display": "Drown due to fall/jump fr crushed canoe or kayak, sequela"
      }, {
        "code": "V9036",
        "display": "Drown due to fall/jump fr crushed (nonpowered) inflatbl crft"
      }, {
        "code": "V9036XA",
        "display": "Drown due to fall/jump fr crushed inflatbl crft, init"
      }, {
        "code": "V9036XD",
        "display": "Drown due to fall/jump fr crushed inflatbl crft, subs"
      }, {
        "code": "V9036XS",
        "display": "Drown due to fall/jump fr crushed inflatbl crft, sequela"
      }, {
        "code": "V9037",
        "display": "Drown due to falling or jumping from crushed water-skis"
      }, {
        "code": "V9037XA",
        "display": "Drown due to fall/jump fr crushed water-skis, init"
      }, {
        "code": "V9037XD",
        "display": "Drown due to fall/jump fr crushed water-skis, subs"
      }, {
        "code": "V9037XS",
        "display": "Drown due to fall/jump fr crushed water-skis, sequela"
      }, {
        "code": "V9038",
        "display": "Drown due to fall/jump fr oth crushed unpowered watercraft"
      }, {
        "code": "V9038XA",
        "display": "Drown due to fall/jump fr oth crushed unpowr wtrcrft, init"
      }, {
        "code": "V9038XD",
        "display": "Drown due to fall/jump fr oth crushed unpowr wtrcrft, subs"
      }, {
        "code": "V9038XS",
        "display": "Drown due to fall/jump fr oth crush unpowr wtrcrft, sequela"
      }, {
        "code": "V9039",
        "display": "Drown due to falling or jumping from crushed unsp watercraft"
      }, {
        "code": "V9039XA",
        "display": "Drown due to fall/jump fr crushed unsp watercraft, init"
      }, {
        "code": "V9039XD",
        "display": "Drown due to fall/jump fr crushed unsp watercraft, subs"
      }, {
        "code": "V9039XS",
        "display": "Drown due to fall/jump fr crushed unsp watercraft, sequela"
      }, {
        "code": "V908",
        "display": "Drowning and submersion due to other accident to watercraft"
      }, {
        "code": "V9080",
        "display": "Drowning and submersion due to oth accident to merchant ship"
      }, {
        "code": "V9080XA",
        "display": "Drown due to oth accident to merchant ship, init"
      }, {
        "code": "V9080XD",
        "display": "Drown due to oth accident to merchant ship, subs"
      }, {
        "code": "V9080XS",
        "display": "Drown due to oth accident to merchant ship, sequela"
      }, {
        "code": "V9081",
        "display": "Drown due to oth accident to passenger ship"
      }, {
        "code": "V9081XA",
        "display": "Drown due to oth accident to passenger ship, init"
      }, {
        "code": "V9081XD",
        "display": "Drown due to oth accident to passenger ship, subs"
      }, {
        "code": "V9081XS",
        "display": "Drown due to oth accident to passenger ship, sequela"
      }, {
        "code": "V9082",
        "display": "Drowning and submersion due to oth accident to fishing boat"
      }, {
        "code": "V9082XA",
        "display": "Drown due to oth accident to fishing boat, init"
      }, {
        "code": "V9082XD",
        "display": "Drown due to oth accident to fishing boat, subs"
      }, {
        "code": "V9082XS",
        "display": "Drown due to oth accident to fishing boat, sequela"
      }, {
        "code": "V9083",
        "display": "Drown due to oth accident to oth powered watercraft"
      }, {
        "code": "V9083XA",
        "display": "Drown due to oth accident to oth powered watercraft, init"
      }, {
        "code": "V9083XD",
        "display": "Drown due to oth accident to oth powered watercraft, subs"
      }, {
        "code": "V9083XS",
        "display": "Drown due to oth accident to oth powered watercraft, sequela"
      }, {
        "code": "V9084",
        "display": "Drowning and submersion due to other accident to sailboat"
      }, {
        "code": "V9084XA",
        "display": "Drown due to oth accident to sailboat, init"
      }, {
        "code": "V9084XD",
        "display": "Drown due to oth accident to sailboat, subs"
      }, {
        "code": "V9084XS",
        "display": "Drown due to oth accident to sailboat, sequela"
      }, {
        "code": "V9085",
        "display": "Drown due to oth accident to canoe or kayak"
      }, {
        "code": "V9085XA",
        "display": "Drown due to oth accident to canoe or kayak, init"
      }, {
        "code": "V9085XD",
        "display": "Drown due to oth accident to canoe or kayak, subs"
      }, {
        "code": "V9085XS",
        "display": "Drown due to oth accident to canoe or kayak, sequela"
      }, {
        "code": "V9086",
        "display": "Drown due to oth accident to (nonpowered) inflatable craft"
      }, {
        "code": "V9086XA",
        "display": "Drown due to oth accident to inflatbl crft, init"
      }, {
        "code": "V9086XD",
        "display": "Drown due to oth accident to inflatbl crft, subs"
      }, {
        "code": "V9086XS",
        "display": "Drown due to oth accident to inflatbl crft, sequela"
      }, {
        "code": "V9087",
        "display": "Drowning and submersion due to other accident to water-skis"
      }, {
        "code": "V9087XA",
        "display": "Drown due to oth accident to water-skis, init"
      }, {
        "code": "V9087XD",
        "display": "Drown due to oth accident to water-skis, subs"
      }, {
        "code": "V9087XS",
        "display": "Drown due to oth accident to water-skis, sequela"
      }, {
        "code": "V9088",
        "display": "Drown due to oth accident to unpowr wtrcrft"
      }, {
        "code": "V9088XA",
        "display": "Drown due to oth accident to unpowr wtrcrft, init"
      }, {
        "code": "V9088XD",
        "display": "Drown due to oth accident to unpowr wtrcrft, subs"
      }, {
        "code": "V9088XS",
        "display": "Drown due to oth accident to unpowr wtrcrft, sequela"
      }, {
        "code": "V9089",
        "display": "Drown due to oth accident to unsp watercraft"
      }, {
        "code": "V9089XA",
        "display": "Drown due to oth accident to unsp watercraft, init"
      }, {
        "code": "V9089XD",
        "display": "Drown due to oth accident to unsp watercraft, subs"
      }, {
        "code": "V9089XS",
        "display": "Drown due to oth accident to unsp watercraft, sequela"
      } ]
    } ]
  }
}