{
  "resourceType": "ValueSet",
  "id": "V92",
  "url": "http://hl7.org/fhir/sid/icd-10-cm-1640",
  "version": "1.0",
  "name": "Drown due to acc on board wtrcrft, w/o accident to wtrcrft",
  "title": "Drowning and submersion due to accident on board watercraft, without accident to watercraft",
  "status": "active",
  "compose": {
    "include": [ {
      "system": "http://hl7.org/fhir/sid/icd-10-cm",
      "concept": [ {
        "code": "V920",
        "display": "Drowning and submersion due to fall off watercraft"
      }, {
        "code": "V9200",
        "display": "Drowning and submersion due to fall off merchant ship"
      }, {
        "code": "V9200XA",
        "display": "Drowning and submersion due to fall off merchant ship, init"
      }, {
        "code": "V9200XD",
        "display": "Drowning and submersion due to fall off merchant ship, subs"
      }, {
        "code": "V9200XS",
        "display": "Drown due to fall off merchant ship, sequela"
      }, {
        "code": "V9201",
        "display": "Drowning and submersion due to fall off passenger ship"
      }, {
        "code": "V9201XA",
        "display": "Drowning and submersion due to fall off passenger ship, init"
      }, {
        "code": "V9201XD",
        "display": "Drowning and submersion due to fall off passenger ship, subs"
      }, {
        "code": "V9201XS",
        "display": "Drown due to fall off passenger ship, sequela"
      }, {
        "code": "V9202",
        "display": "Drowning and submersion due to fall off fishing boat"
      }, {
        "code": "V9202XA",
        "display": "Drowning and submersion due to fall off fishing boat, init"
      }, {
        "code": "V9202XD",
        "display": "Drowning and submersion due to fall off fishing boat, subs"
      }, {
        "code": "V9202XS",
        "display": "Drown due to fall off fishing boat, sequela"
      }, {
        "code": "V9203",
        "display": "Drown due to fall off oth powered watercraft"
      }, {
        "code": "V9203XA",
        "display": "Drown due to fall off oth powered watercraft, init"
      }, {
        "code": "V9203XD",
        "display": "Drown due to fall off oth powered watercraft, subs"
      }, {
        "code": "V9203XS",
        "display": "Drown due to fall off oth powered watercraft, sequela"
      }, {
        "code": "V9204",
        "display": "Drowning and submersion due to fall off sailboat"
      }, {
        "code": "V9204XA",
        "display": "Drowning and submersion due to fall off sailboat, init"
      }, {
        "code": "V9204XD",
        "display": "Drowning and submersion due to fall off sailboat, subs"
      }, {
        "code": "V9204XS",
        "display": "Drowning and submersion due to fall off sailboat, sequela"
      }, {
        "code": "V9205",
        "display": "Drowning and submersion due to fall off canoe or kayak"
      }, {
        "code": "V9205XA",
        "display": "Drowning and submersion due to fall off canoe or kayak, init"
      }, {
        "code": "V9205XD",
        "display": "Drowning and submersion due to fall off canoe or kayak, subs"
      }, {
        "code": "V9205XS",
        "display": "Drown due to fall off canoe or kayak, sequela"
      }, {
        "code": "V9206",
        "display": "Drown due to fall off (nonpowered) inflatable craft"
      }, {
        "code": "V9206XA",
        "display": "Drown due to fall off (nonpowered) inflatable craft, init"
      }, {
        "code": "V9206XD",
        "display": "Drown due to fall off (nonpowered) inflatable craft, subs"
      }, {
        "code": "V9206XS",
        "display": "Drown due to fall off (nonpowered) inflatable craft, sequela"
      }, {
        "code": "V9207",
        "display": "Drowning and submersion due to fall off water-skis"
      }, {
        "code": "V9207XA",
        "display": "Drowning and submersion due to fall off water-skis, init"
      }, {
        "code": "V9207XD",
        "display": "Drowning and submersion due to fall off water-skis, subs"
      }, {
        "code": "V9207XS",
        "display": "Drowning and submersion due to fall off water-skis, sequela"
      }, {
        "code": "V9208",
        "display": "Drowning and submersion due to fall off unpowr wtrcrft"
      }, {
        "code": "V9208XA",
        "display": "Drowning and submersion due to fall off unpowr wtrcrft, init"
      }, {
        "code": "V9208XD",
        "display": "Drowning and submersion due to fall off unpowr wtrcrft, subs"
      }, {
        "code": "V9208XS",
        "display": "Drown due to fall off unpowr wtrcrft, sequela"
      }, {
        "code": "V9209",
        "display": "Drowning and submersion due to fall off unsp watercraft"
      }, {
        "code": "V9209XA",
        "display": "Drown due to fall off unsp watercraft, init"
      }, {
        "code": "V9209XD",
        "display": "Drown due to fall off unsp watercraft, subs"
      }, {
        "code": "V9209XS",
        "display": "Drown due to fall off unsp watercraft, sequela"
      }, {
        "code": "V921",
        "display": "Drown due to being thrown overboard by motion of watercraft"
      }, {
        "code": "V9210",
        "display": "Drown due to being thrown overboard by motion of merch ship"
      }, {
        "code": "V9210XA",
        "display": "Drown d/t being thrown ovrbrd by motion of merch ship, init"
      }, {
        "code": "V9210XD",
        "display": "Drown d/t being thrown ovrbrd by motion of merch ship, subs"
      }, {
        "code": "V9210XS",
        "display": "Drown d/t being thrown ovrbrd by motion of merch ship, sqla"
      }, {
        "code": "V9211",
        "display": "Drown due to being thrown ovrbrd by motion of passenger ship"
      }, {
        "code": "V9211XA",
        "display": "Drown d/t being thrown ovrbrd by motion of pasngr ship, init"
      }, {
        "code": "V9211XD",
        "display": "Drown d/t being thrown ovrbrd by motion of pasngr ship, subs"
      }, {
        "code": "V9211XS",
        "display": "Drown d/t being thrown ovrbrd by motion of pasngr ship, sqla"
      }, {
        "code": "V9212",
        "display": "Drown due to being thrown ovrbrd by motion of fishing boat"
      }, {
        "code": "V9212XA",
        "display": "Drown d/t being thrown ovrbrd by motion of fish boat, init"
      }, {
        "code": "V9212XD",
        "display": "Drown d/t being thrown ovrbrd by motion of fish boat, subs"
      }, {
        "code": "V9212XS",
        "display": "Drown d/t being thrown ovrbrd by motion of fish boat, sqla"
      }, {
        "code": "V9213",
        "display": "Drown due to being thrown ovrbrd by motion of power wtrcrft"
      }, {
        "code": "V9213XA",
        "display": "Drown d/t thrown ovrbrd by motion of power wtrcrft, init"
      }, {
        "code": "V9213XD",
        "display": "Drown d/t thrown ovrbrd by motion of power wtrcrft, subs"
      }, {
        "code": "V9213XS",
        "display": "Drown d/t thrown ovrbrd by motion of power wtrcrft, sqla"
      }, {
        "code": "V9214",
        "display": "Drown due to being thrown overboard by motion of sailboat"
      }, {
        "code": "V9214XA",
        "display": "Drown due to being thrown ovrbrd by motion of sailboat, init"
      }, {
        "code": "V9214XD",
        "display": "Drown due to being thrown ovrbrd by motion of sailboat, subs"
      }, {
        "code": "V9214XS",
        "display": "Drown due to being thrown ovrbrd by motion of sailbt, sqla"
      }, {
        "code": "V9215",
        "display": "Drown due to being thrown overboard by motion of canoe/kayk"
      }, {
        "code": "V9215XA",
        "display": "Drown d/t being thrown ovrbrd by motion of canoe/kayk, init"
      }, {
        "code": "V9215XD",
        "display": "Drown d/t being thrown ovrbrd by motion of canoe/kayk, subs"
      }, {
        "code": "V9215XS",
        "display": "Drown d/t being thrown ovrbrd by motion of canoe/kayk, sqla"
      }, {
        "code": "V9216",
        "display": "Drown due to being thrown ovrbrd by motion of inflatbl crft"
      }, {
        "code": "V9216XA",
        "display": "Drown d/t thrown ovrbrd by motion of inflatbl crft, init"
      }, {
        "code": "V9216XD",
        "display": "Drown d/t thrown ovrbrd by motion of inflatbl crft, subs"
      }, {
        "code": "V9216XS",
        "display": "Drown d/t thrown ovrbrd by motion of inflatbl crft, sqla"
      }, {
        "code": "V9219",
        "display": "Drown due to being thrown ovrbrd by motion of unsp wtrcrft"
      }, {
        "code": "V9219XA",
        "display": "Drown d/t thrown ovrbrd by motion of unsp wtrcrft, init"
      }, {
        "code": "V9219XD",
        "display": "Drown d/t thrown ovrbrd by motion of unsp wtrcrft, subs"
      }, {
        "code": "V9219XS",
        "display": "Drown d/t thrown ovrbrd by motion of unsp wtrcrft, sqla"
      }, {
        "code": "V922",
        "display": "Drown due to being washed overboard from watercraft"
      }, {
        "code": "V9220",
        "display": "Drown due to being washed overboard from merchant ship"
      }, {
        "code": "V9220XA",
        "display": "Drown due to being washed overboard from merchant ship, init"
      }, {
        "code": "V9220XD",
        "display": "Drown due to being washed overboard from merchant ship, subs"
      }, {
        "code": "V9220XS",
        "display": "Drown due to being washed overboard from merch ship, sequela"
      }, {
        "code": "V9221",
        "display": "Drown due to being washed overboard from passenger ship"
      }, {
        "code": "V9221XA",
        "display": "Drown due to being washed ovrbrd from passenger ship, init"
      }, {
        "code": "V9221XD",
        "display": "Drown due to being washed ovrbrd from passenger ship, subs"
      }, {
        "code": "V9221XS",
        "display": "Drown due to being washed ovrbrd from pasngr ship, sequela"
      }, {
        "code": "V9222",
        "display": "Drown due to being washed overboard from fishing boat"
      }, {
        "code": "V9222XA",
        "display": "Drown due to being washed overboard from fishing boat, init"
      }, {
        "code": "V9222XD",
        "display": "Drown due to being washed overboard from fishing boat, subs"
      }, {
        "code": "V9222XS",
        "display": "Drown due to being washed ovrbrd from fishing boat, sequela"
      }, {
        "code": "V9223",
        "display": "Drown due to being washed overboard from oth powered wtrcrft"
      }, {
        "code": "V9223XA",
        "display": "Drown d/t being washed ovrbrd from oth power wtrcrft, init"
      }, {
        "code": "V9223XD",
        "display": "Drown d/t being washed ovrbrd from oth power wtrcrft, subs"
      }, {
        "code": "V9223XS",
        "display": "Drown d/t being washed ovrbrd from oth power wtrcrft, sqla"
      }, {
        "code": "V9224",
        "display": "Drown due to being washed overboard from sailboat"
      }, {
        "code": "V9224XA",
        "display": "Drown due to being washed overboard from sailboat, init"
      }, {
        "code": "V9224XD",
        "display": "Drown due to being washed overboard from sailboat, subs"
      }, {
        "code": "V9224XS",
        "display": "Drown due to being washed overboard from sailboat, sequela"
      }, {
        "code": "V9225",
        "display": "Drown due to being washed overboard from canoe or kayak"
      }, {
        "code": "V9225XA",
        "display": "Drown due to being washed overboard from canoe/kayk, init"
      }, {
        "code": "V9225XD",
        "display": "Drown due to being washed overboard from canoe/kayk, subs"
      }, {
        "code": "V9225XS",
        "display": "Drown due to being washed overboard from canoe/kayk, sequela"
      }, {
        "code": "V9226",
        "display": "Drown due to being washed overboard from inflatbl crft"
      }, {
        "code": "V9226XA",
        "display": "Drown due to being washed overboard from inflatbl crft, init"
      }, {
        "code": "V9226XD",
        "display": "Drown due to being washed overboard from inflatbl crft, subs"
      }, {
        "code": "V9226XS",
        "display": "Drown due to being washed ovrbrd from inflatbl crft, sequela"
      }, {
        "code": "V9227",
        "display": "Drown due to being washed overboard from water-skis"
      }, {
        "code": "V9227XA",
        "display": "Drown due to being washed overboard from water-skis, init"
      }, {
        "code": "V9227XD",
        "display": "Drown due to being washed overboard from water-skis, subs"
      }, {
        "code": "V9227XS",
        "display": "Drown due to being washed overboard from water-skis, sequela"
      }, {
        "code": "V9228",
        "display": "Drown due to being washed overboard from unpowr wtrcrft"
      }, {
        "code": "V9228XA",
        "display": "Drown due to being washed ovrbrd from unpowr wtrcrft, init"
      }, {
        "code": "V9228XD",
        "display": "Drown due to being washed ovrbrd from unpowr wtrcrft, subs"
      }, {
        "code": "V9228XS",
        "display": "Drown due to being washed ovrbrd from unpowr wtrcrft, sqla"
      }, {
        "code": "V9229",
        "display": "Drown due to being washed overboard from unsp watercraft"
      }, {
        "code": "V9229XA",
        "display": "Drown due to being washed overboard from unsp wtrcrft, init"
      }, {
        "code": "V9229XD",
        "display": "Drown due to being washed overboard from unsp wtrcrft, subs"
      }, {
        "code": "V9229XS",
        "display": "Drown due to being washed ovrbrd from unsp wtrcrft, sequela"
      } ]
    } ]
  }
}