{
  "resourceType": "ValueSet",
  "id": "E09",
  "url": "http://hl7.org/fhir/sid/icd-10-cm-353",
  "version": "1.0",
  "name": "Drug or chemical induced diabetes mellitus",
  "title": "Drug or chemical induced diabetes mellitus",
  "status": "active",
  "compose": {
    "include": [ {
      "system": "http://hl7.org/fhir/sid/icd-10-cm",
      "concept": [ {
        "code": "E090",
        "display": "Drug or chemical induced diabetes mellitus w hyperosmolarity"
      }, {
        "code": "E0900",
        "display": "Drug/chem diab w hyprosm w/o nonket hyprgly-hypros coma"
      }, {
        "code": "E0901",
        "display": "Drug/chem diabetes mellitus w hyperosmolarity w coma"
      }, {
        "code": "E091",
        "display": "Drug or chemical induced diabetes mellitus with ketoacidosis"
      }, {
        "code": "E0910",
        "display": "Drug/chem diabetes mellitus w ketoacidosis w/o coma"
      }, {
        "code": "E0911",
        "display": "Drug/chem diabetes mellitus w ketoacidosis w coma"
      }, {
        "code": "E092",
        "display": "Drug/chem diabetes mellitus w kidney complications"
      }, {
        "code": "E0921",
        "display": "Drug/chem diabetes mellitus w diabetic nephropathy"
      }, {
        "code": "E0922",
        "display": "Drug/chem diabetes w diabetic chronic kidney disease"
      }, {
        "code": "E0929",
        "display": "Drug/chem diabetes w oth diabetic kidney complication"
      }, {
        "code": "E093",
        "display": "Drug/chem diabetes mellitus w ophthalmic complications"
      }, {
        "code": "E0931",
        "display": "Drug/chem diabetes mellitus w unsp diabetic retinopathy"
      }, {
        "code": "E09311",
        "display": "Drug/chem diabetes w unsp diabetic rtnop w macular edema"
      }, {
        "code": "E09319",
        "display": "Drug/chem diabetes w unsp diabetic rtnop w/o macular edema"
      }, {
        "code": "E0932",
        "display": "Drug/chem diabetes w mild nonprlf diabetic retinopathy"
      }, {
        "code": "E09321",
        "display": "Drug/chem diab w mild nonprlf diabetic rtnop w macular edema"
      }, {
        "code": "E093211",
        "display": "Drug/chem diab with mild nonp rtnop with mclr edema, r eye"
      }, {
        "code": "E093212",
        "display": "Drug/chem diab with mild nonp rtnop with mclr edema, l eye"
      }, {
        "code": "E093213",
        "display": "Drug/chem diab with mild nonp rtnop with macular edema, bi"
      }, {
        "code": "E093219",
        "display": "Drug/chem diab with mild nonp rtnop with macular edema, unsp"
      }, {
        "code": "E09329",
        "display": "Drug/chem diab w mild nonprlf diab rtnop w/o macular edema"
      }, {
        "code": "E093291",
        "display": "Drug/chem diab with mild nonp rtnop w/o mclr edema, r eye"
      }, {
        "code": "E093292",
        "display": "Drug/chem diab with mild nonp rtnop w/o mclr edema, l eye"
      }, {
        "code": "E093293",
        "display": "Drug/chem diab with mild nonp rtnop without mclr edema, bi"
      }, {
        "code": "E093299",
        "display": "Drug/chem diab with mild nonp rtnop without mclr edema, unsp"
      }, {
        "code": "E0933",
        "display": "Drug/chem diabetes w moderate nonprlf diabetic retinopathy"
      }, {
        "code": "E09331",
        "display": "Drug/chem diab w moderate nonprlf diab rtnop w macular edema"
      }, {
        "code": "E093311",
        "display": "Drug/chem diab with mod nonp rtnop with macular edema, r eye"
      }, {
        "code": "E093312",
        "display": "Drug/chem diab with mod nonp rtnop with macular edema, l eye"
      }, {
        "code": "E093313",
        "display": "Drug/chem diab with mod nonp rtnop with macular edema, bi"
      }, {
        "code": "E093319",
        "display": "Drug/chem diab with mod nonp rtnop with macular edema, unsp"
      }, {
        "code": "E09339",
        "display": "Drug/chem diab w mod nonprlf diab rtnop w/o macular edema"
      }, {
        "code": "E093391",
        "display": "Drug/chem diab with mod nonp rtnop without mclr edema, r eye"
      }, {
        "code": "E093392",
        "display": "Drug/chem diab with mod nonp rtnop without mclr edema, l eye"
      }, {
        "code": "E093393",
        "display": "Drug/chem diab with mod nonp rtnop without macular edema, bi"
      }, {
        "code": "E093399",
        "display": "Drug/chem diab with mod nonp rtnop without mclr edema, unsp"
      }, {
        "code": "E0934",
        "display": "Drug/chem diabetes w severe nonprlf diabetic retinopathy"
      }, {
        "code": "E09341",
        "display": "Drug/chem diab w severe nonprlf diab rtnop w macular edema"
      }, {
        "code": "E093411",
        "display": "Drug/chem diab with severe nonp rtnop with mclr edema, r eye"
      }, {
        "code": "E093412",
        "display": "Drug/chem diab with severe nonp rtnop with mclr edema, l eye"
      }, {
        "code": "E093413",
        "display": "Drug/chem diab with severe nonp rtnop with macular edema, bi"
      }, {
        "code": "E093419",
        "display": "Drug/chem diab with severe nonp rtnop with mclr edema, unsp"
      }, {
        "code": "E09349",
        "display": "Drug/chem diab w severe nonprlf diab rtnop w/o macular edema"
      }, {
        "code": "E093491",
        "display": "Drug/chem diab with severe nonp rtnop w/o mclr edema, r eye"
      }, {
        "code": "E093492",
        "display": "Drug/chem diab with severe nonp rtnop w/o mclr edema, l eye"
      }, {
        "code": "E093493",
        "display": "Drug/chem diab with severe nonp rtnop without mclr edema, bi"
      }, {
        "code": "E093499",
        "display": "Drug/chem diab with severe nonp rtnop w/o mclr edema, unsp"
      }, {
        "code": "E0935",
        "display": "Drug/chem diabetes w proliferative diabetic retinopathy"
      }, {
        "code": "E09351",
        "display": "Drug/chem diabetes w prolif diabetic rtnop w macular edema"
      }, {
        "code": "E093511",
        "display": "Drug/chem diab with prolif diab rtnop with mclr edema, r eye"
      }, {
        "code": "E093512",
        "display": "Drug/chem diab with prolif diab rtnop with mclr edema, l eye"
      }, {
        "code": "E093513",
        "display": "Drug/chem diab with prolif diab rtnop with macular edema, bi"
      }, {
        "code": "E093519",
        "display": "Drug/chem diab with prolif diab rtnop with mclr edema, unsp"
      }, {
        "code": "E09352",
        "display": "Drug/chem diab with prolif diab rtnop with trctn dtch macula"
      }, {
        "code": "E093521",
        "display": "Drug/chem diab w prolif diab rtnop w trctn dtch macula,r eye"
      }, {
        "code": "E093522",
        "display": "Drug/chem diab w prolif diab rtnop w trctn dtch macula,l eye"
      }, {
        "code": "E093523",
        "display": "Drug/chem diab w prolif diab rtnop w trctn dtch macula, bi"
      }, {
        "code": "E093529",
        "display": "Drug/chem diab w prolif diab rtnop w trctn dtch macula, unsp"
      }, {
        "code": "E09353",
        "display": "Drug/chem diab with prolif diab rtnop with trctn dtch n-mcla"
      }, {
        "code": "E093531",
        "display": "Drug/chem diab w prolif diab rtnop w trctn dtch n-mcla,r eye"
      }, {
        "code": "E093532",
        "display": "Drug/chem diab w prolif diab rtnop w trctn dtch n-mcla,l eye"
      }, {
        "code": "E093533",
        "display": "Drug/chem diab w prolif diab rtnop w trctn dtch n-mcla, bi"
      }, {
        "code": "E093539",
        "display": "Drug/chem diab w prolif diab rtnop w trctn dtch n-mcla, unsp"
      }, {
        "code": "E09354",
        "display": "Drug/chem diab with prolif diabetic rtnop with comb detach"
      }, {
        "code": "E093541",
        "display": "Drug/chem diab w prolif diab rtnop with comb detach, r eye"
      }, {
        "code": "E093542",
        "display": "Drug/chem diab w prolif diab rtnop with comb detach, l eye"
      }, {
        "code": "E093543",
        "display": "Drug/chem diab with prolif diab rtnop with comb detach, bi"
      }, {
        "code": "E093549",
        "display": "Drug/chem diab with prolif diab rtnop with comb detach, unsp"
      }, {
        "code": "E09355",
        "display": "Drug/chem diabetes with stable prolif diabetic retinopathy"
      }, {
        "code": "E093551",
        "display": "Drug/chem diabetes with stable prolif diabetic rtnop, r eye"
      }, {
        "code": "E093552",
        "display": "Drug/chem diab with stable prolif diabetic rtnop, left eye"
      }, {
        "code": "E093553",
        "display": "Drug/chem diabetes with stable prolif diabetic rtnop, bi"
      }, {
        "code": "E093559",
        "display": "Drug/chem diabetes with stable prolif diabetic rtnop, unsp"
      }, {
        "code": "E09359",
        "display": "Drug/chem diabetes w prolif diabetic rtnop w/o macular edema"
      }, {
        "code": "E093591",
        "display": "Drug/chem diab with prolif diab rtnop w/o mclr edema, r eye"
      }, {
        "code": "E093592",
        "display": "Drug/chem diab with prolif diab rtnop w/o mclr edema, l eye"
      }, {
        "code": "E093593",
        "display": "Drug/chem diab with prolif diab rtnop without mclr edema, bi"
      }, {
        "code": "E093599",
        "display": "Drug/chem diab with prolif diab rtnop w/o mclr edema, unsp"
      }, {
        "code": "E0936",
        "display": "Drug/chem diabetes mellitus w diabetic cataract"
      }, {
        "code": "E0937",
        "display": "Drug/chem diab with diab macular edema, resolved fol trtmt"
      }, {
        "code": "E0937X1",
        "display": "Drug/chem diab w diab mclr edma, resolved fol trtmt, r eye"
      }, {
        "code": "E0937X2",
        "display": "Drug/chem diab w diab mclr edma, resolved fol trtmt, l eye"
      }, {
        "code": "E0937X3",
        "display": "Drug/chem diab with diab mclr edema, resolved fol trtmt, bi"
      }, {
        "code": "E0937X9",
        "display": "Drug/chem diab with diab mclr edma, resolved fol trtmt, unsp"
      }, {
        "code": "E0939",
        "display": "Drug/chem diabetes w oth diabetic ophthalmic complication"
      }, {
        "code": "E094",
        "display": "Drug/chem diabetes mellitus w neurological complications"
      }, {
        "code": "E0940",
        "display": "Drug/chem diabetes w neuro comp w diabetic neuropathy, unsp"
      }, {
        "code": "E0941",
        "display": "Drug/chem diabetes w neuro comp w diabetic mononeuropathy"
      }, {
        "code": "E0942",
        "display": "Drug/chem diabetes w neurological comp w diabetic polyneurop"
      }, {
        "code": "E0943",
        "display": "Drug/chem diab w neuro comp w diab autonm (poly)neuropathy"
      }, {
        "code": "E0944",
        "display": "Drug/chem diabetes w neurological comp w diabetic amyotrophy"
      }, {
        "code": "E0949",
        "display": "Drug/chem diabetes w neuro comp w oth diabetic neuro comp"
      }, {
        "code": "E095",
        "display": "Drug/chem diabetes mellitus w circulatory complications"
      }, {
        "code": "E0951",
        "display": "Drug/chem diabetes w diabetic prph angiopath w/o gangrene"
      }, {
        "code": "E0952",
        "display": "Drug/chem diabetes w diabetic prph angiopath w gangrene"
      }, {
        "code": "E0959",
        "display": "Drug/chem diabetes mellitus w oth circulatory complications"
      }, {
        "code": "E096",
        "display": "Drug/chem diabetes mellitus w oth complications"
      }, {
        "code": "E0961",
        "display": "Drug/chem diabetes mellitus w diabetic arthropathy"
      }, {
        "code": "E09610",
        "display": "Drug/chem diabetes w diabetic neuropathic arthropathy"
      }, {
        "code": "E09618",
        "display": "Drug/chem diabetes mellitus w oth diabetic arthropathy"
      }, {
        "code": "E0962",
        "display": "Drug/chem diabetes mellitus w skin complications"
      }, {
        "code": "E09620",
        "display": "Drug/chem diabetes mellitus w diabetic dermatitis"
      }, {
        "code": "E09621",
        "display": "Drug or chemical induced diabetes mellitus with foot ulcer"
      }, {
        "code": "E09622",
        "display": "Drug or chemical induced diabetes mellitus w oth skin ulcer"
      }, {
        "code": "E09628",
        "display": "Drug/chem diabetes mellitus w oth skin complications"
      }, {
        "code": "E0963",
        "display": "Drug/chem diabetes mellitus w oral complications"
      }, {
        "code": "E09630",
        "display": "Drug/chem diabetes mellitus w periodontal disease"
      }, {
        "code": "E09638",
        "display": "Drug/chem diabetes mellitus w oth oral complications"
      }, {
        "code": "E0964",
        "display": "Drug or chemical induced diabetes mellitus with hypoglycemia"
      }, {
        "code": "E09641",
        "display": "Drug/chem diabetes mellitus w hypoglycemia w coma"
      }, {
        "code": "E09649",
        "display": "Drug/chem diabetes mellitus w hypoglycemia w/o coma"
      }, {
        "code": "E0965",
        "display": "Drug or chemical induced diabetes mellitus w hyperglycemia"
      }, {
        "code": "E0969",
        "display": "Drug/chem diabetes mellitus w oth complication"
      }, {
        "code": "E098",
        "display": "Drug/chem diabetes mellitus w unsp complications"
      }, {
        "code": "E099",
        "display": "Drug or chemical induced diabetes mellitus w/o complications"
      } ]
    } ]
  }
}