{
  "resourceType": "ValueSet",
  "id": "N14",
  "url": "http://hl7.org/fhir/sid/icd-10-cm-1000",
  "version": "1.0",
  "name": "Drug- & heavy-metal-induced tubulo-interstitial & tublr cond",
  "title": "Drug- and heavy-metal-induced tubulo-interstitial and tubular conditions",
  "status": "active",
  "compose": {
    "include": [ {
      "system": "http://hl7.org/fhir/sid/icd-10-cm",
      "concept": [ {
        "code": "N140",
        "display": "Analgesic nephropathy"
      }, {
        "code": "N141",
        "display": "Nephropathy induced by oth drug/meds/biol subst"
      }, {
        "code": "N142",
        "display": "Neuropath induced by unsp drug, medicament or biolg sub"
      }, {
        "code": "N143",
        "display": "Nephropathy induced by heavy metals"
      }, {
        "code": "N144",
        "display": "Toxic nephropathy, not elsewhere classified"
      } ]
    } ]
  }
}