{
  "resourceType": "ValueSet",
  "id": "K26",
  "url": "http://hl7.org/fhir/sid/icd-10-cm-780",
  "version": "1.0",
  "name": "Duodenal ulcer",
  "title": "Duodenal ulcer",
  "status": "active",
  "compose": {
    "include": [ {
      "system": "http://hl7.org/fhir/sid/icd-10-cm",
      "concept": [ {
        "code": "K260",
        "display": "Acute duodenal ulcer with hemorrhage"
      }, {
        "code": "K261",
        "display": "Acute duodenal ulcer with perforation"
      }, {
        "code": "K262",
        "display": "Acute duodenal ulcer with both hemorrhage and perforation"
      }, {
        "code": "K263",
        "display": "Acute duodenal ulcer without hemorrhage or perforation"
      }, {
        "code": "K264",
        "display": "Chronic or unspecified duodenal ulcer with hemorrhage"
      }, {
        "code": "K265",
        "display": "Chronic or unspecified duodenal ulcer with perforation"
      }, {
        "code": "K266",
        "display": "Chronic or unsp duodenal ulcer w both hemorrhage and perf"
      }, {
        "code": "K267",
        "display": "Chronic duodenal ulcer without hemorrhage or perforation"
      }, {
        "code": "K269",
        "display": "Duodenal ulcer, unsp as acute or chronic, w/o hemor or perf"
      } ]
    } ]
  }
}