{
  "resourceType": "ValueSet",
  "id": "R48",
  "url": "http://hl7.org/fhir/sid/icd-10-cm-1333",
  "version": "1.0",
  "name": "Dyslexia and oth symbolic dysfunctions, NEC",
  "title": "Dyslexia and other symbolic dysfunctions, not elsewhere classified",
  "status": "active",
  "compose": {
    "include": [ {
      "system": "http://hl7.org/fhir/sid/icd-10-cm",
      "concept": [ {
        "code": "R480",
        "display": "Dyslexia and alexia"
      }, {
        "code": "R481",
        "display": "Agnosia"
      }, {
        "code": "R482",
        "display": "Apraxia"
      }, {
        "code": "R483",
        "display": "Visual agnosia"
      }, {
        "code": "R488",
        "display": "Other symbolic dysfunctions"
      }, {
        "code": "R489",
        "display": "Unspecified symbolic dysfunctions"
      } ]
    } ]
  }
}