{
  "resourceType": "ValueSet",
  "id": "N87",
  "url": "http://hl7.org/fhir/sid/icd-10-cm-1059",
  "version": "1.0",
  "name": "Dysplasia of cervix uteri",
  "title": "Dysplasia of cervix uteri",
  "status": "active",
  "compose": {
    "include": [ {
      "system": "http://hl7.org/fhir/sid/icd-10-cm",
      "concept": [ {
        "code": "N870",
        "display": "Mild cervical dysplasia"
      }, {
        "code": "N871",
        "display": "Moderate cervical dysplasia"
      }, {
        "code": "N879",
        "display": "Dysplasia of cervix uteri, unspecified"
      } ]
    } ]
  }
}