{
  "resourceType": "ValueSet",
  "id": "G24",
  "url": "http://hl7.org/fhir/sid/icd-10-cm-507",
  "version": "1.0",
  "name": "Dystonia",
  "title": "Dystonia",
  "status": "active",
  "compose": {
    "include": [ {
      "system": "http://hl7.org/fhir/sid/icd-10-cm",
      "concept": [ {
        "code": "G240",
        "display": "Drug induced dystonia"
      }, {
        "code": "G2401",
        "display": "Drug induced subacute dyskinesia"
      }, {
        "code": "G2402",
        "display": "Drug induced acute dystonia"
      }, {
        "code": "G2409",
        "display": "Other drug induced dystonia"
      }, {
        "code": "G241",
        "display": "Genetic torsion dystonia"
      }, {
        "code": "G242",
        "display": "Idiopathic nonfamilial dystonia"
      }, {
        "code": "G243",
        "display": "Spasmodic torticollis"
      }, {
        "code": "G244",
        "display": "Idiopathic orofacial dystonia"
      }, {
        "code": "G245",
        "display": "Blepharospasm"
      }, {
        "code": "G248",
        "display": "Other dystonia"
      }, {
        "code": "G249",
        "display": "Dystonia, unspecified"
      } ]
    } ]
  }
}