{
  "resourceType": "ValueSet",
  "id": "A51",
  "url": "http://hl7.org/fhir/sid/icd-10-cm-43",
  "version": "1.0",
  "name": "Early syphilis",
  "title": "Early syphilis",
  "status": "active",
  "compose": {
    "include": [ {
      "system": "http://hl7.org/fhir/sid/icd-10-cm",
      "concept": [ {
        "code": "A510",
        "display": "Primary genital syphilis"
      }, {
        "code": "A511",
        "display": "Primary anal syphilis"
      }, {
        "code": "A512",
        "display": "Primary syphilis of other sites"
      }, {
        "code": "A513",
        "display": "Secondary syphilis of skin and mucous membranes"
      }, {
        "code": "A5131",
        "display": "Condyloma latum"
      }, {
        "code": "A5132",
        "display": "Syphilitic alopecia"
      }, {
        "code": "A5139",
        "display": "Other secondary syphilis of skin"
      }, {
        "code": "A514",
        "display": "Other secondary syphilis"
      }, {
        "code": "A5141",
        "display": "Secondary syphilitic meningitis"
      }, {
        "code": "A5142",
        "display": "Secondary syphilitic female pelvic disease"
      }, {
        "code": "A5143",
        "display": "Secondary syphilitic oculopathy"
      }, {
        "code": "A5144",
        "display": "Secondary syphilitic nephritis"
      }, {
        "code": "A5145",
        "display": "Secondary syphilitic hepatitis"
      }, {
        "code": "A5146",
        "display": "Secondary syphilitic osteopathy"
      }, {
        "code": "A5149",
        "display": "Other secondary syphilitic conditions"
      }, {
        "code": "A515",
        "display": "Early syphilis, latent"
      }, {
        "code": "A519",
        "display": "Early syphilis, unspecified"
      } ]
    } ]
  }
}