{
  "resourceType": "ValueSet",
  "id": "X34",
  "url": "http://hl7.org/fhir/sid/icd-10-cm-1741",
  "version": "1.0",
  "name": "Earthquake",
  "title": "Earthquake",
  "status": "active",
  "compose": {
    "include": [ {
      "system": "http://hl7.org/fhir/sid/icd-10-cm",
      "concept": [ {
        "code": "X34XXXA",
        "display": "Earthquake, initial encounter"
      }, {
        "code": "X34XXXD",
        "display": "Earthquake, subsequent encounter"
      }, {
        "code": "X34XXXS",
        "display": "Earthquake, sequela"
      } ]
    } ]
  }
}