{
  "resourceType": "ValueSet",
  "id": "F50",
  "url": "http://hl7.org/fhir/sid/icd-10-cm-456",
  "version": "1.0",
  "name": "Eating disorders",
  "title": "Eating disorders",
  "status": "active",
  "compose": {
    "include": [ {
      "system": "http://hl7.org/fhir/sid/icd-10-cm",
      "concept": [ {
        "code": "F500",
        "display": "Anorexia nervosa"
      }, {
        "code": "F5000",
        "display": "Anorexia nervosa, unspecified"
      }, {
        "code": "F5001",
        "display": "Anorexia nervosa, restricting type"
      }, {
        "code": "F5002",
        "display": "Anorexia nervosa, binge eating/purging type"
      }, {
        "code": "F502",
        "display": "Bulimia nervosa"
      }, {
        "code": "F508",
        "display": "Other eating disorders"
      }, {
        "code": "F5081",
        "display": "Binge eating disorder"
      }, {
        "code": "F5082",
        "display": "Avoidant/restrictive food intake disorder"
      }, {
        "code": "F5089",
        "display": "Other specified eating disorder"
      }, {
        "code": "F509",
        "display": "Eating disorder, unspecified"
      } ]
    } ]
  }
}