{
  "resourceType": "ValueSet",
  "id": "L74",
  "url": "http://hl7.org/fhir/sid/icd-10-cm-886",
  "version": "1.0",
  "name": "Eccrine sweat disorders",
  "title": "Eccrine sweat disorders",
  "status": "active",
  "compose": {
    "include": [ {
      "system": "http://hl7.org/fhir/sid/icd-10-cm",
      "concept": [ {
        "code": "L740",
        "display": "Miliaria rubra"
      }, {
        "code": "L741",
        "display": "Miliaria crystallina"
      }, {
        "code": "L742",
        "display": "Miliaria profunda"
      }, {
        "code": "L743",
        "display": "Miliaria, unspecified"
      }, {
        "code": "L744",
        "display": "Anhidrosis"
      }, {
        "code": "L745",
        "display": "Focal hyperhidrosis"
      }, {
        "code": "L7451",
        "display": "Primary focal hyperhidrosis"
      }, {
        "code": "L74510",
        "display": "Primary focal hyperhidrosis, axilla"
      }, {
        "code": "L74511",
        "display": "Primary focal hyperhidrosis, face"
      }, {
        "code": "L74512",
        "display": "Primary focal hyperhidrosis, palms"
      }, {
        "code": "L74513",
        "display": "Primary focal hyperhidrosis, soles"
      }, {
        "code": "L74519",
        "display": "Primary focal hyperhidrosis, unspecified"
      }, {
        "code": "L7452",
        "display": "Secondary focal hyperhidrosis"
      }, {
        "code": "L748",
        "display": "Other eccrine sweat disorders"
      }, {
        "code": "L749",
        "display": "Eccrine sweat disorder, unspecified"
      } ]
    } ]
  }
}