{
  "resourceType": "ValueSet",
  "id": "B67",
  "url": "http://hl7.org/fhir/sid/icd-10-cm-138",
  "version": "1.0",
  "name": "Echinococcosis",
  "title": "Echinococcosis",
  "status": "active",
  "compose": {
    "include": [ {
      "system": "http://hl7.org/fhir/sid/icd-10-cm",
      "concept": [ {
        "code": "B670",
        "display": "Echinococcus granulosus infection of liver"
      }, {
        "code": "B671",
        "display": "Echinococcus granulosus infection of lung"
      }, {
        "code": "B672",
        "display": "Echinococcus granulosus infection of bone"
      }, {
        "code": "B673",
        "display": "Echinococcus granulosus infection, other and multiple sites"
      }, {
        "code": "B6731",
        "display": "Echinococcus granulosus infection, thyroid gland"
      }, {
        "code": "B6732",
        "display": "Echinococcus granulosus infection, multiple sites"
      }, {
        "code": "B6739",
        "display": "Echinococcus granulosus infection, other sites"
      }, {
        "code": "B674",
        "display": "Echinococcus granulosus infection, unspecified"
      }, {
        "code": "B675",
        "display": "Echinococcus multilocularis infection of liver"
      }, {
        "code": "B676",
        "display": "Echinococcus multilocularis infct, oth and multiple sites"
      }, {
        "code": "B6761",
        "display": "Echinococcus multilocularis infection, multiple sites"
      }, {
        "code": "B6769",
        "display": "Echinococcus multilocularis infection, other sites"
      }, {
        "code": "B677",
        "display": "Echinococcus multilocularis infection, unspecified"
      }, {
        "code": "B678",
        "display": "Echinococcosis, unspecified, of liver"
      }, {
        "code": "B679",
        "display": "Echinococcosis, other and unspecified"
      }, {
        "code": "B6790",
        "display": "Echinococcosis, unspecified"
      }, {
        "code": "B6799",
        "display": "Other echinococcosis"
      } ]
    } ]
  }
}