{
  "resourceType": "ValueSet",
  "id": "O15",
  "url": "http://hl7.org/fhir/sid/icd-10-cm-1085",
  "version": "1.0",
  "name": "Eclampsia",
  "title": "Eclampsia",
  "status": "active",
  "compose": {
    "include": [ {
      "system": "http://hl7.org/fhir/sid/icd-10-cm",
      "concept": [ {
        "code": "O150",
        "display": "Eclampsia complicating pregnancy"
      }, {
        "code": "O1500",
        "display": "Eclampsia complicating pregnancy, unspecified trimester"
      }, {
        "code": "O1502",
        "display": "Eclampsia complicating pregnancy, second trimester"
      }, {
        "code": "O1503",
        "display": "Eclampsia complicating pregnancy, third trimester"
      }, {
        "code": "O151",
        "display": "Eclampsia complicating labor"
      }, {
        "code": "O152",
        "display": "Eclampsia complicating the puerperium"
      }, {
        "code": "O159",
        "display": "Eclampsia, unspecified as to time period"
      } ]
    } ]
  }
}