{
  "resourceType": "ValueSet",
  "id": "O00",
  "url": "http://hl7.org/fhir/sid/icd-10-cm-1072",
  "version": "1.0",
  "name": "Ectopic pregnancy",
  "title": "Ectopic pregnancy",
  "status": "active",
  "compose": {
    "include": [ {
      "system": "http://hl7.org/fhir/sid/icd-10-cm",
      "concept": [ {
        "code": "O000",
        "display": "Abdominal pregnancy"
      }, {
        "code": "O0000",
        "display": "Abdominal pregnancy without intrauterine pregnancy"
      }, {
        "code": "O0001",
        "display": "Abdominal pregnancy with intrauterine pregnancy"
      }, {
        "code": "O001",
        "display": "Tubal pregnancy"
      }, {
        "code": "O0010",
        "display": "Tubal pregnancy without intrauterine pregnancy"
      }, {
        "code": "O00101",
        "display": "Right tubal pregnancy without intrauterine pregnancy"
      }, {
        "code": "O00102",
        "display": "Left tubal pregnancy without intrauterine pregnancy"
      }, {
        "code": "O00109",
        "display": "Unspecified tubal pregnancy without intrauterine pregnancy"
      }, {
        "code": "O0011",
        "display": "Tubal pregnancy with intrauterine pregnancy"
      }, {
        "code": "O00111",
        "display": "Right tubal pregnancy with intrauterine pregnancy"
      }, {
        "code": "O00112",
        "display": "Left tubal pregnancy with intrauterine pregnancy"
      }, {
        "code": "O00119",
        "display": "Unspecified tubal pregnancy with intrauterine pregnancy"
      }, {
        "code": "O002",
        "display": "Ovarian pregnancy"
      }, {
        "code": "O0020",
        "display": "Ovarian pregnancy without intrauterine pregnancy"
      }, {
        "code": "O00201",
        "display": "Right ovarian pregnancy without intrauterine pregnancy"
      }, {
        "code": "O00202",
        "display": "Left ovarian pregnancy without intrauterine pregnancy"
      }, {
        "code": "O00209",
        "display": "Unspecified ovarian pregnancy without intrauterine pregnancy"
      }, {
        "code": "O0021",
        "display": "Ovarian pregnancy with intrauterine pregnancy"
      }, {
        "code": "O00211",
        "display": "Right ovarian pregnancy with intrauterine pregnancy"
      }, {
        "code": "O00212",
        "display": "Left ovarian pregnancy with intrauterine pregnancy"
      }, {
        "code": "O00219",
        "display": "Unspecified ovarian pregnancy with intrauterine pregnancy"
      }, {
        "code": "O008",
        "display": "Other ectopic pregnancy"
      }, {
        "code": "O0080",
        "display": "Other ectopic pregnancy without intrauterine pregnancy"
      }, {
        "code": "O0081",
        "display": "Other ectopic pregnancy with intrauterine pregnancy"
      }, {
        "code": "O009",
        "display": "Ectopic pregnancy, unspecified"
      }, {
        "code": "O0090",
        "display": "Unspecified ectopic pregnancy without intrauterine pregnancy"
      }, {
        "code": "O0091",
        "display": "Unspecified ectopic pregnancy with intrauterine pregnancy"
      } ]
    } ]
  }
}