{
  "resourceType": "ValueSet",
  "id": "R60",
  "url": "http://hl7.org/fhir/sid/icd-10-cm-1345",
  "version": "1.0",
  "name": "Edema, not elsewhere classified",
  "title": "Edema, not elsewhere classified",
  "status": "active",
  "compose": {
    "include": [ {
      "system": "http://hl7.org/fhir/sid/icd-10-cm",
      "concept": [ {
        "code": "R600",
        "display": "Localized edema"
      }, {
        "code": "R601",
        "display": "Generalized edema"
      }, {
        "code": "R609",
        "display": "Edema, unspecified"
      } ]
    } ]
  }
}