{
  "resourceType": "ValueSet",
  "id": "T67",
  "url": "http://hl7.org/fhir/sid/icd-10-cm-1530",
  "version": "1.0",
  "name": "Effects of heat and light",
  "title": "Effects of heat and light",
  "status": "active",
  "compose": {
    "include": [ {
      "system": "http://hl7.org/fhir/sid/icd-10-cm",
      "concept": [ {
        "code": "T670",
        "display": "Heatstroke and sunstroke"
      }, {
        "code": "T6701",
        "display": "Heatstroke and sunstroke"
      }, {
        "code": "T6701XA",
        "display": "Heatstroke and sunstroke, initial encounter"
      }, {
        "code": "T6701XD",
        "display": "Heatstroke and sunstroke, subsequent encounter"
      }, {
        "code": "T6701XS",
        "display": "Heatstroke and sunstroke, sequela"
      }, {
        "code": "T6702",
        "display": "Exertional heatstroke"
      }, {
        "code": "T6702XA",
        "display": "Exertional heatstroke, initial encounter"
      }, {
        "code": "T6702XD",
        "display": "Exertional heatstroke, subsequent encounter"
      }, {
        "code": "T6702XS",
        "display": "Exertional heatstroke, sequela"
      }, {
        "code": "T6709",
        "display": "Other heatstroke and sunstroke"
      }, {
        "code": "T6709XA",
        "display": "Other heatstroke and sunstroke, initial encounter"
      }, {
        "code": "T6709XD",
        "display": "Other heatstroke and sunstroke, subsequent encounter"
      }, {
        "code": "T6709XS",
        "display": "Other heatstroke and sunstroke, sequela"
      }, {
        "code": "T671",
        "display": "Heat syncope"
      }, {
        "code": "T671XXA",
        "display": "Heat syncope, initial encounter"
      }, {
        "code": "T671XXD",
        "display": "Heat syncope, subsequent encounter"
      }, {
        "code": "T671XXS",
        "display": "Heat syncope, sequela"
      }, {
        "code": "T672",
        "display": "Heat cramp"
      }, {
        "code": "T672XXA",
        "display": "Heat cramp, initial encounter"
      }, {
        "code": "T672XXD",
        "display": "Heat cramp, subsequent encounter"
      }, {
        "code": "T672XXS",
        "display": "Heat cramp, sequela"
      }, {
        "code": "T673",
        "display": "Heat exhaustion, anhydrotic"
      }, {
        "code": "T673XXA",
        "display": "Heat exhaustion, anhydrotic, initial encounter"
      }, {
        "code": "T673XXD",
        "display": "Heat exhaustion, anhydrotic, subsequent encounter"
      }, {
        "code": "T673XXS",
        "display": "Heat exhaustion, anhydrotic, sequela"
      }, {
        "code": "T674",
        "display": "Heat exhaustion due to salt depletion"
      }, {
        "code": "T674XXA",
        "display": "Heat exhaustion due to salt depletion, initial encounter"
      }, {
        "code": "T674XXD",
        "display": "Heat exhaustion due to salt depletion, subsequent encounter"
      }, {
        "code": "T674XXS",
        "display": "Heat exhaustion due to salt depletion, sequela"
      }, {
        "code": "T675",
        "display": "Heat exhaustion, unspecified"
      }, {
        "code": "T675XXA",
        "display": "Heat exhaustion, unspecified, initial encounter"
      }, {
        "code": "T675XXD",
        "display": "Heat exhaustion, unspecified, subsequent encounter"
      }, {
        "code": "T675XXS",
        "display": "Heat exhaustion, unspecified, sequela"
      }, {
        "code": "T676",
        "display": "Heat fatigue, transient"
      }, {
        "code": "T676XXA",
        "display": "Heat fatigue, transient, initial encounter"
      }, {
        "code": "T676XXD",
        "display": "Heat fatigue, transient, subsequent encounter"
      }, {
        "code": "T676XXS",
        "display": "Heat fatigue, transient, sequela"
      }, {
        "code": "T677",
        "display": "Heat edema"
      }, {
        "code": "T677XXA",
        "display": "Heat edema, initial encounter"
      }, {
        "code": "T677XXD",
        "display": "Heat edema, subsequent encounter"
      }, {
        "code": "T677XXS",
        "display": "Heat edema, sequela"
      }, {
        "code": "T678",
        "display": "Other effects of heat and light"
      }, {
        "code": "T678XXA",
        "display": "Other effects of heat and light, initial encounter"
      }, {
        "code": "T678XXD",
        "display": "Other effects of heat and light, subsequent encounter"
      }, {
        "code": "T678XXS",
        "display": "Other effects of heat and light, sequela"
      }, {
        "code": "T679",
        "display": "Effect of heat and light, unspecified"
      }, {
        "code": "T679XXA",
        "display": "Effect of heat and light, unspecified, initial encounter"
      }, {
        "code": "T679XXD",
        "display": "Effect of heat and light, unspecified, subsequent encounter"
      }, {
        "code": "T679XXS",
        "display": "Effect of heat and light, unspecified, sequela"
      } ]
    } ]
  }
}