{
  "resourceType": "ValueSet",
  "id": "T73",
  "url": "http://hl7.org/fhir/sid/icd-10-cm-1535",
  "version": "1.0",
  "name": "Effects of other deprivation",
  "title": "Effects of other deprivation",
  "status": "active",
  "compose": {
    "include": [ {
      "system": "http://hl7.org/fhir/sid/icd-10-cm",
      "concept": [ {
        "code": "T730",
        "display": "Starvation"
      }, {
        "code": "T730XXA",
        "display": "Starvation, initial encounter"
      }, {
        "code": "T730XXD",
        "display": "Starvation, subsequent encounter"
      }, {
        "code": "T730XXS",
        "display": "Starvation, sequela"
      }, {
        "code": "T731",
        "display": "Deprivation of water"
      }, {
        "code": "T731XXA",
        "display": "Deprivation of water, initial encounter"
      }, {
        "code": "T731XXD",
        "display": "Deprivation of water, subsequent encounter"
      }, {
        "code": "T731XXS",
        "display": "Deprivation of water, sequela"
      }, {
        "code": "T732",
        "display": "Exhaustion due to exposure"
      }, {
        "code": "T732XXA",
        "display": "Exhaustion due to exposure, initial encounter"
      }, {
        "code": "T732XXD",
        "display": "Exhaustion due to exposure, subsequent encounter"
      }, {
        "code": "T732XXS",
        "display": "Exhaustion due to exposure, sequela"
      }, {
        "code": "T733",
        "display": "Exhaustion due to excessive exertion"
      }, {
        "code": "T733XXA",
        "display": "Exhaustion due to excessive exertion, initial encounter"
      }, {
        "code": "T733XXD",
        "display": "Exhaustion due to excessive exertion, subsequent encounter"
      }, {
        "code": "T733XXS",
        "display": "Exhaustion due to excessive exertion, sequela"
      }, {
        "code": "T738",
        "display": "Other effects of deprivation"
      }, {
        "code": "T738XXA",
        "display": "Other effects of deprivation, initial encounter"
      }, {
        "code": "T738XXD",
        "display": "Other effects of deprivation, subsequent encounter"
      }, {
        "code": "T738XXS",
        "display": "Other effects of deprivation, sequela"
      }, {
        "code": "T739",
        "display": "Effect of deprivation, unspecified"
      }, {
        "code": "T739XXA",
        "display": "Effect of deprivation, unspecified, initial encounter"
      }, {
        "code": "T739XXD",
        "display": "Effect of deprivation, unspecified, subsequent encounter"
      }, {
        "code": "T739XXS",
        "display": "Effect of deprivation, unspecified, sequela"
      } ]
    } ]
  }
}