{
  "resourceType": "ValueSet",
  "id": "T70",
  "url": "http://hl7.org/fhir/sid/icd-10-cm-1533",
  "version": "1.0",
  "name": "Effects of air pressure and water pressure",
  "title": "Effects of air pressure and water pressure",
  "status": "active",
  "compose": {
    "include": [ {
      "system": "http://hl7.org/fhir/sid/icd-10-cm",
      "concept": [ {
        "code": "T700",
        "display": "Otitic barotrauma"
      }, {
        "code": "T700XXA",
        "display": "Otitic barotrauma, initial encounter"
      }, {
        "code": "T700XXD",
        "display": "Otitic barotrauma, subsequent encounter"
      }, {
        "code": "T700XXS",
        "display": "Otitic barotrauma, sequela"
      }, {
        "code": "T701",
        "display": "Sinus barotrauma"
      }, {
        "code": "T701XXA",
        "display": "Sinus barotrauma, initial encounter"
      }, {
        "code": "T701XXD",
        "display": "Sinus barotrauma, subsequent encounter"
      }, {
        "code": "T701XXS",
        "display": "Sinus barotrauma, sequela"
      }, {
        "code": "T702",
        "display": "Other and unspecified effects of high altitude"
      }, {
        "code": "T7020",
        "display": "Unspecified effects of high altitude"
      }, {
        "code": "T7020XA",
        "display": "Unspecified effects of high altitude, initial encounter"
      }, {
        "code": "T7020XD",
        "display": "Unspecified effects of high altitude, subsequent encounter"
      }, {
        "code": "T7020XS",
        "display": "Unspecified effects of high altitude, sequela"
      }, {
        "code": "T7029",
        "display": "Other effects of high altitude"
      }, {
        "code": "T7029XA",
        "display": "Other effects of high altitude, initial encounter"
      }, {
        "code": "T7029XD",
        "display": "Other effects of high altitude, subsequent encounter"
      }, {
        "code": "T7029XS",
        "display": "Other effects of high altitude, sequela"
      }, {
        "code": "T703",
        "display": "Caisson disease [decompression sickness]"
      }, {
        "code": "T703XXA",
        "display": "Caisson disease [decompression sickness], initial encounter"
      }, {
        "code": "T703XXD",
        "display": "Caisson disease, subsequent encounter"
      }, {
        "code": "T703XXS",
        "display": "Caisson disease [decompression sickness], sequela"
      }, {
        "code": "T704",
        "display": "Effects of high-pressure fluids"
      }, {
        "code": "T704XXA",
        "display": "Effects of high-pressure fluids, initial encounter"
      }, {
        "code": "T704XXD",
        "display": "Effects of high-pressure fluids, subsequent encounter"
      }, {
        "code": "T704XXS",
        "display": "Effects of high-pressure fluids, sequela"
      }, {
        "code": "T708",
        "display": "Other effects of air pressure and water pressure"
      }, {
        "code": "T708XXA",
        "display": "Oth effects of air pressure and water pressure, init encntr"
      }, {
        "code": "T708XXD",
        "display": "Oth effects of air pressure and water pressure, subs encntr"
      }, {
        "code": "T708XXS",
        "display": "Other effects of air pressure and water pressure, sequela"
      }, {
        "code": "T709",
        "display": "Effect of air pressure and water pressure, unspecified"
      }, {
        "code": "T709XXA",
        "display": "Effect of air pressure and water pressure, unsp, init encntr"
      }, {
        "code": "T709XXD",
        "display": "Effect of air pressure and water pressure, unsp, subs encntr"
      }, {
        "code": "T709XXS",
        "display": "Effect of air pressure and water pressure, unsp, sequela"
      } ]
    } ]
  }
}