{
  "resourceType": "ValueSet",
  "id": "R70",
  "url": "http://hl7.org/fhir/sid/icd-10-cm-1353",
  "version": "1.0",
  "name": "Elev erythro sedim and abnormality of plasma viscosity",
  "title": "Elevated erythrocyte sedimentation rate and abnormality of plasma viscosity",
  "status": "active",
  "compose": {
    "include": [ {
      "system": "http://hl7.org/fhir/sid/icd-10-cm",
      "concept": [ {
        "code": "R700",
        "display": "Elevated erythrocyte sedimentation rate"
      }, {
        "code": "R701",
        "display": "Abnormal plasma viscosity"
      } ]
    } ]
  }
}