{
  "resourceType": "ValueSet",
  "id": "R73",
  "url": "http://hl7.org/fhir/sid/icd-10-cm-1355",
  "version": "1.0",
  "name": "Elevated blood glucose level",
  "title": "Elevated blood glucose level",
  "status": "active",
  "compose": {
    "include": [ {
      "system": "http://hl7.org/fhir/sid/icd-10-cm",
      "concept": [ {
        "code": "R730",
        "display": "Abnormal glucose"
      }, {
        "code": "R7301",
        "display": "Impaired fasting glucose"
      }, {
        "code": "R7302",
        "display": "Impaired glucose tolerance (oral)"
      }, {
        "code": "R7303",
        "display": "Prediabetes"
      }, {
        "code": "R7309",
        "display": "Other abnormal glucose"
      }, {
        "code": "R739",
        "display": "Hyperglycemia, unspecified"
      } ]
    } ]
  }
}