{
  "resourceType": "ValueSet",
  "id": "F93",
  "url": "http://hl7.org/fhir/sid/icd-10-cm-484",
  "version": "1.0",
  "name": "Emotional disorders with onset specific to childhood",
  "title": "Emotional disorders with onset specific to childhood",
  "status": "active",
  "compose": {
    "include": [ {
      "system": "http://hl7.org/fhir/sid/icd-10-cm",
      "concept": [ {
        "code": "F930",
        "display": "Separation anxiety disorder of childhood"
      }, {
        "code": "F938",
        "display": "Other childhood emotional disorders"
      }, {
        "code": "F939",
        "display": "Childhood emotional disorder, unspecified"
      } ]
    } ]
  }
}