{
  "resourceType": "ValueSet",
  "id": "J43",
  "url": "http://hl7.org/fhir/sid/icd-10-cm-732",
  "version": "1.0",
  "name": "Emphysema",
  "title": "Emphysema",
  "status": "active",
  "compose": {
    "include": [ {
      "system": "http://hl7.org/fhir/sid/icd-10-cm",
      "concept": [ {
        "code": "J430",
        "display": "Unilateral pulmonary emphysema [MacLeod's syndrome]"
      }, {
        "code": "J431",
        "display": "Panlobular emphysema"
      }, {
        "code": "J432",
        "display": "Centrilobular emphysema"
      }, {
        "code": "J438",
        "display": "Other emphysema"
      }, {
        "code": "J439",
        "display": "Emphysema, unspecified"
      } ]
    } ]
  }
}