{
  "resourceType": "ValueSet",
  "id": "G04",
  "url": "http://hl7.org/fhir/sid/icd-10-cm-493",
  "version": "1.0",
  "name": "Encephalitis, myelitis and encephalomyelitis",
  "title": "Encephalitis, myelitis and encephalomyelitis",
  "status": "active",
  "compose": {
    "include": [ {
      "system": "http://hl7.org/fhir/sid/icd-10-cm",
      "concept": [ {
        "code": "G040",
        "display": "Acute disseminated encephalitis and encephalomyelitis (ADEM)"
      }, {
        "code": "G0400",
        "display": "Acute disseminated encephalitis and encephalomyelitis, unsp"
      }, {
        "code": "G0401",
        "display": "Postinfect acute dissem encephalitis and encephalomyelitis"
      }, {
        "code": "G0402",
        "display": "Postimmun ac dissem encphlts, myelitis and encephalomyelitis"
      }, {
        "code": "G041",
        "display": "Tropical spastic paraplegia"
      }, {
        "code": "G042",
        "display": "Bacterial meningoencephalitis and meningomyelitis, NEC"
      }, {
        "code": "G043",
        "display": "Acute necrotizing hemorrhagic encephalopathy"
      }, {
        "code": "G0430",
        "display": "Acute necrotizing hemorrhagic encephalopathy, unspecified"
      }, {
        "code": "G0431",
        "display": "Postinfectious acute necrotizing hemorrhagic encephalopathy"
      }, {
        "code": "G0432",
        "display": "Postimmun acute necrotizing hemorrhagic encephalopathy"
      }, {
        "code": "G0439",
        "display": "Other acute necrotizing hemorrhagic encephalopathy"
      }, {
        "code": "G048",
        "display": "Other encephalitis, myelitis and encephalomyelitis"
      }, {
        "code": "G0481",
        "display": "Other encephalitis and encephalomyelitis"
      }, {
        "code": "G0489",
        "display": "Other myelitis"
      }, {
        "code": "G049",
        "display": "Encephalitis, myelitis and encephalomyelitis, unspecified"
      }, {
        "code": "G0490",
        "display": "Encephalitis and encephalomyelitis, unspecified"
      }, {
        "code": "G0491",
        "display": "Myelitis, unspecified"
      } ]
    } ]
  }
}