{
  "resourceType": "ValueSet",
  "id": "Q01",
  "url": "http://hl7.org/fhir/sid/icd-10-cm-1204",
  "version": "1.0",
  "name": "Encephalocele",
  "title": "Encephalocele",
  "status": "active",
  "compose": {
    "include": [ {
      "system": "http://hl7.org/fhir/sid/icd-10-cm",
      "concept": [ {
        "code": "Q010",
        "display": "Frontal encephalocele"
      }, {
        "code": "Q011",
        "display": "Nasofrontal encephalocele"
      }, {
        "code": "Q012",
        "display": "Occipital encephalocele"
      }, {
        "code": "Q018",
        "display": "Encephalocele of other sites"
      }, {
        "code": "Q019",
        "display": "Encephalocele, unspecified"
      } ]
    } ]
  }
}