{
  "resourceType": "ValueSet",
  "id": "Z03",
  "url": "http://hl7.org/fhir/sid/icd-10-cm-1825",
  "version": "1.0",
  "name": "Encntr for medical obs for susp diseases and cond ruled out",
  "title": "Encounter for medical observation for suspected diseases and conditions ruled out",
  "status": "active",
  "compose": {
    "include": [ {
      "system": "http://hl7.org/fhir/sid/icd-10-cm",
      "concept": [ {
        "code": "Z036",
        "display": "Encntr for obs for susp toxic eff from ingest sub ruled out"
      }, {
        "code": "Z037",
        "display": "Encounter for suspected maternal and fetal cond ruled out"
      }, {
        "code": "Z0371",
        "display": "Encntr for susp prob w amnio cavity and membrane ruled out"
      }, {
        "code": "Z0372",
        "display": "Encounter for suspected placental problem ruled out"
      }, {
        "code": "Z0373",
        "display": "Encounter for suspected fetal anomaly ruled out"
      }, {
        "code": "Z0374",
        "display": "Encounter for suspected problem with fetal growth ruled out"
      }, {
        "code": "Z0375",
        "display": "Encounter for suspected cervical shortening ruled out"
      }, {
        "code": "Z0379",
        "display": "Encntr for oth suspected maternal and fetal cond ruled out"
      }, {
        "code": "Z038",
        "display": "Encntr for obs for oth suspected diseases and cond ruled out"
      }, {
        "code": "Z0381",
        "display": "Encntr for obs for susp exposure to biolg agents ruled out"
      }, {
        "code": "Z03810",
        "display": "Encntr for obs for suspected exposure to anthrax ruled out"
      }, {
        "code": "Z03818",
        "display": "Encntr for obs for susp expsr to oth biolg agents ruled out"
      }, {
        "code": "Z0389",
        "display": "Encntr for obs for oth suspected diseases and cond ruled out"
      } ]
    } ]
  }
}