{
  "resourceType": "ValueSet",
  "id": "Z42",
  "url": "http://hl7.org/fhir/sid/icd-10-cm-1857",
  "version": "1.0",
  "name": "Encntr for plast/recnst surg fol med proc or healed injury",
  "title": "Encounter for plastic and reconstructive surgery following medical procedure or healed injury",
  "status": "active",
  "compose": {
    "include": [ {
      "system": "http://hl7.org/fhir/sid/icd-10-cm",
      "concept": [ {
        "code": "Z421",
        "display": "Encounter for breast reconstruction following mastectomy"
      }, {
        "code": "Z428",
        "display": "Encntr for oth plast/recnst surg fol med proc or heal injury"
      } ]
    } ]
  }
}