{
  "resourceType": "ValueSet",
  "id": "Z69",
  "url": "http://hl7.org/fhir/sid/icd-10-cm-1880",
  "version": "1.0",
  "name": "Encntr for mental health serv for victim and perp of abuse",
  "title": "Encounter for mental health services for victim and perpetrator of abuse",
  "status": "active",
  "compose": {
    "include": [ {
      "system": "http://hl7.org/fhir/sid/icd-10-cm",
      "concept": [ {
        "code": "Z690",
        "display": "Encntr for mental health services for child abuse problems"
      }, {
        "code": "Z6901",
        "display": "Encntr for mental health services for parental child abuse"
      }, {
        "code": "Z69010",
        "display": "Encntr for mental hlth serv for victim of prntl child abuse"
      }, {
        "code": "Z69011",
        "display": "Encntr for mental health serv for perp of prntl child abuse"
      }, {
        "code": "Z6902",
        "display": "Encntr for mental health services for non-prntl child abuse"
      }, {
        "code": "Z69020",
        "display": "Encntr for mntl hlth serv for vctm of non-prntl child abuse"
      }, {
        "code": "Z69021",
        "display": "Encntr for mntl hlth serv for perp of non-prntl child abuse"
      }, {
        "code": "Z691",
        "display": "Encntr for mental health serv for spous or prtnr abuse prob"
      }, {
        "code": "Z6911",
        "display": "Encntr for mntl hlth serv for victim of spous or prtnr abuse"
      }, {
        "code": "Z6912",
        "display": "Encntr for mental hlth serv for perp of spous or prtnr abuse"
      }, {
        "code": "Z698",
        "display": "Encntr for mental health serv for victim or perp of abuse"
      }, {
        "code": "Z6981",
        "display": "Encounter for mental health services for victim of oth abuse"
      }, {
        "code": "Z6982",
        "display": "Encounter for mental health services for perp of abuse"
      } ]
    } ]
  }
}