{
  "resourceType": "ValueSet",
  "id": "Z00",
  "url": "http://hl7.org/fhir/sid/icd-10-cm-1822",
  "version": "1.0",
  "name": "Encntr for general exam w/o complaint, susp or reprtd dx",
  "title": "Encounter for general examination without complaint, suspected or reported diagnosis",
  "status": "active",
  "compose": {
    "include": [ {
      "system": "http://hl7.org/fhir/sid/icd-10-cm",
      "concept": [ {
        "code": "Z000",
        "display": "Encounter for general adult medical examination"
      }, {
        "code": "Z0000",
        "display": "Encntr for general adult medical exam w/o abnormal findings"
      }, {
        "code": "Z0001",
        "display": "Encounter for general adult medical exam w abnormal findings"
      }, {
        "code": "Z001",
        "display": "Encounter for newborn, infant and child health examinations"
      }, {
        "code": "Z0011",
        "display": "Newborn health examination"
      }, {
        "code": "Z00110",
        "display": "Health examination for newborn under 8 days old"
      }, {
        "code": "Z00111",
        "display": "Health examination for newborn 8 to 28 days old"
      }, {
        "code": "Z0012",
        "display": "Encounter for routine child health examination"
      }, {
        "code": "Z00121",
        "display": "Encounter for routine child health exam w abnormal findings"
      }, {
        "code": "Z00129",
        "display": "Encntr for routine child health exam w/o abnormal findings"
      }, {
        "code": "Z002",
        "display": "Encounter for exam for period of rapid growth in childhood"
      }, {
        "code": "Z003",
        "display": "Encounter for examination for adolescent development state"
      }, {
        "code": "Z005",
        "display": "Encounter for exam of potential donor of organ and tissue"
      }, {
        "code": "Z006",
        "display": "Encntr for exam for nrml cmprsn and ctrl in clncl rsrch prog"
      }, {
        "code": "Z007",
        "display": "Encntr for exam for delay growth in childhood"
      }, {
        "code": "Z0070",
        "display": "Encntr for exam for delay growth in chldhd w/o abn findings"
      }, {
        "code": "Z0071",
        "display": "Encntr for exam for delay growth in chldhd w abn findings"
      }, {
        "code": "Z008",
        "display": "Encounter for other general examination"
      } ]
    } ]
  }
}