{
  "resourceType": "ValueSet",
  "id": "Z41",
  "url": "http://hl7.org/fhir/sid/icd-10-cm-1856",
  "version": "1.0",
  "name": "Encntr for proc for purposes oth than remedying health state",
  "title": "Encounter for procedures for purposes other than remedying health state",
  "status": "active",
  "compose": {
    "include": [ {
      "system": "http://hl7.org/fhir/sid/icd-10-cm",
      "concept": [ {
        "code": "Z411",
        "display": "Encounter for cosmetic surgery"
      }, {
        "code": "Z412",
        "display": "Encounter for routine and ritual male circumcision"
      }, {
        "code": "Z413",
        "display": "Encounter for ear piercing"
      }, {
        "code": "Z418",
        "display": "Encntr for oth proc for purpose oth than remedy health state"
      }, {
        "code": "Z419",
        "display": "Encntr for proc for purpose oth than remedy hlth state, unsp"
      } ]
    } ]
  }
}