{
  "resourceType": "ValueSet",
  "id": "Z01",
  "url": "http://hl7.org/fhir/sid/icd-10-cm-1823",
  "version": "1.0",
  "name": "Encntr for oth sp exam w/o complaint, suspected or reprtd dx",
  "title": "Encounter for other special examination without complaint, suspected or reported diagnosis",
  "status": "active",
  "compose": {
    "include": [ {
      "system": "http://hl7.org/fhir/sid/icd-10-cm",
      "concept": [ {
        "code": "Z010",
        "display": "Encounter for examination of eyes and vision"
      }, {
        "code": "Z0100",
        "display": "Encounter for exam of eyes and vision w/o abnormal findings"
      }, {
        "code": "Z0101",
        "display": "Encounter for exam of eyes and vision w abnormal findings"
      }, {
        "code": "Z0102",
        "display": "Enctr for exam of eyes and vision fol failed vision screen"
      }, {
        "code": "Z01020",
        "display": "Enctr for ex of eyes and vis fol fail vis scrn w/o abn find"
      }, {
        "code": "Z01021",
        "display": "Enctr for exam of eyes and vis fol fail vis scrn wbn find"
      }, {
        "code": "Z011",
        "display": "Encounter for examination of ears and hearing"
      }, {
        "code": "Z0110",
        "display": "Encounter for exam of ears and hearing w/o abnormal findings"
      }, {
        "code": "Z0111",
        "display": "Encounter for exam of ears and hearing w abnormal findings"
      }, {
        "code": "Z01110",
        "display": "Encounter for hearing exam following failed hear screening"
      }, {
        "code": "Z01118",
        "display": "Encntr for exam of ears and hearing w oth abnormal findings"
      }, {
        "code": "Z0112",
        "display": "Encounter for hearing conservation and treatment"
      }, {
        "code": "Z012",
        "display": "Encounter for dental examination and cleaning"
      }, {
        "code": "Z0120",
        "display": "Encounter for dental exam and cleaning w/o abnormal findings"
      }, {
        "code": "Z0121",
        "display": "Encounter for dental exam and cleaning w abnormal findings"
      }, {
        "code": "Z013",
        "display": "Encounter for examination of blood pressure"
      }, {
        "code": "Z0130",
        "display": "Encounter for exam of blood pressure w/o abnormal findings"
      }, {
        "code": "Z0131",
        "display": "Encounter for exam of blood pressure w abnormal findings"
      }, {
        "code": "Z014",
        "display": "Encounter for gynecological examination"
      }, {
        "code": "Z0141",
        "display": "Encounter for routine gynecological examination"
      }, {
        "code": "Z01411",
        "display": "Encntr for gyn exam (general) (routine) w abnormal findings"
      }, {
        "code": "Z01419",
        "display": "Encntr for gyn exam (general) (routine) w/o abn findings"
      }, {
        "code": "Z0142",
        "display": "Encntr for cerv smear to cnfrm norm smr fol init abn smear"
      }, {
        "code": "Z018",
        "display": "Encounter for other specified special examinations"
      }, {
        "code": "Z0181",
        "display": "Encounter for preprocedural examinations"
      }, {
        "code": "Z01810",
        "display": "Encounter for preprocedural cardiovascular examination"
      }, {
        "code": "Z01811",
        "display": "Encounter for preprocedural respiratory examination"
      }, {
        "code": "Z01812",
        "display": "Encounter for preprocedural laboratory examination"
      }, {
        "code": "Z01818",
        "display": "Encounter for other preprocedural examination"
      }, {
        "code": "Z0182",
        "display": "Encounter for allergy testing"
      }, {
        "code": "Z0183",
        "display": "Encounter for blood typing"
      }, {
        "code": "Z0184",
        "display": "Encounter for antibody response examination"
      }, {
        "code": "Z0189",
        "display": "Encounter for other specified special examinations"
      } ]
    } ]
  }
}