{
  "resourceType": "ValueSet",
  "id": "Z02",
  "url": "http://hl7.org/fhir/sid/icd-10-cm-1824",
  "version": "1.0",
  "name": "Encounter for administrative examination",
  "title": "Encounter for administrative examination",
  "status": "active",
  "compose": {
    "include": [ {
      "system": "http://hl7.org/fhir/sid/icd-10-cm",
      "concept": [ {
        "code": "Z020",
        "display": "Encounter for exam for admission to educational institution"
      }, {
        "code": "Z021",
        "display": "Encounter for pre-employment examination"
      }, {
        "code": "Z022",
        "display": "Encounter for exam for admission to residential institution"
      }, {
        "code": "Z023",
        "display": "Encounter for examination for recruitment to armed forces"
      }, {
        "code": "Z024",
        "display": "Encounter for examination for driving license"
      }, {
        "code": "Z025",
        "display": "Encounter for examination for participation in sport"
      }, {
        "code": "Z026",
        "display": "Encounter for examination for insurance purposes"
      }, {
        "code": "Z027",
        "display": "Encounter for issue of medical certificate"
      }, {
        "code": "Z0271",
        "display": "Encounter for disability determination"
      }, {
        "code": "Z0279",
        "display": "Encounter for issue of other medical certificate"
      }, {
        "code": "Z028",
        "display": "Encounter for other administrative examinations"
      }, {
        "code": "Z0281",
        "display": "Encounter for paternity testing"
      }, {
        "code": "Z0282",
        "display": "Encounter for adoption services"
      }, {
        "code": "Z0283",
        "display": "Encounter for blood-alcohol and blood-drug test"
      }, {
        "code": "Z0289",
        "display": "Encounter for other administrative examinations"
      }, {
        "code": "Z029",
        "display": "Encounter for administrative examinations, unspecified"
      } ]
    } ]
  }
}