{
  "resourceType": "ValueSet",
  "id": "Z46",
  "url": "http://hl7.org/fhir/sid/icd-10-cm-1861",
  "version": "1.0",
  "name": "Encounter for fitting and adjustment of other devices",
  "title": "Encounter for fitting and adjustment of other devices",
  "status": "active",
  "compose": {
    "include": [ {
      "system": "http://hl7.org/fhir/sid/icd-10-cm",
      "concept": [ {
        "code": "Z460",
        "display": "Encounter for fit/adjst of spectacles and contact lenses"
      }, {
        "code": "Z461",
        "display": "Encounter for fitting and adjustment of hearing aid"
      }, {
        "code": "Z462",
        "display": "Encntr for fit/adjst of dev rel to nrv sys and specl senses"
      }, {
        "code": "Z463",
        "display": "Encounter for fit/adjst of dental prosthetic device"
      }, {
        "code": "Z464",
        "display": "Encounter for fitting and adjustment of orthodontic device"
      }, {
        "code": "Z465",
        "display": "Encounter for fit/adjst of GI appliance and device"
      }, {
        "code": "Z4651",
        "display": "Encounter for fitting and adjustment of gastric lap band"
      }, {
        "code": "Z4659",
        "display": "Encounter for fit/adjst of GI appliance and device"
      }, {
        "code": "Z466",
        "display": "Encounter for fitting and adjustment of urinary device"
      }, {
        "code": "Z468",
        "display": "Encounter for fitting and adjustment of oth devices"
      }, {
        "code": "Z4681",
        "display": "Encounter for fitting and adjustment of insulin pump"
      }, {
        "code": "Z4682",
        "display": "Encounter for fit/adjst of non-vascular catheter"
      }, {
        "code": "Z4689",
        "display": "Encounter for fitting and adjustment of oth devices"
      }, {
        "code": "Z469",
        "display": "Encounter for fitting and adjustment of unspecified device"
      } ]
    } ]
  }
}