{
  "resourceType": "ValueSet",
  "id": "Z49",
  "url": "http://hl7.org/fhir/sid/icd-10-cm-1864",
  "version": "1.0",
  "name": "Encounter for care involving renal dialysis",
  "title": "Encounter for care involving renal dialysis",
  "status": "active",
  "compose": {
    "include": [ {
      "system": "http://hl7.org/fhir/sid/icd-10-cm",
      "concept": [ {
        "code": "Z490",
        "display": "Preparatory care for renal dialysis"
      }, {
        "code": "Z4901",
        "display": "Encounter for fit/adjst of extracorporeal dialysis catheter"
      }, {
        "code": "Z4902",
        "display": "Encounter for fit/adjst of peritoneal dialysis catheter"
      }, {
        "code": "Z493",
        "display": "Encounter for adequacy testing for dialysis"
      }, {
        "code": "Z4931",
        "display": "Encounter for adequacy testing for hemodialysis"
      }, {
        "code": "Z4932",
        "display": "Encounter for adequacy testing for peritoneal dialysis"
      } ]
    } ]
  }
}