{
  "resourceType": "ValueSet",
  "id": "Z04",
  "url": "http://hl7.org/fhir/sid/icd-10-cm-1826",
  "version": "1.0",
  "name": "Encounter for examination and observation for other reasons",
  "title": "Encounter for examination and observation for other reasons",
  "status": "active",
  "compose": {
    "include": [ {
      "system": "http://hl7.org/fhir/sid/icd-10-cm",
      "concept": [ {
        "code": "Z041",
        "display": "Encounter for exam and obs following transport accident"
      }, {
        "code": "Z042",
        "display": "Encounter for exam and observation following work accident"
      }, {
        "code": "Z043",
        "display": "Encounter for exam and observation following oth accident"
      }, {
        "code": "Z044",
        "display": "Encounter for exam and observation following alleged rape"
      }, {
        "code": "Z0441",
        "display": "Encounter for exam and obs following alleged adult rape"
      }, {
        "code": "Z0442",
        "display": "Encounter for exam and obs following alleged child rape"
      }, {
        "code": "Z046",
        "display": "Encntr for general psychiatric exam, requested by authority"
      }, {
        "code": "Z047",
        "display": "Encounter for exam and obs following alleged physical abuse"
      }, {
        "code": "Z0471",
        "display": "Encntr for exam and obs fol alleged adult physical abuse"
      }, {
        "code": "Z0472",
        "display": "Encntr for exam and obs fol alleged child physical abuse"
      }, {
        "code": "Z048",
        "display": "Encounter for examination and observation for oth reasons"
      }, {
        "code": "Z0481",
        "display": "Enctr for exam and obs of victim fol forced sex exploitation"
      }, {
        "code": "Z0482",
        "display": "Enctr for exam and obs of vctm fol forced labor exploitation"
      }, {
        "code": "Z0489",
        "display": "Encounter for examination and observation for oth reasons"
      }, {
        "code": "Z049",
        "display": "Encounter for examination and observation for unsp reason"
      } ]
    } ]
  }
}