{
  "resourceType": "ValueSet",
  "id": "Z45",
  "url": "http://hl7.org/fhir/sid/icd-10-cm-1860",
  "version": "1.0",
  "name": "Encounter for adjustment and management of implanted device",
  "title": "Encounter for adjustment and management of implanted device",
  "status": "active",
  "compose": {
    "include": [ {
      "system": "http://hl7.org/fhir/sid/icd-10-cm",
      "concept": [ {
        "code": "Z450",
        "display": "Encounter for adjustment and management of cardiac device"
      }, {
        "code": "Z4501",
        "display": "Encounter for adjustment and management of cardiac pacemaker"
      }, {
        "code": "Z45010",
        "display": "Encntr for checking and test of card pacemaker pulse gnrtr"
      }, {
        "code": "Z45018",
        "display": "Encounter for adjust and mgmt oth prt cardiac pacemaker"
      }, {
        "code": "Z4502",
        "display": "Encntr for adjust and mgmt of automatic implntbl card defib"
      }, {
        "code": "Z4509",
        "display": "Encounter for adjustment and management of cardiac device"
      }, {
        "code": "Z451",
        "display": "Encounter for adjustment and management of infusion pump"
      }, {
        "code": "Z452",
        "display": "Encounter for adjustment and management of VAD"
      }, {
        "code": "Z453",
        "display": "Encntr for adjust and mgmt of implnt dev of the specl senses"
      }, {
        "code": "Z4531",
        "display": "Encntr for adjust and mgmt of implnt visual substitution dev"
      }, {
        "code": "Z4532",
        "display": "Encounter for adjust and management of implanted hear dev"
      }, {
        "code": "Z45320",
        "display": "Encounter for adjust and mgmt of bone conduction device"
      }, {
        "code": "Z45321",
        "display": "Encounter for adjustment and management of cochlear device"
      }, {
        "code": "Z45328",
        "display": "Encounter for adjust and management of implanted hear dev"
      }, {
        "code": "Z454",
        "display": "Encntr for adjust and mgmt of implanted nervous sys device"
      }, {
        "code": "Z4541",
        "display": "Encounter for adjustment and management of CSF drain dev"
      }, {
        "code": "Z4542",
        "display": "Encounter for adjustment and management of neurostimulator"
      }, {
        "code": "Z4549",
        "display": "Encntr for adjust and mgmt of implanted nervous sys device"
      }, {
        "code": "Z458",
        "display": "Encounter for adjustment and management of implanted devices"
      }, {
        "code": "Z4581",
        "display": "Encounter for adjustment or removal of breast implant"
      }, {
        "code": "Z45811",
        "display": "Encounter for adjustment or removal of right breast implant"
      }, {
        "code": "Z45812",
        "display": "Encounter for adjustment or removal of left breast implant"
      }, {
        "code": "Z45819",
        "display": "Encounter for adjustment or removal of unsp breast implant"
      }, {
        "code": "Z4582",
        "display": "Encntr for adjust or removal of myringotomy device (tube)"
      }, {
        "code": "Z4589",
        "display": "Encounter for adjustment and management of implanted devices"
      }, {
        "code": "Z459",
        "display": "Encounter for adjust and management of unsp implanted device"
      } ]
    } ]
  }
}