{
  "resourceType": "ValueSet",
  "id": "Z36",
  "url": "http://hl7.org/fhir/sid/icd-10-cm-1850",
  "version": "1.0",
  "name": "Encounter for antenatal screening of mother",
  "title": "Encounter for antenatal screening of mother",
  "status": "active",
  "compose": {
    "include": [ {
      "system": "http://hl7.org/fhir/sid/icd-10-cm",
      "concept": [ {
        "code": "Z360",
        "display": "Encounter for antenatal screening for chromosomal anomalies"
      }, {
        "code": "Z361",
        "display": "Enctr for antenat screen for raised alphafetoprotein level"
      }, {
        "code": "Z362",
        "display": "Encounter for other antenatal screening follow-up"
      }, {
        "code": "Z363",
        "display": "Encounter for antenatal screening for malformations"
      }, {
        "code": "Z364",
        "display": "Enctr for antenatal screening for fetal growth retardation"
      }, {
        "code": "Z365",
        "display": "Encounter for antenatal screening for isoimmunization"
      }, {
        "code": "Z368",
        "display": "Encounter for other antenatal screening"
      }, {
        "code": "Z3681",
        "display": "Encounter for antenatal screening for hydrops fetalis"
      }, {
        "code": "Z3682",
        "display": "Encounter for antenatal screening for nuchal translucency"
      }, {
        "code": "Z3683",
        "display": "Encounter for fetal screening for congenital cardiac abnlt"
      }, {
        "code": "Z3684",
        "display": "Encounter for antenatal screening for fetal lung maturity"
      }, {
        "code": "Z3685",
        "display": "Encounter for antenatal screening for Streptococcus B"
      }, {
        "code": "Z3686",
        "display": "Encounter for antenatal screening for cervical length"
      }, {
        "code": "Z3687",
        "display": "Encounter for antenatal screening for uncertain dates"
      }, {
        "code": "Z3688",
        "display": "Encounter for antenatal screening for fetal macrosomia"
      }, {
        "code": "Z3689",
        "display": "Encounter for other specified antenatal screening"
      }, {
        "code": "Z368A",
        "display": "Encounter for antenatal screening for other genetic defects"
      }, {
        "code": "Z369",
        "display": "Encounter for antenatal screening, unspecified"
      } ]
    } ]
  }
}