{
  "resourceType": "ValueSet",
  "id": "Z30",
  "url": "http://hl7.org/fhir/sid/icd-10-cm-1845",
  "version": "1.0",
  "name": "Encounter for contraceptive management",
  "title": "Encounter for contraceptive management",
  "status": "active",
  "compose": {
    "include": [ {
      "system": "http://hl7.org/fhir/sid/icd-10-cm",
      "concept": [ {
        "code": "Z300",
        "display": "Encounter for general counseling and advice on contraception"
      }, {
        "code": "Z3001",
        "display": "Encounter for initial prescription of contraceptives"
      }, {
        "code": "Z30011",
        "display": "Encounter for initial prescription of contraceptive pills"
      }, {
        "code": "Z30012",
        "display": "Encounter for prescription of emergency contraception"
      }, {
        "code": "Z30013",
        "display": "Encounter for initial prescription of injectable contracep"
      }, {
        "code": "Z30014",
        "display": "Encounter for initial prescription of uterin contracep dev"
      }, {
        "code": "Z30015",
        "display": "Encounter for initial prescription of vagnl ring"
      }, {
        "code": "Z30016",
        "display": "Enctr for init prescription of patch hormonal contracep dev"
      }, {
        "code": "Z30017",
        "display": "Enctr for init prescription of implntbl subdermal contracep"
      }, {
        "code": "Z30018",
        "display": "Encounter for initial prescription of other contraceptives"
      }, {
        "code": "Z30019",
        "display": "Encounter for initial prescription of contraceptives, unsp"
      }, {
        "code": "Z3002",
        "display": "Cnsl and instruction in natrl family planning to avoid preg"
      }, {
        "code": "Z3009",
        "display": "Encounter for oth general cnsl and advice on contraception"
      }, {
        "code": "Z302",
        "display": "Encounter for sterilization"
      }, {
        "code": "Z304",
        "display": "Encounter for surveillance of contraceptives"
      }, {
        "code": "Z3040",
        "display": "Encounter for surveillance of contraceptives, unspecified"
      }, {
        "code": "Z3041",
        "display": "Encounter for surveillance of contraceptive pills"
      }, {
        "code": "Z3042",
        "display": "Encounter for surveillance of injectable contraceptive"
      }, {
        "code": "Z3043",
        "display": "Encounter for surveillance of intrauterine contracep dev"
      }, {
        "code": "Z30430",
        "display": "Encounter for insertion of intrauterine contraceptive device"
      }, {
        "code": "Z30431",
        "display": "Encounter for routine checking of intrauterine contracep dev"
      }, {
        "code": "Z30432",
        "display": "Encounter for removal of intrauterine contraceptive device"
      }, {
        "code": "Z30433",
        "display": "Encntr for removal and reinsertion of uterin contracep dev"
      }, {
        "code": "Z3044",
        "display": "Encounter for surveillance of vagnl ring"
      }, {
        "code": "Z3045",
        "display": "Enctr srvlnc transdermal patch hormonal contraceptive device"
      }, {
        "code": "Z3046",
        "display": "Enctr srvlnc implantable subdermal contraceptive"
      }, {
        "code": "Z3049",
        "display": "Encounter for surveillance of other contraceptives"
      }, {
        "code": "Z308",
        "display": "Encounter for other contraceptive management"
      }, {
        "code": "Z309",
        "display": "Encounter for contraceptive management, unspecified"
      } ]
    } ]
  }
}