{
  "resourceType": "ValueSet",
  "id": "Z43",
  "url": "http://hl7.org/fhir/sid/icd-10-cm-1858",
  "version": "1.0",
  "name": "Encounter for attention to artificial openings",
  "title": "Encounter for attention to artificial openings",
  "status": "active",
  "compose": {
    "include": [ {
      "system": "http://hl7.org/fhir/sid/icd-10-cm",
      "concept": [ {
        "code": "Z430",
        "display": "Encounter for attention to tracheostomy"
      }, {
        "code": "Z431",
        "display": "Encounter for attention to gastrostomy"
      }, {
        "code": "Z432",
        "display": "Encounter for attention to ileostomy"
      }, {
        "code": "Z433",
        "display": "Encounter for attention to colostomy"
      }, {
        "code": "Z434",
        "display": "Encounter for attn to oth artif openings of digestive tract"
      }, {
        "code": "Z435",
        "display": "Encounter for attention to cystostomy"
      }, {
        "code": "Z436",
        "display": "Encounter for attn to oth artif openings of urinary tract"
      }, {
        "code": "Z437",
        "display": "Encounter for attention to artificial vagina"
      }, {
        "code": "Z438",
        "display": "Encounter for attention to other artificial openings"
      }, {
        "code": "Z439",
        "display": "Encounter for attention to unspecified artificial opening"
      } ]
    } ]
  }
}